match_id,official_kind,official_id,official_name,role_raw,source_url,scraped_at
5294161,referee,2691661,"ARANA NUÑEZ DE ARENAS, FERNANDO",Arbitro principal,https://www.rffm.es/acta-partido/5294161,2026-08-05T12:18:16.987312+00:00
5294161,field_delegate,,"POYATO DELGADO, LUIS MARIA",delegado_campo,https://www.rffm.es/acta-partido/5294161,2026-08-05T12:18:16.987312+00:00
5293703,referee,1180585,"FUENTES GONZALEZ, HENAR",Arbitro principal,https://www.rffm.es/acta-partido/5293703,2026-08-05T12:18:17.177144+00:00
5293703,field_delegate,,"RUIZ CRISTOBAL, CARLOS",delegado_campo,https://www.rffm.es/acta-partido/5293703,2026-08-05T12:18:17.177144+00:00
5192705,referee,101725327,"GONZALEZ CARRION, FERNANDO",Arbitro principal,https://www.rffm.es/acta-partido/5192705,2026-08-05T12:18:17.705819+00:00
5192709,referee,101725283,"GARRIDO MARTIN, GONZALO",Arbitro principal,https://www.rffm.es/acta-partido/5192709,2026-08-05T12:18:17.709284+00:00
5294159,referee,1246176,"ARNES ESTEBAN, GONZALO",Arbitro principal,https://www.rffm.es/acta-partido/5294159,2026-08-05T12:18:18.047402+00:00
5192704,referee,101725327,"GONZALEZ CARRION, FERNANDO",Arbitro principal,https://www.rffm.es/acta-partido/5192704,2026-08-05T12:18:18.054147+00:00
5192702,referee,101732554,"TEJEDOR GUIILLEM, GUILLERMO",Arbitro principal,https://www.rffm.es/acta-partido/5192702,2026-08-05T12:18:18.138118+00:00
5192697,referee,101721426,"ALONSO SIERRA, JORGE",Arbitro principal,https://www.rffm.es/acta-partido/5192697,2026-08-05T12:18:18.171496+00:00
5192697,field_delegate,,"PÉREZ RENDÓN CONDE, CARLOS",delegado_campo,https://www.rffm.es/acta-partido/5192697,2026-08-05T12:18:18.171496+00:00
5192706,referee,101725327,"GONZALEZ CARRION, FERNANDO",Arbitro principal,https://www.rffm.es/acta-partido/5192706,2026-08-05T12:18:18.178006+00:00
5308997,referee,101731052,"SÁNCHEZ CALVO, LUIS",Arbitro principal,https://www.rffm.es/acta-partido/5308997,2026-08-05T12:18:18.285608+00:00
5192711,referee,101732562,"SANCHEZ JIMENEZ, IAN",Arbitro principal,https://www.rffm.es/acta-partido/5192711,2026-08-05T12:18:18.446488+00:00
5192712,referee,101724038,"DORADO RUIZ, EDUARDO",Arbitro principal,https://www.rffm.es/acta-partido/5192712,2026-08-05T12:18:18.502011+00:00
5192712,field_delegate,,"PÉREZ RENDÓN CONDE, CARLOS",delegado_campo,https://www.rffm.es/acta-partido/5192712,2026-08-05T12:18:18.502011+00:00
5192714,referee,101724578,"GARCIA LOPEZ, RODRIGO",Arbitro principal,https://www.rffm.es/acta-partido/5192714,2026-08-05T12:18:18.718941+00:00
5192714,field_delegate,,"RUIZ CRISTOBAL, CARLOS",delegado_campo,https://www.rffm.es/acta-partido/5192714,2026-08-05T12:18:18.718941+00:00
5192713,referee,101724038,"DORADO RUIZ, EDUARDO",Arbitro principal,https://www.rffm.es/acta-partido/5192713,2026-08-05T12:18:18.727847+00:00
5192713,field_delegate,,"POYATO DELGADO, LUIS MARIA",delegado_campo,https://www.rffm.es/acta-partido/5192713,2026-08-05T12:18:18.727847+00:00
5192715,referee,101732562,"SANCHEZ JIMENEZ, IAN",Arbitro principal,https://www.rffm.es/acta-partido/5192715,2026-08-05T12:18:18.728385+00:00
5192707,referee,101724016,"CORTES ANILLO, RUBEN",Arbitro principal,https://www.rffm.es/acta-partido/5192707,2026-08-05T12:18:18.777756+00:00
5192717,referee,101724578,"GARCIA LOPEZ, RODRIGO",Arbitro principal,https://www.rffm.es/acta-partido/5192717,2026-08-05T12:18:18.780705+00:00
5192717,field_delegate,,"CARNEADO RODRIGUEZ, ALEJANDRO",delegado_campo,https://www.rffm.es/acta-partido/5192717,2026-08-05T12:18:18.780705+00:00
5192708,referee,101724016,"CORTES ANILLO, RUBEN",Arbitro principal,https://www.rffm.es/acta-partido/5192708,2026-08-05T12:18:18.934858+00:00
5192708,field_delegate,,"ASENJO TUDURI, SANTIAGO",delegado_campo,https://www.rffm.es/acta-partido/5192708,2026-08-05T12:18:18.934858+00:00
5192721,referee,101732562,"SANCHEZ JIMENEZ, IAN",Arbitro principal,https://www.rffm.es/acta-partido/5192721,2026-08-05T12:18:19.754052+00:00
5192722,referee,101725321,"GONZALEZ GUTIERREZ DE MESA, JAIME",Arbitro principal,https://www.rffm.es/acta-partido/5192722,2026-08-05T12:18:19.759469+00:00
5192719,referee,101724570,"FERNANDEZ SUAREZ, IGNACIO",Arbitro principal,https://www.rffm.es/acta-partido/5192719,2026-08-05T12:18:19.831436+00:00
5192718,referee,101725321,"GONZALEZ GUTIERREZ DE MESA, JAIME",Arbitro principal,https://www.rffm.es/acta-partido/5192718,2026-08-05T12:18:19.916602+00:00
5192720,referee,101724570,"FERNANDEZ SUAREZ, IGNACIO",Arbitro principal,https://www.rffm.es/acta-partido/5192720,2026-08-05T12:18:20.021311+00:00
5192724,referee,101732562,"SANCHEZ JIMENEZ, IAN",Arbitro principal,https://www.rffm.es/acta-partido/5192724,2026-08-05T12:18:20.023691+00:00
5192724,field_delegate,,"HAECKER, ALEXIS ROLAND GERALD",delegado_campo,https://www.rffm.es/acta-partido/5192724,2026-08-05T12:18:20.023691+00:00
5192730,referee,101732562,"SANCHEZ JIMENEZ, IAN",Arbitro principal,https://www.rffm.es/acta-partido/5192730,2026-08-05T12:18:20.065613+00:00
5192731,referee,101725321,"GONZALEZ GUTIERREZ DE MESA, JAIME",Arbitro principal,https://www.rffm.es/acta-partido/5192731,2026-08-05T12:18:20.070570+00:00
5192731,field_delegate,,"CARREÑO ORTEGA, ANGEL",delegado_campo,https://www.rffm.es/acta-partido/5192731,2026-08-05T12:18:20.070570+00:00
5192725,referee,101724570,"FERNANDEZ SUAREZ, IGNACIO",Arbitro principal,https://www.rffm.es/acta-partido/5192725,2026-08-05T12:18:21.401863+00:00
5192738,referee,101724038,"DORADO RUIZ, EDUARDO",Arbitro principal,https://www.rffm.es/acta-partido/5192738,2026-08-05T12:18:21.506344+00:00
5192727,referee,101725321,"GONZALEZ GUTIERREZ DE MESA, JAIME",Arbitro principal,https://www.rffm.es/acta-partido/5192727,2026-08-05T12:18:21.617784+00:00
5192737,referee,101724038,"DORADO RUIZ, EDUARDO",Arbitro principal,https://www.rffm.es/acta-partido/5192737,2026-08-05T12:18:21.693973+00:00
5192726,referee,101732562,"SANCHEZ JIMENEZ, IAN",Arbitro principal,https://www.rffm.es/acta-partido/5192726,2026-08-05T12:18:21.695514+00:00
5192733,referee,101732540,"SUAREZ DE ECHEVARRIA, MARCOS",Arbitro principal,https://www.rffm.es/acta-partido/5192733,2026-08-05T12:18:21.699470+00:00
5192728,referee,101724570,"FERNANDEZ SUAREZ, IGNACIO",Arbitro principal,https://www.rffm.es/acta-partido/5192728,2026-08-05T12:18:21.704967+00:00
5192728,field_delegate,,"POYATO DELGADO, LUIS MARIA",delegado_campo,https://www.rffm.es/acta-partido/5192728,2026-08-05T12:18:21.704967+00:00
5192732,referee,101732540,"SUAREZ DE ECHEVARRIA, MARCOS",Arbitro principal,https://www.rffm.es/acta-partido/5192732,2026-08-05T12:18:21.725612+00:00
5192740,referee,100247466,"GRANDE GARCIA, DARIO",Arbitro principal,https://www.rffm.es/acta-partido/5192740,2026-08-05T12:18:22.266317+00:00
5192741,referee,100247466,"GRANDE GARCIA, DARIO",Arbitro principal,https://www.rffm.es/acta-partido/5192741,2026-08-05T12:18:22.270994+00:00
5192734,referee,101732540,"SUAREZ DE ECHEVARRIA, MARCOS",Arbitro principal,https://www.rffm.es/acta-partido/5192734,2026-08-05T12:18:22.409037+00:00
5192739,referee,100247466,"GRANDE GARCIA, DARIO",Arbitro principal,https://www.rffm.es/acta-partido/5192739,2026-08-05T12:18:22.473540+00:00
5192735,referee,101724038,"DORADO RUIZ, EDUARDO",Arbitro principal,https://www.rffm.es/acta-partido/5192735,2026-08-05T12:18:22.539229+00:00
5192744,referee,2690661,"BARRICAT MARTINEZ, IBON",Arbitro principal,https://www.rffm.es/acta-partido/5192744,2026-08-05T12:18:22.597492+00:00
5192744,field_delegate,,"TRENADO PRIETO, MIGUEL ANGEL",delegado_campo,https://www.rffm.es/acta-partido/5192744,2026-08-05T12:18:22.597492+00:00
5192745,referee,2690661,"BARRICAT MARTINEZ, IBON",Arbitro principal,https://www.rffm.es/acta-partido/5192745,2026-08-05T12:18:22.625975+00:00
5192745,field_delegate,,"CARNEADO RODRIGUEZ, ALEJANDRO",delegado_campo,https://www.rffm.es/acta-partido/5192745,2026-08-05T12:18:22.625975+00:00
5192743,referee,2690661,"BARRICAT MARTINEZ, IBON",Arbitro principal,https://www.rffm.es/acta-partido/5192743,2026-08-05T12:18:22.631146+00:00
5192743,field_delegate,,"POYATO DELGADO, LUIS MARIA",delegado_campo,https://www.rffm.es/acta-partido/5192743,2026-08-05T12:18:22.631146+00:00
5192748,referee,101724038,"DORADO RUIZ, EDUARDO",Arbitro principal,https://www.rffm.es/acta-partido/5192748,2026-08-05T12:18:23.521498+00:00
5192746,referee,101724038,"DORADO RUIZ, EDUARDO",Arbitro principal,https://www.rffm.es/acta-partido/5192746,2026-08-05T12:18:23.545216+00:00
5192750,referee,101730998,"ROBLES RIOS, ENRIQUE",Arbitro principal,https://www.rffm.es/acta-partido/5192750,2026-08-05T12:18:23.601031+00:00
5192747,referee,101724038,"DORADO RUIZ, EDUARDO",Arbitro principal,https://www.rffm.es/acta-partido/5192747,2026-08-05T12:18:23.708913+00:00
5302581,referee,1180585,"FUENTES GONZALEZ, HENAR",Arbitro principal,https://www.rffm.es/acta-partido/5302581,2026-08-05T12:18:23.735279+00:00
5192751,referee,101730998,"ROBLES RIOS, ENRIQUE",Arbitro principal,https://www.rffm.es/acta-partido/5192751,2026-08-05T12:18:23.771817+00:00
5192754,referee,1183827,"EL HAMMOUCHI HAMOUCH, SAID",Arbitro principal,https://www.rffm.es/acta-partido/5192754,2026-08-05T12:18:23.778687+00:00
5192756,referee,1183827,"EL HAMMOUCHI HAMOUCH, SAID",Arbitro principal,https://www.rffm.es/acta-partido/5192756,2026-08-05T12:18:23.847240+00:00
5192759,referee,101727399,"MARTORELL SOLÍS, CARLOS",Arbitro principal,https://www.rffm.es/acta-partido/5192759,2026-08-05T12:18:24.837042+00:00
5192759,field_delegate,,"CARREÑO ORTEGA, ANGEL",delegado_campo,https://www.rffm.es/acta-partido/5192759,2026-08-05T12:18:24.837042+00:00
5192760,referee,100248423,"PUEBLA MOLINA, ALFONSO",Arbitro principal,https://www.rffm.es/acta-partido/5192760,2026-08-05T12:18:25.239918+00:00
5192763,referee,100248423,"PUEBLA MOLINA, ALFONSO",Arbitro principal,https://www.rffm.es/acta-partido/5192763,2026-08-05T12:18:25.305364+00:00
5192763,field_delegate,,"HAECKER, ALEXIS ROLAND GERALD",delegado_campo,https://www.rffm.es/acta-partido/5192763,2026-08-05T12:18:25.305364+00:00
5192764,referee,101725321,"GONZALEZ GUTIERREZ DE MESA, JAIME",Arbitro principal,https://www.rffm.es/acta-partido/5192764,2026-08-05T12:18:25.390612+00:00
5192757,referee,101727399,"MARTORELL SOLÍS, CARLOS",Arbitro principal,https://www.rffm.es/acta-partido/5192757,2026-08-05T12:18:25.461852+00:00
5192758,referee,101729016,"MARCOS SEVILLA, INES",Arbitro principal,https://www.rffm.es/acta-partido/5192758,2026-08-05T12:18:25.470774+00:00
5192758,field_delegate,,"POYATO DELGADO, LUIS MARIA",delegado_campo,https://www.rffm.es/acta-partido/5192758,2026-08-05T12:18:25.470774+00:00
5192765,referee,101725321,"GONZALEZ GUTIERREZ DE MESA, JAIME",Arbitro principal,https://www.rffm.es/acta-partido/5192765,2026-08-05T12:18:25.553653+00:00
5192753,referee,101729016,"MARCOS SEVILLA, INES",Arbitro principal,https://www.rffm.es/acta-partido/5192753,2026-08-05T12:18:25.847205+00:00
5192761,referee,100248423,"PUEBLA MOLINA, ALFONSO",Arbitro principal,https://www.rffm.es/acta-partido/5192761,2026-08-05T12:18:25.946600+00:00
5192767,referee,100248423,"PUEBLA MOLINA, ALFONSO",Arbitro principal,https://www.rffm.es/acta-partido/5192767,2026-08-05T12:18:26.092874+00:00
5192771,referee,100254440,"HERRERA, TOMAS AGUSTIN",Arbitro principal,https://www.rffm.es/acta-partido/5192771,2026-08-05T12:18:26.165577+00:00
5192772,referee,1180585,"FUENTES GONZALEZ, HENAR",Arbitro principal,https://www.rffm.es/acta-partido/5192772,2026-08-05T12:18:26.645389+00:00
5192772,field_delegate,,"PÉREZ RENDÓN CONDE, CARLOS",delegado_campo,https://www.rffm.es/acta-partido/5192772,2026-08-05T12:18:26.645389+00:00
5192769,referee,100248423,"PUEBLA MOLINA, ALFONSO",Arbitro principal,https://www.rffm.es/acta-partido/5192769,2026-08-05T12:18:26.789552+00:00
5192766,referee,101725321,"GONZALEZ GUTIERREZ DE MESA, JAIME",Arbitro principal,https://www.rffm.es/acta-partido/5192766,2026-08-05T12:18:26.807859+00:00
5192766,field_delegate,,"RUIZ CRISTOBAL, CARLOS",delegado_campo,https://www.rffm.es/acta-partido/5192766,2026-08-05T12:18:26.807859+00:00
5192770,referee,100248423,"PUEBLA MOLINA, ALFONSO",Arbitro principal,https://www.rffm.es/acta-partido/5192770,2026-08-05T12:18:26.902752+00:00
5192773,referee,100254440,"HERRERA, TOMAS AGUSTIN",Arbitro principal,https://www.rffm.es/acta-partido/5192773,2026-08-05T12:18:26.908955+00:00
5192773,field_delegate,,"CARREÑO ORTEGA, ANGEL",delegado_campo,https://www.rffm.es/acta-partido/5192773,2026-08-05T12:18:26.908955+00:00
5192774,referee,1744560,"TENORIO NUÑEZ, MARIO",Arbitro principal,https://www.rffm.es/acta-partido/5192774,2026-08-05T12:18:27.175391+00:00
5192774,field_delegate,,"CARREÑO ORTEGA, ANGEL",delegado_campo,https://www.rffm.es/acta-partido/5192774,2026-08-05T12:18:27.175391+00:00
5192783,referee,100248423,"PUEBLA MOLINA, ALFONSO",Arbitro principal,https://www.rffm.es/acta-partido/5192783,2026-08-05T12:18:27.333542+00:00
5192779,referee,1744560,"TENORIO NUÑEZ, MARIO",Arbitro principal,https://www.rffm.es/acta-partido/5192779,2026-08-05T12:18:27.399385+00:00
5192779,field_delegate,,"ABELLA GONZÁLEZ, GUILLERMO",delegado_campo,https://www.rffm.es/acta-partido/5192779,2026-08-05T12:18:27.399385+00:00
5192776,referee,1744560,"TENORIO NUÑEZ, MARIO",Arbitro principal,https://www.rffm.es/acta-partido/5192776,2026-08-05T12:18:27.487032+00:00
5192776,field_delegate,,"HAECKER, ALEXIS ROLAND GERALD",delegado_campo,https://www.rffm.es/acta-partido/5192776,2026-08-05T12:18:27.487032+00:00
5192777,referee,101724578,"GARCIA LOPEZ, RODRIGO",Arbitro principal,https://www.rffm.es/acta-partido/5192777,2026-08-05T12:18:27.490275+00:00
5192780,referee,101724578,"GARCIA LOPEZ, RODRIGO",Arbitro principal,https://www.rffm.es/acta-partido/5192780,2026-08-05T12:18:27.493908+00:00
5192780,field_delegate,,"POYATO DELGADO, LUIS MARIA",delegado_campo,https://www.rffm.es/acta-partido/5192780,2026-08-05T12:18:27.493908+00:00
5192778,referee,101724578,"GARCIA LOPEZ, RODRIGO",Arbitro principal,https://www.rffm.es/acta-partido/5192778,2026-08-05T12:18:27.871615+00:00
5192787,referee,100254440,"HERRERA, TOMAS AGUSTIN",Arbitro principal,https://www.rffm.es/acta-partido/5192787,2026-08-05T12:18:28.414635+00:00
5192787,field_delegate,,"GONZALEZ GAITÁN, ASIER",delegado_campo,https://www.rffm.es/acta-partido/5192787,2026-08-05T12:18:28.414635+00:00
5192784,referee,100248423,"PUEBLA MOLINA, ALFONSO",Arbitro principal,https://www.rffm.es/acta-partido/5192784,2026-08-05T12:18:28.648629+00:00
5192786,referee,100254440,"HERRERA, TOMAS AGUSTIN",Arbitro principal,https://www.rffm.es/acta-partido/5192786,2026-08-05T12:18:28.787867+00:00
5192786,field_delegate,,"OTERO CALVO, ISRAEL",delegado_campo,https://www.rffm.es/acta-partido/5192786,2026-08-05T12:18:28.787867+00:00
5192782,referee,100248423,"PUEBLA MOLINA, ALFONSO",Arbitro principal,https://www.rffm.es/acta-partido/5192782,2026-08-05T12:18:28.824352+00:00
5192782,field_delegate,,"GALLEGO GUTIERREZ, ALVARO",delegado_campo,https://www.rffm.es/acta-partido/5192782,2026-08-05T12:18:28.824352+00:00
5192788,referee,101729013,"MARQUEZ BLANCO, PABLO",Arbitro principal,https://www.rffm.es/acta-partido/5192788,2026-08-05T12:18:28.918312+00:00
5192788,field_delegate,,"OTERO CALVO, ISRAEL",delegado_campo,https://www.rffm.es/acta-partido/5192788,2026-08-05T12:18:28.918312+00:00
5192789,referee,101722576,"BOSQUE LOPEZ, ISRAEL",Arbitro principal,https://www.rffm.es/acta-partido/5192789,2026-08-05T12:18:28.922195+00:00
5192790,referee,101729013,"MARQUEZ BLANCO, PABLO",Arbitro principal,https://www.rffm.es/acta-partido/5192790,2026-08-05T12:18:28.969982+00:00
5192785,referee,100254440,"HERRERA, TOMAS AGUSTIN",Arbitro principal,https://www.rffm.es/acta-partido/5192785,2026-08-05T12:18:29.135621+00:00
5192792,referee,101722576,"BOSQUE LOPEZ, ISRAEL",Arbitro principal,https://www.rffm.es/acta-partido/5192792,2026-08-05T12:18:29.140941+00:00
5192791,referee,101729013,"MARQUEZ BLANCO, PABLO",Arbitro principal,https://www.rffm.es/acta-partido/5192791,2026-08-05T12:18:30.388966+00:00
5192797,referee,100254440,"HERRERA, TOMAS AGUSTIN",Arbitro principal,https://www.rffm.es/acta-partido/5192797,2026-08-05T12:18:30.627632+00:00
5192797,field_delegate,,"POYATO DELGADO, LUIS MARIA",delegado_campo,https://www.rffm.es/acta-partido/5192797,2026-08-05T12:18:30.627632+00:00
5192798,referee,100248423,"PUEBLA MOLINA, ALFONSO",Arbitro principal,https://www.rffm.es/acta-partido/5192798,2026-08-05T12:18:30.629146+00:00
5192798,field_delegate,,"ABELLA GONZÁLEZ, GUILLERMO",delegado_campo,https://www.rffm.es/acta-partido/5192798,2026-08-05T12:18:30.629146+00:00
5192799,referee,100248423,"PUEBLA MOLINA, ALFONSO",Arbitro principal,https://www.rffm.es/acta-partido/5192799,2026-08-05T12:18:30.634857+00:00
5192796,referee,100254440,"HERRERA, TOMAS AGUSTIN",Arbitro principal,https://www.rffm.es/acta-partido/5192796,2026-08-05T12:18:30.640540+00:00
5192800,referee,100248423,"PUEBLA MOLINA, ALFONSO",Arbitro principal,https://www.rffm.es/acta-partido/5192800,2026-08-05T12:18:30.713681+00:00
5192793,referee,101722576,"BOSQUE LOPEZ, ISRAEL",Arbitro principal,https://www.rffm.es/acta-partido/5192793,2026-08-05T12:18:30.801884+00:00
5192795,referee,100254440,"HERRERA, TOMAS AGUSTIN",Arbitro principal,https://www.rffm.es/acta-partido/5192795,2026-08-05T12:18:30.805302+00:00
5192795,field_delegate,,"CARNEADO RODRIGUEZ, ALEJANDRO",delegado_campo,https://www.rffm.es/acta-partido/5192795,2026-08-05T12:18:30.805302+00:00
5192808,referee,2690661,"BARRICAT MARTINEZ, IBON",Arbitro principal,https://www.rffm.es/acta-partido/5192808,2026-08-05T12:18:31.478180+00:00
5192808,field_delegate,,"HAECKER, ALEXIS ROLAND GERALD",delegado_campo,https://www.rffm.es/acta-partido/5192808,2026-08-05T12:18:31.478180+00:00
5192806,referee,1925398,"CAMPOS MARTÍNEZ, EDUARDO",Arbitro principal,https://www.rffm.es/acta-partido/5192806,2026-08-05T12:18:31.484402+00:00
5192802,referee,1925398,"CAMPOS MARTÍNEZ, EDUARDO",Arbitro principal,https://www.rffm.es/acta-partido/5192802,2026-08-05T12:18:31.627107+00:00
5192810,referee,953993,"MOTA MORENO, MIGUEL",Arbitro principal,https://www.rffm.es/acta-partido/5192810,2026-08-05T12:18:32.021575+00:00
5192810,field_delegate,,"MARRUPE ACEITUNO, DIEGO",delegado_campo,https://www.rffm.es/acta-partido/5192810,2026-08-05T12:18:32.021575+00:00
5192803,referee,2690661,"BARRICAT MARTINEZ, IBON",Arbitro principal,https://www.rffm.es/acta-partido/5192803,2026-08-05T12:18:32.062489+00:00
5192804,referee,1925398,"CAMPOS MARTÍNEZ, EDUARDO",Arbitro principal,https://www.rffm.es/acta-partido/5192804,2026-08-05T12:18:32.103753+00:00
5192809,referee,101729016,"MARCOS SEVILLA, INES",Arbitro principal,https://www.rffm.es/acta-partido/5192809,2026-08-05T12:18:32.173827+00:00
5192809,field_delegate,,"CARNEADO RODRIGUEZ, ALEJANDRO",delegado_campo,https://www.rffm.es/acta-partido/5192809,2026-08-05T12:18:32.173827+00:00
5192805,referee,2690661,"BARRICAT MARTINEZ, IBON",Arbitro principal,https://www.rffm.es/acta-partido/5192805,2026-08-05T12:18:32.277514+00:00
5192813,referee,100249019,"SANZ VALVERDE, JOSE LUIS",Arbitro principal,https://www.rffm.es/acta-partido/5192813,2026-08-05T12:18:32.509545+00:00
5192813,field_delegate,,"ABELLA GONZÁLEZ, GUILLERMO",delegado_campo,https://www.rffm.es/acta-partido/5192813,2026-08-05T12:18:32.509545+00:00
5192811,referee,101729016,"MARCOS SEVILLA, INES",Arbitro principal,https://www.rffm.es/acta-partido/5192811,2026-08-05T12:18:32.885557+00:00
5192815,referee,100249019,"SANZ VALVERDE, JOSE LUIS",Arbitro principal,https://www.rffm.es/acta-partido/5192815,2026-08-05T12:18:32.945616+00:00
5192822,referee,101729016,"MARCOS SEVILLA, INES",Arbitro principal,https://www.rffm.es/acta-partido/5192822,2026-08-05T12:18:33.050855+00:00
5192818,referee,100254440,"HERRERA, TOMAS AGUSTIN",Arbitro principal,https://www.rffm.es/acta-partido/5192818,2026-08-05T12:18:33.094202+00:00
5192818,field_delegate,,"CASQUERO GOMEZ, BIBIANA",delegado_campo,https://www.rffm.es/acta-partido/5192818,2026-08-05T12:18:33.094202+00:00
5192812,referee,101729016,"MARCOS SEVILLA, INES",Arbitro principal,https://www.rffm.es/acta-partido/5192812,2026-08-05T12:18:33.343439+00:00
5192812,field_delegate,,"POYATO DELGADO, LUIS MARIA",delegado_campo,https://www.rffm.es/acta-partido/5192812,2026-08-05T12:18:33.343439+00:00
5192821,referee,101725283,"GARRIDO MARTIN, GONZALO",Arbitro principal,https://www.rffm.es/acta-partido/5192821,2026-08-05T12:18:33.744442+00:00
5192821,field_delegate,,"HAECKER, ALEXIS ROLAND GERALD",delegado_campo,https://www.rffm.es/acta-partido/5192821,2026-08-05T12:18:33.744442+00:00
5192816,referee,100254440,"HERRERA, TOMAS AGUSTIN",Arbitro principal,https://www.rffm.es/acta-partido/5192816,2026-08-05T12:18:33.749040+00:00
5192819,referee,101729016,"MARCOS SEVILLA, INES",Arbitro principal,https://www.rffm.es/acta-partido/5192819,2026-08-05T12:18:33.916158+00:00
5192817,referee,2691175,"URRUTIA BAILLY-BAILLIERE, RODRIGO",Arbitro principal,https://www.rffm.es/acta-partido/5192817,2026-08-05T12:18:34.033350+00:00
5192817,field_delegate,,"GUERRAS PEREZ, CARLOS",delegado_campo,https://www.rffm.es/acta-partido/5192817,2026-08-05T12:18:34.033350+00:00
5192829,referee,100254440,"HERRERA, TOMAS AGUSTIN",Arbitro principal,https://www.rffm.es/acta-partido/5192829,2026-08-05T12:18:34.234172+00:00
5192824,referee,1925277,"BRAVO GARRÁN, JAIME",Arbitro principal,https://www.rffm.es/acta-partido/5192824,2026-08-05T12:18:34.237933+00:00
5192826,referee,1925277,"BRAVO GARRÁN, JAIME",Arbitro principal,https://www.rffm.es/acta-partido/5192826,2026-08-05T12:18:34.242203+00:00
5192831,referee,101662984,"RUIZ HACHUEL, JAVIER FELIX",Arbitro principal,https://www.rffm.es/acta-partido/5192831,2026-08-05T12:18:34.596395+00:00
5192825,referee,100254440,"HERRERA, TOMAS AGUSTIN",Arbitro principal,https://www.rffm.es/acta-partido/5192825,2026-08-05T12:18:35.490495+00:00
5192823,referee,1925277,"BRAVO GARRÁN, JAIME",Arbitro principal,https://www.rffm.es/acta-partido/5192823,2026-08-05T12:18:35.499716+00:00
5192823,field_delegate,,"CARNEADO RODRIGUEZ, ALEJANDRO",delegado_campo,https://www.rffm.es/acta-partido/5192823,2026-08-05T12:18:35.499716+00:00
5192832,referee,1925277,"BRAVO GARRÁN, JAIME",Arbitro principal,https://www.rffm.es/acta-partido/5192832,2026-08-05T12:18:35.500292+00:00
5192835,referee,101662984,"RUIZ HACHUEL, JAVIER FELIX",Arbitro principal,https://www.rffm.es/acta-partido/5192835,2026-08-05T12:18:35.583000+00:00
5192834,referee,1925277,"BRAVO GARRÁN, JAIME",Arbitro principal,https://www.rffm.es/acta-partido/5192834,2026-08-05T12:18:35.664243+00:00
5192834,field_delegate,,"HAECKER, ALEXIS ROLAND GERALD",delegado_campo,https://www.rffm.es/acta-partido/5192834,2026-08-05T12:18:35.664243+00:00
5192836,referee,101662984,"RUIZ HACHUEL, JAVIER FELIX",Arbitro principal,https://www.rffm.es/acta-partido/5192836,2026-08-05T12:18:35.745717+00:00
5192830,referee,1925277,"BRAVO GARRÁN, JAIME",Arbitro principal,https://www.rffm.es/acta-partido/5192830,2026-08-05T12:18:35.781507+00:00
5192828,referee,100254440,"HERRERA, TOMAS AGUSTIN",Arbitro principal,https://www.rffm.es/acta-partido/5192828,2026-08-05T12:18:35.912508+00:00
5192838,referee,101662984,"RUIZ HACHUEL, JAVIER FELIX",Arbitro principal,https://www.rffm.es/acta-partido/5192838,2026-08-05T12:18:35.943545+00:00
5192842,referee,101732590,"SANZ DE LA RIVA, GONZALO",Arbitro principal,https://www.rffm.es/acta-partido/5192842,2026-08-05T12:18:36.238144+00:00
5192842,field_delegate,,"POYATO DELGADO, LUIS MARIA",delegado_campo,https://www.rffm.es/acta-partido/5192842,2026-08-05T12:18:36.238144+00:00
5192837,referee,101662984,"RUIZ HACHUEL, JAVIER FELIX",Arbitro principal,https://www.rffm.es/acta-partido/5192837,2026-08-05T12:18:36.390894+00:00
5192837,field_delegate,,"CARNEADO RODRIGUEZ, ALEJANDRO",delegado_campo,https://www.rffm.es/acta-partido/5192837,2026-08-05T12:18:36.390894+00:00
5192850,referee,1925277,"BRAVO GARRÁN, JAIME",Arbitro principal,https://www.rffm.es/acta-partido/5192850,2026-08-05T12:18:36.448134+00:00
5192850,field_delegate,,"RUIZ CRISTOBAL, CARLOS",delegado_campo,https://www.rffm.es/acta-partido/5192850,2026-08-05T12:18:36.448134+00:00
5192843,referee,101732590,"SANZ DE LA RIVA, GONZALO",Arbitro principal,https://www.rffm.es/acta-partido/5192843,2026-08-05T12:18:36.529953+00:00
5192843,field_delegate,,"RUIZ CRISTOBAL, CARLOS",delegado_campo,https://www.rffm.es/acta-partido/5192843,2026-08-05T12:18:36.529953+00:00
5192839,referee,101662984,"RUIZ HACHUEL, JAVIER FELIX",Arbitro principal,https://www.rffm.es/acta-partido/5192839,2026-08-05T12:18:36.597399+00:00
5192847,referee,100254440,"HERRERA, TOMAS AGUSTIN",Arbitro principal,https://www.rffm.es/acta-partido/5192847,2026-08-05T12:18:36.821108+00:00
5192847,field_delegate,,"HAECKER, ALEXIS ROLAND GERALD",delegado_campo,https://www.rffm.es/acta-partido/5192847,2026-08-05T12:18:36.821108+00:00
5192841,referee,101732590,"SANZ DE LA RIVA, GONZALO",Arbitro principal,https://www.rffm.es/acta-partido/5192841,2026-08-05T12:18:37.215103+00:00
5192845,referee,100254440,"HERRERA, TOMAS AGUSTIN",Arbitro principal,https://www.rffm.es/acta-partido/5192845,2026-08-05T12:18:37.325224+00:00
5192848,referee,1925277,"BRAVO GARRÁN, JAIME",Arbitro principal,https://www.rffm.es/acta-partido/5192848,2026-08-05T12:18:37.531361+00:00
5192851,referee,100254440,"HERRERA, TOMAS AGUSTIN",Arbitro principal,https://www.rffm.es/acta-partido/5192851,2026-08-05T12:18:37.538451+00:00
5192851,field_delegate,,"CARNEADO RODRIGUEZ, ALEJANDRO",delegado_campo,https://www.rffm.es/acta-partido/5192851,2026-08-05T12:18:37.538451+00:00
5192854,referee,101665406,"MUÑOZ MORALES, SEGUNDO GUILLERMO",Arbitro principal,https://www.rffm.es/acta-partido/5192854,2026-08-05T12:18:37.991877+00:00
5192852,referee,100254440,"HERRERA, TOMAS AGUSTIN",Arbitro principal,https://www.rffm.es/acta-partido/5192852,2026-08-05T12:18:37.997626+00:00
5192844,referee,100254440,"HERRERA, TOMAS AGUSTIN",Arbitro principal,https://www.rffm.es/acta-partido/5192844,2026-08-05T12:18:38.094610+00:00
5192849,referee,1925277,"BRAVO GARRÁN, JAIME",Arbitro principal,https://www.rffm.es/acta-partido/5192849,2026-08-05T12:18:38.129337+00:00
5192856,referee,101665406,"MUÑOZ MORALES, SEGUNDO GUILLERMO",Arbitro principal,https://www.rffm.es/acta-partido/5192856,2026-08-05T12:18:38.291461+00:00
5192855,referee,100254440,"HERRERA, TOMAS AGUSTIN",Arbitro principal,https://www.rffm.es/acta-partido/5192855,2026-08-05T12:18:38.408671+00:00
5192857,referee,101665406,"MUÑOZ MORALES, SEGUNDO GUILLERMO",Arbitro principal,https://www.rffm.es/acta-partido/5192857,2026-08-05T12:18:38.567825+00:00
5192857,field_delegate,,"POYATO DELGADO, LUIS MARIA",delegado_campo,https://www.rffm.es/acta-partido/5192857,2026-08-05T12:18:38.567825+00:00
5192858,referee,963007,"GUTIERREZ ALONSO, LIDIA",Arbitro principal,https://www.rffm.es/acta-partido/5192858,2026-08-05T12:18:38.759843+00:00
5192860,referee,101727399,"MARTORELL SOLÍS, CARLOS",Arbitro principal,https://www.rffm.es/acta-partido/5192860,2026-08-05T12:18:38.807801+00:00
5192860,field_delegate,,"HAECKER, ALEXIS ROLAND GERALD",delegado_campo,https://www.rffm.es/acta-partido/5192860,2026-08-05T12:18:38.807801+00:00
5192862,referee,1582731,"GONZALEZ DE LA ALEJA EXPOSITO, CANDELA",Arbitro principal,https://www.rffm.es/acta-partido/5192862,2026-08-05T12:18:38.810238+00:00
5192864,referee,101727399,"MARTORELL SOLÍS, CARLOS",Arbitro principal,https://www.rffm.es/acta-partido/5192864,2026-08-05T12:18:38.877921+00:00
5192864,field_delegate,,"POYATO DELGADO, LUIS MARIA",delegado_campo,https://www.rffm.es/acta-partido/5192864,2026-08-05T12:18:38.877921+00:00
5192863,referee,101727399,"MARTORELL SOLÍS, CARLOS",Arbitro principal,https://www.rffm.es/acta-partido/5192863,2026-08-05T12:18:38.878495+00:00
5192861,referee,823096,"SANCHEZ SEGURA, JESUS",Arbitro principal,https://www.rffm.es/acta-partido/5192861,2026-08-05T12:18:39.835538+00:00
5192868,referee,101662984,"RUIZ HACHUEL, JAVIER FELIX",Arbitro principal,https://www.rffm.es/acta-partido/5192868,2026-08-05T12:18:39.928921+00:00
5192865,referee,1183827,"EL HAMMOUCHI HAMOUCH, SAID",Arbitro principal,https://www.rffm.es/acta-partido/5192865,2026-08-05T12:18:40.258388+00:00
5192869,referee,823096,"SANCHEZ SEGURA, JESUS",Arbitro principal,https://www.rffm.es/acta-partido/5192869,2026-08-05T12:18:40.286886+00:00
5192871,referee,823096,"SANCHEZ SEGURA, JESUS",Arbitro principal,https://www.rffm.es/acta-partido/5192871,2026-08-05T12:18:40.807773+00:00
5192876,referee,101662984,"RUIZ HACHUEL, JAVIER FELIX",Arbitro principal,https://www.rffm.es/acta-partido/5192876,2026-08-05T12:18:40.943565+00:00
5192876,field_delegate,,"ABELLA GONZÁLEZ, GUILLERMO",delegado_campo,https://www.rffm.es/acta-partido/5192876,2026-08-05T12:18:40.943565+00:00
5192875,referee,100254440,"HERRERA, TOMAS AGUSTIN",Arbitro principal,https://www.rffm.es/acta-partido/5192875,2026-08-05T12:18:41.080080+00:00
5192877,referee,101662984,"RUIZ HACHUEL, JAVIER FELIX",Arbitro principal,https://www.rffm.es/acta-partido/5192877,2026-08-05T12:18:41.200327+00:00
5192877,field_delegate,,"POYATO DELGADO, LUIS MARIA",delegado_campo,https://www.rffm.es/acta-partido/5192877,2026-08-05T12:18:41.200327+00:00
5192873,referee,100254440,"HERRERA, TOMAS AGUSTIN",Arbitro principal,https://www.rffm.es/acta-partido/5192873,2026-08-05T12:18:41.238807+00:00
5192873,field_delegate,,"HAECKER, ALEXIS ROLAND GERALD",delegado_campo,https://www.rffm.es/acta-partido/5192873,2026-08-05T12:18:41.238807+00:00
5192878,referee,101662984,"RUIZ HACHUEL, JAVIER FELIX",Arbitro principal,https://www.rffm.es/acta-partido/5192878,2026-08-05T12:18:41.284017+00:00
5192878,field_delegate,,"CARNEADO RODRIGUEZ, ALEJANDRO",delegado_campo,https://www.rffm.es/acta-partido/5192878,2026-08-05T12:18:41.284017+00:00
5192867,referee,101662984,"RUIZ HACHUEL, JAVIER FELIX",Arbitro principal,https://www.rffm.es/acta-partido/5192867,2026-08-05T12:18:41.308074+00:00
5192870,referee,1246176,"ARNES ESTEBAN, GONZALO",Arbitro principal,https://www.rffm.es/acta-partido/5192870,2026-08-05T12:18:41.317596+00:00
5192870,field_delegate,,"OTERO CALVO, ISRAEL",delegado_campo,https://www.rffm.es/acta-partido/5192870,2026-08-05T12:18:41.317596+00:00
5192874,referee,100254440,"HERRERA, TOMAS AGUSTIN",Arbitro principal,https://www.rffm.es/acta-partido/5192874,2026-08-05T12:18:41.393055+00:00
5192882,referee,101733140,"VELASCO MONCADA, GONZALO",Arbitro principal,https://www.rffm.es/acta-partido/5192882,2026-08-05T12:18:41.997676+00:00
5192882,field_delegate,,"BANCALERO RUEDA, ALVARO",delegado_campo,https://www.rffm.es/acta-partido/5192882,2026-08-05T12:18:41.997676+00:00
5192886,referee,1698791,"HINJOS SALAS, AITOR",Arbitro principal,https://www.rffm.es/acta-partido/5192886,2026-08-05T12:18:42.101631+00:00
5192886,field_delegate,,"PEREZ, GONZALO JAVIER",delegado_campo,https://www.rffm.es/acta-partido/5192886,2026-08-05T12:18:42.101631+00:00
5227399,referee,101726114,"IBORRA LLOPIS, JAIME",Arbitro principal,https://www.rffm.es/acta-partido/5227399,2026-08-05T12:18:42.130820+00:00
5192887,referee,1382197,"DE LA FUENTE RODRIGUEZ DE LA MORENA, DIEGO",Arbitro principal,https://www.rffm.es/acta-partido/5192887,2026-08-05T12:18:42.466005+00:00
5192883,referee,101733140,"VELASCO MONCADA, GONZALO",Arbitro principal,https://www.rffm.es/acta-partido/5192883,2026-08-05T12:18:42.643821+00:00
5192879,referee,101726114,"IBORRA LLOPIS, JAIME",Arbitro principal,https://www.rffm.es/acta-partido/5192879,2026-08-05T12:18:42.648289+00:00
5192880,referee,101722588,"CANTO SANTANA, DANIEL",Arbitro principal,https://www.rffm.es/acta-partido/5192880,2026-08-05T12:18:42.866692+00:00
5192881,referee,101722588,"CANTO SANTANA, DANIEL",Arbitro principal,https://www.rffm.es/acta-partido/5192881,2026-08-05T12:18:42.905657+00:00
5192890,referee,1698791,"HINJOS SALAS, AITOR",Arbitro principal,https://www.rffm.es/acta-partido/5192890,2026-08-05T12:18:43.132862+00:00
5192888,referee,1698791,"HINJOS SALAS, AITOR",Arbitro principal,https://www.rffm.es/acta-partido/5192888,2026-08-05T12:18:43.136379+00:00
5192889,referee,1382197,"DE LA FUENTE RODRIGUEZ DE LA MORENA, DIEGO",Arbitro principal,https://www.rffm.es/acta-partido/5192889,2026-08-05T12:18:43.159445+00:00
5192897,referee,101721331,"ACEBES MONTALVILLO, CARLA",Arbitro principal,https://www.rffm.es/acta-partido/5192897,2026-08-05T12:18:43.496886+00:00
5192896,referee,101721331,"ACEBES MONTALVILLO, CARLA",Arbitro principal,https://www.rffm.es/acta-partido/5192896,2026-08-05T12:18:43.520925+00:00
5192893,referee,101725705,"GONZÁLEZ BRICEÑO, DIEGO",Arbitro principal,https://www.rffm.es/acta-partido/5192893,2026-08-05T12:18:43.599075+00:00
5192893,field_delegate,,"PEREZ, GONZALO JAVIER",delegado_campo,https://www.rffm.es/acta-partido/5192893,2026-08-05T12:18:43.599075+00:00
5227413,referee,101721331,"ACEBES MONTALVILLO, CARLA",Arbitro principal,https://www.rffm.es/acta-partido/5227413,2026-08-05T12:18:44.124185+00:00
5192895,referee,101725705,"GONZÁLEZ BRICEÑO, DIEGO",Arbitro principal,https://www.rffm.es/acta-partido/5192895,2026-08-05T12:18:44.190393+00:00
5192894,referee,101725705,"GONZÁLEZ BRICEÑO, DIEGO",Arbitro principal,https://www.rffm.es/acta-partido/5192894,2026-08-05T12:18:44.264658+00:00
5192891,referee,1382197,"DE LA FUENTE RODRIGUEZ DE LA MORENA, DIEGO",Arbitro principal,https://www.rffm.es/acta-partido/5192891,2026-08-05T12:18:44.336634+00:00
5192901,referee,101726114,"IBORRA LLOPIS, JAIME",Arbitro principal,https://www.rffm.es/acta-partido/5192901,2026-08-05T12:18:44.365732+00:00
5227400,referee,101725705,"GONZÁLEZ BRICEÑO, DIEGO",Arbitro principal,https://www.rffm.es/acta-partido/5227400,2026-08-05T12:18:44.571995+00:00
5192900,referee,101710964,"GARCIA SANCHEZ, ADRIANA",Arbitro principal,https://www.rffm.es/acta-partido/5192900,2026-08-05T12:18:44.633922+00:00
5192902,referee,101725705,"GONZÁLEZ BRICEÑO, DIEGO",Arbitro principal,https://www.rffm.es/acta-partido/5192902,2026-08-05T12:18:44.816371+00:00
5227414,referee,101729192,"NEDYALKOV TODOROV, TSVETAN",Arbitro principal,https://www.rffm.es/acta-partido/5227414,2026-08-05T12:18:44.955586+00:00
5192904,referee,101726114,"IBORRA LLOPIS, JAIME",Arbitro principal,https://www.rffm.es/acta-partido/5192904,2026-08-05T12:18:45.093804+00:00
5192910,referee,101724540,"GALVEZ CABELLO, SERGIO",Arbitro principal,https://www.rffm.es/acta-partido/5192910,2026-08-05T12:18:45.503146+00:00
5192910,field_delegate,,"ARAGON LOPEZ, JOSE",delegado_campo,https://www.rffm.es/acta-partido/5192910,2026-08-05T12:18:45.503146+00:00
5192909,referee,101724540,"GALVEZ CABELLO, SERGIO",Arbitro principal,https://www.rffm.es/acta-partido/5192909,2026-08-05T12:18:45.544090+00:00
5192913,referee,101729192,"NEDYALKOV TODOROV, TSVETAN",Arbitro principal,https://www.rffm.es/acta-partido/5192913,2026-08-05T12:18:45.809474+00:00
5192907,referee,101724540,"GALVEZ CABELLO, SERGIO",Arbitro principal,https://www.rffm.es/acta-partido/5192907,2026-08-05T12:18:45.872560+00:00
5192903,referee,101710964,"GARCIA SANCHEZ, ADRIANA",Arbitro principal,https://www.rffm.es/acta-partido/5192903,2026-08-05T12:18:45.908115+00:00
5192908,referee,101729192,"NEDYALKOV TODOROV, TSVETAN",Arbitro principal,https://www.rffm.es/acta-partido/5192908,2026-08-05T12:18:46.074476+00:00
5192908,field_delegate,,"PEREZ, GONZALO JAVIER",delegado_campo,https://www.rffm.es/acta-partido/5192908,2026-08-05T12:18:46.074476+00:00
5192914,referee,101721588,"ANTON DOMINGUEZ, GUILLERMO",Arbitro principal,https://www.rffm.es/acta-partido/5192914,2026-08-05T12:18:46.267084+00:00
5192915,referee,100246894,"DE LA CRUZ NAVARRO, JAIME",Arbitro principal,https://www.rffm.es/acta-partido/5192915,2026-08-05T12:18:46.301062+00:00
5192916,referee,101721588,"ANTON DOMINGUEZ, GUILLERMO",Arbitro principal,https://www.rffm.es/acta-partido/5192916,2026-08-05T12:18:46.757902+00:00
5227401,referee,100246894,"DE LA CRUZ NAVARRO, JAIME",Arbitro principal,https://www.rffm.es/acta-partido/5227401,2026-08-05T12:18:46.762784+00:00
5192926,referee,1402486,"PEÑAS FERNÁNDEZ, DANIEL",Arbitro principal,https://www.rffm.es/acta-partido/5192926,2026-08-05T12:18:47.424347+00:00
5192921,referee,101722584,"CASTILLA GÓMEZ, ADRIAN",Arbitro principal,https://www.rffm.es/acta-partido/5192921,2026-08-05T12:18:47.429090+00:00
5192922,referee,101726114,"IBORRA LLOPIS, JAIME",Arbitro principal,https://www.rffm.es/acta-partido/5192922,2026-08-05T12:18:47.567666+00:00
5227415,referee,101726114,"IBORRA LLOPIS, JAIME",Arbitro principal,https://www.rffm.es/acta-partido/5227415,2026-08-05T12:18:47.630820+00:00
5227415,field_delegate,,"ARAGON LOPEZ, JOSE",delegado_campo,https://www.rffm.es/acta-partido/5227415,2026-08-05T12:18:47.630820+00:00
5192920,referee,100246894,"DE LA CRUZ NAVARRO, JAIME",Arbitro principal,https://www.rffm.es/acta-partido/5192920,2026-08-05T12:18:47.635643+00:00
5192917,referee,101721588,"ANTON DOMINGUEZ, GUILLERMO",Arbitro principal,https://www.rffm.es/acta-partido/5192917,2026-08-05T12:18:47.724179+00:00
5192923,referee,101722584,"CASTILLA GÓMEZ, ADRIAN",Arbitro principal,https://www.rffm.es/acta-partido/5192923,2026-08-05T12:18:48.068060+00:00
5192930,referee,101722588,"CANTO SANTANA, DANIEL",Arbitro principal,https://www.rffm.es/acta-partido/5192930,2026-08-05T12:18:48.098711+00:00
5192930,field_delegate,,"MINGUEZ FERNANDEZ, JOSE",delegado_campo,https://www.rffm.es/acta-partido/5192930,2026-08-05T12:18:48.098711+00:00
5192927,referee,101726114,"IBORRA LLOPIS, JAIME",Arbitro principal,https://www.rffm.es/acta-partido/5192927,2026-08-05T12:18:48.138041+00:00
5192929,referee,1698398,"GARCIA ARLANZON, RODRIGO",Arbitro principal,https://www.rffm.es/acta-partido/5192929,2026-08-05T12:18:48.319919+00:00
5192928,referee,101722588,"CANTO SANTANA, DANIEL",Arbitro principal,https://www.rffm.es/acta-partido/5192928,2026-08-05T12:18:48.414409+00:00
5227402,referee,1698398,"GARCIA ARLANZON, RODRIGO",Arbitro principal,https://www.rffm.es/acta-partido/5227402,2026-08-05T12:18:48.558807+00:00
5192934,referee,101722588,"CANTO SANTANA, DANIEL",Arbitro principal,https://www.rffm.es/acta-partido/5192934,2026-08-05T12:18:48.687191+00:00
5192933,referee,1698398,"GARCIA ARLANZON, RODRIGO",Arbitro principal,https://www.rffm.es/acta-partido/5192933,2026-08-05T12:18:49.201346+00:00
5192935,referee,1456725,"SANCHEZ CRESPO, HUGO",Arbitro principal,https://www.rffm.es/acta-partido/5192935,2026-08-05T12:18:49.494868+00:00
5192940,referee,100249019,"SANZ VALVERDE, JOSE LUIS",Arbitro principal,https://www.rffm.es/acta-partido/5192940,2026-08-05T12:18:49.744434+00:00
5192940,field_delegate,,"ARAGON LOPEZ, JOSE",delegado_campo,https://www.rffm.es/acta-partido/5192940,2026-08-05T12:18:49.744434+00:00
5192939,referee,1456725,"SANCHEZ CRESPO, HUGO",Arbitro principal,https://www.rffm.es/acta-partido/5192939,2026-08-05T12:18:49.765143+00:00
5227416,referee,1456725,"SANCHEZ CRESPO, HUGO",Arbitro principal,https://www.rffm.es/acta-partido/5227416,2026-08-05T12:18:49.772053+00:00
5192946,referee,1456725,"SANCHEZ CRESPO, HUGO",Arbitro principal,https://www.rffm.es/acta-partido/5192946,2026-08-05T12:18:50.073337+00:00
5192947,referee,101722588,"CANTO SANTANA, DANIEL",Arbitro principal,https://www.rffm.es/acta-partido/5192947,2026-08-05T12:18:50.145702+00:00
5192947,field_delegate,,"CABAÑES LOPEZ, DANIEL",delegado_campo,https://www.rffm.es/acta-partido/5192947,2026-08-05T12:18:50.145702+00:00
5227403,referee,1456725,"SANCHEZ CRESPO, HUGO",Arbitro principal,https://www.rffm.es/acta-partido/5227403,2026-08-05T12:18:50.533560+00:00
5192942,referee,100247271,"GARCIA SANCHEZ, RUBEN",Arbitro principal,https://www.rffm.es/acta-partido/5192942,2026-08-05T12:18:50.534407+00:00
5192949,referee,101725705,"GONZÁLEZ BRICEÑO, DIEGO",Arbitro principal,https://www.rffm.es/acta-partido/5192949,2026-08-05T12:18:51.619715+00:00
5192948,referee,100247271,"GARCIA SANCHEZ, RUBEN",Arbitro principal,https://www.rffm.es/acta-partido/5192948,2026-08-05T12:18:51.638130+00:00
5192955,referee,101724582,"FRUTOS ORTEGA, ALBERTO",Arbitro principal,https://www.rffm.es/acta-partido/5192955,2026-08-05T12:18:51.780280+00:00
5192953,referee,101725705,"GONZÁLEZ BRICEÑO, DIEGO",Arbitro principal,https://www.rffm.es/acta-partido/5192953,2026-08-05T12:18:51.802277+00:00
5192936,referee,100249019,"SANZ VALVERDE, JOSE LUIS",Arbitro principal,https://www.rffm.es/acta-partido/5192936,2026-08-05T12:18:51.863969+00:00
5192941,referee,100249019,"SANZ VALVERDE, JOSE LUIS",Arbitro principal,https://www.rffm.es/acta-partido/5192941,2026-08-05T12:18:51.869899+00:00
5227417,referee,101724582,"FRUTOS ORTEGA, ALBERTO",Arbitro principal,https://www.rffm.es/acta-partido/5227417,2026-08-05T12:18:51.874194+00:00
5192943,referee,1456725,"SANCHEZ CRESPO, HUGO",Arbitro principal,https://www.rffm.es/acta-partido/5192943,2026-08-05T12:18:52.039832+00:00
5192954,referee,101724582,"FRUTOS ORTEGA, ALBERTO",Arbitro principal,https://www.rffm.es/acta-partido/5192954,2026-08-05T12:18:52.762038+00:00
5192954,field_delegate,,"DURIGUTTI, FRANCESCO",delegado_campo,https://www.rffm.es/acta-partido/5192954,2026-08-05T12:18:52.762038+00:00
5192961,referee,100246434,"BOURAGBA AISSAUI, MOUAD",Arbitro principal,https://www.rffm.es/acta-partido/5192961,2026-08-05T12:18:52.837598+00:00
5192960,referee,100705029,"GARCIA SANCHEZ, SERGIO",Arbitro principal,https://www.rffm.es/acta-partido/5192960,2026-08-05T12:18:53.022427+00:00
5192952,referee,101725705,"GONZÁLEZ BRICEÑO, DIEGO",Arbitro principal,https://www.rffm.es/acta-partido/5192952,2026-08-05T12:18:53.104341+00:00
5227404,referee,100246434,"BOURAGBA AISSAUI, MOUAD",Arbitro principal,https://www.rffm.es/acta-partido/5227404,2026-08-05T12:18:53.250943+00:00
5192956,referee,100705029,"GARCIA SANCHEZ, SERGIO",Arbitro principal,https://www.rffm.es/acta-partido/5192956,2026-08-05T12:18:53.255539+00:00
5192962,referee,100705029,"GARCIA SANCHEZ, SERGIO",Arbitro principal,https://www.rffm.es/acta-partido/5192962,2026-08-05T12:18:53.485165+00:00
5192973,referee,1171111,"AVILA HERNAN, CARLOS",Arbitro principal,https://www.rffm.es/acta-partido/5192973,2026-08-05T12:18:54.473959+00:00
5192965,referee,101722588,"CANTO SANTANA, DANIEL",Arbitro principal,https://www.rffm.es/acta-partido/5192965,2026-08-05T12:18:54.479897+00:00
5192969,referee,101722588,"CANTO SANTANA, DANIEL",Arbitro principal,https://www.rffm.es/acta-partido/5192969,2026-08-05T12:18:54.491225+00:00
5192966,referee,101724582,"FRUTOS ORTEGA, ALBERTO",Arbitro principal,https://www.rffm.es/acta-partido/5192966,2026-08-05T12:18:54.495572+00:00
5192967,referee,101722588,"CANTO SANTANA, DANIEL",Arbitro principal,https://www.rffm.es/acta-partido/5192967,2026-08-05T12:18:54.502277+00:00
5192970,referee,1925872,"GOMEZ SOTO, PABLO",Arbitro principal,https://www.rffm.es/acta-partido/5192970,2026-08-05T12:18:54.503209+00:00
5192968,referee,101724582,"FRUTOS ORTEGA, ALBERTO",Arbitro principal,https://www.rffm.es/acta-partido/5192968,2026-08-05T12:18:54.513335+00:00
5227418,referee,101724582,"FRUTOS ORTEGA, ALBERTO",Arbitro principal,https://www.rffm.es/acta-partido/5227418,2026-08-05T12:18:54.563875+00:00
5227418,field_delegate,,"AGUILAR BASTANTE, DAVID",delegado_campo,https://www.rffm.es/acta-partido/5227418,2026-08-05T12:18:54.563875+00:00
5192978,referee,101726114,"IBORRA LLOPIS, JAIME",Arbitro principal,https://www.rffm.es/acta-partido/5192978,2026-08-05T12:18:55.119648+00:00
5192974,referee,1171111,"AVILA HERNAN, CARLOS",Arbitro principal,https://www.rffm.es/acta-partido/5192974,2026-08-05T12:18:55.124308+00:00
5192971,referee,1925872,"GOMEZ SOTO, PABLO",Arbitro principal,https://www.rffm.es/acta-partido/5192971,2026-08-05T12:18:55.168425+00:00
5192980,referee,101726114,"IBORRA LLOPIS, JAIME",Arbitro principal,https://www.rffm.es/acta-partido/5192980,2026-08-05T12:18:55.200103+00:00
5192972,referee,1925872,"GOMEZ SOTO, PABLO",Arbitro principal,https://www.rffm.es/acta-partido/5192972,2026-08-05T12:18:55.205572+00:00
5192982,referee,101722588,"CANTO SANTANA, DANIEL",Arbitro principal,https://www.rffm.es/acta-partido/5192982,2026-08-05T12:18:55.384027+00:00
5192979,referee,101722588,"CANTO SANTANA, DANIEL",Arbitro principal,https://www.rffm.es/acta-partido/5192979,2026-08-05T12:18:55.523955+00:00
5227419,referee,1171111,"AVILA HERNAN, CARLOS",Arbitro principal,https://www.rffm.es/acta-partido/5227419,2026-08-05T12:18:55.963326+00:00
5192977,referee,101726114,"IBORRA LLOPIS, JAIME",Arbitro principal,https://www.rffm.es/acta-partido/5192977,2026-08-05T12:18:56.327041+00:00
5192981,referee,101722588,"CANTO SANTANA, DANIEL",Arbitro principal,https://www.rffm.es/acta-partido/5192981,2026-08-05T12:18:56.387856+00:00
5192981,field_delegate,,"CABAÑES LOPEZ, DANIEL",delegado_campo,https://www.rffm.es/acta-partido/5192981,2026-08-05T12:18:56.387856+00:00
5192987,referee,101729206,"NAVARRO OLIVERA, ERIK",Arbitro principal,https://www.rffm.es/acta-partido/5192987,2026-08-05T12:18:56.392594+00:00
5192987,field_delegate,,"AGUILAR BASTANTE, DAVID",delegado_campo,https://www.rffm.es/acta-partido/5192987,2026-08-05T12:18:56.392594+00:00
5227406,referee,1700768,"RUSSO FALLA, ITALO RENZO",Arbitro principal,https://www.rffm.es/acta-partido/5227406,2026-08-05T12:18:56.487135+00:00
5192984,referee,101729206,"NAVARRO OLIVERA, ERIK",Arbitro principal,https://www.rffm.es/acta-partido/5192984,2026-08-05T12:18:56.489918+00:00
5192985,referee,1700768,"RUSSO FALLA, ITALO RENZO",Arbitro principal,https://www.rffm.es/acta-partido/5192985,2026-08-05T12:18:56.494936+00:00
5192986,referee,101729206,"NAVARRO OLIVERA, ERIK",Arbitro principal,https://www.rffm.es/acta-partido/5192986,2026-08-05T12:18:56.789447+00:00
5192988,referee,1700768,"RUSSO FALLA, ITALO RENZO",Arbitro principal,https://www.rffm.es/acta-partido/5192988,2026-08-05T12:18:56.801214+00:00
5227420,referee,2690961,"JIMÉNEZ VELÁZQUEZ, JAVIER",Arbitro principal,https://www.rffm.es/acta-partido/5227420,2026-08-05T12:18:57.585563+00:00
5192995,referee,101732574,"SEBASTIAN DE ERICE RODRIGUEZ, JORGE",Arbitro principal,https://www.rffm.es/acta-partido/5192995,2026-08-05T12:18:57.586158+00:00
5192991,referee,101724024,"CHICHON MARMOL, HECTOR",Arbitro principal,https://www.rffm.es/acta-partido/5192991,2026-08-05T12:18:57.608362+00:00
5192992,referee,101724024,"CHICHON MARMOL, HECTOR",Arbitro principal,https://www.rffm.es/acta-partido/5192992,2026-08-05T12:18:57.643967+00:00
5192993,referee,101724024,"CHICHON MARMOL, HECTOR",Arbitro principal,https://www.rffm.es/acta-partido/5192993,2026-08-05T12:18:57.826054+00:00
5192994,referee,2690961,"JIMÉNEZ VELÁZQUEZ, JAVIER",Arbitro principal,https://www.rffm.es/acta-partido/5192994,2026-08-05T12:18:57.833349+00:00
5192998,referee,100248716,"RICO GARCÍA, ALEJANDRO",Arbitro principal,https://www.rffm.es/acta-partido/5192998,2026-08-05T12:18:58.141807+00:00
5192999,referee,101723996,"DE LARA GARCIA, MIGUEL",Arbitro principal,https://www.rffm.es/acta-partido/5192999,2026-08-05T12:18:58.146886+00:00
5193005,referee,1402038,"ANTON CASAS, MIGUEL ANGEL",Arbitro principal,https://www.rffm.es/acta-partido/5193005,2026-08-05T12:18:58.714921+00:00
5193011,referee,1697046,"ARVERAS MENDOZA, DANIEL",Arbitro principal,https://www.rffm.es/acta-partido/5193011,2026-08-05T12:18:58.722673+00:00
5193000,referee,101725687,"GUTA BUCA, JULIAN OVIDIU",Arbitro principal,https://www.rffm.es/acta-partido/5193000,2026-08-05T12:18:58.806040+00:00
5227407,referee,1201194,"MENGUAL MORA, DIEGO",Arbitro principal,https://www.rffm.es/acta-partido/5227407,2026-08-05T12:18:58.812057+00:00
5193004,referee,101726114,"IBORRA LLOPIS, JAIME",Arbitro principal,https://www.rffm.es/acta-partido/5193004,2026-08-05T12:18:58.859480+00:00
5193001,referee,101722584,"CASTILLA GÓMEZ, ADRIAN",Arbitro principal,https://www.rffm.es/acta-partido/5193001,2026-08-05T12:18:58.882898+00:00
5193008,referee,1402038,"ANTON CASAS, MIGUEL ANGEL",Arbitro principal,https://www.rffm.es/acta-partido/5193008,2026-08-05T12:18:59.574321+00:00
5227421,referee,1697046,"ARVERAS MENDOZA, DANIEL",Arbitro principal,https://www.rffm.es/acta-partido/5227421,2026-08-05T12:18:59.577640+00:00
5227408,referee,1925657,"FERNANDEZ-MONASTERIO GALAN, ANA",Arbitro principal,https://www.rffm.es/acta-partido/5227408,2026-08-05T12:19:00.600971+00:00
5193007,referee,1402038,"ANTON CASAS, MIGUEL ANGEL",Arbitro principal,https://www.rffm.es/acta-partido/5193007,2026-08-05T12:19:00.604727+00:00
5193012,referee,101733140,"VELASCO MONCADA, GONZALO",Arbitro principal,https://www.rffm.es/acta-partido/5193012,2026-08-05T12:19:00.659045+00:00
5193018,referee,1925657,"FERNANDEZ-MONASTERIO GALAN, ANA",Arbitro principal,https://www.rffm.es/acta-partido/5193018,2026-08-05T12:19:00.665688+00:00
5193014,referee,1925657,"FERNANDEZ-MONASTERIO GALAN, ANA",Arbitro principal,https://www.rffm.es/acta-partido/5193014,2026-08-05T12:19:00.709477+00:00
5193017,referee,101733140,"VELASCO MONCADA, GONZALO",Arbitro principal,https://www.rffm.es/acta-partido/5193017,2026-08-05T12:19:00.962486+00:00
5193013,referee,101733140,"VELASCO MONCADA, GONZALO",Arbitro principal,https://www.rffm.es/acta-partido/5193013,2026-08-05T12:19:00.971595+00:00
5193013,field_delegate,,"AGUILAR BASTANTE, DAVID",delegado_campo,https://www.rffm.es/acta-partido/5193013,2026-08-05T12:19:00.971595+00:00
5193006,referee,1697046,"ARVERAS MENDOZA, DANIEL",Arbitro principal,https://www.rffm.es/acta-partido/5193006,2026-08-05T12:19:00.975574+00:00
5193006,field_delegate,,"GRANADOS MIRON, JUAN MANUEL",delegado_campo,https://www.rffm.es/acta-partido/5193006,2026-08-05T12:19:00.975574+00:00
5227422,referee,101724548,"GARCIA GOMEZ-CANO, GONZALO",Arbitro principal,https://www.rffm.es/acta-partido/5227422,2026-08-05T12:19:01.272231+00:00
5193025,referee,101724548,"GARCIA GOMEZ-CANO, GONZALO",Arbitro principal,https://www.rffm.es/acta-partido/5193025,2026-08-05T12:19:01.350581+00:00
5193024,referee,101721594,"ARANDA GUTIERREZ, VICTOR",Arbitro principal,https://www.rffm.es/acta-partido/5193024,2026-08-05T12:19:01.400392+00:00
5193019,referee,101721594,"ARANDA GUTIERREZ, VICTOR",Arbitro principal,https://www.rffm.es/acta-partido/5193019,2026-08-05T12:19:01.462056+00:00
5193027,referee,101726114,"IBORRA LLOPIS, JAIME",Arbitro principal,https://www.rffm.es/acta-partido/5193027,2026-08-05T12:19:01.511068+00:00
5193026,referee,101733140,"VELASCO MONCADA, GONZALO",Arbitro principal,https://www.rffm.es/acta-partido/5193026,2026-08-05T12:19:01.550078+00:00
5193021,referee,101721594,"ARANDA GUTIERREZ, VICTOR",Arbitro principal,https://www.rffm.es/acta-partido/5193021,2026-08-05T12:19:01.820614+00:00
5193020,referee,101724548,"GARCIA GOMEZ-CANO, GONZALO",Arbitro principal,https://www.rffm.es/acta-partido/5193020,2026-08-05T12:19:02.177235+00:00
5227409,referee,101726114,"IBORRA LLOPIS, JAIME",Arbitro principal,https://www.rffm.es/acta-partido/5227409,2026-08-05T12:19:02.533441+00:00
5193031,referee,101733140,"VELASCO MONCADA, GONZALO",Arbitro principal,https://www.rffm.es/acta-partido/5193031,2026-08-05T12:19:02.618730+00:00
5193030,referee,101733140,"VELASCO MONCADA, GONZALO",Arbitro principal,https://www.rffm.es/acta-partido/5193030,2026-08-05T12:19:02.651151+00:00
5193037,referee,1967929,"LÓPEZ TERRADO, ROBERTO",Arbitro principal,https://www.rffm.es/acta-partido/5193037,2026-08-05T12:19:02.806069+00:00
5193037,field_delegate,,"MIRAVALLES CABERO, JORGE MANUEL",delegado_campo,https://www.rffm.es/acta-partido/5193037,2026-08-05T12:19:02.806069+00:00
5193034,referee,1967929,"LÓPEZ TERRADO, ROBERTO",Arbitro principal,https://www.rffm.es/acta-partido/5193034,2026-08-05T12:19:03.121116+00:00
5193039,referee,101732574,"SEBASTIAN DE ERICE RODRIGUEZ, JORGE",Arbitro principal,https://www.rffm.es/acta-partido/5193039,2026-08-05T12:19:03.210387+00:00
5193033,referee,101732574,"SEBASTIAN DE ERICE RODRIGUEZ, JORGE",Arbitro principal,https://www.rffm.es/acta-partido/5193033,2026-08-05T12:19:03.427812+00:00
5193032,referee,101726114,"IBORRA LLOPIS, JAIME",Arbitro principal,https://www.rffm.es/acta-partido/5193032,2026-08-05T12:19:03.559292+00:00
5227423,referee,101732574,"SEBASTIAN DE ERICE RODRIGUEZ, JORGE",Arbitro principal,https://www.rffm.es/acta-partido/5227423,2026-08-05T12:19:03.755531+00:00
5227423,field_delegate,,"GRANADOS MIRON, JUAN MANUEL",delegado_campo,https://www.rffm.es/acta-partido/5227423,2026-08-05T12:19:03.755531+00:00
5193038,referee,1967929,"LÓPEZ TERRADO, ROBERTO",Arbitro principal,https://www.rffm.es/acta-partido/5193038,2026-08-05T12:19:03.802448+00:00
5193046,referee,645351,"MADALOSSO , RICCARDO",Arbitro principal,https://www.rffm.es/acta-partido/5193046,2026-08-05T12:19:03.940499+00:00
5193043,referee,1032276,"RODRIGUEZ CARMONA, JOSE ISMAEL",Arbitro principal,https://www.rffm.es/acta-partido/5193043,2026-08-05T12:19:04.038283+00:00
5227410,referee,1032276,"RODRIGUEZ CARMONA, JOSE ISMAEL",Arbitro principal,https://www.rffm.es/acta-partido/5227410,2026-08-05T12:19:04.055958+00:00
5331501,referee,1419152,"GARCIA LERENA, LUIS",Arbitro principal,https://www.rffm.es/acta-partido/5331501,2026-08-05T12:19:04.099799+00:00
5193045,referee,2891913,"GOMEZ CLAVERO, RUBEN",Arbitro principal,https://www.rffm.es/acta-partido/5193045,2026-08-05T12:19:04.397497+00:00
5193044,referee,2891913,"GOMEZ CLAVERO, RUBEN",Arbitro principal,https://www.rffm.es/acta-partido/5193044,2026-08-05T12:19:04.406778+00:00
5193047,referee,101721594,"ARANDA GUTIERREZ, VICTOR",Arbitro principal,https://www.rffm.es/acta-partido/5193047,2026-08-05T12:19:04.933346+00:00
5227424,referee,1697289,"BORREGUERO SANZ, MARCOS",Arbitro principal,https://www.rffm.es/acta-partido/5227424,2026-08-05T12:19:05.012701+00:00
5193053,referee,1697289,"BORREGUERO SANZ, MARCOS",Arbitro principal,https://www.rffm.es/acta-partido/5193053,2026-08-05T12:19:05.020562+00:00
5193050,referee,101721594,"ARANDA GUTIERREZ, VICTOR",Arbitro principal,https://www.rffm.es/acta-partido/5193050,2026-08-05T12:19:05.158403+00:00
5193051,referee,645351,"MADALOSSO , RICCARDO",Arbitro principal,https://www.rffm.es/acta-partido/5193051,2026-08-05T12:19:05.306996+00:00
5193052,referee,1697289,"BORREGUERO SANZ, MARCOS",Arbitro principal,https://www.rffm.es/acta-partido/5193052,2026-08-05T12:19:05.607531+00:00
5193057,referee,101729206,"NAVARRO OLIVERA, ERIK",Arbitro principal,https://www.rffm.es/acta-partido/5193057,2026-08-05T12:19:05.651821+00:00
5227411,referee,2691458,"LÓPEZ DE MINGO, ESTHER",Arbitro principal,https://www.rffm.es/acta-partido/5227411,2026-08-05T12:19:06.204323+00:00
5193060,referee,101710964,"GARCIA SANCHEZ, ADRIANA",Arbitro principal,https://www.rffm.es/acta-partido/5193060,2026-08-05T12:19:06.599494+00:00
5193059,referee,101722584,"CASTILLA GÓMEZ, ADRIAN",Arbitro principal,https://www.rffm.es/acta-partido/5193059,2026-08-05T12:19:06.657085+00:00
5193058,referee,101722584,"CASTILLA GÓMEZ, ADRIAN",Arbitro principal,https://www.rffm.es/acta-partido/5193058,2026-08-05T12:19:06.666832+00:00
5193056,referee,101710964,"GARCIA SANCHEZ, ADRIANA",Arbitro principal,https://www.rffm.es/acta-partido/5193056,2026-08-05T12:19:06.828190+00:00
5193244,referee,101733146,"YAÑEZ ROMERA, FRANCISCO",Arbitro principal,https://www.rffm.es/acta-partido/5193244,2026-08-05T12:19:06.942446+00:00
5193245,referee,101731044,"RUEDA VILLANUEVA, JAVIER",Arbitro principal,https://www.rffm.es/acta-partido/5193245,2026-08-05T12:19:07.173027+00:00
5193245,field_delegate,,"SEVILLEJA CABRERA, SAMUEL",delegado_campo,https://www.rffm.es/acta-partido/5193245,2026-08-05T12:19:07.173027+00:00
5193246,referee,101733146,"YAÑEZ ROMERA, FRANCISCO",Arbitro principal,https://www.rffm.es/acta-partido/5193246,2026-08-05T12:19:07.318678+00:00
5193243,referee,101721588,"ANTON DOMINGUEZ, GUILLERMO",Arbitro principal,https://www.rffm.es/acta-partido/5193243,2026-08-05T12:19:07.327129+00:00
5193243,field_delegate,,"FERNANDEZ MURILLO, RAFAEL",delegado_campo,https://www.rffm.es/acta-partido/5193243,2026-08-05T12:19:07.327129+00:00
5193252,referee,101724538,"GARCIA GOTI, ERIC",Arbitro principal,https://www.rffm.es/acta-partido/5193252,2026-08-05T12:19:07.463667+00:00
5193247,referee,101731044,"RUEDA VILLANUEVA, JAVIER",Arbitro principal,https://www.rffm.es/acta-partido/5193247,2026-08-05T12:19:07.620413+00:00
5193247,field_delegate,,"RUIZ GIMENEZ GIL DE AZCOITI, JAIME",delegado_campo,https://www.rffm.es/acta-partido/5193247,2026-08-05T12:19:07.620413+00:00
5193250,referee,101711000,"GOMEZ BARROSO, ANGELA",Arbitro principal,https://www.rffm.es/acta-partido/5193250,2026-08-05T12:19:07.620966+00:00
5193251,referee,101711000,"GOMEZ BARROSO, ANGELA",Arbitro principal,https://www.rffm.es/acta-partido/5193251,2026-08-05T12:19:07.671407+00:00
5193248,referee,101731044,"RUEDA VILLANUEVA, JAVIER",Arbitro principal,https://www.rffm.es/acta-partido/5193248,2026-08-05T12:19:07.677662+00:00
5193248,field_delegate,,"CARVAJAL MALO DE MOLINA, IVAN",delegado_campo,https://www.rffm.es/acta-partido/5193248,2026-08-05T12:19:07.677662+00:00
5193254,referee,101721592,"ARANDA GOMEZ, JIMENA",Arbitro principal,https://www.rffm.es/acta-partido/5193254,2026-08-05T12:19:07.749799+00:00
5193254,field_delegate,,"LUCAS GAYO, RAUL",delegado_campo,https://www.rffm.es/acta-partido/5193254,2026-08-05T12:19:07.749799+00:00
5193253,referee,101711000,"GOMEZ BARROSO, ANGELA",Arbitro principal,https://www.rffm.es/acta-partido/5193253,2026-08-05T12:19:07.995485+00:00
5193253,field_delegate,,"BAUTISTA GÓMEZ, SAMUEL",delegado_campo,https://www.rffm.es/acta-partido/5193253,2026-08-05T12:19:07.995485+00:00
5193255,referee,101721592,"ARANDA GOMEZ, JIMENA",Arbitro principal,https://www.rffm.es/acta-partido/5193255,2026-08-05T12:19:08.533164+00:00
5193259,referee,101711000,"GOMEZ BARROSO, ANGELA",Arbitro principal,https://www.rffm.es/acta-partido/5193259,2026-08-05T12:19:08.688802+00:00
5193258,referee,101721588,"ANTON DOMINGUEZ, GUILLERMO",Arbitro principal,https://www.rffm.es/acta-partido/5193258,2026-08-05T12:19:08.697439+00:00
5193258,field_delegate,,"FERNANDEZ MURILLO, RAFAEL",delegado_campo,https://www.rffm.es/acta-partido/5193258,2026-08-05T12:19:08.697439+00:00
5193260,referee,101711000,"GOMEZ BARROSO, ANGELA",Arbitro principal,https://www.rffm.es/acta-partido/5193260,2026-08-05T12:19:08.735627+00:00
5193263,referee,101721588,"ANTON DOMINGUEZ, GUILLERMO",Arbitro principal,https://www.rffm.es/acta-partido/5193263,2026-08-05T12:19:08.960418+00:00
5193263,field_delegate,,"MERINO CAPILLA, ALVARO",delegado_campo,https://www.rffm.es/acta-partido/5193263,2026-08-05T12:19:08.960418+00:00
5193261,referee,101711000,"GOMEZ BARROSO, ANGELA",Arbitro principal,https://www.rffm.es/acta-partido/5193261,2026-08-05T12:19:08.980574+00:00
5193257,referee,101721588,"ANTON DOMINGUEZ, GUILLERMO",Arbitro principal,https://www.rffm.es/acta-partido/5193257,2026-08-05T12:19:08.984851+00:00
5193267,referee,101724538,"GARCIA GOTI, ERIC",Arbitro principal,https://www.rffm.es/acta-partido/5193267,2026-08-05T12:19:09.213770+00:00
5193267,field_delegate,,"LUCAS GAYO, RAUL",delegado_campo,https://www.rffm.es/acta-partido/5193267,2026-08-05T12:19:09.213770+00:00
5193268,referee,101733142,"VILLAPALOS DIEZ, MARKEL",Arbitro principal,https://www.rffm.es/acta-partido/5193268,2026-08-05T12:19:09.259491+00:00
5193270,referee,101724538,"GARCIA GOTI, ERIC",Arbitro principal,https://www.rffm.es/acta-partido/5193270,2026-08-05T12:19:09.984678+00:00
5193270,field_delegate,,"CARVAJAL MALO DE MOLINA, IVAN",delegado_campo,https://www.rffm.es/acta-partido/5193270,2026-08-05T12:19:09.984678+00:00
5193266,referee,2691063,"PEREZ MANZORRO, FRANCISCO",Arbitro principal,https://www.rffm.es/acta-partido/5193266,2026-08-05T12:19:10.147549+00:00
5193266,field_delegate,,"JIMENEZ FERNANDEZ, ALBERTO",delegado_campo,https://www.rffm.es/acta-partido/5193266,2026-08-05T12:19:10.147549+00:00
5193265,referee,101724538,"GARCIA GOTI, ERIC",Arbitro principal,https://www.rffm.es/acta-partido/5193265,2026-08-05T12:19:10.153334+00:00
5193272,referee,101729170,"PURON CHASCO, MIGUEL",Arbitro principal,https://www.rffm.es/acta-partido/5193272,2026-08-05T12:19:10.352326+00:00
5193264,referee,2691063,"PEREZ MANZORRO, FRANCISCO",Arbitro principal,https://www.rffm.es/acta-partido/5193264,2026-08-05T12:19:10.358003+00:00
5193271,referee,101729214,"PEREZ-CEJUELA ROJO, HECTOR",Arbitro principal,https://www.rffm.es/acta-partido/5193271,2026-08-05T12:19:10.513762+00:00
5193273,referee,101729214,"PEREZ-CEJUELA ROJO, HECTOR",Arbitro principal,https://www.rffm.es/acta-partido/5193273,2026-08-05T12:19:10.518849+00:00
5193274,referee,101729228,"MUÑOZ RUIZ, ADRIAN",Arbitro principal,https://www.rffm.es/acta-partido/5193274,2026-08-05T12:19:10.759705+00:00
5193276,referee,101730996,"REYZABAL RAMOS, ADRIAN",Arbitro principal,https://www.rffm.es/acta-partido/5193276,2026-08-05T12:19:11.200401+00:00
5193284,referee,101722582,"CHACÓN GUZMÁN, LUIS",Arbitro principal,https://www.rffm.es/acta-partido/5193284,2026-08-05T12:19:11.580933+00:00
5193284,field_delegate,,"HERRERUELA SAIZ, ADRIAN",delegado_campo,https://www.rffm.es/acta-partido/5193284,2026-08-05T12:19:11.580933+00:00
5193281,referee,101724538,"GARCIA GOTI, ERIC",Arbitro principal,https://www.rffm.es/acta-partido/5193281,2026-08-05T12:19:11.585954+00:00
5193278,referee,101724538,"GARCIA GOTI, ERIC",Arbitro principal,https://www.rffm.es/acta-partido/5193278,2026-08-05T12:19:11.760874+00:00
5193283,referee,101722582,"CHACÓN GUZMÁN, LUIS",Arbitro principal,https://www.rffm.es/acta-partido/5193283,2026-08-05T12:19:11.788595+00:00
5193283,field_delegate,,"CARVAJAL MALO DE MOLINA, IVAN",delegado_campo,https://www.rffm.es/acta-partido/5193283,2026-08-05T12:19:11.788595+00:00
5193279,referee,101729228,"MUÑOZ RUIZ, ADRIAN",Arbitro principal,https://www.rffm.es/acta-partido/5193279,2026-08-05T12:19:11.795758+00:00
5193280,referee,101724538,"GARCIA GOTI, ERIC",Arbitro principal,https://www.rffm.es/acta-partido/5193280,2026-08-05T12:19:12.249796+00:00
5193280,field_delegate,,"LUCAS GAYO, RAUL",delegado_campo,https://www.rffm.es/acta-partido/5193280,2026-08-05T12:19:12.249796+00:00
5193277,referee,101730996,"REYZABAL RAMOS, ADRIAN",Arbitro principal,https://www.rffm.es/acta-partido/5193277,2026-08-05T12:19:12.340993+00:00
5193277,field_delegate,,"LOPEZ FERNANDEZ, DAVID",delegado_campo,https://www.rffm.es/acta-partido/5193277,2026-08-05T12:19:12.340993+00:00
5193289,referee,101722602,"CALLEJO GOMEZ, JOSE MARIA",Arbitro principal,https://www.rffm.es/acta-partido/5193289,2026-08-05T12:19:12.491525+00:00
5193285,referee,101732582,"TULLEMANS GARCIA, ERIK",Arbitro principal,https://www.rffm.es/acta-partido/5193285,2026-08-05T12:19:12.525444+00:00
5193290,referee,101732582,"TULLEMANS GARCIA, ERIK",Arbitro principal,https://www.rffm.es/acta-partido/5193290,2026-08-05T12:19:12.700294+00:00
5193286,referee,101732582,"TULLEMANS GARCIA, ERIK",Arbitro principal,https://www.rffm.es/acta-partido/5193286,2026-08-05T12:19:12.712384+00:00
5193292,referee,101733122,"VALDUEZA CACERES, DIEGO",Arbitro principal,https://www.rffm.es/acta-partido/5193292,2026-08-05T12:19:12.859789+00:00
5193292,field_delegate,,"GONZALEZ YUSTE, ALVARO",delegado_campo,https://www.rffm.es/acta-partido/5193292,2026-08-05T12:19:12.859789+00:00
5193287,referee,101729172,"OLMEDO MAYO, GUILLERMO",Arbitro principal,https://www.rffm.es/acta-partido/5193287,2026-08-05T12:19:12.890243+00:00
5193297,referee,101733122,"VALDUEZA CACERES, DIEGO",Arbitro principal,https://www.rffm.es/acta-partido/5193297,2026-08-05T12:19:13.034691+00:00
5193297,field_delegate,,"HERRERUELA SAIZ, ADRIAN",delegado_campo,https://www.rffm.es/acta-partido/5193297,2026-08-05T12:19:13.034691+00:00
5193291,referee,101729172,"OLMEDO MAYO, GUILLERMO",Arbitro principal,https://www.rffm.es/acta-partido/5193291,2026-08-05T12:19:13.516198+00:00
5193291,field_delegate,,"LOPEZ FERNANDEZ, DAVID",delegado_campo,https://www.rffm.es/acta-partido/5193291,2026-08-05T12:19:13.516198+00:00
5193294,referee,101722630,"CARMONA MARTIN, FRANCISCO",Arbitro principal,https://www.rffm.es/acta-partido/5193294,2026-08-05T12:19:13.697674+00:00
5193293,referee,101733122,"VALDUEZA CACERES, DIEGO",Arbitro principal,https://www.rffm.es/acta-partido/5193293,2026-08-05T12:19:13.733956+00:00
5193298,referee,101722630,"CARMONA MARTIN, FRANCISCO",Arbitro principal,https://www.rffm.es/acta-partido/5193298,2026-08-05T12:19:14.007945+00:00
5193296,referee,101722630,"CARMONA MARTIN, FRANCISCO",Arbitro principal,https://www.rffm.es/acta-partido/5193296,2026-08-05T12:19:14.020131+00:00
5193304,referee,1183764,"ANTON ALCALDE, JAVIER",Arbitro principal,https://www.rffm.es/acta-partido/5193304,2026-08-05T12:19:14.254484+00:00
5193304,field_delegate,,"VALLS ALONSO, FERNANDO PEDRO",delegado_campo,https://www.rffm.es/acta-partido/5193304,2026-08-05T12:19:14.254484+00:00
5193300,referee,101721588,"ANTON DOMINGUEZ, GUILLERMO",Arbitro principal,https://www.rffm.es/acta-partido/5193300,2026-08-05T12:19:14.260404+00:00
5193302,referee,101730992,"SANCHEZ PERALTA, ALVARO",Arbitro principal,https://www.rffm.es/acta-partido/5193302,2026-08-05T12:19:14.958576+00:00
5193299,referee,100246690,"CERVANTES MEDINA, DANIEL ALEXANDER",Arbitro principal,https://www.rffm.es/acta-partido/5193299,2026-08-05T12:19:15.143558+00:00
5193299,field_delegate,,"BAUTISTA GÓMEZ, SAMUEL",delegado_campo,https://www.rffm.es/acta-partido/5193299,2026-08-05T12:19:15.143558+00:00
5193306,referee,101725711,"HERNAEZ RIVERO DE AGUILAR, MIKEL",Arbitro principal,https://www.rffm.es/acta-partido/5193306,2026-08-05T12:19:15.274298+00:00
5193306,field_delegate,,"LUCAS GAYO, RAUL",delegado_campo,https://www.rffm.es/acta-partido/5193306,2026-08-05T12:19:15.274298+00:00
5193312,referee,101733122,"VALDUEZA CACERES, DIEGO",Arbitro principal,https://www.rffm.es/acta-partido/5193312,2026-08-05T12:19:15.346035+00:00
5193309,referee,101725711,"HERNAEZ RIVERO DE AGUILAR, MIKEL",Arbitro principal,https://www.rffm.es/acta-partido/5193309,2026-08-05T12:19:15.359120+00:00
5193303,referee,101730992,"SANCHEZ PERALTA, ALVARO",Arbitro principal,https://www.rffm.es/acta-partido/5193303,2026-08-05T12:19:15.435862+00:00
5193307,referee,101725693,"HERNAEZ RIVERO DE AGUILAR, ANDER",Arbitro principal,https://www.rffm.es/acta-partido/5193307,2026-08-05T12:19:15.486870+00:00
5193305,referee,101730992,"SANCHEZ PERALTA, ALVARO",Arbitro principal,https://www.rffm.es/acta-partido/5193305,2026-08-05T12:19:15.651465+00:00
5193305,field_delegate,,"MERINO CAPILLA, ALVARO",delegado_campo,https://www.rffm.es/acta-partido/5193305,2026-08-05T12:19:15.651465+00:00
5193315,referee,100666528,"PEREZ ROMERO, DAVID",Arbitro principal,https://www.rffm.es/acta-partido/5193315,2026-08-05T12:19:15.931033+00:00
5193313,referee,1170552,"MICHIELS, ROBBERT JOZEF",Arbitro principal,https://www.rffm.es/acta-partido/5193313,2026-08-05T12:19:16.082046+00:00
5193313,field_delegate,,"LUCAS GAYO, RAUL",delegado_campo,https://www.rffm.es/acta-partido/5193313,2026-08-05T12:19:16.082046+00:00
5193311,referee,101725693,"HERNAEZ RIVERO DE AGUILAR, ANDER",Arbitro principal,https://www.rffm.es/acta-partido/5193311,2026-08-05T12:19:16.145841+00:00
5193319,referee,101722582,"CHACÓN GUZMÁN, LUIS",Arbitro principal,https://www.rffm.es/acta-partido/5193319,2026-08-05T12:19:16.450459+00:00
5193316,referee,100666528,"PEREZ ROMERO, DAVID",Arbitro principal,https://www.rffm.es/acta-partido/5193316,2026-08-05T12:19:16.499229+00:00
5193316,field_delegate,,"PECHE PEREZ DEL PULGAR, JAVIER",delegado_campo,https://www.rffm.es/acta-partido/5193316,2026-08-05T12:19:16.499229+00:00
5193317,referee,1170552,"MICHIELS, ROBBERT JOZEF",Arbitro principal,https://www.rffm.es/acta-partido/5193317,2026-08-05T12:19:16.535219+00:00
5193318,referee,1170552,"MICHIELS, ROBBERT JOZEF",Arbitro principal,https://www.rffm.es/acta-partido/5193318,2026-08-05T12:19:16.705455+00:00
5193318,field_delegate,,"FERNANDEZ MURILLO, RAFAEL",delegado_campo,https://www.rffm.es/acta-partido/5193318,2026-08-05T12:19:16.705455+00:00
5193310,referee,101725711,"HERNAEZ RIVERO DE AGUILAR, MIKEL",Arbitro principal,https://www.rffm.es/acta-partido/5193310,2026-08-05T12:19:16.710195+00:00
5193310,field_delegate,,"HERRERUELA SAIZ, ADRIAN",delegado_campo,https://www.rffm.es/acta-partido/5193310,2026-08-05T12:19:16.710195+00:00
5193326,referee,101729228,"MUÑOZ RUIZ, ADRIAN",Arbitro principal,https://www.rffm.es/acta-partido/5193326,2026-08-05T12:19:17.233653+00:00
5193320,referee,101729228,"MUÑOZ RUIZ, ADRIAN",Arbitro principal,https://www.rffm.es/acta-partido/5193320,2026-08-05T12:19:17.472337+00:00
5193320,field_delegate,,"LOPEZ FERNANDEZ, DAVID",delegado_campo,https://www.rffm.es/acta-partido/5193320,2026-08-05T12:19:17.472337+00:00
5193323,referee,101732582,"TULLEMANS GARCIA, ERIK",Arbitro principal,https://www.rffm.es/acta-partido/5193323,2026-08-05T12:19:17.639362+00:00
5193323,field_delegate,,"HERRERUELA SAIZ, ADRIAN",delegado_campo,https://www.rffm.es/acta-partido/5193323,2026-08-05T12:19:17.639362+00:00
5193322,referee,101729228,"MUÑOZ RUIZ, ADRIAN",Arbitro principal,https://www.rffm.es/acta-partido/5193322,2026-08-05T12:19:17.843450+00:00
5193325,referee,101732582,"TULLEMANS GARCIA, ERIK",Arbitro principal,https://www.rffm.es/acta-partido/5193325,2026-08-05T12:19:17.867632+00:00
5193324,referee,101729228,"MUÑOZ RUIZ, ADRIAN",Arbitro principal,https://www.rffm.es/acta-partido/5193324,2026-08-05T12:19:17.878173+00:00
5193330,referee,101729236,"PEREZ SANTOS, JORGE",Arbitro principal,https://www.rffm.es/acta-partido/5193330,2026-08-05T12:19:18.332402+00:00
5193332,referee,101724028,"COLS SERRANO, VICTOR",Arbitro principal,https://www.rffm.es/acta-partido/5193332,2026-08-05T12:19:18.362267+00:00
5193328,referee,101724028,"COLS SERRANO, VICTOR",Arbitro principal,https://www.rffm.es/acta-partido/5193328,2026-08-05T12:19:18.519845+00:00
5193328,field_delegate,,"LUCAS GAYO, RAUL",delegado_campo,https://www.rffm.es/acta-partido/5193328,2026-08-05T12:19:18.519845+00:00
5193329,referee,101724028,"COLS SERRANO, VICTOR",Arbitro principal,https://www.rffm.es/acta-partido/5193329,2026-08-05T12:19:18.549316+00:00
5193329,field_delegate,,"FERRAZ CARRIAZO, ALVARO",delegado_campo,https://www.rffm.es/acta-partido/5193329,2026-08-05T12:19:18.549316+00:00
5193333,referee,101729236,"PEREZ SANTOS, JORGE",Arbitro principal,https://www.rffm.es/acta-partido/5193333,2026-08-05T12:19:18.645721+00:00
5193335,referee,1697731,"CORRAL HERNANDO, LUCIA",Arbitro principal,https://www.rffm.es/acta-partido/5193335,2026-08-05T12:19:19.050805+00:00
5193335,field_delegate,,"PECHE PEREZ DEL PULGAR, JAVIER",delegado_campo,https://www.rffm.es/acta-partido/5193335,2026-08-05T12:19:19.050805+00:00
5193337,referee,101710469,"ARELLANO GOMEZ, SOFIA",Arbitro principal,https://www.rffm.es/acta-partido/5193337,2026-08-05T12:19:19.163816+00:00
5193331,referee,101724028,"COLS SERRANO, VICTOR",Arbitro principal,https://www.rffm.es/acta-partido/5193331,2026-08-05T12:19:19.248102+00:00
5193331,field_delegate,,"PECHE PEREZ DEL PULGAR, JAVIER",delegado_campo,https://www.rffm.es/acta-partido/5193331,2026-08-05T12:19:19.248102+00:00
5193338,referee,1697731,"CORRAL HERNANDO, LUCIA",Arbitro principal,https://www.rffm.es/acta-partido/5193338,2026-08-05T12:19:19.334431+00:00
5193338,field_delegate,,"LUCAS GAYO, RAUL",delegado_campo,https://www.rffm.es/acta-partido/5193338,2026-08-05T12:19:19.334431+00:00
5193336,referee,101723998,"COBO BARBERO, MANUEL",Arbitro principal,https://www.rffm.es/acta-partido/5193336,2026-08-05T12:19:19.339786+00:00
5193339,referee,101723998,"COBO BARBERO, MANUEL",Arbitro principal,https://www.rffm.es/acta-partido/5193339,2026-08-05T12:19:19.686480+00:00
5193334,referee,101710469,"ARELLANO GOMEZ, SOFIA",Arbitro principal,https://www.rffm.es/acta-partido/5193334,2026-08-05T12:19:19.884793+00:00
5193343,referee,100248754,"RODRÍGUEZ BURGOS, CARLOS",Arbitro principal,https://www.rffm.es/acta-partido/5193343,2026-08-05T12:19:19.917640+00:00
5193342,referee,101721592,"ARANDA GOMEZ, JIMENA",Arbitro principal,https://www.rffm.es/acta-partido/5193342,2026-08-05T12:19:20.234479+00:00
5193342,field_delegate,,"FERNANDEZ MURILLO, RAFAEL",delegado_campo,https://www.rffm.es/acta-partido/5193342,2026-08-05T12:19:20.234479+00:00
5193345,referee,101721592,"ARANDA GOMEZ, JIMENA",Arbitro principal,https://www.rffm.es/acta-partido/5193345,2026-08-05T12:19:20.241367+00:00
5193346,referee,101733122,"VALDUEZA CACERES, DIEGO",Arbitro principal,https://www.rffm.es/acta-partido/5193346,2026-08-05T12:19:20.413113+00:00
5193341,referee,101721592,"ARANDA GOMEZ, JIMENA",Arbitro principal,https://www.rffm.es/acta-partido/5193341,2026-08-05T12:19:20.696051+00:00
5193344,referee,101733122,"VALDUEZA CACERES, DIEGO",Arbitro principal,https://www.rffm.es/acta-partido/5193344,2026-08-05T12:19:20.700207+00:00
5193350,referee,100248415,"PRADA BLANCO, ALEJANDRO",Arbitro principal,https://www.rffm.es/acta-partido/5193350,2026-08-05T12:19:20.851781+00:00
5193349,referee,101724548,"GARCIA GOMEZ-CANO, GONZALO",Arbitro principal,https://www.rffm.es/acta-partido/5193349,2026-08-05T12:19:21.047333+00:00
5193351,referee,100248415,"PRADA BLANCO, ALEJANDRO",Arbitro principal,https://www.rffm.es/acta-partido/5193351,2026-08-05T12:19:21.508541+00:00
5193351,field_delegate,,"LUCAS GAYO, RAUL",delegado_campo,https://www.rffm.es/acta-partido/5193351,2026-08-05T12:19:21.508541+00:00
5193348,referee,101724548,"GARCIA GOMEZ-CANO, GONZALO",Arbitro principal,https://www.rffm.es/acta-partido/5193348,2026-08-05T12:19:21.538642+00:00
5193354,referee,100248415,"PRADA BLANCO, ALEJANDRO",Arbitro principal,https://www.rffm.es/acta-partido/5193354,2026-08-05T12:19:21.543539+00:00
5193355,referee,101727425,"MORUGA BERNAL, MIGUEL",Arbitro principal,https://www.rffm.es/acta-partido/5193355,2026-08-05T12:19:21.582932+00:00
5193356,referee,100248754,"RODRÍGUEZ BURGOS, CARLOS",Arbitro principal,https://www.rffm.es/acta-partido/5193356,2026-08-05T12:19:21.717849+00:00
5193352,referee,100248415,"PRADA BLANCO, ALEJANDRO",Arbitro principal,https://www.rffm.es/acta-partido/5193352,2026-08-05T12:19:21.746572+00:00
5193361,referee,101727425,"MORUGA BERNAL, MIGUEL",Arbitro principal,https://www.rffm.es/acta-partido/5193361,2026-08-05T12:19:22.127737+00:00
5193359,referee,101729210,"PALACIOS GONZALEZ, SERGIO",Arbitro principal,https://www.rffm.es/acta-partido/5193359,2026-08-05T12:19:22.333357+00:00
5193358,referee,1402038,"ANTON CASAS, MIGUEL ANGEL",Arbitro principal,https://www.rffm.es/acta-partido/5193358,2026-08-05T12:19:22.455164+00:00
5193357,referee,101725303,"GARCIA NAVAS, IVAN",Arbitro principal,https://www.rffm.es/acta-partido/5193357,2026-08-05T12:19:22.674519+00:00
5193365,referee,100246137,"ANDRADE LÓPEZ, GABRIEL",Arbitro principal,https://www.rffm.es/acta-partido/5193365,2026-08-05T12:19:22.683751+00:00
5193364,referee,100246137,"ANDRADE LÓPEZ, GABRIEL",Arbitro principal,https://www.rffm.es/acta-partido/5193364,2026-08-05T12:19:22.864175+00:00
5193367,referee,101732578,"SERRANO RUIZ, HUGO",Arbitro principal,https://www.rffm.es/acta-partido/5193367,2026-08-05T12:19:22.865018+00:00
5193362,referee,100246137,"ANDRADE LÓPEZ, GABRIEL",Arbitro principal,https://www.rffm.es/acta-partido/5193362,2026-08-05T12:19:22.865529+00:00
5193363,referee,101732578,"SERRANO RUIZ, HUGO",Arbitro principal,https://www.rffm.es/acta-partido/5193363,2026-08-05T12:19:23.541401+00:00
5193368,referee,100246137,"ANDRADE LÓPEZ, GABRIEL",Arbitro principal,https://www.rffm.es/acta-partido/5193368,2026-08-05T12:19:23.653842+00:00
5193372,referee,100246137,"ANDRADE LÓPEZ, GABRIEL",Arbitro principal,https://www.rffm.es/acta-partido/5193372,2026-08-05T12:19:24.012516+00:00
5193369,referee,100246137,"ANDRADE LÓPEZ, GABRIEL",Arbitro principal,https://www.rffm.es/acta-partido/5193369,2026-08-05T12:19:24.486063+00:00
5193369,field_delegate,,"LOPEZ FERNANDEZ, DAVID",delegado_campo,https://www.rffm.es/acta-partido/5193369,2026-08-05T12:19:24.486063+00:00
5193371,referee,101729236,"PEREZ SANTOS, JORGE",Arbitro principal,https://www.rffm.es/acta-partido/5193371,2026-08-05T12:19:24.541451+00:00
5193370,referee,100246137,"ANDRADE LÓPEZ, GABRIEL",Arbitro principal,https://www.rffm.es/acta-partido/5193370,2026-08-05T12:19:24.548643+00:00
5193375,referee,101729236,"PEREZ SANTOS, JORGE",Arbitro principal,https://www.rffm.es/acta-partido/5193375,2026-08-05T12:19:24.618615+00:00
5193374,referee,101729236,"PEREZ SANTOS, JORGE",Arbitro principal,https://www.rffm.es/acta-partido/5193374,2026-08-05T12:19:24.681075+00:00
5193380,referee,1421222,"JIMENEZ LOPEZ, CARLOS",Arbitro principal,https://www.rffm.es/acta-partido/5193380,2026-08-05T12:19:24.749026+00:00
5193380,field_delegate,,"CARVAJAL MALO DE MOLINA, IVAN",delegado_campo,https://www.rffm.es/acta-partido/5193380,2026-08-05T12:19:24.749026+00:00
5193378,referee,1421222,"JIMENEZ LOPEZ, CARLOS",Arbitro principal,https://www.rffm.es/acta-partido/5193378,2026-08-05T12:19:24.802732+00:00
5193377,referee,1421222,"JIMENEZ LOPEZ, CARLOS",Arbitro principal,https://www.rffm.es/acta-partido/5193377,2026-08-05T12:19:25.605864+00:00
5193377,field_delegate,,"LUCAS GAYO, RAUL",delegado_campo,https://www.rffm.es/acta-partido/5193377,2026-08-05T12:19:25.605864+00:00
5193388,referee,101723996,"DE LARA GARCIA, MIGUEL",Arbitro principal,https://www.rffm.es/acta-partido/5193388,2026-08-05T12:19:25.606501+00:00
5193381,referee,101730990,"ROMERA DE LASALA, PABLO",Arbitro principal,https://www.rffm.es/acta-partido/5193381,2026-08-05T12:19:25.675561+00:00
5193383,referee,101723996,"DE LARA GARCIA, MIGUEL",Arbitro principal,https://www.rffm.es/acta-partido/5193383,2026-08-05T12:19:25.678171+00:00
5193376,referee,1421222,"JIMENEZ LOPEZ, CARLOS",Arbitro principal,https://www.rffm.es/acta-partido/5193376,2026-08-05T12:19:25.682472+00:00
5193376,field_delegate,,"NAVARRO TORRES, MATEO",delegado_campo,https://www.rffm.es/acta-partido/5193376,2026-08-05T12:19:25.682472+00:00
5193382,referee,101730990,"ROMERA DE LASALA, PABLO",Arbitro principal,https://www.rffm.es/acta-partido/5193382,2026-08-05T12:19:25.915021+00:00
5193384,referee,101731038,"RODRIGUEZ DEL REAL, GONZALO",Arbitro principal,https://www.rffm.es/acta-partido/5193384,2026-08-05T12:19:25.961416+00:00
5193387,referee,101723996,"DE LARA GARCIA, MIGUEL",Arbitro principal,https://www.rffm.es/acta-partido/5193387,2026-08-05T12:19:26.224724+00:00
5193389,referee,101731038,"RODRIGUEZ DEL REAL, GONZALO",Arbitro principal,https://www.rffm.es/acta-partido/5193389,2026-08-05T12:19:26.229605+00:00
5193385,referee,101731038,"RODRIGUEZ DEL REAL, GONZALO",Arbitro principal,https://www.rffm.es/acta-partido/5193385,2026-08-05T12:19:26.581204+00:00
5193385,field_delegate,,"PECHE PEREZ DEL PULGAR, JAVIER",delegado_campo,https://www.rffm.es/acta-partido/5193385,2026-08-05T12:19:26.581204+00:00
5193395,referee,100248754,"RODRÍGUEZ BURGOS, CARLOS",Arbitro principal,https://www.rffm.es/acta-partido/5193395,2026-08-05T12:19:26.586014+00:00
5193390,referee,100248754,"RODRÍGUEZ BURGOS, CARLOS",Arbitro principal,https://www.rffm.es/acta-partido/5193390,2026-08-05T12:19:26.653122+00:00
5193390,field_delegate,,"LUCAS GAYO, RAUL",delegado_campo,https://www.rffm.es/acta-partido/5193390,2026-08-05T12:19:26.653122+00:00
5193391,referee,100248754,"RODRÍGUEZ BURGOS, CARLOS",Arbitro principal,https://www.rffm.es/acta-partido/5193391,2026-08-05T12:19:27.227502+00:00
5193394,referee,2377866,"PÉREZ CONDE, INÉS",Arbitro principal,https://www.rffm.es/acta-partido/5193394,2026-08-05T12:19:27.299913+00:00
5193393,referee,100248754,"RODRÍGUEZ BURGOS, CARLOS",Arbitro principal,https://www.rffm.es/acta-partido/5193393,2026-08-05T12:19:27.449479+00:00
5193403,referee,102278559,"ROMERA PEJIC, MIGUEL ÁNGEL",Arbitro principal,https://www.rffm.es/acta-partido/5193403,2026-08-05T12:19:27.485559+00:00
5193396,referee,2377866,"PÉREZ CONDE, INÉS",Arbitro principal,https://www.rffm.es/acta-partido/5193396,2026-08-05T12:19:27.582026+00:00
5193402,referee,100247074,"ELVIAS LOZANO, ADRIÁN",Arbitro principal,https://www.rffm.es/acta-partido/5193402,2026-08-05T12:19:27.691636+00:00
5193400,referee,100247074,"ELVIAS LOZANO, ADRIÁN",Arbitro principal,https://www.rffm.es/acta-partido/5193400,2026-08-05T12:19:27.695814+00:00
5193400,field_delegate,,"PECHE PEREZ DEL PULGAR, JAVIER",delegado_campo,https://www.rffm.es/acta-partido/5193400,2026-08-05T12:19:27.695814+00:00
5193401,referee,101733146,"YAÑEZ ROMERA, FRANCISCO",Arbitro principal,https://www.rffm.es/acta-partido/5193401,2026-08-05T12:19:27.743277+00:00
5193397,referee,100247074,"ELVIAS LOZANO, ADRIÁN",Arbitro principal,https://www.rffm.es/acta-partido/5193397,2026-08-05T12:19:27.874274+00:00
5193406,referee,101724548,"GARCIA GOMEZ-CANO, GONZALO",Arbitro principal,https://www.rffm.es/acta-partido/5193406,2026-08-05T12:19:27.996995+00:00
5193398,referee,101733146,"YAÑEZ ROMERA, FRANCISCO",Arbitro principal,https://www.rffm.es/acta-partido/5193398,2026-08-05T12:19:28.409920+00:00
5193407,referee,101724548,"GARCIA GOMEZ-CANO, GONZALO",Arbitro principal,https://www.rffm.es/acta-partido/5193407,2026-08-05T12:19:29.193704+00:00
5193404,referee,101724548,"GARCIA GOMEZ-CANO, GONZALO",Arbitro principal,https://www.rffm.es/acta-partido/5193404,2026-08-05T12:19:29.198322+00:00
5193408,referee,100248754,"RODRÍGUEZ BURGOS, CARLOS",Arbitro principal,https://www.rffm.es/acta-partido/5193408,2026-08-05T12:19:29.345851+00:00
5193409,referee,100248754,"RODRÍGUEZ BURGOS, CARLOS",Arbitro principal,https://www.rffm.es/acta-partido/5193409,2026-08-05T12:19:29.602846+00:00
5193410,referee,1402038,"ANTON CASAS, MIGUEL ANGEL",Arbitro principal,https://www.rffm.es/acta-partido/5193410,2026-08-05T12:19:29.607405+00:00
5193417,referee,101723996,"DE LARA GARCIA, MIGUEL",Arbitro principal,https://www.rffm.es/acta-partido/5193417,2026-08-05T12:19:29.673517+00:00
5193415,referee,101710977,"GONZALEZ MARTIN, IRENE",Arbitro principal,https://www.rffm.es/acta-partido/5193415,2026-08-05T12:19:29.829700+00:00
5193415,field_delegate,,"PECHE PEREZ DEL PULGAR, JAVIER",delegado_campo,https://www.rffm.es/acta-partido/5193415,2026-08-05T12:19:29.829700+00:00
5193411,referee,102278559,"ROMERA PEJIC, MIGUEL ÁNGEL",Arbitro principal,https://www.rffm.es/acta-partido/5193411,2026-08-05T12:19:30.147530+00:00
5193416,referee,102278559,"ROMERA PEJIC, MIGUEL ÁNGEL",Arbitro principal,https://www.rffm.es/acta-partido/5193416,2026-08-05T12:19:30.349025+00:00
5193422,referee,1170549,"MELGUIZO CARMENES, JORGE",Arbitro principal,https://www.rffm.es/acta-partido/5193422,2026-08-05T12:19:30.374314+00:00
5193414,referee,101710469,"ARELLANO GOMEZ, SOFIA",Arbitro principal,https://www.rffm.es/acta-partido/5193414,2026-08-05T12:19:30.392345+00:00
5193419,referee,1940470,"CORREAL TORO, ALEJANDRO",Arbitro principal,https://www.rffm.es/acta-partido/5193419,2026-08-05T12:19:30.467386+00:00
5193420,referee,1402765,"MELGUIZO CARMENES, LUIS",Arbitro principal,https://www.rffm.es/acta-partido/5193420,2026-08-05T12:19:30.882145+00:00
5193423,referee,1701024,"SIMÓN OLANO, IKER",Arbitro principal,https://www.rffm.es/acta-partido/5193423,2026-08-05T12:19:30.886588+00:00
5193427,referee,3066666,"GARCIA CUADRADO, JUAN CARLOS",Arbitro principal,https://www.rffm.es/acta-partido/5193427,2026-08-05T12:19:31.253456+00:00
5193427,field_delegate,,"GRANIZO ROMERO, JAVIER",delegado_campo,https://www.rffm.es/acta-partido/5193427,2026-08-05T12:19:31.253456+00:00
5193421,referee,101731004,"SANCHEZ VIDAL, OSCAR",Arbitro principal,https://www.rffm.es/acta-partido/5193421,2026-08-05T12:19:31.253993+00:00
5193426,referee,3066666,"GARCIA CUADRADO, JUAN CARLOS",Arbitro principal,https://www.rffm.es/acta-partido/5193426,2026-08-05T12:19:31.453983+00:00
5193426,field_delegate,,"RAMIREZ CAMACHO, CAROLINA GABRIELA",delegado_campo,https://www.rffm.es/acta-partido/5193426,2026-08-05T12:19:31.453983+00:00
5193430,referee,3066666,"GARCIA CUADRADO, JUAN CARLOS",Arbitro principal,https://www.rffm.es/acta-partido/5193430,2026-08-05T12:19:31.571110+00:00
5193430,field_delegate,,"MORALES LUENGO, FERNANDO G",delegado_campo,https://www.rffm.es/acta-partido/5193430,2026-08-05T12:19:31.571110+00:00
5193424,referee,101731004,"SANCHEZ VIDAL, OSCAR",Arbitro principal,https://www.rffm.es/acta-partido/5193424,2026-08-05T12:19:31.578115+00:00
5193424,field_delegate,,"LOPEZ FERNANDEZ, DAVID",delegado_campo,https://www.rffm.es/acta-partido/5193424,2026-08-05T12:19:31.578115+00:00
5193428,referee,3066666,"GARCIA CUADRADO, JUAN CARLOS",Arbitro principal,https://www.rffm.es/acta-partido/5193428,2026-08-05T12:19:31.611382+00:00
5193425,referee,101721588,"ANTON DOMINGUEZ, GUILLERMO",Arbitro principal,https://www.rffm.es/acta-partido/5193425,2026-08-05T12:19:31.716648+00:00
5193425,field_delegate,,"ROMERO CALLEJO, CARLOS",delegado_campo,https://www.rffm.es/acta-partido/5193425,2026-08-05T12:19:31.716648+00:00
5193429,referee,3066666,"GARCIA CUADRADO, JUAN CARLOS",Arbitro principal,https://www.rffm.es/acta-partido/5193429,2026-08-05T12:19:31.849850+00:00
5193429,field_delegate,,"ARRANZ MELLADO, JAVIER",delegado_campo,https://www.rffm.es/acta-partido/5193429,2026-08-05T12:19:31.849850+00:00
5193434,referee,101721420,"ALMENA ACEBES, MARCOS",Arbitro principal,https://www.rffm.es/acta-partido/5193434,2026-08-05T12:19:32.107235+00:00
5193432,referee,101721420,"ALMENA ACEBES, MARCOS",Arbitro principal,https://www.rffm.es/acta-partido/5193432,2026-08-05T12:19:32.499126+00:00
5193437,referee,101724538,"GARCIA GOTI, ERIC",Arbitro principal,https://www.rffm.es/acta-partido/5193437,2026-08-05T12:19:32.589375+00:00
5193435,referee,101724538,"GARCIA GOTI, ERIC",Arbitro principal,https://www.rffm.es/acta-partido/5193435,2026-08-05T12:19:32.752585+00:00
5193433,referee,101721420,"ALMENA ACEBES, MARCOS",Arbitro principal,https://www.rffm.es/acta-partido/5193433,2026-08-05T12:19:32.757431+00:00
5193440,referee,101722586,"CAMPOS RODRIGUEZ, FABIÁN",Arbitro principal,https://www.rffm.es/acta-partido/5193440,2026-08-05T12:19:33.183021+00:00
5193440,field_delegate,,"ROMERO CALLEJO, CARLOS",delegado_campo,https://www.rffm.es/acta-partido/5193440,2026-08-05T12:19:33.183021+00:00
5193445,referee,101722586,"CAMPOS RODRIGUEZ, FABIÁN",Arbitro principal,https://www.rffm.es/acta-partido/5193445,2026-08-05T12:19:33.784804+00:00
5193441,referee,101722586,"CAMPOS RODRIGUEZ, FABIÁN",Arbitro principal,https://www.rffm.es/acta-partido/5193441,2026-08-05T12:19:33.839820+00:00
5193443,referee,101727411,"MOLINA GUAYANAY, NELSON EDUARDO",Arbitro principal,https://www.rffm.es/acta-partido/5193443,2026-08-05T12:19:34.533313+00:00
5193436,referee,101721594,"ARANDA GUTIERREZ, VICTOR",Arbitro principal,https://www.rffm.es/acta-partido/5193436,2026-08-05T12:19:34.594671+00:00
5193442,referee,101727411,"MOLINA GUAYANAY, NELSON EDUARDO",Arbitro principal,https://www.rffm.es/acta-partido/5193442,2026-08-05T12:19:34.620619+00:00
5193442,field_delegate,,"GRANIZO ROMERO, JAVIER",delegado_campo,https://www.rffm.es/acta-partido/5193442,2026-08-05T12:19:34.620619+00:00
5193450,referee,101727411,"MOLINA GUAYANAY, NELSON EDUARDO",Arbitro principal,https://www.rffm.es/acta-partido/5193450,2026-08-05T12:19:34.625346+00:00
5193439,referee,101727411,"MOLINA GUAYANAY, NELSON EDUARDO",Arbitro principal,https://www.rffm.es/acta-partido/5193439,2026-08-05T12:19:34.668636+00:00
5193446,referee,101727411,"MOLINA GUAYANAY, NELSON EDUARDO",Arbitro principal,https://www.rffm.es/acta-partido/5193446,2026-08-05T12:19:34.674233+00:00
5193452,referee,101725679,"GONZALEZ MONJE, ALVARO",Arbitro principal,https://www.rffm.es/acta-partido/5193452,2026-08-05T12:19:34.846624+00:00
5193449,referee,101727411,"MOLINA GUAYANAY, NELSON EDUARDO",Arbitro principal,https://www.rffm.es/acta-partido/5193449,2026-08-05T12:19:34.935960+00:00
5193447,referee,101733142,"VILLAPALOS DIEZ, MARKEL",Arbitro principal,https://www.rffm.es/acta-partido/5193447,2026-08-05T12:19:35.135453+00:00
5193448,referee,101733142,"VILLAPALOS DIEZ, MARKEL",Arbitro principal,https://www.rffm.es/acta-partido/5193448,2026-08-05T12:19:35.139507+00:00
5193458,referee,101721594,"ARANDA GUTIERREZ, VICTOR",Arbitro principal,https://www.rffm.es/acta-partido/5193458,2026-08-05T12:19:35.181854+00:00
5193456,referee,101729228,"MUÑOZ RUIZ, ADRIAN",Arbitro principal,https://www.rffm.es/acta-partido/5193456,2026-08-05T12:19:35.254392+00:00
5193455,referee,101733146,"YAÑEZ ROMERA, FRANCISCO",Arbitro principal,https://www.rffm.es/acta-partido/5193455,2026-08-05T12:19:35.509791+00:00
5193455,field_delegate,,"ROMERO CALLEJO, CARLOS",delegado_campo,https://www.rffm.es/acta-partido/5193455,2026-08-05T12:19:35.509791+00:00
5193459,referee,101733146,"YAÑEZ ROMERA, FRANCISCO",Arbitro principal,https://www.rffm.es/acta-partido/5193459,2026-08-05T12:19:35.540885+00:00
5193454,referee,101721594,"ARANDA GUTIERREZ, VICTOR",Arbitro principal,https://www.rffm.es/acta-partido/5193454,2026-08-05T12:19:35.584342+00:00
5193453,referee,101729170,"PURON CHASCO, MIGUEL",Arbitro principal,https://www.rffm.es/acta-partido/5193453,2026-08-05T12:19:35.810851+00:00
5193453,field_delegate,,"FERNANDEZ MURILLO, RAFAEL",delegado_campo,https://www.rffm.es/acta-partido/5193453,2026-08-05T12:19:35.810851+00:00
5193466,referee,100248714,"RODRÍGUEZ GARCÍA-ANDRADE, NICOLÁS",Arbitro principal,https://www.rffm.es/acta-partido/5193466,2026-08-05T12:19:36.461422+00:00
5193463,referee,101729228,"MUÑOZ RUIZ, ADRIAN",Arbitro principal,https://www.rffm.es/acta-partido/5193463,2026-08-05T12:19:36.461769+00:00
5193460,referee,100248714,"RODRÍGUEZ GARCÍA-ANDRADE, NICOLÁS",Arbitro principal,https://www.rffm.es/acta-partido/5193460,2026-08-05T12:19:36.462514+00:00
5193465,referee,100248714,"RODRÍGUEZ GARCÍA-ANDRADE, NICOLÁS",Arbitro principal,https://www.rffm.es/acta-partido/5193465,2026-08-05T12:19:36.488375+00:00
5193461,referee,101729228,"MUÑOZ RUIZ, ADRIAN",Arbitro principal,https://www.rffm.es/acta-partido/5193461,2026-08-05T12:19:36.523181+00:00
5193462,referee,101722582,"CHACÓN GUZMÁN, LUIS",Arbitro principal,https://www.rffm.es/acta-partido/5193462,2026-08-05T12:19:36.669692+00:00
5193462,field_delegate,,"PARIS DOMINGO, DAVID",delegado_campo,https://www.rffm.es/acta-partido/5193462,2026-08-05T12:19:36.669692+00:00
5193471,referee,101724006,"DE LA VEGA ISARDO, ALONSO",Arbitro principal,https://www.rffm.es/acta-partido/5193471,2026-08-05T12:19:36.725518+00:00
5193468,referee,101724006,"DE LA VEGA ISARDO, ALONSO",Arbitro principal,https://www.rffm.es/acta-partido/5193468,2026-08-05T12:19:37.092013+00:00
5193478,referee,101722600,"CHADWICK ANTOLIN, DYLAN",Arbitro principal,https://www.rffm.es/acta-partido/5193478,2026-08-05T12:19:37.729326+00:00
5193467,referee,101722602,"CALLEJO GOMEZ, JOSE MARIA",Arbitro principal,https://www.rffm.es/acta-partido/5193467,2026-08-05T12:19:37.877928+00:00
5193473,referee,101722602,"CALLEJO GOMEZ, JOSE MARIA",Arbitro principal,https://www.rffm.es/acta-partido/5193473,2026-08-05T12:19:37.900210+00:00
5193473,field_delegate,,"ESPINOSA JIMENEZ, ANDERSON",delegado_campo,https://www.rffm.es/acta-partido/5193473,2026-08-05T12:19:37.900210+00:00
5193469,referee,101724006,"DE LA VEGA ISARDO, ALONSO",Arbitro principal,https://www.rffm.es/acta-partido/5193469,2026-08-05T12:19:37.917112+00:00
5193479,referee,101722600,"CHADWICK ANTOLIN, DYLAN",Arbitro principal,https://www.rffm.es/acta-partido/5193479,2026-08-05T12:19:37.985461+00:00
5193480,referee,101724588,"ELEZ SERRANO, OSCAR",Arbitro principal,https://www.rffm.es/acta-partido/5193480,2026-08-05T12:19:37.990393+00:00
5193472,referee,101729172,"OLMEDO MAYO, GUILLERMO",Arbitro principal,https://www.rffm.es/acta-partido/5193472,2026-08-05T12:19:38.020089+00:00
5193475,referee,101724588,"ELEZ SERRANO, OSCAR",Arbitro principal,https://www.rffm.es/acta-partido/5193475,2026-08-05T12:19:38.848863+00:00
5193481,referee,101727411,"MOLINA GUAYANAY, NELSON EDUARDO",Arbitro principal,https://www.rffm.es/acta-partido/5193481,2026-08-05T12:19:39.022048+00:00
5193487,referee,101721592,"ARANDA GOMEZ, JIMENA",Arbitro principal,https://www.rffm.es/acta-partido/5193487,2026-08-05T12:19:39.024826+00:00
5193476,referee,101711000,"GOMEZ BARROSO, ANGELA",Arbitro principal,https://www.rffm.es/acta-partido/5193476,2026-08-05T12:19:39.108017+00:00
5193476,field_delegate,,"ORTEGA MATE, PABLO",delegado_campo,https://www.rffm.es/acta-partido/5193476,2026-08-05T12:19:39.108017+00:00
5193474,referee,101724588,"ELEZ SERRANO, OSCAR",Arbitro principal,https://www.rffm.es/acta-partido/5193474,2026-08-05T12:19:39.115031+00:00
5193484,referee,101727411,"MOLINA GUAYANAY, NELSON EDUARDO",Arbitro principal,https://www.rffm.es/acta-partido/5193484,2026-08-05T12:19:39.117472+00:00
5193482,referee,101721588,"ANTON DOMINGUEZ, GUILLERMO",Arbitro principal,https://www.rffm.es/acta-partido/5193482,2026-08-05T12:19:39.574089+00:00
5193485,referee,101721588,"ANTON DOMINGUEZ, GUILLERMO",Arbitro principal,https://www.rffm.es/acta-partido/5193485,2026-08-05T12:19:39.578759+00:00
5193485,field_delegate,,"ROMERO CALLEJO, CARLOS",delegado_campo,https://www.rffm.es/acta-partido/5193485,2026-08-05T12:19:39.578759+00:00
5193486,referee,101721592,"ARANDA GOMEZ, JIMENA",Arbitro principal,https://www.rffm.es/acta-partido/5193486,2026-08-05T12:19:39.694560+00:00
5193494,referee,101724554,"GARCIA ZABALETA, JORGE",Arbitro principal,https://www.rffm.es/acta-partido/5193494,2026-08-05T12:19:40.032196+00:00
5193494,field_delegate,,"DE LA LUNA GARGANTILLA, FRANCISCO JAVIER",delegado_campo,https://www.rffm.es/acta-partido/5193494,2026-08-05T12:19:40.032196+00:00
5193491,referee,101724554,"GARCIA ZABALETA, JORGE",Arbitro principal,https://www.rffm.es/acta-partido/5193491,2026-08-05T12:19:40.032522+00:00
5193489,referee,101733122,"VALDUEZA CACERES, DIEGO",Arbitro principal,https://www.rffm.es/acta-partido/5193489,2026-08-05T12:19:40.089675+00:00
5193488,referee,101724554,"GARCIA ZABALETA, JORGE",Arbitro principal,https://www.rffm.es/acta-partido/5193488,2026-08-05T12:19:40.126795+00:00
5193493,referee,101733122,"VALDUEZA CACERES, DIEGO",Arbitro principal,https://www.rffm.es/acta-partido/5193493,2026-08-05T12:19:40.303094+00:00
5193497,referee,101723996,"DE LARA GARCIA, MIGUEL",Arbitro principal,https://www.rffm.es/acta-partido/5193497,2026-08-05T12:19:40.450370+00:00
5193500,referee,101723996,"DE LARA GARCIA, MIGUEL",Arbitro principal,https://www.rffm.es/acta-partido/5193500,2026-08-05T12:19:41.217402+00:00
5193500,field_delegate,,"ROMERO CALLEJO, CARLOS",delegado_campo,https://www.rffm.es/acta-partido/5193500,2026-08-05T12:19:41.217402+00:00
5193492,referee,101725693,"HERNAEZ RIVERO DE AGUILAR, ANDER",Arbitro principal,https://www.rffm.es/acta-partido/5193492,2026-08-05T12:19:41.274003+00:00
5193495,referee,100666528,"PEREZ ROMERO, DAVID",Arbitro principal,https://www.rffm.es/acta-partido/5193495,2026-08-05T12:19:41.356048+00:00
5193498,referee,101723996,"DE LARA GARCIA, MIGUEL",Arbitro principal,https://www.rffm.es/acta-partido/5193498,2026-08-05T12:19:41.421136+00:00
5193498,field_delegate,,"FERNANDEZ MURILLO, RAFAEL",delegado_campo,https://www.rffm.es/acta-partido/5193498,2026-08-05T12:19:41.421136+00:00
5193499,referee,101722582,"CHACÓN GUZMÁN, LUIS",Arbitro principal,https://www.rffm.es/acta-partido/5193499,2026-08-05T12:19:41.510343+00:00
5193499,field_delegate,,"FERNANDEZ MORA, ADRIAN",delegado_campo,https://www.rffm.es/acta-partido/5193499,2026-08-05T12:19:41.510343+00:00
5193504,referee,1926632,"PEÑA FERNÁNDEZ, JORGE",Arbitro principal,https://www.rffm.es/acta-partido/5193504,2026-08-05T12:19:41.559191+00:00
5193501,referee,101722582,"CHACÓN GUZMÁN, LUIS",Arbitro principal,https://www.rffm.es/acta-partido/5193501,2026-08-05T12:19:41.732463+00:00
5193507,referee,1697731,"CORRAL HERNANDO, LUCIA",Arbitro principal,https://www.rffm.es/acta-partido/5193507,2026-08-05T12:19:41.793827+00:00
5193507,field_delegate,,"DE LA LUNA GARGANTILLA, FRANCISCO JAVIER",delegado_campo,https://www.rffm.es/acta-partido/5193507,2026-08-05T12:19:41.793827+00:00
5193502,referee,1697731,"CORRAL HERNANDO, LUCIA",Arbitro principal,https://www.rffm.es/acta-partido/5193502,2026-08-05T12:19:41.800942+00:00
5193506,referee,1697731,"CORRAL HERNANDO, LUCIA",Arbitro principal,https://www.rffm.es/acta-partido/5193506,2026-08-05T12:19:42.064282+00:00
5193505,referee,101729228,"MUÑOZ RUIZ, ADRIAN",Arbitro principal,https://www.rffm.es/acta-partido/5193505,2026-08-05T12:19:42.591984+00:00
5193508,referee,101732582,"TULLEMANS GARCIA, ERIK",Arbitro principal,https://www.rffm.es/acta-partido/5193508,2026-08-05T12:19:42.620701+00:00
5193511,referee,101729210,"PALACIOS GONZALEZ, SERGIO",Arbitro principal,https://www.rffm.es/acta-partido/5193511,2026-08-05T12:19:42.757618+00:00
5193513,referee,101729210,"PALACIOS GONZALEZ, SERGIO",Arbitro principal,https://www.rffm.es/acta-partido/5193513,2026-08-05T12:19:42.951910+00:00
5193513,field_delegate,,"FERNANDEZ MURILLO, RAFAEL",delegado_campo,https://www.rffm.es/acta-partido/5193513,2026-08-05T12:19:42.951910+00:00
5193515,referee,101729210,"PALACIOS GONZALEZ, SERGIO",Arbitro principal,https://www.rffm.es/acta-partido/5193515,2026-08-05T12:19:42.987154+00:00
5193515,field_delegate,,"ROMERO CALLEJO, CARLOS",delegado_campo,https://www.rffm.es/acta-partido/5193515,2026-08-05T12:19:42.987154+00:00
5193514,referee,101729210,"PALACIOS GONZALEZ, SERGIO",Arbitro principal,https://www.rffm.es/acta-partido/5193514,2026-08-05T12:19:43.021461+00:00
5193514,field_delegate,,"FERNANDEZ MORA, ADRIAN",delegado_campo,https://www.rffm.es/acta-partido/5193514,2026-08-05T12:19:43.021461+00:00
5193510,referee,101729210,"PALACIOS GONZALEZ, SERGIO",Arbitro principal,https://www.rffm.es/acta-partido/5193510,2026-08-05T12:19:43.142872+00:00
5193510,field_delegate,,"BARCALA MOLTO, ALVARO",delegado_campo,https://www.rffm.es/acta-partido/5193510,2026-08-05T12:19:43.142872+00:00
5193512,referee,101729236,"PEREZ SANTOS, JORGE",Arbitro principal,https://www.rffm.es/acta-partido/5193512,2026-08-05T12:19:43.347507+00:00
5193518,referee,101723998,"COBO BARBERO, MANUEL",Arbitro principal,https://www.rffm.es/acta-partido/5193518,2026-08-05T12:19:43.759484+00:00
5193518,field_delegate,,"CASTILLO PALLISER, AGUSTIN",delegado_campo,https://www.rffm.es/acta-partido/5193518,2026-08-05T12:19:43.759484+00:00
5193520,referee,1925388,"CARRASCAL MARTÍN, LUCÍA",Arbitro principal,https://www.rffm.es/acta-partido/5193520,2026-08-05T12:19:43.790008+00:00
5193521,referee,1925388,"CARRASCAL MARTÍN, LUCÍA",Arbitro principal,https://www.rffm.es/acta-partido/5193521,2026-08-05T12:19:43.916277+00:00
5193519,referee,1925388,"CARRASCAL MARTÍN, LUCÍA",Arbitro principal,https://www.rffm.es/acta-partido/5193519,2026-08-05T12:19:43.988869+00:00
5193516,referee,1925388,"CARRASCAL MARTÍN, LUCÍA",Arbitro principal,https://www.rffm.es/acta-partido/5193516,2026-08-05T12:19:44.190176+00:00
5193517,referee,1697731,"CORRAL HERNANDO, LUCIA",Arbitro principal,https://www.rffm.es/acta-partido/5193517,2026-08-05T12:19:44.239309+00:00
5193517,field_delegate,,"FERNANDEZ MURILLO, RAFAEL",delegado_campo,https://www.rffm.es/acta-partido/5193517,2026-08-05T12:19:44.239309+00:00
5193527,referee,101710349,"AMORES RAMOS, MARTA",Arbitro principal,https://www.rffm.es/acta-partido/5193527,2026-08-05T12:19:44.575711+00:00
5193528,referee,101710349,"AMORES RAMOS, MARTA",Arbitro principal,https://www.rffm.es/acta-partido/5193528,2026-08-05T12:19:44.718495+00:00
5193525,referee,101710349,"AMORES RAMOS, MARTA",Arbitro principal,https://www.rffm.es/acta-partido/5193525,2026-08-05T12:19:45.074471+00:00
5193526,referee,100248754,"RODRÍGUEZ BURGOS, CARLOS",Arbitro principal,https://www.rffm.es/acta-partido/5193526,2026-08-05T12:19:45.241764+00:00
5193526,field_delegate,,"GRANIZO ROMERO, JAVIER",delegado_campo,https://www.rffm.es/acta-partido/5193526,2026-08-05T12:19:45.241764+00:00
5193524,referee,100248754,"RODRÍGUEZ BURGOS, CARLOS",Arbitro principal,https://www.rffm.es/acta-partido/5193524,2026-08-05T12:19:45.281545+00:00
5193524,field_delegate,,"ROMERO CALLEJO, CARLOS",delegado_campo,https://www.rffm.es/acta-partido/5193524,2026-08-05T12:19:45.281545+00:00
5193523,referee,101733122,"VALDUEZA CACERES, DIEGO",Arbitro principal,https://www.rffm.es/acta-partido/5193523,2026-08-05T12:19:45.416655+00:00
5193536,referee,101731004,"SANCHEZ VIDAL, OSCAR",Arbitro principal,https://www.rffm.es/acta-partido/5193536,2026-08-05T12:19:45.528919+00:00
5193534,referee,101731004,"SANCHEZ VIDAL, OSCAR",Arbitro principal,https://www.rffm.es/acta-partido/5193534,2026-08-05T12:19:45.533836+00:00
5193531,referee,101731004,"SANCHEZ VIDAL, OSCAR",Arbitro principal,https://www.rffm.es/acta-partido/5193531,2026-08-05T12:19:46.016445+00:00
5193533,referee,101731004,"SANCHEZ VIDAL, OSCAR",Arbitro principal,https://www.rffm.es/acta-partido/5193533,2026-08-05T12:19:46.154844+00:00
5193533,field_delegate,,"PARIS DOMINGO, DAVID",delegado_campo,https://www.rffm.es/acta-partido/5193533,2026-08-05T12:19:46.154844+00:00
5193532,referee,101724548,"GARCIA GOMEZ-CANO, GONZALO",Arbitro principal,https://www.rffm.es/acta-partido/5193532,2026-08-05T12:19:46.313639+00:00
5193530,referee,101731004,"SANCHEZ VIDAL, OSCAR",Arbitro principal,https://www.rffm.es/acta-partido/5193530,2026-08-05T12:19:46.317764+00:00
5193530,field_delegate,,"FERNANDEZ MURILLO, RAFAEL",delegado_campo,https://www.rffm.es/acta-partido/5193530,2026-08-05T12:19:46.317764+00:00
5193543,referee,1183764,"ANTON ALCALDE, JAVIER",Arbitro principal,https://www.rffm.es/acta-partido/5193543,2026-08-05T12:19:46.348944+00:00
5193537,referee,101731038,"RODRIGUEZ DEL REAL, GONZALO",Arbitro principal,https://www.rffm.es/acta-partido/5193537,2026-08-05T12:19:46.437690+00:00
5193537,field_delegate,,"CAMPOS BLAZQUEZ, DIEGO",delegado_campo,https://www.rffm.es/acta-partido/5193537,2026-08-05T12:19:46.437690+00:00
5193540,referee,101727425,"MORUGA BERNAL, MIGUEL",Arbitro principal,https://www.rffm.es/acta-partido/5193540,2026-08-05T12:19:46.815524+00:00
5193540,field_delegate,,"CABRERA HINOJOSA, JUAN M",delegado_campo,https://www.rffm.es/acta-partido/5193540,2026-08-05T12:19:46.815524+00:00
5193538,referee,100248754,"RODRÍGUEZ BURGOS, CARLOS",Arbitro principal,https://www.rffm.es/acta-partido/5193538,2026-08-05T12:19:46.946842+00:00
5193539,referee,100248754,"RODRÍGUEZ BURGOS, CARLOS",Arbitro principal,https://www.rffm.es/acta-partido/5193539,2026-08-05T12:19:47.139803+00:00
5193539,field_delegate,,"ROMERO CALLEJO, CARLOS",delegado_campo,https://www.rffm.es/acta-partido/5193539,2026-08-05T12:19:47.139803+00:00
5193541,referee,101731038,"RODRIGUEZ DEL REAL, GONZALO",Arbitro principal,https://www.rffm.es/acta-partido/5193541,2026-08-05T12:19:47.266826+00:00
5193550,referee,101731004,"SANCHEZ VIDAL, OSCAR",Arbitro principal,https://www.rffm.es/acta-partido/5193550,2026-08-05T12:19:47.740816+00:00
5193544,referee,101732578,"SERRANO RUIZ, HUGO",Arbitro principal,https://www.rffm.es/acta-partido/5193544,2026-08-05T12:19:47.810925+00:00
5193547,referee,101731004,"SANCHEZ VIDAL, OSCAR",Arbitro principal,https://www.rffm.es/acta-partido/5193547,2026-08-05T12:19:47.865934+00:00
5193545,referee,101731004,"SANCHEZ VIDAL, OSCAR",Arbitro principal,https://www.rffm.es/acta-partido/5193545,2026-08-05T12:19:47.888136+00:00
5193546,referee,101732578,"SERRANO RUIZ, HUGO",Arbitro principal,https://www.rffm.es/acta-partido/5193546,2026-08-05T12:19:47.983907+00:00
5193549,referee,101731004,"SANCHEZ VIDAL, OSCAR",Arbitro principal,https://www.rffm.es/acta-partido/5193549,2026-08-05T12:19:48.096571+00:00
5193551,referee,1421222,"JIMENEZ LOPEZ, CARLOS",Arbitro principal,https://www.rffm.es/acta-partido/5193551,2026-08-05T12:19:48.326806+00:00
5193551,field_delegate,,"CAMPOS BLAZQUEZ, DIEGO",delegado_campo,https://www.rffm.es/acta-partido/5193551,2026-08-05T12:19:48.326806+00:00
5193556,referee,1421222,"JIMENEZ LOPEZ, CARLOS",Arbitro principal,https://www.rffm.es/acta-partido/5193556,2026-08-05T12:19:48.438020+00:00
5193554,referee,1421222,"JIMENEZ LOPEZ, CARLOS",Arbitro principal,https://www.rffm.es/acta-partido/5193554,2026-08-05T12:19:48.752932+00:00
5193554,field_delegate,,"ROMERO CALLEJO, CARLOS",delegado_campo,https://www.rffm.es/acta-partido/5193554,2026-08-05T12:19:48.752932+00:00
5193564,referee,101731004,"SANCHEZ VIDAL, OSCAR",Arbitro principal,https://www.rffm.es/acta-partido/5193564,2026-08-05T12:19:48.778782+00:00
5193553,referee,100246137,"ANDRADE LÓPEZ, GABRIEL",Arbitro principal,https://www.rffm.es/acta-partido/5193553,2026-08-05T12:19:48.785165+00:00
5193552,referee,101729236,"PEREZ SANTOS, JORGE",Arbitro principal,https://www.rffm.es/acta-partido/5193552,2026-08-05T12:19:48.899443+00:00
5193552,field_delegate,,"FERNANDEZ MURILLO, RAFAEL",delegado_campo,https://www.rffm.es/acta-partido/5193552,2026-08-05T12:19:48.899443+00:00
5193557,referee,1421222,"JIMENEZ LOPEZ, CARLOS",Arbitro principal,https://www.rffm.es/acta-partido/5193557,2026-08-05T12:19:49.095330+00:00
5193562,referee,101731004,"SANCHEZ VIDAL, OSCAR",Arbitro principal,https://www.rffm.es/acta-partido/5193562,2026-08-05T12:19:49.289238+00:00
5193563,referee,101731004,"SANCHEZ VIDAL, OSCAR",Arbitro principal,https://www.rffm.es/acta-partido/5193563,2026-08-05T12:19:49.294019+00:00
5193559,referee,101731004,"SANCHEZ VIDAL, OSCAR",Arbitro principal,https://www.rffm.es/acta-partido/5193559,2026-08-05T12:19:49.580565+00:00
5193570,referee,1216226,"ARNEDO MUÑOZ, ANTONIO",Arbitro principal,https://www.rffm.es/acta-partido/5193570,2026-08-05T12:19:50.090605+00:00
5193570,field_delegate,,"CABRERA HINOJOSA, JUAN M",delegado_campo,https://www.rffm.es/acta-partido/5193570,2026-08-05T12:19:50.090605+00:00
5193560,referee,101730990,"ROMERA DE LASALA, PABLO",Arbitro principal,https://www.rffm.es/acta-partido/5193560,2026-08-05T12:19:50.204968+00:00
5193567,referee,101710469,"ARELLANO GOMEZ, SOFIA",Arbitro principal,https://www.rffm.es/acta-partido/5193567,2026-08-05T12:19:50.381532+00:00
5193565,referee,101710469,"ARELLANO GOMEZ, SOFIA",Arbitro principal,https://www.rffm.es/acta-partido/5193565,2026-08-05T12:19:50.412451+00:00
5193558,referee,101730990,"ROMERA DE LASALA, PABLO",Arbitro principal,https://www.rffm.es/acta-partido/5193558,2026-08-05T12:19:50.453337+00:00
5193566,referee,101710469,"ARELLANO GOMEZ, SOFIA",Arbitro principal,https://www.rffm.es/acta-partido/5193566,2026-08-05T12:19:50.530317+00:00
5193569,referee,101710469,"ARELLANO GOMEZ, SOFIA",Arbitro principal,https://www.rffm.es/acta-partido/5193569,2026-08-05T12:19:50.723975+00:00
5193569,field_delegate,,"ROMERO CALLEJO, CARLOS",delegado_campo,https://www.rffm.es/acta-partido/5193569,2026-08-05T12:19:50.723975+00:00
5193571,referee,101723996,"DE LARA GARCIA, MIGUEL",Arbitro principal,https://www.rffm.es/acta-partido/5193571,2026-08-05T12:19:50.882775+00:00
5193571,field_delegate,,"GRANIZO ROMERO, JAVIER",delegado_campo,https://www.rffm.es/acta-partido/5193571,2026-08-05T12:19:50.882775+00:00
5193576,referee,2377866,"PÉREZ CONDE, INÉS",Arbitro principal,https://www.rffm.es/acta-partido/5193576,2026-08-05T12:19:51.345171+00:00
5193573,referee,101733146,"YAÑEZ ROMERA, FRANCISCO",Arbitro principal,https://www.rffm.es/acta-partido/5193573,2026-08-05T12:19:51.349912+00:00
5193575,referee,101733146,"YAÑEZ ROMERA, FRANCISCO",Arbitro principal,https://www.rffm.es/acta-partido/5193575,2026-08-05T12:19:51.432563+00:00
5193582,referee,101723996,"DE LARA GARCIA, MIGUEL",Arbitro principal,https://www.rffm.es/acta-partido/5193582,2026-08-05T12:19:51.440830+00:00
5193582,field_delegate,,"FERNANDEZ MURILLO, RAFAEL",delegado_campo,https://www.rffm.es/acta-partido/5193582,2026-08-05T12:19:51.440830+00:00
5193584,referee,100666528,"PEREZ ROMERO, DAVID",Arbitro principal,https://www.rffm.es/acta-partido/5193584,2026-08-05T12:19:52.086740+00:00
5193584,field_delegate,,"ROMERO CALLEJO, CARLOS",delegado_campo,https://www.rffm.es/acta-partido/5193584,2026-08-05T12:19:52.086740+00:00
5193577,referee,101733146,"YAÑEZ ROMERA, FRANCISCO",Arbitro principal,https://www.rffm.es/acta-partido/5193577,2026-08-05T12:19:52.112852+00:00
5193578,referee,2377866,"PÉREZ CONDE, INÉS",Arbitro principal,https://www.rffm.es/acta-partido/5193578,2026-08-05T12:19:52.156773+00:00
5193572,referee,101733146,"YAÑEZ ROMERA, FRANCISCO",Arbitro principal,https://www.rffm.es/acta-partido/5193572,2026-08-05T12:19:52.302649+00:00
5193579,referee,100666528,"PEREZ ROMERO, DAVID",Arbitro principal,https://www.rffm.es/acta-partido/5193579,2026-08-05T12:19:52.606854+00:00
5193580,referee,100666528,"PEREZ ROMERO, DAVID",Arbitro principal,https://www.rffm.es/acta-partido/5193580,2026-08-05T12:19:52.740481+00:00
5193585,referee,100247074,"ELVIAS LOZANO, ADRIÁN",Arbitro principal,https://www.rffm.es/acta-partido/5193585,2026-08-05T12:19:52.829291+00:00
5193585,field_delegate,,"CABRERA HINOJOSA, JUAN M",delegado_campo,https://www.rffm.es/acta-partido/5193585,2026-08-05T12:19:52.829291+00:00
5193588,referee,101724538,"GARCIA GOTI, ERIC",Arbitro principal,https://www.rffm.es/acta-partido/5193588,2026-08-05T12:19:52.912889+00:00
5193591,referee,101724538,"GARCIA GOTI, ERIC",Arbitro principal,https://www.rffm.es/acta-partido/5193591,2026-08-05T12:19:52.956887+00:00
5193591,field_delegate,,"OTERO ESTEBAN, DANIEL",delegado_campo,https://www.rffm.es/acta-partido/5193591,2026-08-05T12:19:52.956887+00:00
5193583,referee,100666528,"PEREZ ROMERO, DAVID",Arbitro principal,https://www.rffm.es/acta-partido/5193583,2026-08-05T12:19:53.014284+00:00
5193589,referee,1940894,"VISEDO SANZ, VÍCTOR",Arbitro principal,https://www.rffm.es/acta-partido/5193589,2026-08-05T12:19:53.322910+00:00
5193590,referee,101724538,"GARCIA GOTI, ERIC",Arbitro principal,https://www.rffm.es/acta-partido/5193590,2026-08-05T12:19:53.375078+00:00
5193586,referee,101724538,"GARCIA GOTI, ERIC",Arbitro principal,https://www.rffm.es/acta-partido/5193586,2026-08-05T12:19:53.919018+00:00
5193593,referee,101733146,"YAÑEZ ROMERA, FRANCISCO",Arbitro principal,https://www.rffm.es/acta-partido/5193593,2026-08-05T12:19:53.922638+00:00
5193599,referee,1925149,"BAENA DELGADO, DENIS",Arbitro principal,https://www.rffm.es/acta-partido/5193599,2026-08-05T12:19:54.093041+00:00
5193599,field_delegate,,"ROMERO CALLEJO, CARLOS",delegado_campo,https://www.rffm.es/acta-partido/5193599,2026-08-05T12:19:54.093041+00:00
5193592,referee,100248754,"RODRÍGUEZ BURGOS, CARLOS",Arbitro principal,https://www.rffm.es/acta-partido/5193592,2026-08-05T12:19:54.093432+00:00
5193592,field_delegate,,"CABRERA HINOJOSA, JUAN M",delegado_campo,https://www.rffm.es/acta-partido/5193592,2026-08-05T12:19:54.093432+00:00
5193596,referee,101710469,"ARELLANO GOMEZ, SOFIA",Arbitro principal,https://www.rffm.es/acta-partido/5193596,2026-08-05T12:19:54.098021+00:00
5193597,referee,101733146,"YAÑEZ ROMERA, FRANCISCO",Arbitro principal,https://www.rffm.es/acta-partido/5193597,2026-08-05T12:19:54.238855+00:00
5193597,field_delegate,,"FERNANDEZ MURILLO, RAFAEL",delegado_campo,https://www.rffm.es/acta-partido/5193597,2026-08-05T12:19:54.238855+00:00
5193595,referee,1419125,"CURTO VAZQUEZ, JUAN",Arbitro principal,https://www.rffm.es/acta-partido/5193595,2026-08-05T12:19:54.242866+00:00
5193595,field_delegate,,"MARTINEZ GARCIA, ALVARO",delegado_campo,https://www.rffm.es/acta-partido/5193595,2026-08-05T12:19:54.242866+00:00
5193598,referee,101733146,"YAÑEZ ROMERA, FRANCISCO",Arbitro principal,https://www.rffm.es/acta-partido/5193598,2026-08-05T12:19:54.584544+00:00
5193605,referee,986910,"ROJAS BERNABÉ, ALEJANDRO",Arbitro principal,https://www.rffm.es/acta-partido/5193605,2026-08-05T12:19:55.155010+00:00
5193605,field_delegate,,"CABRERA HINOJOSA, JUAN M",delegado_campo,https://www.rffm.es/acta-partido/5193605,2026-08-05T12:19:55.155010+00:00
5193603,referee,101731004,"SANCHEZ VIDAL, OSCAR",Arbitro principal,https://www.rffm.es/acta-partido/5193603,2026-08-05T12:19:55.369964+00:00
5193604,referee,101722586,"CAMPOS RODRIGUEZ, FABIÁN",Arbitro principal,https://www.rffm.es/acta-partido/5193604,2026-08-05T12:19:55.453389+00:00
5193604,field_delegate,,"GRANIZO ROMERO, JAVIER",delegado_campo,https://www.rffm.es/acta-partido/5193604,2026-08-05T12:19:55.453389+00:00
5193601,referee,1402038,"ANTON CASAS, MIGUEL ANGEL",Arbitro principal,https://www.rffm.es/acta-partido/5193601,2026-08-05T12:19:55.457468+00:00
5193602,referee,101722586,"CAMPOS RODRIGUEZ, FABIÁN",Arbitro principal,https://www.rffm.es/acta-partido/5193602,2026-08-05T12:19:55.499649+00:00
5193602,field_delegate,,"ARRANZ MELLADO, JAVIER",delegado_campo,https://www.rffm.es/acta-partido/5193602,2026-08-05T12:19:55.499649+00:00
5193606,referee,101731004,"SANCHEZ VIDAL, OSCAR",Arbitro principal,https://www.rffm.es/acta-partido/5193606,2026-08-05T12:19:55.630473+00:00
5193607,referee,101726871,"LOBO SANCHEZ, PABLO",Arbitro principal,https://www.rffm.es/acta-partido/5193607,2026-08-05T12:19:55.943467+00:00
5193607,field_delegate,,"GARCIA LOPEZ, MANUEL",delegado_campo,https://www.rffm.es/acta-partido/5193607,2026-08-05T12:19:55.943467+00:00
5193610,referee,101729196,"NEVADO DIAZ, RAUL",Arbitro principal,https://www.rffm.es/acta-partido/5193610,2026-08-05T12:19:56.166680+00:00
5193608,referee,101726871,"LOBO SANCHEZ, PABLO",Arbitro principal,https://www.rffm.es/acta-partido/5193608,2026-08-05T12:19:56.482785+00:00
5193611,referee,101729196,"NEVADO DIAZ, RAUL",Arbitro principal,https://www.rffm.es/acta-partido/5193611,2026-08-05T12:19:56.571309+00:00
5193611,field_delegate,,"DE LA FUENTE GARCIA, ISRAEL",delegado_campo,https://www.rffm.es/acta-partido/5193611,2026-08-05T12:19:56.571309+00:00
5203087,referee,101727403,"MERCHAN DE LA TORRE, BELTRAN",Arbitro principal,https://www.rffm.es/acta-partido/5203087,2026-08-05T12:19:56.849002+00:00
5203087,field_delegate,,"SARMIENTO CABALLERO, RUBÉN",delegado_campo,https://www.rffm.es/acta-partido/5203087,2026-08-05T12:19:56.849002+00:00
5203100,referee,101729196,"NEVADO DIAZ, RAUL",Arbitro principal,https://www.rffm.es/acta-partido/5203100,2026-08-05T12:19:57.002134+00:00
5203100,field_delegate,,"GONZALEZ LOPEZ, IKER",delegado_campo,https://www.rffm.es/acta-partido/5203100,2026-08-05T12:19:57.002134+00:00
5193609,referee,101726871,"LOBO SANCHEZ, PABLO",Arbitro principal,https://www.rffm.es/acta-partido/5193609,2026-08-05T12:19:57.006956+00:00
5193609,field_delegate,,"EL KASMI HSAINI, YOUSSEF",delegado_campo,https://www.rffm.es/acta-partido/5193609,2026-08-05T12:19:57.006956+00:00
5193616,referee,101725303,"GARCIA NAVAS, IVAN",Arbitro principal,https://www.rffm.es/acta-partido/5193616,2026-08-05T12:19:57.009596+00:00
5193614,referee,101725303,"GARCIA NAVAS, IVAN",Arbitro principal,https://www.rffm.es/acta-partido/5193614,2026-08-05T12:19:57.031968+00:00
5193614,field_delegate,,"MARTINEZ DAIMIEL, DAMIAN",delegado_campo,https://www.rffm.es/acta-partido/5193614,2026-08-05T12:19:57.031968+00:00
5193617,referee,101727403,"MERCHAN DE LA TORRE, BELTRAN",Arbitro principal,https://www.rffm.es/acta-partido/5193617,2026-08-05T12:19:57.115021+00:00
5193618,referee,101727403,"MERCHAN DE LA TORRE, BELTRAN",Arbitro principal,https://www.rffm.es/acta-partido/5193618,2026-08-05T12:19:57.825881+00:00
5203101,referee,101727443,"MAZUELA LAZARO DE ORTECHO, GONZALO",Arbitro principal,https://www.rffm.es/acta-partido/5203101,2026-08-05T12:19:57.830357+00:00
5193622,referee,101732570,"SEGUNDO ARCOS, OSCAR",Arbitro principal,https://www.rffm.es/acta-partido/5193622,2026-08-05T12:19:57.850482+00:00
5193624,referee,101732570,"SEGUNDO ARCOS, OSCAR",Arbitro principal,https://www.rffm.es/acta-partido/5193624,2026-08-05T12:19:57.888034+00:00
5193624,field_delegate,,"EL KASMI HSAINI, YOUSSEF",delegado_campo,https://www.rffm.es/acta-partido/5193624,2026-08-05T12:19:57.888034+00:00
5193615,referee,101725303,"GARCIA NAVAS, IVAN",Arbitro principal,https://www.rffm.es/acta-partido/5193615,2026-08-05T12:19:57.893434+00:00
5193615,field_delegate,,"BERISA GARCIA, DANIEL",delegado_campo,https://www.rffm.es/acta-partido/5193615,2026-08-05T12:19:57.893434+00:00
5193623,referee,101732570,"SEGUNDO ARCOS, OSCAR",Arbitro principal,https://www.rffm.es/acta-partido/5193623,2026-08-05T12:19:57.978874+00:00
5193621,referee,101727443,"MAZUELA LAZARO DE ORTECHO, GONZALO",Arbitro principal,https://www.rffm.es/acta-partido/5193621,2026-08-05T12:19:58.150422+00:00
5193621,field_delegate,,"MARTINEZ DAIMIEL, DAMIAN",delegado_campo,https://www.rffm.es/acta-partido/5193621,2026-08-05T12:19:58.150422+00:00
5193627,referee,101727443,"MAZUELA LAZARO DE ORTECHO, GONZALO",Arbitro principal,https://www.rffm.es/acta-partido/5193627,2026-08-05T12:19:58.385818+00:00
5193629,referee,101725699,"GUTIERREZ CEMBELLIN, MARCO",Arbitro principal,https://www.rffm.es/acta-partido/5193629,2026-08-05T12:19:58.819544+00:00
5193629,field_delegate,,"MATEOS DE ARRIBA FERNANDEZ BAILLO, ALVARO",delegado_campo,https://www.rffm.es/acta-partido/5193629,2026-08-05T12:19:58.819544+00:00
5193630,referee,101725699,"GUTIERREZ CEMBELLIN, MARCO",Arbitro principal,https://www.rffm.es/acta-partido/5193630,2026-08-05T12:19:59.006087+00:00
5193630,field_delegate,,"MESTANZA RUANO, SANTIAGO",delegado_campo,https://www.rffm.es/acta-partido/5193630,2026-08-05T12:19:59.006087+00:00
5193628,referee,101710716,"PADERO CAMBRA, ALBA",Arbitro principal,https://www.rffm.es/acta-partido/5193628,2026-08-05T12:19:59.135761+00:00
5193628,field_delegate,,"BERISA GARCIA, DANIEL",delegado_campo,https://www.rffm.es/acta-partido/5193628,2026-08-05T12:19:59.135761+00:00
5193631,referee,101725699,"GUTIERREZ CEMBELLIN, MARCO",Arbitro principal,https://www.rffm.es/acta-partido/5193631,2026-08-05T12:19:59.184894+00:00
5193640,referee,101722612,"BUSTAN QUEZADA, ELI CRISTI",Arbitro principal,https://www.rffm.es/acta-partido/5193640,2026-08-05T12:19:59.370951+00:00
5193640,field_delegate,,"DOS SANTOS CESARO, EMILIANO",delegado_campo,https://www.rffm.es/acta-partido/5193640,2026-08-05T12:19:59.370951+00:00
5193634,referee,101722604,"CAMPOS ARENAS, JOAN DAVID",Arbitro principal,https://www.rffm.es/acta-partido/5193634,2026-08-05T12:19:59.376787+00:00
5203088,referee,101710716,"PADERO CAMBRA, ALBA",Arbitro principal,https://www.rffm.es/acta-partido/5203088,2026-08-05T12:19:59.504744+00:00
5193641,referee,101725699,"GUTIERREZ CEMBELLIN, MARCO",Arbitro principal,https://www.rffm.es/acta-partido/5193641,2026-08-05T12:19:59.715369+00:00
5203102,referee,101725699,"GUTIERREZ CEMBELLIN, MARCO",Arbitro principal,https://www.rffm.es/acta-partido/5203102,2026-08-05T12:20:00.268284+00:00
5193635,referee,101725699,"GUTIERREZ CEMBELLIN, MARCO",Arbitro principal,https://www.rffm.es/acta-partido/5193635,2026-08-05T12:20:00.535642+00:00
5193635,field_delegate,,"BERISA GARCIA, DANIEL",delegado_campo,https://www.rffm.es/acta-partido/5193635,2026-08-05T12:20:00.535642+00:00
5193637,referee,101722612,"BUSTAN QUEZADA, ELI CRISTI",Arbitro principal,https://www.rffm.es/acta-partido/5193637,2026-08-05T12:20:00.683058+00:00
5193643,referee,101726102,"HUMBRIA GUERRERO, ANTONIO",Arbitro principal,https://www.rffm.es/acta-partido/5193643,2026-08-05T12:20:00.810216+00:00
5193636,referee,101722612,"BUSTAN QUEZADA, ELI CRISTI",Arbitro principal,https://www.rffm.es/acta-partido/5193636,2026-08-05T12:20:00.855597+00:00
5203089,referee,101725699,"GUTIERREZ CEMBELLIN, MARCO",Arbitro principal,https://www.rffm.es/acta-partido/5203089,2026-08-05T12:20:01.001776+00:00
5203089,field_delegate,,"SARMIENTO CABALLERO, RUBÉN",delegado_campo,https://www.rffm.es/acta-partido/5203089,2026-08-05T12:20:01.001776+00:00
5193647,referee,101725699,"GUTIERREZ CEMBELLIN, MARCO",Arbitro principal,https://www.rffm.es/acta-partido/5193647,2026-08-05T12:20:01.086310+00:00
5193648,referee,101726102,"HUMBRIA GUERRERO, ANTONIO",Arbitro principal,https://www.rffm.es/acta-partido/5193648,2026-08-05T12:20:01.224362+00:00
5193644,referee,101725699,"GUTIERREZ CEMBELLIN, MARCO",Arbitro principal,https://www.rffm.es/acta-partido/5193644,2026-08-05T12:20:01.802837+00:00
5193650,referee,101724564,"FERNANDEZ SANTOS, HECTOR",Arbitro principal,https://www.rffm.es/acta-partido/5193650,2026-08-05T12:20:01.803150+00:00
5193650,field_delegate,,"BERISA GARCIA, DANIEL",delegado_campo,https://www.rffm.es/acta-partido/5193650,2026-08-05T12:20:01.803150+00:00
5193642,referee,101726102,"HUMBRIA GUERRERO, ANTONIO",Arbitro principal,https://www.rffm.es/acta-partido/5193642,2026-08-05T12:20:02.864722+00:00
5193642,field_delegate,,"MATEOS DE ARRIBA FERNANDEZ BAILLO, ALVARO",delegado_campo,https://www.rffm.es/acta-partido/5193642,2026-08-05T12:20:02.864722+00:00
5193649,referee,100246890,"DE ANDRÉS GARCÍA, MARCO",Arbitro principal,https://www.rffm.es/acta-partido/5193649,2026-08-05T12:20:02.866508+00:00
5193649,field_delegate,,"MATEOS DE ARRIBA FERNANDEZ BAILLO, ALVARO",delegado_campo,https://www.rffm.es/acta-partido/5193649,2026-08-05T12:20:02.866508+00:00
5193657,referee,101722604,"CAMPOS ARENAS, JOAN DAVID",Arbitro principal,https://www.rffm.es/acta-partido/5193657,2026-08-05T12:20:03.643865+00:00
5193656,referee,101722604,"CAMPOS ARENAS, JOAN DAVID",Arbitro principal,https://www.rffm.es/acta-partido/5193656,2026-08-05T12:20:03.682515+00:00
5193656,field_delegate,,"MESTANZA RUANO, SANTIAGO",delegado_campo,https://www.rffm.es/acta-partido/5193656,2026-08-05T12:20:03.682515+00:00
5193660,referee,101721570,"BARAHONA GOMEZ, NOAH",Arbitro principal,https://www.rffm.es/acta-partido/5193660,2026-08-05T12:20:03.758697+00:00
5193654,referee,100246890,"DE ANDRÉS GARCÍA, MARCO",Arbitro principal,https://www.rffm.es/acta-partido/5193654,2026-08-05T12:20:03.847274+00:00
5193654,field_delegate,,"EL KASMI HSAINI, YOUSSEF",delegado_campo,https://www.rffm.es/acta-partido/5193654,2026-08-05T12:20:03.847274+00:00
5193661,referee,101721570,"BARAHONA GOMEZ, NOAH",Arbitro principal,https://www.rffm.es/acta-partido/5193661,2026-08-05T12:20:03.851434+00:00
5193661,field_delegate,,"ANDRÉS PUEBLA, CRISTINA",delegado_campo,https://www.rffm.es/acta-partido/5193661,2026-08-05T12:20:03.851434+00:00
5203103,referee,101724564,"FERNANDEZ SANTOS, HECTOR",Arbitro principal,https://www.rffm.es/acta-partido/5203103,2026-08-05T12:20:03.925877+00:00
5203103,field_delegate,,"MARTINEZ DAIMIEL, DAMIAN",delegado_campo,https://www.rffm.es/acta-partido/5203103,2026-08-05T12:20:03.925877+00:00
5193655,referee,101724564,"FERNANDEZ SANTOS, HECTOR",Arbitro principal,https://www.rffm.es/acta-partido/5193655,2026-08-05T12:20:03.930873+00:00
5193655,field_delegate,,"ROMERO RUBIO, ROBERTO",delegado_campo,https://www.rffm.es/acta-partido/5193655,2026-08-05T12:20:03.930873+00:00
5193653,referee,100246890,"DE ANDRÉS GARCÍA, MARCO",Arbitro principal,https://www.rffm.es/acta-partido/5193653,2026-08-05T12:20:03.955228+00:00
5203090,referee,101722604,"CAMPOS ARENAS, JOAN DAVID",Arbitro principal,https://www.rffm.es/acta-partido/5203090,2026-08-05T12:20:04.488567+00:00
5203090,field_delegate,,"SARMIENTO CABALLERO, RUBÉN",delegado_campo,https://www.rffm.es/acta-partido/5203090,2026-08-05T12:20:04.488567+00:00
5193663,referee,101722592,"CABEZAS RIOS, WILLIAM ALBERTO",Arbitro principal,https://www.rffm.es/acta-partido/5193663,2026-08-05T12:20:04.606693+00:00
5193669,referee,105,"GONZALEZ ALONSO, MANUEL",Arbitro principal,https://www.rffm.es/acta-partido/5193669,2026-08-05T12:20:04.828790+00:00
5193666,referee,101722592,"CABEZAS RIOS, WILLIAM ALBERTO",Arbitro principal,https://www.rffm.es/acta-partido/5193666,2026-08-05T12:20:04.850225+00:00
5193666,field_delegate,,"MARTINEZ DAIMIEL, DAMIAN",delegado_campo,https://www.rffm.es/acta-partido/5193666,2026-08-05T12:20:04.850225+00:00
5193662,referee,101721570,"BARAHONA GOMEZ, NOAH",Arbitro principal,https://www.rffm.es/acta-partido/5193662,2026-08-05T12:20:04.918637+00:00
5193662,field_delegate,,"MORALES BALAÑA, SERGIO",delegado_campo,https://www.rffm.es/acta-partido/5193662,2026-08-05T12:20:04.918637+00:00
5193667,referee,101722620,"CEJAS GONZALEZ, ALVARO",Arbitro principal,https://www.rffm.es/acta-partido/5193667,2026-08-05T12:20:04.919560+00:00
5203104,referee,101722592,"CABEZAS RIOS, WILLIAM ALBERTO",Arbitro principal,https://www.rffm.es/acta-partido/5203104,2026-08-05T12:20:05.220965+00:00
5193668,referee,101722620,"CEJAS GONZALEZ, ALVARO",Arbitro principal,https://www.rffm.es/acta-partido/5193668,2026-08-05T12:20:05.275174+00:00
5193675,referee,101726120,"HERRERA GUTIERREZ, PABLO",Arbitro principal,https://www.rffm.es/acta-partido/5193675,2026-08-05T12:20:05.738582+00:00
5193674,referee,101726120,"HERRERA GUTIERREZ, PABLO",Arbitro principal,https://www.rffm.es/acta-partido/5193674,2026-08-05T12:20:06.112135+00:00
5193670,referee,101722604,"CAMPOS ARENAS, JOAN DAVID",Arbitro principal,https://www.rffm.es/acta-partido/5193670,2026-08-05T12:20:06.179008+00:00
5193676,referee,101722604,"CAMPOS ARENAS, JOAN DAVID",Arbitro principal,https://www.rffm.es/acta-partido/5193676,2026-08-05T12:20:06.182966+00:00
5193676,field_delegate,,"EL KASMI HSAINI, YOUSSEF",delegado_campo,https://www.rffm.es/acta-partido/5193676,2026-08-05T12:20:06.182966+00:00
5193682,referee,101721572,"ARTEAGA ARGÜELLO, ALEJANDRO ASIER",Arbitro principal,https://www.rffm.es/acta-partido/5193682,2026-08-05T12:20:06.186576+00:00
5193673,referee,101726120,"HERRERA GUTIERREZ, PABLO",Arbitro principal,https://www.rffm.es/acta-partido/5193673,2026-08-05T12:20:06.708567+00:00
5193673,field_delegate,,"GONZALEZ LOPEZ, IKER",delegado_campo,https://www.rffm.es/acta-partido/5193673,2026-08-05T12:20:06.708567+00:00
5203091,referee,101722604,"CAMPOS ARENAS, JOAN DAVID",Arbitro principal,https://www.rffm.es/acta-partido/5203091,2026-08-05T12:20:06.757013+00:00
5193683,referee,101727385,"MARTIN-GRANDE MORIES, RUBEN",Arbitro principal,https://www.rffm.es/acta-partido/5193683,2026-08-05T12:20:06.761629+00:00
5193683,field_delegate,,"ROMERO RUBIO, ROBERTO",delegado_campo,https://www.rffm.es/acta-partido/5193683,2026-08-05T12:20:06.761629+00:00
5193679,referee,101721572,"ARTEAGA ARGÜELLO, ALEJANDRO ASIER",Arbitro principal,https://www.rffm.es/acta-partido/5193679,2026-08-05T12:20:06.845735+00:00
5193680,referee,101721572,"ARTEAGA ARGÜELLO, ALEJANDRO ASIER",Arbitro principal,https://www.rffm.es/acta-partido/5193680,2026-08-05T12:20:07.024472+00:00
5193681,referee,101727385,"MARTIN-GRANDE MORIES, RUBEN",Arbitro principal,https://www.rffm.es/acta-partido/5193681,2026-08-05T12:20:07.032657+00:00
5193681,field_delegate,,"MARTINEZ DAIMIEL, DAMIAN",delegado_campo,https://www.rffm.es/acta-partido/5193681,2026-08-05T12:20:07.032657+00:00
5203105,referee,101727385,"MARTIN-GRANDE MORIES, RUBEN",Arbitro principal,https://www.rffm.es/acta-partido/5203105,2026-08-05T12:20:07.415405+00:00
5193689,referee,101834541,"SANJURJO CASTRO, JESUS",Arbitro principal,https://www.rffm.es/acta-partido/5193689,2026-08-05T12:20:07.416989+00:00
5193689,field_delegate,,"EL KASMI HSAINI, YOUSSEF",delegado_campo,https://www.rffm.es/acta-partido/5193689,2026-08-05T12:20:07.416989+00:00
5193687,referee,101834541,"SANJURJO CASTRO, JESUS",Arbitro principal,https://www.rffm.es/acta-partido/5193687,2026-08-05T12:20:07.421408+00:00
5193687,field_delegate,,"ANDRÉS PUEBLA, CRISTINA",delegado_campo,https://www.rffm.es/acta-partido/5193687,2026-08-05T12:20:07.421408+00:00
5193686,referee,101731048,"SAN JOSE TORRES, PABLO",Arbitro principal,https://www.rffm.es/acta-partido/5193686,2026-08-05T12:20:07.423821+00:00
5193686,field_delegate,,"GONZALEZ LOPEZ, IKER",delegado_campo,https://www.rffm.es/acta-partido/5193686,2026-08-05T12:20:07.423821+00:00
5203106,referee,101731048,"SAN JOSE TORRES, PABLO",Arbitro principal,https://www.rffm.es/acta-partido/5203106,2026-08-05T12:20:07.455529+00:00
5203106,field_delegate,,"ROMERO RUBIO, ROBERTO",delegado_campo,https://www.rffm.es/acta-partido/5203106,2026-08-05T12:20:07.455529+00:00
5193688,referee,101731048,"SAN JOSE TORRES, PABLO",Arbitro principal,https://www.rffm.es/acta-partido/5193688,2026-08-05T12:20:08.230703+00:00
5193688,field_delegate,,"CALVO BARBADO, RUBEN",delegado_campo,https://www.rffm.es/acta-partido/5193688,2026-08-05T12:20:08.230703+00:00
5193690,referee,101834541,"SANJURJO CASTRO, JESUS",Arbitro principal,https://www.rffm.es/acta-partido/5193690,2026-08-05T12:20:08.404392+00:00
5193693,referee,100248415,"PRADA BLANCO, ALEJANDRO",Arbitro principal,https://www.rffm.es/acta-partido/5193693,2026-08-05T12:20:08.656075+00:00
5193693,field_delegate,,"RODRIGUEZ LARA, JOSE JAIME",delegado_campo,https://www.rffm.es/acta-partido/5193693,2026-08-05T12:20:08.656075+00:00
5193692,referee,100248415,"PRADA BLANCO, ALEJANDRO",Arbitro principal,https://www.rffm.es/acta-partido/5193692,2026-08-05T12:20:08.661438+00:00
5193696,referee,100248415,"PRADA BLANCO, ALEJANDRO",Arbitro principal,https://www.rffm.es/acta-partido/5193696,2026-08-05T12:20:08.670797+00:00
5193694,referee,101725695,"HEBRERO ALVAREZ, NOAH",Arbitro principal,https://www.rffm.es/acta-partido/5193694,2026-08-05T12:20:08.671622+00:00
5193694,field_delegate,,"MATEOS DE ARRIBA FERNANDEZ BAILLO, ALVARO",delegado_campo,https://www.rffm.es/acta-partido/5193694,2026-08-05T12:20:08.671622+00:00
5193695,referee,101725695,"HEBRERO ALVAREZ, NOAH",Arbitro principal,https://www.rffm.es/acta-partido/5193695,2026-08-05T12:20:08.688754+00:00
5193697,referee,101725695,"HEBRERO ALVAREZ, NOAH",Arbitro principal,https://www.rffm.es/acta-partido/5193697,2026-08-05T12:20:08.805191+00:00
5193698,referee,101732572,"TENA CALDERON, CESAR",Arbitro principal,https://www.rffm.es/acta-partido/5193698,2026-08-05T12:20:09.237610+00:00
5193701,referee,101732572,"TENA CALDERON, CESAR",Arbitro principal,https://www.rffm.es/acta-partido/5193701,2026-08-05T12:20:09.582802+00:00
5193701,field_delegate,,"MESTANZA RUANO, SANTIAGO",delegado_campo,https://www.rffm.es/acta-partido/5193701,2026-08-05T12:20:09.582802+00:00
5203093,referee,101731042,"SANCHEZ JORGE, ALBA",Arbitro principal,https://www.rffm.es/acta-partido/5203093,2026-08-05T12:20:09.759138+00:00
5203093,field_delegate,,"SARMIENTO CABALLERO, RUBÉN",delegado_campo,https://www.rffm.es/acta-partido/5203093,2026-08-05T12:20:09.759138+00:00
5193700,referee,101731042,"SANCHEZ JORGE, ALBA",Arbitro principal,https://www.rffm.es/acta-partido/5193700,2026-08-05T12:20:09.907157+00:00
5193700,field_delegate,,"MATEOS DE ARRIBA FERNANDEZ BAILLO, ALVARO",delegado_campo,https://www.rffm.es/acta-partido/5193700,2026-08-05T12:20:09.907157+00:00
5203107,referee,102278545,"FERNANDEZ GONZALEZ, RUBEN",Arbitro principal,https://www.rffm.es/acta-partido/5203107,2026-08-05T12:20:09.940716+00:00
5193699,referee,101731042,"SANCHEZ JORGE, ALBA",Arbitro principal,https://www.rffm.es/acta-partido/5193699,2026-08-05T12:20:10.046505+00:00
5193699,field_delegate,,"BERISA GARCIA, DANIEL",delegado_campo,https://www.rffm.es/acta-partido/5193699,2026-08-05T12:20:10.046505+00:00
5193708,referee,102278557,"BONILLA JARAMILLO, CESAR ALEJANDRO",Arbitro principal,https://www.rffm.es/acta-partido/5193708,2026-08-05T12:20:10.050833+00:00
5193708,field_delegate,,"EL KASMI HSAINI, YOUSSEF",delegado_campo,https://www.rffm.es/acta-partido/5193708,2026-08-05T12:20:10.050833+00:00
5193702,referee,101732572,"TENA CALDERON, CESAR",Arbitro principal,https://www.rffm.es/acta-partido/5193702,2026-08-05T12:20:10.328351+00:00
5193706,referee,102278545,"FERNANDEZ GONZALEZ, RUBEN",Arbitro principal,https://www.rffm.es/acta-partido/5193706,2026-08-05T12:20:10.533188+00:00
5193705,referee,102278557,"BONILLA JARAMILLO, CESAR ALEJANDRO",Arbitro principal,https://www.rffm.es/acta-partido/5193705,2026-08-05T12:20:10.730875+00:00
5193718,referee,102278545,"FERNANDEZ GONZALEZ, RUBEN",Arbitro principal,https://www.rffm.es/acta-partido/5193718,2026-08-05T12:20:10.923335+00:00
5203094,referee,102278561,"SEGARRA PORRES, JAIME",Arbitro principal,https://www.rffm.es/acta-partido/5203094,2026-08-05T12:20:10.951481+00:00
5203094,field_delegate,,"SARMIENTO CABALLERO, RUBÉN",delegado_campo,https://www.rffm.es/acta-partido/5203094,2026-08-05T12:20:10.951481+00:00
5193709,referee,102278557,"BONILLA JARAMILLO, CESAR ALEJANDRO",Arbitro principal,https://www.rffm.es/acta-partido/5193709,2026-08-05T12:20:10.989080+00:00
5193707,referee,102278545,"FERNANDEZ GONZALEZ, RUBEN",Arbitro principal,https://www.rffm.es/acta-partido/5193707,2026-08-05T12:20:11.167722+00:00
5193712,referee,102278561,"SEGARRA PORRES, JAIME",Arbitro principal,https://www.rffm.es/acta-partido/5193712,2026-08-05T12:20:11.168334+00:00
5193712,field_delegate,,"BERISA GARCIA, DANIEL",delegado_campo,https://www.rffm.es/acta-partido/5193712,2026-08-05T12:20:11.168334+00:00
5193713,referee,102278545,"FERNANDEZ GONZALEZ, RUBEN",Arbitro principal,https://www.rffm.es/acta-partido/5193713,2026-08-05T12:20:11.194009+00:00
5193714,referee,102278545,"FERNANDEZ GONZALEZ, RUBEN",Arbitro principal,https://www.rffm.es/acta-partido/5193714,2026-08-05T12:20:11.781959+00:00
5193715,referee,102278561,"SEGARRA PORRES, JAIME",Arbitro principal,https://www.rffm.es/acta-partido/5193715,2026-08-05T12:20:11.881472+00:00
5203108,referee,100247464,"GONZALEZ ORTEGA, MARIO",Arbitro principal,https://www.rffm.es/acta-partido/5203108,2026-08-05T12:20:12.101538+00:00
5203108,field_delegate,,"EL KASMI HSAINI, YOUSSEF",delegado_campo,https://www.rffm.es/acta-partido/5203108,2026-08-05T12:20:12.101538+00:00
5193722,referee,102278551,"SANTABAYA GONZÁLEZ, YAGO EDUARDO",Arbitro principal,https://www.rffm.es/acta-partido/5193722,2026-08-05T12:20:12.242132+00:00
5193719,referee,102278541,"OTEO FERNÁNDEZ, MARCOS",Arbitro principal,https://www.rffm.es/acta-partido/5193719,2026-08-05T12:20:12.271340+00:00
5193720,referee,102278551,"SANTABAYA GONZÁLEZ, YAGO EDUARDO",Arbitro principal,https://www.rffm.es/acta-partido/5193720,2026-08-05T12:20:12.409072+00:00
5193720,field_delegate,,"MARTINEZ DAIMIEL, DAMIAN",delegado_campo,https://www.rffm.es/acta-partido/5193720,2026-08-05T12:20:12.409072+00:00
5193725,referee,102278541,"OTEO FERNÁNDEZ, MARCOS",Arbitro principal,https://www.rffm.es/acta-partido/5193725,2026-08-05T12:20:12.992420+00:00
5193725,field_delegate,,"ANDRÉS PUEBLA, CRISTINA",delegado_campo,https://www.rffm.es/acta-partido/5193725,2026-08-05T12:20:12.992420+00:00
5193721,referee,102278551,"SANTABAYA GONZÁLEZ, YAGO EDUARDO",Arbitro principal,https://www.rffm.es/acta-partido/5193721,2026-08-05T12:20:13.111416+00:00
5193732,referee,102278549,"SANCHEZ-RESECO ALVAREZ, ALMUDENA",Arbitro principal,https://www.rffm.es/acta-partido/5193732,2026-08-05T12:20:13.145987+00:00
5193726,referee,102278545,"FERNANDEZ GONZALEZ, RUBEN",Arbitro principal,https://www.rffm.es/acta-partido/5193726,2026-08-05T12:20:13.277501+00:00
5193726,field_delegate,,"MATEOS DE ARRIBA FERNANDEZ BAILLO, ALVARO",delegado_campo,https://www.rffm.es/acta-partido/5193726,2026-08-05T12:20:13.277501+00:00
5193728,referee,102278545,"FERNANDEZ GONZALEZ, RUBEN",Arbitro principal,https://www.rffm.es/acta-partido/5193728,2026-08-05T12:20:13.350862+00:00
5193731,referee,102278549,"SANCHEZ-RESECO ALVAREZ, ALMUDENA",Arbitro principal,https://www.rffm.es/acta-partido/5193731,2026-08-05T12:20:13.357966+00:00
5193727,referee,102278545,"FERNANDEZ GONZALEZ, RUBEN",Arbitro principal,https://www.rffm.es/acta-partido/5193727,2026-08-05T12:20:13.465828+00:00
5193733,referee,102278557,"BONILLA JARAMILLO, CESAR ALEJANDRO",Arbitro principal,https://www.rffm.es/acta-partido/5193733,2026-08-05T12:20:13.470303+00:00
5203095,referee,102278549,"SANCHEZ-RESECO ALVAREZ, ALMUDENA",Arbitro principal,https://www.rffm.es/acta-partido/5203095,2026-08-05T12:20:13.517439+00:00
5203095,field_delegate,,"SARMIENTO CABALLERO, RUBÉN",delegado_campo,https://www.rffm.es/acta-partido/5203095,2026-08-05T12:20:13.517439+00:00
5193739,referee,101722558,"CALDERON LOPEZ, DANIEL",Arbitro principal,https://www.rffm.es/acta-partido/5193739,2026-08-05T12:20:13.553031+00:00
5193744,referee,101721572,"ARTEAGA ARGÜELLO, ALEJANDRO ASIER",Arbitro principal,https://www.rffm.es/acta-partido/5193744,2026-08-05T12:20:14.308011+00:00
5193735,referee,101722558,"CALDERON LOPEZ, DANIEL",Arbitro principal,https://www.rffm.es/acta-partido/5193735,2026-08-05T12:20:14.362098+00:00
5193734,referee,101722558,"CALDERON LOPEZ, DANIEL",Arbitro principal,https://www.rffm.es/acta-partido/5193734,2026-08-05T12:20:14.680492+00:00
5193734,field_delegate,,"BERISA GARCIA, DANIEL",delegado_campo,https://www.rffm.es/acta-partido/5193734,2026-08-05T12:20:14.680492+00:00
5203109,referee,102278557,"BONILLA JARAMILLO, CESAR ALEJANDRO",Arbitro principal,https://www.rffm.es/acta-partido/5203109,2026-08-05T12:20:14.699201+00:00
5193740,referee,101721572,"ARTEAGA ARGÜELLO, ALEJANDRO ASIER",Arbitro principal,https://www.rffm.es/acta-partido/5193740,2026-08-05T12:20:14.770528+00:00
5193746,referee,101733128,"VILLALOBOS ANTUNEZ, DIEGO ALEJANDRO",Arbitro principal,https://www.rffm.es/acta-partido/5193746,2026-08-05T12:20:14.820402+00:00
5193745,referee,101733128,"VILLALOBOS ANTUNEZ, DIEGO ALEJANDRO",Arbitro principal,https://www.rffm.es/acta-partido/5193745,2026-08-05T12:20:14.864208+00:00
5193738,referee,102278557,"BONILLA JARAMILLO, CESAR ALEJANDRO",Arbitro principal,https://www.rffm.es/acta-partido/5193738,2026-08-05T12:20:15.353442+00:00
5193738,field_delegate,,"EL KASMI HSAINI, YOUSSEF",delegado_campo,https://www.rffm.es/acta-partido/5193738,2026-08-05T12:20:15.353442+00:00
5193741,referee,101733128,"VILLALOBOS ANTUNEZ, DIEGO ALEJANDRO",Arbitro principal,https://www.rffm.es/acta-partido/5193741,2026-08-05T12:20:15.562108+00:00
5193752,referee,101733158,"VIANA LOPEZ, ADRIAN",Arbitro principal,https://www.rffm.es/acta-partido/5193752,2026-08-05T12:20:16.262381+00:00
5193753,referee,101733158,"VIANA LOPEZ, ADRIAN",Arbitro principal,https://www.rffm.es/acta-partido/5193753,2026-08-05T12:20:16.313760+00:00
5193753,field_delegate,,"EL KASMI HSAINI, YOUSSEF",delegado_campo,https://www.rffm.es/acta-partido/5193753,2026-08-05T12:20:16.313760+00:00
5193747,referee,101733158,"VIANA LOPEZ, ADRIAN",Arbitro principal,https://www.rffm.es/acta-partido/5193747,2026-08-05T12:20:16.358454+00:00
5193751,referee,101733160,"VIANA LOPEZ, IZAN",Arbitro principal,https://www.rffm.es/acta-partido/5193751,2026-08-05T12:20:16.486596+00:00
5193748,referee,101733160,"VIANA LOPEZ, IZAN",Arbitro principal,https://www.rffm.es/acta-partido/5193748,2026-08-05T12:20:16.833563+00:00
5193748,field_delegate,,"MATEOS DE ARRIBA FERNANDEZ BAILLO, ALVARO",delegado_campo,https://www.rffm.es/acta-partido/5193748,2026-08-05T12:20:16.833563+00:00
5203110,referee,101733160,"VIANA LOPEZ, IZAN",Arbitro principal,https://www.rffm.es/acta-partido/5203110,2026-08-05T12:20:16.844945+00:00
5203110,field_delegate,,"BERISA GARCIA, DANIEL",delegado_campo,https://www.rffm.es/acta-partido/5203110,2026-08-05T12:20:16.844945+00:00
5193754,referee,101710716,"PADERO CAMBRA, ALBA",Arbitro principal,https://www.rffm.es/acta-partido/5193754,2026-08-05T12:20:16.879434+00:00
5203096,referee,101721572,"ARTEAGA ARGÜELLO, ALEJANDRO ASIER",Arbitro principal,https://www.rffm.es/acta-partido/5203096,2026-08-05T12:20:16.922865+00:00
5203097,referee,101710716,"PADERO CAMBRA, ALBA",Arbitro principal,https://www.rffm.es/acta-partido/5203097,2026-08-05T12:20:17.243369+00:00
5203097,field_delegate,,"SARMIENTO CABALLERO, RUBÉN",delegado_campo,https://www.rffm.es/acta-partido/5203097,2026-08-05T12:20:17.243369+00:00
5193758,referee,101733128,"VILLALOBOS ANTUNEZ, DIEGO ALEJANDRO",Arbitro principal,https://www.rffm.es/acta-partido/5193758,2026-08-05T12:20:17.248206+00:00
5193757,referee,101710716,"PADERO CAMBRA, ALBA",Arbitro principal,https://www.rffm.es/acta-partido/5193757,2026-08-05T12:20:17.296997+00:00
5193757,field_delegate,,"GAMBOA MUÑOZ, ANTONIO",delegado_campo,https://www.rffm.es/acta-partido/5193757,2026-08-05T12:20:17.296997+00:00
5203111,referee,100247084,"FERNANDEZ FERNANDEZ, DIEGO",Arbitro principal,https://www.rffm.es/acta-partido/5203111,2026-08-05T12:20:17.392287+00:00
5203111,field_delegate,,"MESTANZA RUANO, SANTIAGO",delegado_campo,https://www.rffm.es/acta-partido/5203111,2026-08-05T12:20:17.392287+00:00
5193761,referee,101710716,"PADERO CAMBRA, ALBA",Arbitro principal,https://www.rffm.es/acta-partido/5193761,2026-08-05T12:20:17.533942+00:00
5193760,referee,101732548,"SOBRINO ARROYO, DANIEL",Arbitro principal,https://www.rffm.es/acta-partido/5193760,2026-08-05T12:20:17.922961+00:00
5193760,field_delegate,,"EL KASMI HSAINI, YOUSSEF",delegado_campo,https://www.rffm.es/acta-partido/5193760,2026-08-05T12:20:17.922961+00:00
5193759,referee,101733128,"VILLALOBOS ANTUNEZ, DIEGO ALEJANDRO",Arbitro principal,https://www.rffm.es/acta-partido/5193759,2026-08-05T12:20:17.931648+00:00
5193764,referee,101710716,"PADERO CAMBRA, ALBA",Arbitro principal,https://www.rffm.es/acta-partido/5193764,2026-08-05T12:20:17.989144+00:00
5193764,field_delegate,,"BERISA GARCIA, DANIEL",delegado_campo,https://www.rffm.es/acta-partido/5193764,2026-08-05T12:20:17.989144+00:00
5193767,referee,100247084,"FERNANDEZ FERNANDEZ, DIEGO",Arbitro principal,https://www.rffm.es/acta-partido/5193767,2026-08-05T12:20:18.392094+00:00
5193765,referee,101710716,"PADERO CAMBRA, ALBA",Arbitro principal,https://www.rffm.es/acta-partido/5193765,2026-08-05T12:20:18.529202+00:00
5193766,referee,100247084,"FERNANDEZ FERNANDEZ, DIEGO",Arbitro principal,https://www.rffm.es/acta-partido/5193766,2026-08-05T12:20:18.655481+00:00
5203098,referee,101710716,"PADERO CAMBRA, ALBA",Arbitro principal,https://www.rffm.es/acta-partido/5203098,2026-08-05T12:20:18.861143+00:00
5203098,field_delegate,,"SARMIENTO CABALLERO, RUBÉN",delegado_campo,https://www.rffm.es/acta-partido/5203098,2026-08-05T12:20:18.861143+00:00
5193774,referee,101710716,"PADERO CAMBRA, ALBA",Arbitro principal,https://www.rffm.es/acta-partido/5193774,2026-08-05T12:20:19.252457+00:00
5193773,referee,101733128,"VILLALOBOS ANTUNEZ, DIEGO ALEJANDRO",Arbitro principal,https://www.rffm.es/acta-partido/5193773,2026-08-05T12:20:19.280685+00:00
5193773,field_delegate,,"EL KASMI HSAINI, YOUSSEF",delegado_campo,https://www.rffm.es/acta-partido/5193773,2026-08-05T12:20:19.280685+00:00
5193771,referee,101710716,"PADERO CAMBRA, ALBA",Arbitro principal,https://www.rffm.es/acta-partido/5193771,2026-08-05T12:20:19.379966+00:00
5193770,referee,101733128,"VILLALOBOS ANTUNEZ, DIEGO ALEJANDRO",Arbitro principal,https://www.rffm.es/acta-partido/5193770,2026-08-05T12:20:19.431795+00:00
5203099,referee,813607,"FERNANDEZ ALCOBENDAS, OSCAR",Arbitro principal,https://www.rffm.es/acta-partido/5203099,2026-08-05T12:20:19.743918+00:00
5203099,field_delegate,,"SARMIENTO CABALLERO, RUBÉN",delegado_campo,https://www.rffm.es/acta-partido/5203099,2026-08-05T12:20:19.743918+00:00
5193780,referee,101732572,"TENA CALDERON, CESAR",Arbitro principal,https://www.rffm.es/acta-partido/5193780,2026-08-05T12:20:19.911148+00:00
5193772,referee,101733128,"VILLALOBOS ANTUNEZ, DIEGO ALEJANDRO",Arbitro principal,https://www.rffm.es/acta-partido/5193772,2026-08-05T12:20:19.960655+00:00
5193772,field_delegate,,"CALVO BARBADO, RUBEN",delegado_campo,https://www.rffm.es/acta-partido/5193772,2026-08-05T12:20:19.960655+00:00
5193778,referee,101732572,"TENA CALDERON, CESAR",Arbitro principal,https://www.rffm.es/acta-partido/5193778,2026-08-05T12:20:20.004340+00:00
5193779,referee,101721570,"BARAHONA GOMEZ, NOAH",Arbitro principal,https://www.rffm.es/acta-partido/5193779,2026-08-05T12:20:20.093060+00:00
5193779,field_delegate,,"BERISA GARCIA, DANIEL",delegado_campo,https://www.rffm.es/acta-partido/5193779,2026-08-05T12:20:20.093060+00:00
5193786,referee,813607,"FERNANDEZ ALCOBENDAS, OSCAR",Arbitro principal,https://www.rffm.es/acta-partido/5193786,2026-08-05T12:20:20.097319+00:00
5193786,field_delegate,,"EL KASMI HSAINI, YOUSSEF",delegado_campo,https://www.rffm.es/acta-partido/5193786,2026-08-05T12:20:20.097319+00:00
5193777,referee,1200637,"GARCIA CASTELLANO, NICOLAS",Arbitro principal,https://www.rffm.es/acta-partido/5193777,2026-08-05T12:20:20.285943+00:00
5193777,field_delegate,,"MESTANZA RUANO, SANTIAGO",delegado_campo,https://www.rffm.es/acta-partido/5193777,2026-08-05T12:20:20.285943+00:00
5193781,referee,101721570,"BARAHONA GOMEZ, NOAH",Arbitro principal,https://www.rffm.es/acta-partido/5193781,2026-08-05T12:20:20.516193+00:00
5193783,referee,101724542,"FERNÁNDEZ MONTES, ALEX",Arbitro principal,https://www.rffm.es/acta-partido/5193783,2026-08-05T12:20:20.760855+00:00
5193785,referee,101722628,"BRAVO GARCIA DE MURO, PABLO",Arbitro principal,https://www.rffm.es/acta-partido/5193785,2026-08-05T12:20:20.902470+00:00
5193785,field_delegate,,"CALVO BARBADO, RUBEN",delegado_campo,https://www.rffm.es/acta-partido/5193785,2026-08-05T12:20:20.902470+00:00
5193788,referee,101724542,"FERNÁNDEZ MONTES, ALEX",Arbitro principal,https://www.rffm.es/acta-partido/5193788,2026-08-05T12:20:21.073732+00:00
5193787,referee,101722628,"BRAVO GARCIA DE MURO, PABLO",Arbitro principal,https://www.rffm.es/acta-partido/5193787,2026-08-05T12:20:21.079394+00:00
5193784,referee,101722628,"BRAVO GARCIA DE MURO, PABLO",Arbitro principal,https://www.rffm.es/acta-partido/5193784,2026-08-05T12:20:21.124822+00:00
5193792,referee,101722616,"CALVO CANALEJAS, MARIO",Arbitro principal,https://www.rffm.es/acta-partido/5193792,2026-08-05T12:20:21.182966+00:00
5193793,referee,101722616,"CALVO CANALEJAS, MARIO",Arbitro principal,https://www.rffm.es/acta-partido/5193793,2026-08-05T12:20:21.753647+00:00
5193789,referee,101722604,"CAMPOS ARENAS, JOAN DAVID",Arbitro principal,https://www.rffm.es/acta-partido/5193789,2026-08-05T12:20:21.882920+00:00
5193789,field_delegate,,"ALCON MERINO, MARCOS",delegado_campo,https://www.rffm.es/acta-partido/5193789,2026-08-05T12:20:21.882920+00:00
5193790,referee,101724016,"CORTES ANILLO, RUBEN",Arbitro principal,https://www.rffm.es/acta-partido/5193790,2026-08-05T12:20:22.046637+00:00
5193790,field_delegate,,"FREIRE UTRERA, RAUL",delegado_campo,https://www.rffm.es/acta-partido/5193790,2026-08-05T12:20:22.046637+00:00
5193797,referee,101727395,"MERINO NAVERO, ALEJANDRO",Arbitro principal,https://www.rffm.es/acta-partido/5193797,2026-08-05T12:20:22.451179+00:00
5193798,referee,101727395,"MERINO NAVERO, ALEJANDRO",Arbitro principal,https://www.rffm.es/acta-partido/5193798,2026-08-05T12:20:22.550862+00:00
5193801,referee,101732570,"SEGUNDO ARCOS, OSCAR",Arbitro principal,https://www.rffm.es/acta-partido/5193801,2026-08-05T12:20:22.590933+00:00
5193796,referee,101727395,"MERINO NAVERO, ALEJANDRO",Arbitro principal,https://www.rffm.es/acta-partido/5193796,2026-08-05T12:20:22.621970+00:00
5193791,referee,101724016,"CORTES ANILLO, RUBEN",Arbitro principal,https://www.rffm.es/acta-partido/5193791,2026-08-05T12:20:22.684914+00:00
5193791,field_delegate,,"ROMERO ESPARTERO, MARCOS",delegado_campo,https://www.rffm.es/acta-partido/5193791,2026-08-05T12:20:22.684914+00:00
5193799,referee,101732570,"SEGUNDO ARCOS, OSCAR",Arbitro principal,https://www.rffm.es/acta-partido/5193799,2026-08-05T12:20:22.984115+00:00
5193799,field_delegate,,"GEORGE MARTINEZ, SAMUEL",delegado_campo,https://www.rffm.es/acta-partido/5193799,2026-08-05T12:20:22.984115+00:00
5193807,referee,101732548,"SOBRINO ARROYO, DANIEL",Arbitro principal,https://www.rffm.es/acta-partido/5193807,2026-08-05T12:20:23.511323+00:00
5193800,referee,101732570,"SEGUNDO ARCOS, OSCAR",Arbitro principal,https://www.rffm.es/acta-partido/5193800,2026-08-05T12:20:23.516799+00:00
5193800,field_delegate,,"ROMERO MARTINEZ, JESUS",delegado_campo,https://www.rffm.es/acta-partido/5193800,2026-08-05T12:20:23.516799+00:00
5193805,referee,101727395,"MERINO NAVERO, ALEJANDRO",Arbitro principal,https://www.rffm.es/acta-partido/5193805,2026-08-05T12:20:23.676417+00:00
5193805,field_delegate,,"GARCIA CRESPO, JORGE",delegado_campo,https://www.rffm.es/acta-partido/5193805,2026-08-05T12:20:23.676417+00:00
5193803,referee,101732548,"SOBRINO ARROYO, DANIEL",Arbitro principal,https://www.rffm.es/acta-partido/5193803,2026-08-05T12:20:23.855658+00:00
5193794,referee,101722604,"CAMPOS ARENAS, JOAN DAVID",Arbitro principal,https://www.rffm.es/acta-partido/5193794,2026-08-05T12:20:23.859178+00:00
5193806,referee,101727395,"MERINO NAVERO, ALEJANDRO",Arbitro principal,https://www.rffm.es/acta-partido/5193806,2026-08-05T12:20:23.944975+00:00
5193806,field_delegate,,"ROMERO ESPARTERO, MARCOS",delegado_campo,https://www.rffm.es/acta-partido/5193806,2026-08-05T12:20:23.944975+00:00
5193804,referee,101727395,"MERINO NAVERO, ALEJANDRO",Arbitro principal,https://www.rffm.es/acta-partido/5193804,2026-08-05T12:20:24.010663+00:00
5193804,field_delegate,,"ALCON MERINO, MARCOS",delegado_campo,https://www.rffm.es/acta-partido/5193804,2026-08-05T12:20:24.010663+00:00
5193812,referee,101721572,"ARTEAGA ARGÜELLO, ALEJANDRO ASIER",Arbitro principal,https://www.rffm.es/acta-partido/5193812,2026-08-05T12:20:24.406414+00:00
5193812,field_delegate,,"RAMOS BLANQUE, VÍCTOR",delegado_campo,https://www.rffm.es/acta-partido/5193812,2026-08-05T12:20:24.406414+00:00
5193809,referee,101732548,"SOBRINO ARROYO, DANIEL",Arbitro principal,https://www.rffm.es/acta-partido/5193809,2026-08-05T12:20:24.660654+00:00
5193816,referee,101755314,"LOPEZ GOMEZ, PABLO",Arbitro principal,https://www.rffm.es/acta-partido/5193816,2026-08-05T12:20:24.764083+00:00
5193814,referee,101755314,"LOPEZ GOMEZ, PABLO",Arbitro principal,https://www.rffm.es/acta-partido/5193814,2026-08-05T12:20:24.922685+00:00
5193813,referee,101721572,"ARTEAGA ARGÜELLO, ALEJANDRO ASIER",Arbitro principal,https://www.rffm.es/acta-partido/5193813,2026-08-05T12:20:24.935345+00:00
5193822,referee,101722616,"CALVO CANALEJAS, MARIO",Arbitro principal,https://www.rffm.es/acta-partido/5193822,2026-08-05T12:20:24.961499+00:00
5193811,referee,101721572,"ARTEAGA ARGÜELLO, ALEJANDRO ASIER",Arbitro principal,https://www.rffm.es/acta-partido/5193811,2026-08-05T12:20:25.088711+00:00
5193810,referee,101755314,"LOPEZ GOMEZ, PABLO",Arbitro principal,https://www.rffm.es/acta-partido/5193810,2026-08-05T12:20:25.147771+00:00
5193818,referee,101722616,"CALVO CANALEJAS, MARIO",Arbitro principal,https://www.rffm.es/acta-partido/5193818,2026-08-05T12:20:25.628997+00:00
5193819,referee,101722616,"CALVO CANALEJAS, MARIO",Arbitro principal,https://www.rffm.es/acta-partido/5193819,2026-08-05T12:20:25.892690+00:00
5193819,field_delegate,,"ALCON MERINO, MARCOS",delegado_campo,https://www.rffm.es/acta-partido/5193819,2026-08-05T12:20:25.892690+00:00
5193823,referee,101732572,"TENA CALDERON, CESAR",Arbitro principal,https://www.rffm.es/acta-partido/5193823,2026-08-05T12:20:25.977197+00:00
5193827,referee,100247082,"FILFAN , MIHAI IULIAN",Arbitro principal,https://www.rffm.es/acta-partido/5193827,2026-08-05T12:20:26.067765+00:00
5193829,referee,100247082,"FILFAN , MIHAI IULIAN",Arbitro principal,https://www.rffm.es/acta-partido/5193829,2026-08-05T12:20:26.283114+00:00
5193820,referee,101732572,"TENA CALDERON, CESAR",Arbitro principal,https://www.rffm.es/acta-partido/5193820,2026-08-05T12:20:26.292756+00:00
5193820,field_delegate,,"FREIRE UTRERA, RAUL",delegado_campo,https://www.rffm.es/acta-partido/5193820,2026-08-05T12:20:26.292756+00:00
5193825,referee,101733128,"VILLALOBOS ANTUNEZ, DIEGO ALEJANDRO",Arbitro principal,https://www.rffm.es/acta-partido/5193825,2026-08-05T12:20:26.350423+00:00
5193825,field_delegate,,"RAMOS BLANQUE, VÍCTOR",delegado_campo,https://www.rffm.es/acta-partido/5193825,2026-08-05T12:20:26.350423+00:00
5193830,referee,101733128,"VILLALOBOS ANTUNEZ, DIEGO ALEJANDRO",Arbitro principal,https://www.rffm.es/acta-partido/5193830,2026-08-05T12:20:26.801122+00:00
5193826,referee,100247082,"FILFAN , MIHAI IULIAN",Arbitro principal,https://www.rffm.es/acta-partido/5193826,2026-08-05T12:20:26.806501+00:00
5193826,field_delegate,,"ROMERO MARTINEZ, JESUS",delegado_campo,https://www.rffm.es/acta-partido/5193826,2026-08-05T12:20:26.806501+00:00
5193817,referee,101732572,"TENA CALDERON, CESAR",Arbitro principal,https://www.rffm.es/acta-partido/5193817,2026-08-05T12:20:26.972806+00:00
5193824,referee,101733128,"VILLALOBOS ANTUNEZ, DIEGO ALEJANDRO",Arbitro principal,https://www.rffm.es/acta-partido/5193824,2026-08-05T12:20:27.036970+00:00
5193831,referee,101727397,"MARTINEZ MELERO, JAVIER",Arbitro principal,https://www.rffm.es/acta-partido/5193831,2026-08-05T12:20:27.209207+00:00
5193831,field_delegate,,"VAQUERO SALVADOR, JAIME",delegado_campo,https://www.rffm.es/acta-partido/5193831,2026-08-05T12:20:27.209207+00:00
5193837,referee,101722604,"CAMPOS ARENAS, JOAN DAVID",Arbitro principal,https://www.rffm.es/acta-partido/5193837,2026-08-05T12:20:27.491030+00:00
5193832,referee,101722604,"CAMPOS ARENAS, JOAN DAVID",Arbitro principal,https://www.rffm.es/acta-partido/5193832,2026-08-05T12:20:27.498188+00:00
5193835,referee,101727397,"MARTINEZ MELERO, JAVIER",Arbitro principal,https://www.rffm.es/acta-partido/5193835,2026-08-05T12:20:27.871567+00:00
5193835,field_delegate,,"GARCIA CRESPO, JORGE",delegado_campo,https://www.rffm.es/acta-partido/5193835,2026-08-05T12:20:27.871567+00:00
5193843,referee,101755314,"LOPEZ GOMEZ, PABLO",Arbitro principal,https://www.rffm.es/acta-partido/5193843,2026-08-05T12:20:28.368225+00:00
5193836,referee,101727397,"MARTINEZ MELERO, JAVIER",Arbitro principal,https://www.rffm.es/acta-partido/5193836,2026-08-05T12:20:28.403130+00:00
5193836,field_delegate,,"ROMERO ESPARTERO, MARCOS",delegado_campo,https://www.rffm.es/acta-partido/5193836,2026-08-05T12:20:28.403130+00:00
5193833,referee,101722604,"CAMPOS ARENAS, JOAN DAVID",Arbitro principal,https://www.rffm.es/acta-partido/5193833,2026-08-05T12:20:28.403458+00:00
5193838,referee,101710651,"REYES RAMOS, TANIA YAMILETH",Arbitro principal,https://www.rffm.es/acta-partido/5193838,2026-08-05T12:20:28.467400+00:00
5193842,referee,101755314,"LOPEZ GOMEZ, PABLO",Arbitro principal,https://www.rffm.es/acta-partido/5193842,2026-08-05T12:20:28.835004+00:00
5193840,referee,101710651,"REYES RAMOS, TANIA YAMILETH",Arbitro principal,https://www.rffm.es/acta-partido/5193840,2026-08-05T12:20:28.840311+00:00
5193844,referee,101755314,"LOPEZ GOMEZ, PABLO",Arbitro principal,https://www.rffm.es/acta-partido/5193844,2026-08-05T12:20:28.877055+00:00
5193839,referee,101710651,"REYES RAMOS, TANIA YAMILETH",Arbitro principal,https://www.rffm.es/acta-partido/5193839,2026-08-05T12:20:28.985528+00:00
5193839,field_delegate,,"ROMERO MARTINEZ, JESUS",delegado_campo,https://www.rffm.es/acta-partido/5193839,2026-08-05T12:20:28.985528+00:00
5193845,referee,101755314,"LOPEZ GOMEZ, PABLO",Arbitro principal,https://www.rffm.es/acta-partido/5193845,2026-08-05T12:20:29.341468+00:00
5193849,referee,105,"GONZALEZ ALONSO, MANUEL",Arbitro principal,https://www.rffm.es/acta-partido/5193849,2026-08-05T12:20:29.375902+00:00
5193849,field_delegate,,"ALCON MERINO, MARCOS",delegado_campo,https://www.rffm.es/acta-partido/5193849,2026-08-05T12:20:29.375902+00:00
5193857,referee,101710651,"REYES RAMOS, TANIA YAMILETH",Arbitro principal,https://www.rffm.es/acta-partido/5193857,2026-08-05T12:20:29.382018+00:00
5193846,referee,101755314,"LOPEZ GOMEZ, PABLO",Arbitro principal,https://www.rffm.es/acta-partido/5193846,2026-08-05T12:20:29.584933+00:00
5193851,referee,105,"GONZALEZ ALONSO, MANUEL",Arbitro principal,https://www.rffm.es/acta-partido/5193851,2026-08-05T12:20:29.637829+00:00
5193848,referee,101755314,"LOPEZ GOMEZ, PABLO",Arbitro principal,https://www.rffm.es/acta-partido/5193848,2026-08-05T12:20:29.826716+00:00
5193853,referee,101731040,"RIBALLO JIMENEZ, ADRIAN",Arbitro principal,https://www.rffm.es/acta-partido/5193853,2026-08-05T12:20:30.000549+00:00
5193850,referee,105,"GONZALEZ ALONSO, MANUEL",Arbitro principal,https://www.rffm.es/acta-partido/5193850,2026-08-05T12:20:30.183276+00:00
5193858,referee,101731040,"RIBALLO JIMENEZ, ADRIAN",Arbitro principal,https://www.rffm.es/acta-partido/5193858,2026-08-05T12:20:30.933832+00:00
5193858,field_delegate,,"ROMERO ESPARTERO, MARCOS",delegado_campo,https://www.rffm.es/acta-partido/5193858,2026-08-05T12:20:30.933832+00:00
5193864,referee,101727397,"MARTINEZ MELERO, JAVIER",Arbitro principal,https://www.rffm.es/acta-partido/5193864,2026-08-05T12:20:31.821688+00:00
5193864,field_delegate,,"ALCON MERINO, MARCOS",delegado_campo,https://www.rffm.es/acta-partido/5193864,2026-08-05T12:20:31.821688+00:00
5193863,referee,101733162,"VILLOSLADA BALSEIRO, ALEJANDRO JAVIER",Arbitro principal,https://www.rffm.es/acta-partido/5193863,2026-08-05T12:20:31.828977+00:00
5193856,referee,101710651,"REYES RAMOS, TANIA YAMILETH",Arbitro principal,https://www.rffm.es/acta-partido/5193856,2026-08-05T12:20:31.832183+00:00
5193855,referee,101710651,"REYES RAMOS, TANIA YAMILETH",Arbitro principal,https://www.rffm.es/acta-partido/5193855,2026-08-05T12:20:31.965045+00:00
5193865,referee,101733162,"VILLOSLADA BALSEIRO, ALEJANDRO JAVIER",Arbitro principal,https://www.rffm.es/acta-partido/5193865,2026-08-05T12:20:31.970080+00:00
5193852,referee,101731040,"RIBALLO JIMENEZ, ADRIAN",Arbitro principal,https://www.rffm.es/acta-partido/5193852,2026-08-05T12:20:32.189187+00:00
5193852,field_delegate,,"ROMERO MARTINEZ, JESUS",delegado_campo,https://www.rffm.es/acta-partido/5193852,2026-08-05T12:20:32.189187+00:00
5193861,referee,101727397,"MARTINEZ MELERO, JAVIER",Arbitro principal,https://www.rffm.es/acta-partido/5193861,2026-08-05T12:20:32.196845+00:00
5193859,referee,101733162,"VILLOSLADA BALSEIRO, ALEJANDRO JAVIER",Arbitro principal,https://www.rffm.es/acta-partido/5193859,2026-08-05T12:20:32.387732+00:00
5193859,field_delegate,,"ROMERO MARTINEZ, JESUS",delegado_campo,https://www.rffm.es/acta-partido/5193859,2026-08-05T12:20:32.387732+00:00
5193862,referee,101727397,"MARTINEZ MELERO, JAVIER",Arbitro principal,https://www.rffm.es/acta-partido/5193862,2026-08-05T12:20:32.553083+00:00
5193862,field_delegate,,"MARTINEZ MORALES, ALFONSO",delegado_campo,https://www.rffm.es/acta-partido/5193862,2026-08-05T12:20:32.553083+00:00
5193868,referee,101724568,"GALIÁN LÓPEZ , GONZALO",Arbitro principal,https://www.rffm.es/acta-partido/5193868,2026-08-05T12:20:33.070804+00:00
5193866,referee,101724568,"GALIÁN LÓPEZ , GONZALO",Arbitro principal,https://www.rffm.es/acta-partido/5193866,2026-08-05T12:20:33.093312+00:00
5193871,referee,101730996,"REYZABAL RAMOS, ADRIAN",Arbitro principal,https://www.rffm.es/acta-partido/5193871,2026-08-05T12:20:33.131138+00:00
5193871,field_delegate,,"ROMERO ESPARTERO, MARCOS",delegado_campo,https://www.rffm.es/acta-partido/5193871,2026-08-05T12:20:33.131138+00:00
5193870,referee,101724568,"GALIÁN LÓPEZ , GONZALO",Arbitro principal,https://www.rffm.es/acta-partido/5193870,2026-08-05T12:20:33.136903+00:00
5193869,referee,101730996,"REYZABAL RAMOS, ADRIAN",Arbitro principal,https://www.rffm.es/acta-partido/5193869,2026-08-05T12:20:33.593608+00:00
5193872,referee,101730996,"REYZABAL RAMOS, ADRIAN",Arbitro principal,https://www.rffm.es/acta-partido/5193872,2026-08-05T12:20:33.649962+00:00
5193872,field_delegate,,"FREIRE UTRERA, RAUL",delegado_campo,https://www.rffm.es/acta-partido/5193872,2026-08-05T12:20:33.649962+00:00
5193874,referee,101729164,"PEREZ GONZALEZ, ALICIA",Arbitro principal,https://www.rffm.es/acta-partido/5193874,2026-08-05T12:20:34.101112+00:00
5193874,field_delegate,,"ROMERO MARTINEZ, JESUS",delegado_campo,https://www.rffm.es/acta-partido/5193874,2026-08-05T12:20:34.101112+00:00
5193877,referee,105,"GONZALEZ ALONSO, MANUEL",Arbitro principal,https://www.rffm.es/acta-partido/5193877,2026-08-05T12:20:34.105090+00:00
5193879,referee,105,"GONZALEZ ALONSO, MANUEL",Arbitro principal,https://www.rffm.es/acta-partido/5193879,2026-08-05T12:20:34.390213+00:00
5193879,field_delegate,,"ALCON MERINO, MARCOS",delegado_campo,https://www.rffm.es/acta-partido/5193879,2026-08-05T12:20:34.390213+00:00
5193876,referee,105,"GONZALEZ ALONSO, MANUEL",Arbitro principal,https://www.rffm.es/acta-partido/5193876,2026-08-05T12:20:34.439820+00:00
5193875,referee,101729164,"PEREZ GONZALEZ, ALICIA",Arbitro principal,https://www.rffm.es/acta-partido/5193875,2026-08-05T12:20:34.650668+00:00
5193878,referee,101729164,"PEREZ GONZALEZ, ALICIA",Arbitro principal,https://www.rffm.es/acta-partido/5193878,2026-08-05T12:20:34.740806+00:00
5193881,referee,100248712,"ROUAZEN, MOHAMED",Arbitro principal,https://www.rffm.es/acta-partido/5193881,2026-08-05T12:20:34.911707+00:00
5193885,referee,100248712,"ROUAZEN, MOHAMED",Arbitro principal,https://www.rffm.es/acta-partido/5193885,2026-08-05T12:20:34.912561+00:00
5193884,referee,101733166,"VALDES COTERON, JORGE",Arbitro principal,https://www.rffm.es/acta-partido/5193884,2026-08-05T12:20:35.115776+00:00
5193884,field_delegate,,"ROMERO MARTINEZ, JESUS",delegado_campo,https://www.rffm.es/acta-partido/5193884,2026-08-05T12:20:35.115776+00:00
5193882,referee,100248712,"ROUAZEN, MOHAMED",Arbitro principal,https://www.rffm.es/acta-partido/5193882,2026-08-05T12:20:35.187572+00:00
5193880,referee,101733166,"VALDES COTERON, JORGE",Arbitro principal,https://www.rffm.es/acta-partido/5193880,2026-08-05T12:20:35.201464+00:00
5193883,referee,101733166,"VALDES COTERON, JORGE",Arbitro principal,https://www.rffm.es/acta-partido/5193883,2026-08-05T12:20:35.409337+00:00
5193890,referee,102278551,"SANTABAYA GONZÁLEZ, YAGO EDUARDO",Arbitro principal,https://www.rffm.es/acta-partido/5193890,2026-08-05T12:20:35.413923+00:00
5193890,field_delegate,,"ROMERO ESPARTERO, MARCOS",delegado_campo,https://www.rffm.es/acta-partido/5193890,2026-08-05T12:20:35.413923+00:00
5193892,referee,102278561,"SEGARRA PORRES, JAIME",Arbitro principal,https://www.rffm.es/acta-partido/5193892,2026-08-05T12:20:35.476824+00:00
5193891,referee,102278551,"SANTABAYA GONZÁLEZ, YAGO EDUARDO",Arbitro principal,https://www.rffm.es/acta-partido/5193891,2026-08-05T12:20:35.543020+00:00
5193887,referee,102278551,"SANTABAYA GONZÁLEZ, YAGO EDUARDO",Arbitro principal,https://www.rffm.es/acta-partido/5193887,2026-08-05T12:20:36.304118+00:00
5193895,referee,102278555,"SANDÍN GARCÍA, ALEJANDRO",Arbitro principal,https://www.rffm.es/acta-partido/5193895,2026-08-05T12:20:36.309665+00:00
5193895,field_delegate,,"VAQUERO SALVADOR, JAIME",delegado_campo,https://www.rffm.es/acta-partido/5193895,2026-08-05T12:20:36.309665+00:00
5193894,referee,102278551,"SANTABAYA GONZÁLEZ, YAGO EDUARDO",Arbitro principal,https://www.rffm.es/acta-partido/5193894,2026-08-05T12:20:36.378931+00:00
5193888,referee,102278561,"SEGARRA PORRES, JAIME",Arbitro principal,https://www.rffm.es/acta-partido/5193888,2026-08-05T12:20:36.381406+00:00
5193888,field_delegate,,"ALCON MERINO, MARCOS",delegado_campo,https://www.rffm.es/acta-partido/5193888,2026-08-05T12:20:36.381406+00:00
5193889,referee,102278561,"SEGARRA PORRES, JAIME",Arbitro principal,https://www.rffm.es/acta-partido/5193889,2026-08-05T12:20:36.453660+00:00
5193900,referee,102278555,"SANDÍN GARCÍA, ALEJANDRO",Arbitro principal,https://www.rffm.es/acta-partido/5193900,2026-08-05T12:20:36.507034+00:00
5193900,field_delegate,,"PEREZ HERNANDEZ, ALEJANDRO FERNANDO",delegado_campo,https://www.rffm.es/acta-partido/5193900,2026-08-05T12:20:36.507034+00:00
5193898,referee,102278551,"SANTABAYA GONZÁLEZ, YAGO EDUARDO",Arbitro principal,https://www.rffm.es/acta-partido/5193898,2026-08-05T12:20:36.644590+00:00
5193896,referee,102278555,"SANDÍN GARCÍA, ALEJANDRO",Arbitro principal,https://www.rffm.es/acta-partido/5193896,2026-08-05T12:20:36.946861+00:00
5193896,field_delegate,,"RAMOS BLANQUE, VÍCTOR",delegado_campo,https://www.rffm.es/acta-partido/5193896,2026-08-05T12:20:36.946861+00:00
5193904,referee,102278545,"FERNANDEZ GONZALEZ, RUBEN",Arbitro principal,https://www.rffm.es/acta-partido/5193904,2026-08-05T12:20:37.295819+00:00
5193897,referee,102278551,"SANTABAYA GONZÁLEZ, YAGO EDUARDO",Arbitro principal,https://www.rffm.es/acta-partido/5193897,2026-08-05T12:20:37.340328+00:00
5193897,field_delegate,,"ROMERO MARTINEZ, JESUS",delegado_campo,https://www.rffm.es/acta-partido/5193897,2026-08-05T12:20:37.340328+00:00
5193902,referee,102278545,"FERNANDEZ GONZALEZ, RUBEN",Arbitro principal,https://www.rffm.es/acta-partido/5193902,2026-08-05T12:20:37.575992+00:00
5193901,referee,102278557,"BONILLA JARAMILLO, CESAR ALEJANDRO",Arbitro principal,https://www.rffm.es/acta-partido/5193901,2026-08-05T12:20:37.609385+00:00
5193905,referee,102278557,"BONILLA JARAMILLO, CESAR ALEJANDRO",Arbitro principal,https://www.rffm.es/acta-partido/5193905,2026-08-05T12:20:37.635986+00:00
5193905,field_delegate,,"ROMERO ESPARTERO, MARCOS",delegado_campo,https://www.rffm.es/acta-partido/5193905,2026-08-05T12:20:37.635986+00:00
5193907,referee,102278557,"BONILLA JARAMILLO, CESAR ALEJANDRO",Arbitro principal,https://www.rffm.es/acta-partido/5193907,2026-08-05T12:20:37.797804+00:00
5193907,field_delegate,,"MARQUES CHAMORRO, MARCOS",delegado_campo,https://www.rffm.es/acta-partido/5193907,2026-08-05T12:20:37.797804+00:00
5193903,referee,102278545,"FERNANDEZ GONZALEZ, RUBEN",Arbitro principal,https://www.rffm.es/acta-partido/5193903,2026-08-05T12:20:37.802704+00:00
5193903,field_delegate,,"ALCON MERINO, MARCOS",delegado_campo,https://www.rffm.es/acta-partido/5193903,2026-08-05T12:20:37.802704+00:00
5193914,referee,102278543,"GARCÍA ÁLVAREZ, ÁLVARO",Arbitro principal,https://www.rffm.es/acta-partido/5193914,2026-08-05T12:20:38.497207+00:00
5193914,field_delegate,,"MARQUES CHAMORRO, MARCOS",delegado_campo,https://www.rffm.es/acta-partido/5193914,2026-08-05T12:20:38.497207+00:00
5193913,referee,102278543,"GARCÍA ÁLVAREZ, ÁLVARO",Arbitro principal,https://www.rffm.es/acta-partido/5193913,2026-08-05T12:20:38.585138+00:00
5193913,field_delegate,,"PEREZ HERNANDEZ, ALEJANDRO FERNANDO",delegado_campo,https://www.rffm.es/acta-partido/5193913,2026-08-05T12:20:38.585138+00:00
5193909,referee,102278551,"SANTABAYA GONZÁLEZ, YAGO EDUARDO",Arbitro principal,https://www.rffm.es/acta-partido/5193909,2026-08-05T12:20:38.605087+00:00
5193911,referee,102278543,"GARCÍA ÁLVAREZ, ÁLVARO",Arbitro principal,https://www.rffm.es/acta-partido/5193911,2026-08-05T12:20:38.862222+00:00
5193910,referee,102278551,"SANTABAYA GONZÁLEZ, YAGO EDUARDO",Arbitro principal,https://www.rffm.es/acta-partido/5193910,2026-08-05T12:20:38.872768+00:00
5193910,field_delegate,,"ROMERO MARTINEZ, JESUS",delegado_campo,https://www.rffm.es/acta-partido/5193910,2026-08-05T12:20:38.872768+00:00
5193921,referee,101731040,"RIBALLO JIMENEZ, ADRIAN",Arbitro principal,https://www.rffm.es/acta-partido/5193921,2026-08-05T12:20:38.966906+00:00
5193915,referee,101731048,"SAN JOSE TORRES, PABLO",Arbitro principal,https://www.rffm.es/acta-partido/5193915,2026-08-05T12:20:39.051289+00:00
5193915,field_delegate,,"MANSO OLIVA, PATRICIO",delegado_campo,https://www.rffm.es/acta-partido/5193915,2026-08-05T12:20:39.051289+00:00
5193908,referee,102278551,"SANTABAYA GONZÁLEZ, YAGO EDUARDO",Arbitro principal,https://www.rffm.es/acta-partido/5193908,2026-08-05T12:20:39.188587+00:00
5193916,referee,101731040,"RIBALLO JIMENEZ, ADRIAN",Arbitro principal,https://www.rffm.es/acta-partido/5193916,2026-08-05T12:20:39.196689+00:00
5193920,referee,101731048,"SAN JOSE TORRES, PABLO",Arbitro principal,https://www.rffm.es/acta-partido/5193920,2026-08-05T12:20:39.643915+00:00
5193920,field_delegate,,"ROMERO ESPARTERO, MARCOS",delegado_campo,https://www.rffm.es/acta-partido/5193920,2026-08-05T12:20:39.643915+00:00
5193917,referee,101731040,"RIBALLO JIMENEZ, ADRIAN",Arbitro principal,https://www.rffm.es/acta-partido/5193917,2026-08-05T12:20:39.743470+00:00
5193918,referee,101731048,"SAN JOSE TORRES, PABLO",Arbitro principal,https://www.rffm.es/acta-partido/5193918,2026-08-05T12:20:40.044382+00:00
5193918,field_delegate,,"ALCON MERINO, MARCOS",delegado_campo,https://www.rffm.es/acta-partido/5193918,2026-08-05T12:20:40.044382+00:00
5193926,referee,101724564,"FERNANDEZ SANTOS, HECTOR",Arbitro principal,https://www.rffm.es/acta-partido/5193926,2026-08-05T12:20:40.052672+00:00
5193926,field_delegate,,"PEREZ HERNANDEZ, ALEJANDRO FERNANDO",delegado_campo,https://www.rffm.es/acta-partido/5193926,2026-08-05T12:20:40.052672+00:00
5193928,referee,101710716,"PADERO CAMBRA, ALBA",Arbitro principal,https://www.rffm.es/acta-partido/5193928,2026-08-05T12:20:40.168567+00:00
5193928,field_delegate,,"GONZALEZ CASADO, JAVIER",delegado_campo,https://www.rffm.es/acta-partido/5193928,2026-08-05T12:20:40.168567+00:00
5193922,referee,101724564,"FERNANDEZ SANTOS, HECTOR",Arbitro principal,https://www.rffm.es/acta-partido/5193922,2026-08-05T12:20:40.172122+00:00
5193923,referee,101710716,"PADERO CAMBRA, ALBA",Arbitro principal,https://www.rffm.es/acta-partido/5193923,2026-08-05T12:20:40.488272+00:00
5193927,referee,101710716,"PADERO CAMBRA, ALBA",Arbitro principal,https://www.rffm.es/acta-partido/5193927,2026-08-05T12:20:40.860496+00:00
5193930,referee,101727451,"MORALES SAN FRANCISCO, IVAN",Arbitro principal,https://www.rffm.es/acta-partido/5193930,2026-08-05T12:20:41.034708+00:00
5193924,referee,101724564,"FERNANDEZ SANTOS, HECTOR",Arbitro principal,https://www.rffm.es/acta-partido/5193924,2026-08-05T12:20:41.263730+00:00
5193924,field_delegate,,"SALMERÓN GARCÍA, ANTONIO",delegado_campo,https://www.rffm.es/acta-partido/5193924,2026-08-05T12:20:41.263730+00:00
5193933,referee,101727451,"MORALES SAN FRANCISCO, IVAN",Arbitro principal,https://www.rffm.es/acta-partido/5193933,2026-08-05T12:20:41.642820+00:00
5193933,field_delegate,,"ALCON MERINO, MARCOS",delegado_campo,https://www.rffm.es/acta-partido/5193933,2026-08-05T12:20:41.642820+00:00
5193931,referee,101727451,"MORALES SAN FRANCISCO, IVAN",Arbitro principal,https://www.rffm.es/acta-partido/5193931,2026-08-05T12:20:41.650309+00:00
5193929,referee,101724542,"FERNÁNDEZ MONTES, ALEX",Arbitro principal,https://www.rffm.es/acta-partido/5193929,2026-08-05T12:20:41.706887+00:00
5193936,referee,101724554,"GARCIA ZABALETA, JORGE",Arbitro principal,https://www.rffm.es/acta-partido/5193936,2026-08-05T12:20:41.856734+00:00
5193936,field_delegate,,"ROMERO MARTINEZ, JESUS",delegado_campo,https://www.rffm.es/acta-partido/5193936,2026-08-05T12:20:41.856734+00:00
5193941,referee,1174587,"DE OSES BUMEDIEN, FRANCISCO",Arbitro principal,https://www.rffm.es/acta-partido/5193941,2026-08-05T12:20:42.017196+00:00
5193941,field_delegate,,"GONZALEZ CASADO, JAVIER",delegado_campo,https://www.rffm.es/acta-partido/5193941,2026-08-05T12:20:42.017196+00:00
5193935,referee,101724542,"FERNÁNDEZ MONTES, ALEX",Arbitro principal,https://www.rffm.es/acta-partido/5193935,2026-08-05T12:20:42.066425+00:00
5193935,field_delegate,,"ROMERO ESPARTERO, MARCOS",delegado_campo,https://www.rffm.es/acta-partido/5193935,2026-08-05T12:20:42.066425+00:00
5193934,referee,101724542,"FERNÁNDEZ MONTES, ALEX",Arbitro principal,https://www.rffm.es/acta-partido/5193934,2026-08-05T12:20:42.119112+00:00
5193934,field_delegate,,"FREIRE UTRERA, RAUL",delegado_campo,https://www.rffm.es/acta-partido/5193934,2026-08-05T12:20:42.119112+00:00
5193937,referee,101724554,"GARCIA ZABALETA, JORGE",Arbitro principal,https://www.rffm.es/acta-partido/5193937,2026-08-05T12:20:42.410948+00:00
5193940,referee,101727387,"MELGAR ZAMORANO, PABLO",Arbitro principal,https://www.rffm.es/acta-partido/5193940,2026-08-05T12:20:42.418360+00:00
5193949,referee,101732580,"SHKURGAN KHARCHUK, ERIK",Arbitro principal,https://www.rffm.es/acta-partido/5193949,2026-08-05T12:20:42.590876+00:00
5193949,field_delegate,,"GARCIA CRESPO, JORGE",delegado_campo,https://www.rffm.es/acta-partido/5193949,2026-08-05T12:20:42.590876+00:00
5193943,referee,101729220,"PEREZ TOLEDANO, IVAN",Arbitro principal,https://www.rffm.es/acta-partido/5193943,2026-08-05T12:20:42.699536+00:00
5193942,referee,101727387,"MELGAR ZAMORANO, PABLO",Arbitro principal,https://www.rffm.es/acta-partido/5193942,2026-08-05T12:20:42.844336+00:00
5193942,field_delegate,,"ROMERO ESPARTERO, MARCOS",delegado_campo,https://www.rffm.es/acta-partido/5193942,2026-08-05T12:20:42.844336+00:00
5193946,referee,101729220,"PEREZ TOLEDANO, IVAN",Arbitro principal,https://www.rffm.es/acta-partido/5193946,2026-08-05T12:20:42.849044+00:00
5193939,referee,101724554,"GARCIA ZABALETA, JORGE",Arbitro principal,https://www.rffm.es/acta-partido/5193939,2026-08-05T12:20:42.976282+00:00
5193944,referee,101732580,"SHKURGAN KHARCHUK, ERIK",Arbitro principal,https://www.rffm.es/acta-partido/5193944,2026-08-05T12:20:43.187815+00:00
5193947,referee,101729220,"PEREZ TOLEDANO, IVAN",Arbitro principal,https://www.rffm.es/acta-partido/5193947,2026-08-05T12:20:43.319377+00:00
5193948,referee,101732580,"SHKURGAN KHARCHUK, ERIK",Arbitro principal,https://www.rffm.es/acta-partido/5193948,2026-08-05T12:20:43.461223+00:00
5193948,field_delegate,,"ALCON MERINO, MARCOS",delegado_campo,https://www.rffm.es/acta-partido/5193948,2026-08-05T12:20:43.461223+00:00
5193955,referee,102278557,"BONILLA JARAMILLO, CESAR ALEJANDRO",Arbitro principal,https://www.rffm.es/acta-partido/5193955,2026-08-05T12:20:43.985485+00:00
5193955,field_delegate,,"ROMERO ESPARTERO, MARCOS",delegado_campo,https://www.rffm.es/acta-partido/5193955,2026-08-05T12:20:43.985485+00:00
5193953,referee,1170382,"BRAVO LOAYZA, JOSE ALEXIS",Arbitro principal,https://www.rffm.es/acta-partido/5193953,2026-08-05T12:20:43.996669+00:00
5193950,referee,101724046,"CRESPO JIMENEZ, MARIO",Arbitro principal,https://www.rffm.es/acta-partido/5193950,2026-08-05T12:20:43.997156+00:00
5193954,referee,102278557,"BONILLA JARAMILLO, CESAR ALEJANDRO",Arbitro principal,https://www.rffm.es/acta-partido/5193954,2026-08-05T12:20:44.115952+00:00
5193952,referee,102278557,"BONILLA JARAMILLO, CESAR ALEJANDRO",Arbitro principal,https://www.rffm.es/acta-partido/5193952,2026-08-05T12:20:44.166482+00:00
5193956,referee,101724046,"CRESPO JIMENEZ, MARIO",Arbitro principal,https://www.rffm.es/acta-partido/5193956,2026-08-05T12:20:44.534865+00:00
5193956,field_delegate,,"FREIRE UTRERA, RAUL",delegado_campo,https://www.rffm.es/acta-partido/5193956,2026-08-05T12:20:44.534865+00:00
5193962,referee,100248712,"ROUAZEN, MOHAMED",Arbitro principal,https://www.rffm.es/acta-partido/5193962,2026-08-05T12:20:44.539533+00:00
5193959,referee,100248712,"ROUAZEN, MOHAMED",Arbitro principal,https://www.rffm.es/acta-partido/5193959,2026-08-05T12:20:45.147971+00:00
5193961,referee,101722604,"CAMPOS ARENAS, JOAN DAVID",Arbitro principal,https://www.rffm.es/acta-partido/5193961,2026-08-05T12:20:45.229305+00:00
5193957,referee,101722604,"CAMPOS ARENAS, JOAN DAVID",Arbitro principal,https://www.rffm.es/acta-partido/5193957,2026-08-05T12:20:45.243161+00:00
5193963,referee,101722604,"CAMPOS ARENAS, JOAN DAVID",Arbitro principal,https://www.rffm.es/acta-partido/5193963,2026-08-05T12:20:45.369447+00:00
5193963,field_delegate,,"ALCON MERINO, MARCOS",delegado_campo,https://www.rffm.es/acta-partido/5193963,2026-08-05T12:20:45.369447+00:00
5193960,referee,100248712,"ROUAZEN, MOHAMED",Arbitro principal,https://www.rffm.es/acta-partido/5193960,2026-08-05T12:20:45.376174+00:00
5193967,referee,101722592,"CABEZAS RIOS, WILLIAM ALBERTO",Arbitro principal,https://www.rffm.es/acta-partido/5193967,2026-08-05T12:20:45.433362+00:00
5193970,referee,101727385,"MARTIN-GRANDE MORIES, RUBEN",Arbitro principal,https://www.rffm.es/acta-partido/5193970,2026-08-05T12:20:45.669110+00:00
5193965,referee,101727385,"MARTIN-GRANDE MORIES, RUBEN",Arbitro principal,https://www.rffm.es/acta-partido/5193965,2026-08-05T12:20:45.789813+00:00
5193965,field_delegate,,"PEREZ HERNANDEZ, ALEJANDRO FERNANDO",delegado_campo,https://www.rffm.es/acta-partido/5193965,2026-08-05T12:20:45.789813+00:00
5193969,referee,101722592,"CABEZAS RIOS, WILLIAM ALBERTO",Arbitro principal,https://www.rffm.es/acta-partido/5193969,2026-08-05T12:20:46.261084+00:00
5193969,field_delegate,,"GARCIA CRESPO, JORGE",delegado_campo,https://www.rffm.es/acta-partido/5193969,2026-08-05T12:20:46.261084+00:00
5193971,referee,101727419,"MARTIN TOLOBA, DIEGO",Arbitro principal,https://www.rffm.es/acta-partido/5193971,2026-08-05T12:20:46.265867+00:00
5193966,referee,101722592,"CABEZAS RIOS, WILLIAM ALBERTO",Arbitro principal,https://www.rffm.es/acta-partido/5193966,2026-08-05T12:20:46.328527+00:00
5193968,referee,101727385,"MARTIN-GRANDE MORIES, RUBEN",Arbitro principal,https://www.rffm.es/acta-partido/5193968,2026-08-05T12:20:46.354970+00:00
5193968,field_delegate,,"ROMERO ESPARTERO, MARCOS",delegado_campo,https://www.rffm.es/acta-partido/5193968,2026-08-05T12:20:46.354970+00:00
5193972,referee,101727423,"MORALES FERNANDEZ, ADRIAN",Arbitro principal,https://www.rffm.es/acta-partido/5193972,2026-08-05T12:20:46.416021+00:00
5193972,field_delegate,,"GONZALEZ MARTINEZ, JOSE",delegado_campo,https://www.rffm.es/acta-partido/5193972,2026-08-05T12:20:46.416021+00:00
5193974,referee,101724042,"DIAZ GARRIDO, LAURA",Arbitro principal,https://www.rffm.es/acta-partido/5193974,2026-08-05T12:20:46.849750+00:00
5193974,field_delegate,,"CHACON RAMIREZ, JAVIER",delegado_campo,https://www.rffm.es/acta-partido/5193974,2026-08-05T12:20:46.849750+00:00
5193973,referee,101727419,"MARTIN TOLOBA, DIEGO",Arbitro principal,https://www.rffm.es/acta-partido/5193973,2026-08-05T12:20:46.914408+00:00
5193973,field_delegate,,"RAMIRO ISARDO, PEDRO PABLO",delegado_campo,https://www.rffm.es/acta-partido/5193973,2026-08-05T12:20:46.914408+00:00
5193975,referee,101724042,"DIAZ GARRIDO, LAURA",Arbitro principal,https://www.rffm.es/acta-partido/5193975,2026-08-05T12:20:46.996598+00:00
5193975,field_delegate,,"DEZA PULIDO, RUBEN",delegado_campo,https://www.rffm.es/acta-partido/5193975,2026-08-05T12:20:46.996598+00:00
5193978,referee,101731020,"RAMOS SAN ROMAN, DARIO",Arbitro principal,https://www.rffm.es/acta-partido/5193978,2026-08-05T12:20:47.219160+00:00
5193978,field_delegate,,"HERRERA BOTIJA, ALBERTO",delegado_campo,https://www.rffm.es/acta-partido/5193978,2026-08-05T12:20:47.219160+00:00
5193976,referee,101727423,"MORALES FERNANDEZ, ADRIAN",Arbitro principal,https://www.rffm.es/acta-partido/5193976,2026-08-05T12:20:47.523328+00:00
5193976,field_delegate,,"ADAN MENA, DAVID",delegado_campo,https://www.rffm.es/acta-partido/5193976,2026-08-05T12:20:47.523328+00:00
5193979,referee,101731020,"RAMOS SAN ROMAN, DARIO",Arbitro principal,https://www.rffm.es/acta-partido/5193979,2026-08-05T12:20:47.683438+00:00
5193983,referee,1925145,"BALLANO DE LA PARRA, JORGE",Arbitro principal,https://www.rffm.es/acta-partido/5193983,2026-08-05T12:20:47.721609+00:00
5193983,field_delegate,,"MORENO GUERRERO, IZAN",delegado_campo,https://www.rffm.es/acta-partido/5193983,2026-08-05T12:20:47.721609+00:00
5193980,referee,101729178,"MURE GALAN, HECTOR",Arbitro principal,https://www.rffm.es/acta-partido/5193980,2026-08-05T12:20:48.118439+00:00
5193980,field_delegate,,"DIEZ HERREROS, AARON",delegado_campo,https://www.rffm.es/acta-partido/5193980,2026-08-05T12:20:48.118439+00:00
5193982,referee,101727419,"MARTIN TOLOBA, DIEGO",Arbitro principal,https://www.rffm.es/acta-partido/5193982,2026-08-05T12:20:48.450609+00:00
5193982,field_delegate,,"LLORENTE FERNANDEZ, DAVID",delegado_campo,https://www.rffm.es/acta-partido/5193982,2026-08-05T12:20:48.450609+00:00
5193981,referee,1927234,"TARIVERDI OHANJANIAN, MARI ALIN",Arbitro principal,https://www.rffm.es/acta-partido/5193981,2026-08-05T12:20:48.536812+00:00
5193987,referee,5001034,"MARIN MARTINEZ, JUAN FRANCISCO",Arbitro principal,https://www.rffm.es/acta-partido/5193987,2026-08-05T12:20:48.721069+00:00
5193986,referee,5001034,"MARIN MARTINEZ, JUAN FRANCISCO",Arbitro principal,https://www.rffm.es/acta-partido/5193986,2026-08-05T12:20:48.800820+00:00
5193988,referee,101729230,"OHAJJI IBRAHIMY, ADAM",Arbitro principal,https://www.rffm.es/acta-partido/5193988,2026-08-05T12:20:48.931859+00:00
5193991,referee,101729230,"OHAJJI IBRAHIMY, ADAM",Arbitro principal,https://www.rffm.es/acta-partido/5193991,2026-08-05T12:20:48.965365+00:00
5193985,referee,5001034,"MARIN MARTINEZ, JUAN FRANCISCO",Arbitro principal,https://www.rffm.es/acta-partido/5193985,2026-08-05T12:20:49.221004+00:00
5193985,field_delegate,,"HERRERA BOTIJA, ALBERTO",delegado_campo,https://www.rffm.es/acta-partido/5193985,2026-08-05T12:20:49.221004+00:00
5193989,referee,101729230,"OHAJJI IBRAHIMY, ADAM",Arbitro principal,https://www.rffm.es/acta-partido/5193989,2026-08-05T12:20:49.290983+00:00
5193993,referee,101727419,"MARTIN TOLOBA, DIEGO",Arbitro principal,https://www.rffm.es/acta-partido/5193993,2026-08-05T12:20:49.346508+00:00
5193993,field_delegate,,"ROJAS LOPO, IVAN",delegado_campo,https://www.rffm.es/acta-partido/5193993,2026-08-05T12:20:49.346508+00:00
5193992,referee,101723994,"DE PABLO HERNANDEZ, RAUL",Arbitro principal,https://www.rffm.es/acta-partido/5193992,2026-08-05T12:20:49.479556+00:00
5193995,referee,101727419,"MARTIN TOLOBA, DIEGO",Arbitro principal,https://www.rffm.es/acta-partido/5193995,2026-08-05T12:20:49.603760+00:00
5193994,referee,101727419,"MARTIN TOLOBA, DIEGO",Arbitro principal,https://www.rffm.es/acta-partido/5193994,2026-08-05T12:20:49.718351+00:00
5194004,referee,101727419,"MARTIN TOLOBA, DIEGO",Arbitro principal,https://www.rffm.es/acta-partido/5194004,2026-08-05T12:20:50.084751+00:00
5193998,referee,101723994,"DE PABLO HERNANDEZ, RAUL",Arbitro principal,https://www.rffm.es/acta-partido/5193998,2026-08-05T12:20:50.088745+00:00
5193998,field_delegate,,"ADAN MENA, DAVID",delegado_campo,https://www.rffm.es/acta-partido/5193998,2026-08-05T12:20:50.088745+00:00
5194005,referee,101727419,"MARTIN TOLOBA, DIEGO",Arbitro principal,https://www.rffm.es/acta-partido/5194005,2026-08-05T12:20:50.092905+00:00
5193996,referee,101723994,"DE PABLO HERNANDEZ, RAUL",Arbitro principal,https://www.rffm.es/acta-partido/5193996,2026-08-05T12:20:50.174582+00:00
5193996,field_delegate,,"MORENO GUERRERO, IZAN",delegado_campo,https://www.rffm.es/acta-partido/5193996,2026-08-05T12:20:50.174582+00:00
5194002,referee,101727419,"MARTIN TOLOBA, DIEGO",Arbitro principal,https://www.rffm.es/acta-partido/5194002,2026-08-05T12:20:50.583058+00:00
5194001,referee,101729226,"PARRON HIDALGO, ELENA",Arbitro principal,https://www.rffm.es/acta-partido/5194001,2026-08-05T12:20:50.744959+00:00
5194000,referee,101729226,"PARRON HIDALGO, ELENA",Arbitro principal,https://www.rffm.es/acta-partido/5194000,2026-08-05T12:20:51.061925+00:00
5194007,referee,101727429,"MORENO DEL CASTILLO, AARON",Arbitro principal,https://www.rffm.es/acta-partido/5194007,2026-08-05T12:20:51.224234+00:00
5194011,referee,101727429,"MORENO DEL CASTILLO, AARON",Arbitro principal,https://www.rffm.es/acta-partido/5194011,2026-08-05T12:20:51.328494+00:00
5194011,field_delegate,,"ADAN MENA, DAVID",delegado_campo,https://www.rffm.es/acta-partido/5194011,2026-08-05T12:20:51.328494+00:00
5194012,referee,101727429,"MORENO DEL CASTILLO, AARON",Arbitro principal,https://www.rffm.es/acta-partido/5194012,2026-08-05T12:20:51.380687+00:00
5194012,field_delegate,,"DEZA PULIDO, RUBEN",delegado_campo,https://www.rffm.es/acta-partido/5194012,2026-08-05T12:20:51.380687+00:00
5194008,referee,101724050,"EL KARCH SERROUKH, ADAM",Arbitro principal,https://www.rffm.es/acta-partido/5194008,2026-08-05T12:20:51.495726+00:00
5193999,referee,101732566,"SERRANO COTA, LUCIA",Arbitro principal,https://www.rffm.es/acta-partido/5193999,2026-08-05T12:20:51.618932+00:00
5194009,referee,101724050,"EL KARCH SERROUKH, ADAM",Arbitro principal,https://www.rffm.es/acta-partido/5194009,2026-08-05T12:20:51.888154+00:00
5194009,field_delegate,,"MORENO GUERRERO, IZAN",delegado_campo,https://www.rffm.es/acta-partido/5194009,2026-08-05T12:20:51.888154+00:00
5194006,referee,101724050,"EL KARCH SERROUKH, ADAM",Arbitro principal,https://www.rffm.es/acta-partido/5194006,2026-08-05T12:20:52.112399+00:00
5194006,field_delegate,,"ROJAS LOPO, IVAN",delegado_campo,https://www.rffm.es/acta-partido/5194006,2026-08-05T12:20:52.112399+00:00
5194015,referee,101727457,"MARTINEZ BELINCHON, DAVID",Arbitro principal,https://www.rffm.es/acta-partido/5194015,2026-08-05T12:20:52.122230+00:00
5194015,field_delegate,,"HERRERA BOTIJA, ALBERTO",delegado_campo,https://www.rffm.es/acta-partido/5194015,2026-08-05T12:20:52.122230+00:00
5194018,referee,101755306,"LUCAS VERGARA, MARCOS",Arbitro principal,https://www.rffm.es/acta-partido/5194018,2026-08-05T12:20:52.245095+00:00
5194014,referee,101755306,"LUCAS VERGARA, MARCOS",Arbitro principal,https://www.rffm.es/acta-partido/5194014,2026-08-05T12:20:52.489019+00:00
5194019,referee,101755306,"LUCAS VERGARA, MARCOS",Arbitro principal,https://www.rffm.es/acta-partido/5194019,2026-08-05T12:20:52.500839+00:00
5194013,referee,101727457,"MARTINEZ BELINCHON, DAVID",Arbitro principal,https://www.rffm.es/acta-partido/5194013,2026-08-05T12:20:52.681516+00:00
5194013,field_delegate,,"ROJAS LOPO, IVAN",delegado_campo,https://www.rffm.es/acta-partido/5194013,2026-08-05T12:20:52.681516+00:00
5194017,referee,101727457,"MARTINEZ BELINCHON, DAVID",Arbitro principal,https://www.rffm.es/acta-partido/5194017,2026-08-05T12:20:52.937085+00:00
5194017,field_delegate,,"GONZALEZ MARTINEZ, JOSE",delegado_campo,https://www.rffm.es/acta-partido/5194017,2026-08-05T12:20:52.937085+00:00
5194026,referee,101722572,"CASANOVA BARAHONA, SERGIO",Arbitro principal,https://www.rffm.es/acta-partido/5194026,2026-08-05T12:20:53.086668+00:00
5194026,field_delegate,,"CHACON RAMIREZ, JAVIER",delegado_campo,https://www.rffm.es/acta-partido/5194026,2026-08-05T12:20:53.086668+00:00
5194021,referee,101722572,"CASANOVA BARAHONA, SERGIO",Arbitro principal,https://www.rffm.es/acta-partido/5194021,2026-08-05T12:20:53.315995+00:00
5194021,field_delegate,,"LLORENTE FERNANDEZ, DAVID",delegado_campo,https://www.rffm.es/acta-partido/5194021,2026-08-05T12:20:53.315995+00:00
5194020,referee,101724034,"CORRALIZA GOMEZ, JAVIER",Arbitro principal,https://www.rffm.es/acta-partido/5194020,2026-08-05T12:20:53.325385+00:00
5194024,referee,101724034,"CORRALIZA GOMEZ, JAVIER",Arbitro principal,https://www.rffm.es/acta-partido/5194024,2026-08-05T12:20:53.682073+00:00
5194024,field_delegate,,"ADAN MENA, DAVID",delegado_campo,https://www.rffm.es/acta-partido/5194024,2026-08-05T12:20:53.682073+00:00
5194031,referee,101727419,"MARTIN TOLOBA, DIEGO",Arbitro principal,https://www.rffm.es/acta-partido/5194031,2026-08-05T12:20:53.873695+00:00
5194022,referee,1403310,"PINILLA SERRANO, JAVIER",Arbitro principal,https://www.rffm.es/acta-partido/5194022,2026-08-05T12:20:53.894539+00:00
5194022,field_delegate,,"MORENO GUERRERO, IZAN",delegado_campo,https://www.rffm.es/acta-partido/5194022,2026-08-05T12:20:53.894539+00:00
5194025,referee,101724034,"CORRALIZA GOMEZ, JAVIER",Arbitro principal,https://www.rffm.es/acta-partido/5194025,2026-08-05T12:20:54.352658+00:00
5194028,referee,101724042,"DIAZ GARRIDO, LAURA",Arbitro principal,https://www.rffm.es/acta-partido/5194028,2026-08-05T12:20:54.419615+00:00
5194028,field_delegate,,"ROJAS LOPO, IVAN",delegado_campo,https://www.rffm.es/acta-partido/5194028,2026-08-05T12:20:54.419615+00:00
5194027,referee,101724042,"DIAZ GARRIDO, LAURA",Arbitro principal,https://www.rffm.es/acta-partido/5194027,2026-08-05T12:20:54.612279+00:00
5194032,referee,101727419,"MARTIN TOLOBA, DIEGO",Arbitro principal,https://www.rffm.es/acta-partido/5194032,2026-08-05T12:20:54.682616+00:00
5194030,referee,101724042,"DIAZ GARRIDO, LAURA",Arbitro principal,https://www.rffm.es/acta-partido/5194030,2026-08-05T12:20:54.688644+00:00
5194030,field_delegate,,"HERRERA BOTIJA, ALBERTO",delegado_campo,https://www.rffm.es/acta-partido/5194030,2026-08-05T12:20:54.688644+00:00
5194035,referee,101731020,"RAMOS SAN ROMAN, DARIO",Arbitro principal,https://www.rffm.es/acta-partido/5194035,2026-08-05T12:20:54.861133+00:00
5194035,field_delegate,,"MORENO GUERRERO, IZAN",delegado_campo,https://www.rffm.es/acta-partido/5194035,2026-08-05T12:20:54.861133+00:00
5194039,referee,101731020,"RAMOS SAN ROMAN, DARIO",Arbitro principal,https://www.rffm.es/acta-partido/5194039,2026-08-05T12:20:55.172803+00:00
5194033,referee,101727419,"MARTIN TOLOBA, DIEGO",Arbitro principal,https://www.rffm.es/acta-partido/5194033,2026-08-05T12:20:55.474186+00:00
5194033,field_delegate,,"DE LA IGLESIA HUETE, DANIEL",delegado_campo,https://www.rffm.es/acta-partido/5194033,2026-08-05T12:20:55.474186+00:00
5194034,referee,101731020,"RAMOS SAN ROMAN, DARIO",Arbitro principal,https://www.rffm.es/acta-partido/5194034,2026-08-05T12:20:55.632683+00:00
5194038,referee,101729178,"MURE GALAN, HECTOR",Arbitro principal,https://www.rffm.es/acta-partido/5194038,2026-08-05T12:20:55.728608+00:00
5194037,referee,101729178,"MURE GALAN, HECTOR",Arbitro principal,https://www.rffm.es/acta-partido/5194037,2026-08-05T12:20:55.811474+00:00
5194037,field_delegate,,"ADAN MENA, DAVID",delegado_campo,https://www.rffm.es/acta-partido/5194037,2026-08-05T12:20:55.811474+00:00
5194040,referee,101729178,"MURE GALAN, HECTOR",Arbitro principal,https://www.rffm.es/acta-partido/5194040,2026-08-05T12:20:55.877541+00:00
5194043,referee,101727419,"MARTIN TOLOBA, DIEGO",Arbitro principal,https://www.rffm.es/acta-partido/5194043,2026-08-05T12:20:55.888191+00:00
5194043,field_delegate,,"ROJAS LOPO, IVAN",delegado_campo,https://www.rffm.es/acta-partido/5194043,2026-08-05T12:20:55.888191+00:00
5194045,referee,101727419,"MARTIN TOLOBA, DIEGO",Arbitro principal,https://www.rffm.es/acta-partido/5194045,2026-08-05T12:20:56.015654+00:00
5194045,field_delegate,,"HERRERA BOTIJA, ALBERTO",delegado_campo,https://www.rffm.es/acta-partido/5194045,2026-08-05T12:20:56.015654+00:00
5194041,referee,101724050,"EL KARCH SERROUKH, ADAM",Arbitro principal,https://www.rffm.es/acta-partido/5194041,2026-08-05T12:20:56.229110+00:00
5194047,referee,101724050,"EL KARCH SERROUKH, ADAM",Arbitro principal,https://www.rffm.es/acta-partido/5194047,2026-08-05T12:20:56.280516+00:00
