match_id,team_id,player_id,player_name_raw,minute,minute_raw,card_type_raw,card_type_label,is_second_yellow,source_url,scraped_at
1176106,546,395980,"JIMENEZ RUANO, YLICH DARIO",82,82,100,amarilla,False,https://www.rffm.es/acta-partido/1176106,2026-08-09T02:28:36.992564+00:00
1176106,546,395980,"JIMENEZ RUANO, YLICH DARIO",89,89,100,amarilla,True,https://www.rffm.es/acta-partido/1176106,2026-08-09T02:28:36.992564+00:00
1176106,546,28585,"SANCHEZ RODRIGUEZ, ESTEBAN",89,89,101,roja,False,https://www.rffm.es/acta-partido/1176106,2026-08-09T02:28:36.992564+00:00
1176107,438,324099,"MARTINEZ MARTINEZ, VICTOR",15,15,100,amarilla,False,https://www.rffm.es/acta-partido/1176107,2026-08-09T02:28:37.223109+00:00
1176107,438,324099,"MARTINEZ MARTINEZ, VICTOR",64,64,100,amarilla,True,https://www.rffm.es/acta-partido/1176107,2026-08-09T02:28:37.223109+00:00
1176107,479,115540,"GARCIA ALEJOS, CARLOS",8,8,100,amarilla,False,https://www.rffm.es/acta-partido/1176107,2026-08-09T02:28:37.223109+00:00
1176107,479,115540,"GARCIA ALEJOS, CARLOS",8,8,100,amarilla,False,https://www.rffm.es/acta-partido/1176107,2026-08-09T02:28:37.223109+00:00
1176113,656,118422,"TORRECILLA GODOY, RAUL",64,64,100,amarilla,False,https://www.rffm.es/acta-partido/1176113,2026-08-09T02:28:37.587657+00:00
1176113,656,118422,"TORRECILLA GODOY, RAUL",89,89,100,amarilla,True,https://www.rffm.es/acta-partido/1176113,2026-08-09T02:28:37.587657+00:00
1176108,256,188185,"JIMENEZ SANCHEZ, MIGUEL",88,88,100,amarilla,False,https://www.rffm.es/acta-partido/1176108,2026-08-09T02:28:37.593261+00:00
1176108,256,93168,"GALLARDO GRANERO, FRANCISCO",89,89,100,amarilla,False,https://www.rffm.es/acta-partido/1176108,2026-08-09T02:28:37.593261+00:00
1176108,256,93168,"GALLARDO GRANERO, FRANCISCO",89,89,100,amarilla,False,https://www.rffm.es/acta-partido/1176108,2026-08-09T02:28:37.593261+00:00
1176108,256,188185,"JIMENEZ SANCHEZ, MIGUEL",89,89,100,amarilla,True,https://www.rffm.es/acta-partido/1176108,2026-08-09T02:28:37.593261+00:00
1176120,444,3066228,"ZAMORANO GONZALEZ, JUAN",55,55,101,roja,False,https://www.rffm.es/acta-partido/1176120,2026-08-09T02:28:37.844344+00:00
1176116,2451,9641293,"PEREZ DIEZ, ROBERTO",38,38,101,roja,False,https://www.rffm.es/acta-partido/1176116,2026-08-09T02:28:37.873596+00:00
1176117,106,11145345,"CORDOBA DIAZ, SALVADOR",32,32,100,amarilla,False,https://www.rffm.es/acta-partido/1176117,2026-08-09T02:28:38.745552+00:00
1176117,106,11145345,"CORDOBA DIAZ, SALVADOR",77,77,100,amarilla,True,https://www.rffm.es/acta-partido/1176117,2026-08-09T02:28:38.745552+00:00
1176117,438,8392720,"CENDOYA PEÑARANDA, ALVARO",89,89,101,roja,False,https://www.rffm.es/acta-partido/1176117,2026-08-09T02:28:38.745552+00:00
1176124,1032104,223666,"SALAS DURAN, ALEJANDRO",32,32,100,amarilla,False,https://www.rffm.es/acta-partido/1176124,2026-08-09T02:28:39.068345+00:00
1176124,1032104,192432,"LONDOÑO LOPEZ, MATEO",83,83,100,amarilla,False,https://www.rffm.es/acta-partido/1176124,2026-08-09T02:28:39.068345+00:00
1176124,1032104,175389,"DIEZ ESCRIBANO, VICTOR",87,87,100,amarilla,False,https://www.rffm.es/acta-partido/1176124,2026-08-09T02:28:39.068345+00:00
1176124,479,10722432,"RODRIGUEZ GARAYGORDOBIL, JOSU",33,33,100,amarilla,False,https://www.rffm.es/acta-partido/1176124,2026-08-09T02:28:39.068345+00:00
1176124,479,32800,"MAYOR FERNANDEZ, LUIS",80,80,100,amarilla,False,https://www.rffm.es/acta-partido/1176124,2026-08-09T02:28:39.068345+00:00
1176129,2364,241151,"MOMPEAN GARCIA, RUBEN ",89,89,100,amarilla,False,https://www.rffm.es/acta-partido/1176129,2026-08-09T02:28:40.010928+00:00
1176129,2364,241151,"MOMPEAN GARCIA, RUBEN ",89,89,100,amarilla,False,https://www.rffm.es/acta-partido/1176129,2026-08-09T02:28:40.010928+00:00
1176126,438,181627,"PENABELLA FEITO, RODRIGO",88,88,101,roja,False,https://www.rffm.es/acta-partido/1176126,2026-08-09T02:28:40.271169+00:00
1176135,2027,186083,"MARTIN CASTILLO, MARIO",86,86,101,roja,False,https://www.rffm.es/acta-partido/1176135,2026-08-09T02:28:40.635562+00:00
1176139,1532,237745,"BALSERA GONZALEZ, MARCO",80,80,100,amarilla,False,https://www.rffm.es/acta-partido/1176139,2026-08-09T02:28:41.472162+00:00
1176139,1532,418694,"LOPEZ ALVARADO, LUIS ARMANDO",90,90,100,amarilla,False,https://www.rffm.es/acta-partido/1176139,2026-08-09T02:28:41.472162+00:00
1176139,2594,175733,"REGIDOR MORALES, JAIME",32,32,100,amarilla,False,https://www.rffm.es/acta-partido/1176139,2026-08-09T02:28:41.472162+00:00
1176139,2594,176952,"SOLANA DURAN, ALEIX",36,36,100,amarilla,False,https://www.rffm.es/acta-partido/1176139,2026-08-09T02:28:41.472162+00:00
1176139,2594,3132921,"VÁZQUEZ RONDÓN, JUAN CARLOS",45,45,100,amarilla,False,https://www.rffm.es/acta-partido/1176139,2026-08-09T02:28:41.472162+00:00
1176139,2594,324122,"ECHARRI MARIN, PAU",75,75,100,amarilla,False,https://www.rffm.es/acta-partido/1176139,2026-08-09T02:28:41.472162+00:00
1176143,1032104,224398,"MARTIN DE LA ROSA, JESUS",999,999,100,amarilla,False,https://www.rffm.es/acta-partido/1176143,2026-08-09T02:28:42.007216+00:00
1176143,1032104,224398,"MARTIN DE LA ROSA, JESUS",999,999,100,amarilla,False,https://www.rffm.es/acta-partido/1176143,2026-08-09T02:28:42.007216+00:00
1176142,106,944107,"RECALDE JIMENEZ, IGNACIO",35,35,100,amarilla,False,https://www.rffm.es/acta-partido/1176142,2026-08-09T02:28:42.071438+00:00
1176142,106,944107,"RECALDE JIMENEZ, IGNACIO",44,44,100,amarilla,True,https://www.rffm.es/acta-partido/1176142,2026-08-09T02:28:42.071438+00:00
1176134,1032104,729566,"ORTEGA MOSQUERO, JOSE ANTONIO",52,52,100,amarilla,False,https://www.rffm.es/acta-partido/1176134,2026-08-09T02:28:42.181010+00:00
1176134,1032104,729566,"ORTEGA MOSQUERO, JOSE ANTONIO",55,55,100,amarilla,True,https://www.rffm.es/acta-partido/1176134,2026-08-09T02:28:42.181010+00:00
1176149,546,242918,"GUIJOSA MELGAR, DAVID",87,87,101,roja,False,https://www.rffm.es/acta-partido/1176149,2026-08-09T02:28:43.341179+00:00
1176154,444,12769,"SANCHEZ TEJADA, ALEJANDRO",52,52,100,amarilla,False,https://www.rffm.es/acta-partido/1176154,2026-08-09T02:28:43.935275+00:00
1176154,2451,45701,"ALAMEDA JUAREZ, MIGUEL ANGEL",55,55,100,amarilla,False,https://www.rffm.es/acta-partido/1176154,2026-08-09T02:28:43.935275+00:00
1176154,2451,240938,"LARENA RIBALDA, ALEJANDRO",62,62,100,amarilla,False,https://www.rffm.es/acta-partido/1176154,2026-08-09T02:28:43.935275+00:00
1176154,2451,159308,"VAZQUEZ FUENTES, JUAN MANUEL",78,78,100,amarilla,False,https://www.rffm.es/acta-partido/1176154,2026-08-09T02:28:43.935275+00:00
1176156,256,11288396,"SANZ DE ARCE, JOSE IGNACIO",74,74,100,amarilla,False,https://www.rffm.es/acta-partido/1176156,2026-08-09T02:28:43.992929+00:00
1176156,256,11288396,"SANZ DE ARCE, JOSE IGNACIO",88,88,100,amarilla,True,https://www.rffm.es/acta-partido/1176156,2026-08-09T02:28:43.992929+00:00
1176163,2364,241665,"ALONSO VAZQUEZ, ALVARO",86,86,100,amarilla,False,https://www.rffm.es/acta-partido/1176163,2026-08-09T02:28:45.008098+00:00
1176163,2364,241665,"ALONSO VAZQUEZ, ALVARO",87,87,100,amarilla,True,https://www.rffm.es/acta-partido/1176163,2026-08-09T02:28:45.008098+00:00
1176162,1032104,227498,"ESTEBAN ORTEGA, JOSE MARIA",52,52,101,roja,False,https://www.rffm.es/acta-partido/1176162,2026-08-09T02:28:45.185267+00:00
1176162,1032104,685754,"SANZ MANZANERO, DANIEL",78,78,100,amarilla,False,https://www.rffm.es/acta-partido/1176162,2026-08-09T02:28:45.185267+00:00
1176162,1032104,685754,"SANZ MANZANERO, DANIEL",89,89,100,amarilla,True,https://www.rffm.es/acta-partido/1176162,2026-08-09T02:28:45.185267+00:00
1176161,846890,13500662,"RUIZ GOMEZ, IVAN",55,55,100,amarilla,False,https://www.rffm.es/acta-partido/1176161,2026-08-09T02:28:45.190027+00:00
1176161,846890,13500662,"RUIZ GOMEZ, IVAN",55,55,100,amarilla,False,https://www.rffm.es/acta-partido/1176161,2026-08-09T02:28:45.190027+00:00
1176161,846890,1049242,"VARA LOPEZ, ALVARO",85,85,101,roja,False,https://www.rffm.es/acta-partido/1176161,2026-08-09T02:28:45.190027+00:00
1176161,846890,10842674,"QUIÑONES LOPEZ, FRANCISCO JAVIER",86,86,101,roja,False,https://www.rffm.es/acta-partido/1176161,2026-08-09T02:28:45.190027+00:00
1176161,370,236184,"RODRIGUEZ GARCIA, HUGO",52,52,100,amarilla,False,https://www.rffm.es/acta-partido/1176161,2026-08-09T02:28:45.190027+00:00
1176161,370,236184,"RODRIGUEZ GARCIA, HUGO",73,73,100,amarilla,True,https://www.rffm.es/acta-partido/1176161,2026-08-09T02:28:45.190027+00:00
1176166,656,6545881,"MADRID CASARRUBIOS, MIGUEL",43,43,100,amarilla,False,https://www.rffm.es/acta-partido/1176166,2026-08-09T02:28:45.266607+00:00
1176166,656,6545881,"MADRID CASARRUBIOS, MIGUEL",44,44,100,amarilla,True,https://www.rffm.es/acta-partido/1176166,2026-08-09T02:28:45.266607+00:00
1176166,656,13215949,"TABARES VEGA, LUIS ARDED",81,81,100,amarilla,False,https://www.rffm.es/acta-partido/1176166,2026-08-09T02:28:45.266607+00:00
1176166,656,13215949,"TABARES VEGA, LUIS ARDED",87,87,100,amarilla,True,https://www.rffm.es/acta-partido/1176166,2026-08-09T02:28:45.266607+00:00
1176164,1532,237745,"BALSERA GONZALEZ, MARCO",15,15,100,amarilla,False,https://www.rffm.es/acta-partido/1176164,2026-08-09T02:28:45.377322+00:00
1176164,1532,237745,"BALSERA GONZALEZ, MARCO",25,25,100,amarilla,True,https://www.rffm.es/acta-partido/1176164,2026-08-09T02:28:45.377322+00:00
1176175,256,231670,"BAS DUQUE, RUBEN",18,18,100,amarilla,False,https://www.rffm.es/acta-partido/1176175,2026-08-09T02:28:46.882245+00:00
1176175,256,231670,"BAS DUQUE, RUBEN",28,28,100,amarilla,True,https://www.rffm.es/acta-partido/1176175,2026-08-09T02:28:46.882245+00:00
1176172,2364,716489,"ASENSIO CRESPILLO, ALEJANDRO",49,49,100,amarilla,False,https://www.rffm.es/acta-partido/1176172,2026-08-09T02:28:46.884944+00:00
1176172,2364,2285472,"BARRIOS CENALMOR, DANIEL",85,85,100,amarilla,False,https://www.rffm.es/acta-partido/1176172,2026-08-09T02:28:46.884944+00:00
1176172,2364,3042804,"CALLE GONZALEZ, JAVIER",85,85,100,amarilla,False,https://www.rffm.es/acta-partido/1176172,2026-08-09T02:28:46.884944+00:00
1176172,1032104,729566,"ORTEGA MOSQUERO, JOSE ANTONIO",64,64,100,amarilla,False,https://www.rffm.es/acta-partido/1176172,2026-08-09T02:28:46.884944+00:00
1176172,1032104,175389,"DIEZ ESCRIBANO, VICTOR",76,76,100,amarilla,False,https://www.rffm.es/acta-partido/1176172,2026-08-09T02:28:46.884944+00:00
1176159,106,571318,"FERNANDEZ RODRIGUEZ, FRANCISCO JAVIER",61,61,100,amarilla,False,https://www.rffm.es/acta-partido/1176159,2026-08-09T02:28:47.034843+00:00
1176159,106,571318,"FERNANDEZ RODRIGUEZ, FRANCISCO JAVIER",70,70,100,amarilla,True,https://www.rffm.es/acta-partido/1176159,2026-08-09T02:28:47.034843+00:00
1176159,106,139984,"GUTIERREZ FERNANDEZ, ABEL",80,80,101,roja,False,https://www.rffm.es/acta-partido/1176159,2026-08-09T02:28:47.034843+00:00
1176180,2364,7283381,"SERRANO MONTERO, ALBERTO",38,38,100,amarilla,False,https://www.rffm.es/acta-partido/1176180,2026-08-09T02:28:47.435512+00:00
1176180,2364,151253,"GRANADOS JIMENEZ, ALBERTO",44,44,101,roja,False,https://www.rffm.es/acta-partido/1176180,2026-08-09T02:28:47.435512+00:00
1176180,2364,7283381,"SERRANO MONTERO, ALBERTO",44,44,101,roja,False,https://www.rffm.es/acta-partido/1176180,2026-08-09T02:28:47.435512+00:00
1176174,2594,229250,"BERNALDO GONZALEZ, GONZALO",71,71,101,roja,False,https://www.rffm.es/acta-partido/1176174,2026-08-09T02:28:47.555663+00:00
1176168,546,233472,"ESBRI GONZALEZ, JAIME",89,89,100,amarilla,False,https://www.rffm.es/acta-partido/1176168,2026-08-09T02:28:47.779120+00:00
1176168,546,233472,"ESBRI GONZALEZ, JAIME",89,89,100,amarilla,False,https://www.rffm.es/acta-partido/1176168,2026-08-09T02:28:47.779120+00:00
1176182,2451,3234838,"GARCIA FONSECA, CARLOS",56,56,100,amarilla,False,https://www.rffm.es/acta-partido/1176182,2026-08-09T02:28:48.079004+00:00
1176182,2451,3234838,"GARCIA FONSECA, CARLOS",57,57,100,amarilla,True,https://www.rffm.es/acta-partido/1176182,2026-08-09T02:28:48.079004+00:00
1176182,2594,809254,"MIRALLES FILIPPINI, PABLO",78,78,100,amarilla,False,https://www.rffm.es/acta-partido/1176182,2026-08-09T02:28:48.079004+00:00
1176182,2594,809254,"MIRALLES FILIPPINI, PABLO",85,85,100,amarilla,True,https://www.rffm.es/acta-partido/1176182,2026-08-09T02:28:48.079004+00:00
1176179,1174,330273,"ALONSO VILLAREJO, MARIO",17,17,100,amarilla,False,https://www.rffm.es/acta-partido/1176179,2026-08-09T02:28:48.119342+00:00
1176179,1174,6940358,"CIMA GARCIA, IVAN",32,32,100,amarilla,False,https://www.rffm.es/acta-partido/1176179,2026-08-09T02:28:48.119342+00:00
1176179,1174,330273,"ALONSO VILLAREJO, MARIO",44,44,100,amarilla,True,https://www.rffm.es/acta-partido/1176179,2026-08-09T02:28:48.119342+00:00
1176179,1174,6940358,"CIMA GARCIA, IVAN",44,44,100,amarilla,True,https://www.rffm.es/acta-partido/1176179,2026-08-09T02:28:48.119342+00:00
1176179,444,12769,"SANCHEZ TEJADA, ALEJANDRO",73,73,101,roja,False,https://www.rffm.es/acta-partido/1176179,2026-08-09T02:28:48.119342+00:00
1176179,444,28892,"CORTES HERRERO, FELIPE ALEJANDRO",73,73,101,roja,False,https://www.rffm.es/acta-partido/1176179,2026-08-09T02:28:48.119342+00:00
1176187,370,241990,"CABADAS ESTEBAN, JUAN CARLOS",15,15,100,amarilla,False,https://www.rffm.es/acta-partido/1176187,2026-08-09T02:28:48.960760+00:00
1176187,370,241990,"CABADAS ESTEBAN, JUAN CARLOS",26,26,100,amarilla,True,https://www.rffm.es/acta-partido/1176187,2026-08-09T02:28:48.960760+00:00
1176187,370,18782,"DEL OLMO GUTIERREZ, ALVARO",27,27,100,amarilla,False,https://www.rffm.es/acta-partido/1176187,2026-08-09T02:28:48.960760+00:00
1176187,370,18782,"DEL OLMO GUTIERREZ, ALVARO",85,85,100,amarilla,True,https://www.rffm.es/acta-partido/1176187,2026-08-09T02:28:48.960760+00:00
1176178,370,20610,"GUTIERREZ MOZO, ALBERTO",70,70,101,roja,False,https://www.rffm.es/acta-partido/1176178,2026-08-09T02:28:48.969560+00:00
1176178,370,236184,"RODRIGUEZ GARCIA, HUGO",78,78,100,amarilla,False,https://www.rffm.es/acta-partido/1176178,2026-08-09T02:28:48.969560+00:00
1176178,370,236184,"RODRIGUEZ GARCIA, HUGO",84,84,100,amarilla,True,https://www.rffm.es/acta-partido/1176178,2026-08-09T02:28:48.969560+00:00
1176181,1532,20286,"BARRAL GARRIDO, VICTOR",77,77,100,amarilla,False,https://www.rffm.es/acta-partido/1176181,2026-08-09T02:28:48.972763+00:00
1176181,1532,20286,"BARRAL GARRIDO, VICTOR",89,89,100,amarilla,True,https://www.rffm.es/acta-partido/1176181,2026-08-09T02:28:48.972763+00:00
1176188,444,3066228,"ZAMORANO GONZALEZ, JUAN",81,81,100,amarilla,False,https://www.rffm.es/acta-partido/1176188,2026-08-09T02:28:49.225964+00:00
1176188,444,3066228,"ZAMORANO GONZALEZ, JUAN",81,81,100,amarilla,False,https://www.rffm.es/acta-partido/1176188,2026-08-09T02:28:49.225964+00:00
1176185,106,944107,"RECALDE JIMENEZ, IGNACIO",38,38,100,amarilla,False,https://www.rffm.es/acta-partido/1176185,2026-08-09T02:28:50.064360+00:00
1176185,106,944107,"RECALDE JIMENEZ, IGNACIO",63,63,100,amarilla,True,https://www.rffm.es/acta-partido/1176185,2026-08-09T02:28:50.064360+00:00
1176185,656,7572692,"MELERO CASTILLO, OSCAR",45,45,101,roja,False,https://www.rffm.es/acta-partido/1176185,2026-08-09T02:28:50.064360+00:00
1176185,656,118422,"TORRECILLA GODOY, RAUL",55,55,101,roja,False,https://www.rffm.es/acta-partido/1176185,2026-08-09T02:28:50.064360+00:00
1176198,1174,330273,"ALONSO VILLAREJO, MARIO",50,50,100,amarilla,False,https://www.rffm.es/acta-partido/1176198,2026-08-09T02:28:50.702184+00:00
1176198,1174,346152,"ROA NASARRE, CARLOS",64,64,100,amarilla,False,https://www.rffm.es/acta-partido/1176198,2026-08-09T02:28:50.702184+00:00
1176198,1174,20968,"ARROYO PERICO, ALEJANDRO",89,89,100,amarilla,False,https://www.rffm.es/acta-partido/1176198,2026-08-09T02:28:50.702184+00:00
1176198,1532,238154,"DOUTERELO DE LA CONCEPCION, SERGIO",54,54,100,amarilla,False,https://www.rffm.es/acta-partido/1176198,2026-08-09T02:28:50.702184+00:00
1176196,546,28585,"SANCHEZ RODRIGUEZ, ESTEBAN",89,89,101,roja,False,https://www.rffm.es/acta-partido/1176196,2026-08-09T02:28:50.899351+00:00
1176196,444,75470,"REDONDO QUINTERO, SERGIO",53,53,100,amarilla,False,https://www.rffm.es/acta-partido/1176196,2026-08-09T02:28:50.899351+00:00
1176196,444,75470,"REDONDO QUINTERO, SERGIO",89,89,100,amarilla,True,https://www.rffm.es/acta-partido/1176196,2026-08-09T02:28:50.899351+00:00
1176195,370,20853,"LORCA SANCHEZ, CARLOS SEBASTIAN",75,75,101,roja,False,https://www.rffm.es/acta-partido/1176195,2026-08-09T02:28:51.122296+00:00
1176202,438,241918,"RODRIGUEZ PEREZ, RODRIGO",78,78,100,amarilla,False,https://www.rffm.es/acta-partido/1176202,2026-08-09T02:28:51.332235+00:00
1176202,438,241918,"RODRIGUEZ PEREZ, RODRIGO",79,79,100,amarilla,True,https://www.rffm.es/acta-partido/1176202,2026-08-09T02:28:51.332235+00:00
1176202,438,183902,"CASADO PAJARES, JOSE ENRIQUE",80,80,100,amarilla,False,https://www.rffm.es/acta-partido/1176202,2026-08-09T02:28:51.332235+00:00
1176202,438,183902,"CASADO PAJARES, JOSE ENRIQUE",89,89,100,amarilla,True,https://www.rffm.es/acta-partido/1176202,2026-08-09T02:28:51.332235+00:00
1176199,2594,10989364,"GARCIA RENILLA, CRISTIAN",89,89,101,roja,False,https://www.rffm.es/acta-partido/1176199,2026-08-09T02:28:51.338300+00:00
1176194,2027,129439,"GARCIA GONZALEZ, JAVIER",41,41,100,amarilla,False,https://www.rffm.es/acta-partido/1176194,2026-08-09T02:28:51.347794+00:00
1176194,2027,129439,"GARCIA GONZALEZ, JAVIER",41,41,100,amarilla,False,https://www.rffm.es/acta-partido/1176194,2026-08-09T02:28:51.347794+00:00
1176194,2027,133940,"CEREZO MARTINEZ, CARLOS",44,44,100,amarilla,False,https://www.rffm.es/acta-partido/1176194,2026-08-09T02:28:51.347794+00:00
1176194,2027,133940,"CEREZO MARTINEZ, CARLOS",62,62,100,amarilla,True,https://www.rffm.es/acta-partido/1176194,2026-08-09T02:28:51.347794+00:00
1176203,656,6545881,"MADRID CASARRUBIOS, MIGUEL",67,67,101,roja,False,https://www.rffm.es/acta-partido/1176203,2026-08-09T02:28:51.548902+00:00
1176203,656,7572692,"MELERO CASTILLO, OSCAR",67,67,101,roja,False,https://www.rffm.es/acta-partido/1176203,2026-08-09T02:28:51.548902+00:00
1176203,656,141008,"MORENO MOLINA, ALFREDO",999,999,101,roja,False,https://www.rffm.es/acta-partido/1176203,2026-08-09T02:28:51.548902+00:00
1176204,370,65162,"GOMEZ NUÑO, AITOR",89,89,101,roja,False,https://www.rffm.es/acta-partido/1176204,2026-08-09T02:28:51.936603+00:00
1176206,2364,13477744,"TORES GARCIA, RAUL",89,89,101,roja,False,https://www.rffm.es/acta-partido/1176206,2026-08-09T02:28:52.554311+00:00
1176208,1174,6940358,"CIMA GARCIA, IVAN",85,85,101,roja,False,https://www.rffm.es/acta-partido/1176208,2026-08-09T02:28:52.745901+00:00
1176205,444,11082522,"HIDALGO ALVAREZ, JOSÉ MARIA",89,89,101,roja,False,https://www.rffm.es/acta-partido/1176205,2026-08-09T02:28:53.023585+00:00
1176205,444,150849,"MARTINEZ RINCON, DANIEL",89,89,100,amarilla,False,https://www.rffm.es/acta-partido/1176205,2026-08-09T02:28:53.023585+00:00
1176205,444,150849,"MARTINEZ RINCON, DANIEL",999,999,100,amarilla,True,https://www.rffm.es/acta-partido/1176205,2026-08-09T02:28:53.023585+00:00
1176218,846890,73361,"PUA DOMINGO, RUBEN",10,10,100,amarilla,False,https://www.rffm.es/acta-partido/1176218,2026-08-09T02:28:53.164975+00:00
1176218,846890,13482891,"DE LA MORENA BORJAS, MARCOS",49,49,100,amarilla,False,https://www.rffm.es/acta-partido/1176218,2026-08-09T02:28:53.164975+00:00
1176218,846890,1049242,"VARA LOPEZ, ALVARO",85,85,100,amarilla,False,https://www.rffm.es/acta-partido/1176218,2026-08-09T02:28:53.164975+00:00
1176218,256,172399,"FERNANDEZ JURADO, JAIME",44,44,100,amarilla,False,https://www.rffm.es/acta-partido/1176218,2026-08-09T02:28:53.164975+00:00
1176218,256,188185,"JIMENEZ SANCHEZ, MIGUEL",69,69,100,amarilla,False,https://www.rffm.es/acta-partido/1176218,2026-08-09T02:28:53.164975+00:00
1176217,1174,2375129,"CRUZ ORTEGA, IVAN",90,90,101,roja,False,https://www.rffm.es/acta-partido/1176217,2026-08-09T02:28:53.231889+00:00
1176212,370,863117,"HERRADON DIAZ, ALVARO",30,30,101,roja,False,https://www.rffm.es/acta-partido/1176212,2026-08-09T02:28:54.083372+00:00
1176222,444,28892,"CORTES HERRERO, FELIPE ALEJANDRO",73,73,100,amarilla,False,https://www.rffm.es/acta-partido/1176222,2026-08-09T02:28:54.820663+00:00
1176222,444,28892,"CORTES HERRERO, FELIPE ALEJANDRO",89,89,100,amarilla,True,https://www.rffm.es/acta-partido/1176222,2026-08-09T02:28:54.820663+00:00
1176222,2027,5395321,"ARIAS GONZALEZ, ROBERTO",89,89,101,roja,False,https://www.rffm.es/acta-partido/1176222,2026-08-09T02:28:54.820663+00:00
1176223,106,832289,"ARANDA PULIDO, ALEJANDRO",35,35,100,amarilla,False,https://www.rffm.es/acta-partido/1176223,2026-08-09T02:28:55.391662+00:00
1176223,106,832289,"ARANDA PULIDO, ALEJANDRO",38,38,100,amarilla,True,https://www.rffm.es/acta-partido/1176223,2026-08-09T02:28:55.391662+00:00
1176227,1174,6940358,"CIMA GARCIA, IVAN",61,61,100,amarilla,False,https://www.rffm.es/acta-partido/1176227,2026-08-09T02:28:55.666281+00:00
1176227,1174,6940358,"CIMA GARCIA, IVAN",89,89,100,amarilla,True,https://www.rffm.es/acta-partido/1176227,2026-08-09T02:28:55.666281+00:00
1176228,438,32582,"SANZ DIAZ, GONZALO",78,78,100,amarilla,False,https://www.rffm.es/acta-partido/1176228,2026-08-09T02:28:55.672966+00:00
1176228,438,32582,"SANZ DIAZ, GONZALO",78,78,100,amarilla,False,https://www.rffm.es/acta-partido/1176228,2026-08-09T02:28:55.672966+00:00
1176237,2451,241129,"ESCUDERO MOLINA, PEDRO",24,24,100,amarilla,False,https://www.rffm.es/acta-partido/1176237,2026-08-09T02:28:56.438077+00:00
1176237,2451,241129,"ESCUDERO MOLINA, PEDRO",42,42,100,amarilla,True,https://www.rffm.es/acta-partido/1176237,2026-08-09T02:28:56.438077+00:00
1176231,2364,616767,"CORREA, KAOUR CHRISTIAN",32,32,100,amarilla,False,https://www.rffm.es/acta-partido/1176231,2026-08-09T02:28:56.708293+00:00
1176231,2364,3755181,"ROJO GARCIA, FRANCISCO ALBERTO",40,40,101,roja,False,https://www.rffm.es/acta-partido/1176231,2026-08-09T02:28:56.708293+00:00
1176231,2364,616767,"CORREA, KAOUR CHRISTIAN",64,64,100,amarilla,True,https://www.rffm.es/acta-partido/1176231,2026-08-09T02:28:56.708293+00:00
1176235,2728977,1203134,"BARTOLOME DE LA MOTA, DANIEL",87,87,100,amarilla,False,https://www.rffm.es/acta-partido/1176235,2026-08-09T02:28:57.783892+00:00
1176235,2728977,1203134,"BARTOLOME DE LA MOTA, DANIEL",89,89,100,amarilla,True,https://www.rffm.es/acta-partido/1176235,2026-08-09T02:28:57.783892+00:00
1176235,2728977,4431,"BARTOLOME TEJEDOR, GREGORIO",90,90,101,roja,False,https://www.rffm.es/acta-partido/1176235,2026-08-09T02:28:57.783892+00:00
1176255,1032104,572912,"HERNANDEZ MARTINEZ, PABLO",44,44,101,roja,False,https://www.rffm.es/acta-partido/1176255,2026-08-09T02:28:58.987591+00:00
1176249,1532,226493,"RUIZ NUÑEZ, ALVARO",88,88,100,amarilla,False,https://www.rffm.es/acta-partido/1176249,2026-08-09T02:28:59.239668+00:00
1176249,1532,226493,"RUIZ NUÑEZ, ALVARO",89,89,100,amarilla,True,https://www.rffm.es/acta-partido/1176249,2026-08-09T02:28:59.239668+00:00
1176249,1532,5210379,"TOLEDANO TOLEDANO, RAUL",999,999,101,roja,False,https://www.rffm.es/acta-partido/1176249,2026-08-09T02:28:59.239668+00:00
1176253,438,19415768,"ALONSO BARRADO, ALBERTO",57,57,101,roja,False,https://www.rffm.es/acta-partido/1176253,2026-08-09T02:28:59.304285+00:00
1176256,846890,29499,"MARTINEZ SALMERON, GONZALO",36,36,101,roja,False,https://www.rffm.es/acta-partido/1176256,2026-08-09T02:28:59.309114+00:00
1176251,106,152611,"BORIA BARRERA, JUAN",76,76,101,roja,False,https://www.rffm.es/acta-partido/1176251,2026-08-09T02:29:00.294377+00:00
1176251,1024,178270,"SÁNCHEZ GARCÍA, ALEJANDRO",76,76,101,roja,False,https://www.rffm.es/acta-partido/1176251,2026-08-09T02:29:00.294377+00:00
1176262,1024,3233186,"JIMENEZ MAIQUEZ, RAFAEL",86,86,101,roja,False,https://www.rffm.es/acta-partido/1176262,2026-08-09T02:29:00.392808+00:00
1176264,444,2315561,"MARTIN CONTRERAS, ALVARO",43,43,100,amarilla,False,https://www.rffm.es/acta-partido/1176264,2026-08-09T02:29:01.458254+00:00
1176264,444,11082522,"HIDALGO ALVAREZ, JOSÉ MARIA",67,67,100,amarilla,False,https://www.rffm.es/acta-partido/1176264,2026-08-09T02:29:01.458254+00:00
1176264,444,11082522,"HIDALGO ALVAREZ, JOSÉ MARIA",71,71,100,amarilla,True,https://www.rffm.es/acta-partido/1176264,2026-08-09T02:29:01.458254+00:00
1176264,444,2315561,"MARTIN CONTRERAS, ALVARO",80,80,100,amarilla,True,https://www.rffm.es/acta-partido/1176264,2026-08-09T02:29:01.458254+00:00
1176268,546,125917,"MOLINO BAENA, JORGE",90,90,100,amarilla,False,https://www.rffm.es/acta-partido/1176268,2026-08-09T02:29:01.724342+00:00
1176268,546,125917,"MOLINO BAENA, JORGE",90,90,100,amarilla,False,https://www.rffm.es/acta-partido/1176268,2026-08-09T02:29:01.724342+00:00
1176266,656,7572692,"MELERO CASTILLO, OSCAR",58,58,100,amarilla,False,https://www.rffm.es/acta-partido/1176266,2026-08-09T02:29:01.814039+00:00
1176266,656,7572692,"MELERO CASTILLO, OSCAR",89,89,100,amarilla,True,https://www.rffm.es/acta-partido/1176266,2026-08-09T02:29:01.814039+00:00
1176266,1174,6940358,"CIMA GARCIA, IVAN",38,38,100,amarilla,False,https://www.rffm.es/acta-partido/1176266,2026-08-09T02:29:01.814039+00:00
1176266,1174,9475560,"PLAZA SAEZ, GONZALO",38,38,100,amarilla,False,https://www.rffm.es/acta-partido/1176266,2026-08-09T02:29:01.814039+00:00
1176267,846890,126510,"CARRASCO LOBA, VICTOR",50,50,100,amarilla,False,https://www.rffm.es/acta-partido/1176267,2026-08-09T02:29:01.925537+00:00
1176267,846890,126510,"CARRASCO LOBA, VICTOR",55,55,100,amarilla,True,https://www.rffm.es/acta-partido/1176267,2026-08-09T02:29:01.925537+00:00
1176267,846890,10044962,"RIBERA GARCIA, JORGE",83,83,100,amarilla,False,https://www.rffm.es/acta-partido/1176267,2026-08-09T02:29:01.925537+00:00
1176267,846890,10044962,"RIBERA GARCIA, JORGE",89,89,100,amarilla,True,https://www.rffm.es/acta-partido/1176267,2026-08-09T02:29:01.925537+00:00
1176272,1024,178270,"SÁNCHEZ GARCÍA, ALEJANDRO",89,89,101,roja,False,https://www.rffm.es/acta-partido/1176272,2026-08-09T02:29:02.691843+00:00
1176270,438,323969,"GRECIANO ROCHA, JORGE",50,50,100,amarilla,False,https://www.rffm.es/acta-partido/1176270,2026-08-09T02:29:03.181026+00:00
1176270,438,323969,"GRECIANO ROCHA, JORGE",89,89,100,amarilla,True,https://www.rffm.es/acta-partido/1176270,2026-08-09T02:29:03.181026+00:00
1176279,2027,232328,"HUERTAS ALARCON, CARLOS",62,62,100,amarilla,False,https://www.rffm.es/acta-partido/1176279,2026-08-09T02:29:04.010010+00:00
1176279,2027,9076196,"PARRA ARTAL, ALVARO",77,77,100,amarilla,False,https://www.rffm.es/acta-partido/1176279,2026-08-09T02:29:04.010010+00:00
1176279,2027,232328,"HUERTAS ALARCON, CARLOS",82,82,100,amarilla,True,https://www.rffm.es/acta-partido/1176279,2026-08-09T02:29:04.010010+00:00
1176279,438,730521,"MORENO GARCIA, ALEJANDRO",40,40,100,amarilla,False,https://www.rffm.es/acta-partido/1176279,2026-08-09T02:29:04.010010+00:00
1176279,438,127984,"REVIEJO HERRERO, SERGIO",50,50,101,roja,False,https://www.rffm.es/acta-partido/1176279,2026-08-09T02:29:04.010010+00:00
1176279,438,183902,"CASADO PAJARES, JOSE ENRIQUE",84,84,100,amarilla,False,https://www.rffm.es/acta-partido/1176279,2026-08-09T02:29:04.010010+00:00
1176278,106,241960,"ESTAPE MENDAÑA, JORDI",89,89,101,roja,False,https://www.rffm.es/acta-partido/1176278,2026-08-09T02:29:04.199850+00:00
1176285,546,28585,"SANCHEZ RODRIGUEZ, ESTEBAN",32,32,100,amarilla,False,https://www.rffm.es/acta-partido/1176285,2026-08-09T02:29:04.289041+00:00
1176285,546,28585,"SANCHEZ RODRIGUEZ, ESTEBAN",90,90,100,amarilla,True,https://www.rffm.es/acta-partido/1176285,2026-08-09T02:29:04.289041+00:00
1176286,479,17208002,"SANCHEZ HINIESTO, SERGIO",60,60,100,amarilla,False,https://www.rffm.es/acta-partido/1176286,2026-08-09T02:29:05.119354+00:00
1176286,479,17208002,"SANCHEZ HINIESTO, SERGIO",90,90,100,amarilla,True,https://www.rffm.es/acta-partido/1176286,2026-08-09T02:29:05.119354+00:00
1176286,479,5236478,"DIAZ DEL CAMPO APARICIO, JOSE CARLOS",90,90,101,roja,False,https://www.rffm.es/acta-partido/1176286,2026-08-09T02:29:05.119354+00:00
1176291,2364,179726,"ARRIBAS PASCUAL, MANUEL",85,85,101,roja,False,https://www.rffm.es/acta-partido/1176291,2026-08-09T02:29:05.566091+00:00
1176290,256,239344,"BLANCO LOPEZ, IKER",17,17,100,amarilla,False,https://www.rffm.es/acta-partido/1176290,2026-08-09T02:29:05.576412+00:00
1176290,256,239344,"BLANCO LOPEZ, IKER",89,89,100,amarilla,True,https://www.rffm.es/acta-partido/1176290,2026-08-09T02:29:05.576412+00:00
1176290,256,93168,"GALLARDO GRANERO, FRANCISCO",89,89,101,roja,False,https://www.rffm.es/acta-partido/1176290,2026-08-09T02:29:05.576412+00:00
1176294,479,2303124,"GONZALEZ CARRERA, VICTOR",64,64,101,roja,False,https://www.rffm.es/acta-partido/1176294,2026-08-09T02:29:06.370148+00:00
1176301,2594,222788,"GARCIA GARCIA, AGUSTIN",59,59,100,amarilla,False,https://www.rffm.es/acta-partido/1176301,2026-08-09T02:29:06.721769+00:00
1176301,656,729513,"LAZARO MAZARIEGOS, CIRO",35,35,100,amarilla,False,https://www.rffm.es/acta-partido/1176301,2026-08-09T02:29:06.721769+00:00
1176301,656,226811,"DIAZ MASEDA, ALBERTO",37,37,100,amarilla,False,https://www.rffm.es/acta-partido/1176301,2026-08-09T02:29:06.721769+00:00
1176304,106,53873,"OLALLA FERNANDEZ, JUAN JOSE",53,53,101,roja,False,https://www.rffm.es/acta-partido/1176304,2026-08-09T02:29:07.589416+00:00
1176306,370,151600,"POISON RODRIGUEZ, ADRIAN",37,37,100,amarilla,False,https://www.rffm.es/acta-partido/1176306,2026-08-09T02:29:07.644387+00:00
1176306,370,151600,"POISON RODRIGUEZ, ADRIAN",41,41,100,amarilla,True,https://www.rffm.es/acta-partido/1176306,2026-08-09T02:29:07.644387+00:00
1176302,656,152989,"MOLINA MARTINEZ, JORGE",80,80,100,amarilla,False,https://www.rffm.es/acta-partido/1176302,2026-08-09T02:29:08.006039+00:00
1176302,656,118422,"TORRECILLA GODOY, RAUL",89,89,101,roja,False,https://www.rffm.es/acta-partido/1176302,2026-08-09T02:29:08.006039+00:00
1176302,656,729513,"LAZARO MAZARIEGOS, CIRO",89,89,100,amarilla,False,https://www.rffm.es/acta-partido/1176302,2026-08-09T02:29:08.006039+00:00
1176302,656,729513,"LAZARO MAZARIEGOS, CIRO",89,89,100,amarilla,False,https://www.rffm.es/acta-partido/1176302,2026-08-09T02:29:08.006039+00:00
1176302,656,152989,"MOLINA MARTINEZ, JORGE",999,999,100,amarilla,True,https://www.rffm.es/acta-partido/1176302,2026-08-09T02:29:08.006039+00:00
1176308,438,643267,"BUCETA FERRANDEZ, PABLO",89,89,101,roja,False,https://www.rffm.es/acta-partido/1176308,2026-08-09T02:29:08.087882+00:00
1176309,256,188185,"JIMENEZ SANCHEZ, MIGUEL",25,25,100,amarilla,False,https://www.rffm.es/acta-partido/1176309,2026-08-09T02:29:08.093352+00:00
1176309,256,188185,"JIMENEZ SANCHEZ, MIGUEL",89,89,100,amarilla,True,https://www.rffm.es/acta-partido/1176309,2026-08-09T02:29:08.093352+00:00
1176309,256,11288396,"SANZ DE ARCE, JOSE IGNACIO",89,89,101,roja,False,https://www.rffm.es/acta-partido/1176309,2026-08-09T02:29:08.093352+00:00
1176309,256,11225932,"PEREIRA ORONS, JOSE MANUEL",89,89,101,roja,False,https://www.rffm.es/acta-partido/1176309,2026-08-09T02:29:08.093352+00:00
1176303,479,9270141,"ACOSTA NUÑEZ, TIAGO ALBERTO",30,30,100,amarilla,False,https://www.rffm.es/acta-partido/1176303,2026-08-09T02:29:08.848979+00:00
1176303,479,9270141,"ACOSTA NUÑEZ, TIAGO ALBERTO",76,76,100,amarilla,True,https://www.rffm.es/acta-partido/1176303,2026-08-09T02:29:08.848979+00:00
1176415,1245,20991,"MUÑIZ GUTIERREZ, RODRIGO",22,22,100,amarilla,False,https://www.rffm.es/acta-partido/1176415,2026-08-09T02:29:10.529512+00:00
1176415,1245,3479994,"TRUJILLO GARCIA, JUAN CARLOS",65,65,100,amarilla,False,https://www.rffm.es/acta-partido/1176415,2026-08-09T02:29:10.529512+00:00
1176415,788,52647,"PLAZA DIAZ, JOSE ANTONIO",57,57,100,amarilla,False,https://www.rffm.es/acta-partido/1176415,2026-08-09T02:29:10.529512+00:00
1176415,788,107214,"HERNANDEZ APARICIO, EDUARDO",89,89,100,amarilla,False,https://www.rffm.es/acta-partido/1176415,2026-08-09T02:29:10.529512+00:00
1176411,680891,2756619,"RUIZ TROMPETA, MIGUEL ANGEL",22,22,100,amarilla,False,https://www.rffm.es/acta-partido/1176411,2026-08-09T02:29:10.835364+00:00
1176411,680891,108080,"GRANADOS DELGADO, ADRIAN",48,48,100,amarilla,False,https://www.rffm.es/acta-partido/1176411,2026-08-09T02:29:10.835364+00:00
1176411,680891,231922,"ALONSO MARTINEZ, VICTOR JUAN",79,79,100,amarilla,False,https://www.rffm.es/acta-partido/1176411,2026-08-09T02:29:10.835364+00:00
1176411,680891,107147,"VAZQUEZ SANCHEZ, JOSUE",89,89,100,amarilla,False,https://www.rffm.es/acta-partido/1176411,2026-08-09T02:29:10.835364+00:00
1176411,1991,108172,"GUERRERO DELGADO, OSCAR",32,32,100,amarilla,False,https://www.rffm.es/acta-partido/1176411,2026-08-09T02:29:10.835364+00:00
1176411,1991,386460,"ROMERO MONTES, DANIEL",81,81,100,amarilla,False,https://www.rffm.es/acta-partido/1176411,2026-08-09T02:29:10.835364+00:00
1176411,1991,9477941,"SANTOS ORTEGA, MIKEL",89,89,100,amarilla,False,https://www.rffm.es/acta-partido/1176411,2026-08-09T02:29:10.835364+00:00
1176422,424,86620,"SOLER LORENZO, ALBERTO",89,89,100,amarilla,False,https://www.rffm.es/acta-partido/1176422,2026-08-09T02:29:11.600291+00:00
1176422,424,86620,"SOLER LORENZO, ALBERTO",89,89,100,amarilla,False,https://www.rffm.es/acta-partido/1176422,2026-08-09T02:29:11.600291+00:00
1176422,1006,734793,"LLANO VARGAS, DANIEL",68,68,100,amarilla,False,https://www.rffm.es/acta-partido/1176422,2026-08-09T02:29:11.600291+00:00
1176422,1006,734793,"LLANO VARGAS, DANIEL",82,82,100,amarilla,True,https://www.rffm.es/acta-partido/1176422,2026-08-09T02:29:11.600291+00:00
1176433,3195,109174,"SANCHEZ VERDUGO, MARIO",33,33,100,amarilla,False,https://www.rffm.es/acta-partido/1176433,2026-08-09T02:29:13.061142+00:00
1176433,3195,109174,"SANCHEZ VERDUGO, MARIO",75,75,100,amarilla,True,https://www.rffm.es/acta-partido/1176433,2026-08-09T02:29:13.061142+00:00
1176436,495,78549,"CEBALLOS GOÑI, JORGE",66,66,101,roja,False,https://www.rffm.es/acta-partido/1176436,2026-08-09T02:29:13.529304+00:00
1176437,1991,66527,"LOPEZ DE LA RICA GARCIA, FRANCISCO",39,39,100,amarilla,False,https://www.rffm.es/acta-partido/1176437,2026-08-09T02:29:14.020107+00:00
1176437,1991,66527,"LOPEZ DE LA RICA GARCIA, FRANCISCO",41,41,100,amarilla,True,https://www.rffm.es/acta-partido/1176437,2026-08-09T02:29:14.020107+00:00
1176445,495,147886,"NARRO URONES, ANTONIO",50,50,100,amarilla,False,https://www.rffm.es/acta-partido/1176445,2026-08-09T02:29:14.026086+00:00
1176445,495,2346804,"RAMIREZ JIMENEZ, JOAQUIN",57,57,100,amarilla,False,https://www.rffm.es/acta-partido/1176445,2026-08-09T02:29:14.026086+00:00
1176450,1006,71613,"GARCIA CORTES, BORJA",67,67,101,roja,False,https://www.rffm.es/acta-partido/1176450,2026-08-09T02:29:15.170645+00:00
1176449,680891,108080,"GRANADOS DELGADO, ADRIAN",89,89,101,roja,False,https://www.rffm.es/acta-partido/1176449,2026-08-09T02:29:15.179980+00:00
1176449,788,118409,"MURILLO RUIZ, MARIO",25,25,101,roja,False,https://www.rffm.es/acta-partido/1176449,2026-08-09T02:29:15.179980+00:00
1176455,1617,309017,"GARCIA HERNANDEZ, JUAN JOSE",60,60,101,roja,False,https://www.rffm.es/acta-partido/1176455,2026-08-09T02:29:16.442550+00:00
1176463,117,14182,"AVILA BERMEJO, ROBERTO",999,999,101,roja,False,https://www.rffm.es/acta-partido/1176463,2026-08-09T02:29:16.694214+00:00
1176463,1245,3479994,"TRUJILLO GARCIA, JUAN CARLOS",999,999,101,roja,False,https://www.rffm.es/acta-partido/1176463,2026-08-09T02:29:16.694214+00:00
1176454,1617,186879,"LOPEZ LOPEZ, ALBERTO",67,67,100,amarilla,False,https://www.rffm.es/acta-partido/1176454,2026-08-09T02:29:16.797663+00:00
1176454,1617,186879,"LOPEZ LOPEZ, ALBERTO",89,89,100,amarilla,True,https://www.rffm.es/acta-partido/1176454,2026-08-09T02:29:16.797663+00:00
1176454,117,574302,"VALLE RUIZ, GONZALO",38,38,100,amarilla,False,https://www.rffm.es/acta-partido/1176454,2026-08-09T02:29:16.797663+00:00
1176454,117,574302,"VALLE RUIZ, GONZALO",41,41,100,amarilla,True,https://www.rffm.es/acta-partido/1176454,2026-08-09T02:29:16.797663+00:00
1176460,6827065,90538,"GARCIA ROJO, RUBEN",78,78,101,roja,False,https://www.rffm.es/acta-partido/1176460,2026-08-09T02:29:17.697993+00:00
1176460,1006,155750,"CAMARA GONZALEZ, JUAN JOSE",42,42,100,amarilla,False,https://www.rffm.es/acta-partido/1176460,2026-08-09T02:29:17.697993+00:00
1176460,1006,155750,"CAMARA GONZALEZ, JUAN JOSE",82,82,100,amarilla,True,https://www.rffm.es/acta-partido/1176460,2026-08-09T02:29:17.697993+00:00
1176467,2278108,11078769,"LLORENTE PONS, FRANCISCO JAVIER",92,92,101,roja,False,https://www.rffm.es/acta-partido/1176467,2026-08-09T02:29:20.148916+00:00
1176467,3195,6398027,"PRIETO ARIAS, BORJA",92,92,101,roja,False,https://www.rffm.es/acta-partido/1176467,2026-08-09T02:29:20.148916+00:00
1176479,495,67388,"JIMENEZ MUÑOZ, LUIS ALBERTO",25,25,100,amarilla,False,https://www.rffm.es/acta-partido/1176479,2026-08-09T02:29:20.173040+00:00
1176479,495,67388,"JIMENEZ MUÑOZ, LUIS ALBERTO",35,35,100,amarilla,True,https://www.rffm.es/acta-partido/1176479,2026-08-09T02:29:20.173040+00:00
1176487,495,184794,"NUÑEZ GUTIERREZ, JAVIER",73,73,101,roja,False,https://www.rffm.es/acta-partido/1176487,2026-08-09T02:29:21.955891+00:00
1176498,1245,243715,"ALBERDI CUEVAS, ALVARO",63,63,101,roja,False,https://www.rffm.es/acta-partido/1176498,2026-08-09T02:29:22.673123+00:00
1176496,495,10264744,"MORALES MANZANARES, SERGIO",999,999,101,roja,False,https://www.rffm.es/acta-partido/1176496,2026-08-09T02:29:23.268278+00:00
1176496,2278108,318885,"ALONSO CARRIAZO RODRIGUEZ, RODRIGO JAVIER",11,11,100,amarilla,False,https://www.rffm.es/acta-partido/1176496,2026-08-09T02:29:23.268278+00:00
1176496,2278108,318885,"ALONSO CARRIAZO RODRIGUEZ, RODRIGO JAVIER",999,999,100,amarilla,True,https://www.rffm.es/acta-partido/1176496,2026-08-09T02:29:23.268278+00:00
1176493,3195,170503,"VALDIVIA PORTERO, SERGIO",37,37,100,amarilla,False,https://www.rffm.es/acta-partido/1176493,2026-08-09T02:29:23.273893+00:00
1176493,3195,170503,"VALDIVIA PORTERO, SERGIO",81,81,100,amarilla,True,https://www.rffm.es/acta-partido/1176493,2026-08-09T02:29:23.273893+00:00
1176493,2856,13649,"ESTEBAN SANZ, DAVID",27,27,100,amarilla,False,https://www.rffm.es/acta-partido/1176493,2026-08-09T02:29:23.273893+00:00
1176493,2856,13649,"ESTEBAN SANZ, DAVID",81,81,100,amarilla,True,https://www.rffm.es/acta-partido/1176493,2026-08-09T02:29:23.273893+00:00
1176507,1006,174134,"DIAZ CORRAL, ZEUS",69,69,101,roja,False,https://www.rffm.es/acta-partido/1176507,2026-08-09T02:29:23.922640+00:00
1176501,424,374709,"LOPEZ PUERTO, FERNANDO",67,67,101,roja,False,https://www.rffm.es/acta-partido/1176501,2026-08-09T02:29:24.619644+00:00
1176501,3195,386012,"PACHECO IGUAZ, VICTOR",89,89,101,roja,False,https://www.rffm.es/acta-partido/1176501,2026-08-09T02:29:24.619644+00:00
1176504,495,180348,"MOLINA JIMENEZ, MAURICIO",60,60,100,amarilla,False,https://www.rffm.es/acta-partido/1176504,2026-08-09T02:29:24.657234+00:00
1176504,495,180348,"MOLINA JIMENEZ, MAURICIO",81,81,100,amarilla,True,https://www.rffm.es/acta-partido/1176504,2026-08-09T02:29:24.657234+00:00
1176505,2278108,5197981,"BATISTA NEGRIN, JAVIER",43,43,100,amarilla,False,https://www.rffm.es/acta-partido/1176505,2026-08-09T02:29:25.020540+00:00
1176505,2278108,5197981,"BATISTA NEGRIN, JAVIER",59,59,100,amarilla,True,https://www.rffm.es/acta-partido/1176505,2026-08-09T02:29:25.020540+00:00
1176509,788,30098,"MUÑOZ DELGADO, PABLO",41,41,101,roja,False,https://www.rffm.es/acta-partido/1176509,2026-08-09T02:29:25.103217+00:00
1176512,2856,243183,"RODRIGUEZ SALCES, JORGE",54,54,100,amarilla,False,https://www.rffm.es/acta-partido/1176512,2026-08-09T02:29:25.657126+00:00
1176512,2856,243183,"RODRIGUEZ SALCES, JORGE",78,78,100,amarilla,True,https://www.rffm.es/acta-partido/1176512,2026-08-09T02:29:25.657126+00:00
1176517,1006,71501,"SANCHEZ ANDRES, GUILLERMO",89,89,101,roja,False,https://www.rffm.es/acta-partido/1176517,2026-08-09T02:29:26.551167+00:00
1176510,300607,72325,"CARCHENILLA MORAN, JORGE",25,25,100,amarilla,False,https://www.rffm.es/acta-partido/1176510,2026-08-09T02:29:26.559614+00:00
1176510,300607,141787,"RAMIREZ ARROBA, ALBERTO",88,88,101,roja,False,https://www.rffm.es/acta-partido/1176510,2026-08-09T02:29:26.559614+00:00
1176510,300607,10906833,"VIÑAS TALENS, ALVARO",88,88,101,roja,False,https://www.rffm.es/acta-partido/1176510,2026-08-09T02:29:26.559614+00:00
1176510,300607,11130437,"CID LOSADA, RUBEN",88,88,101,roja,False,https://www.rffm.es/acta-partido/1176510,2026-08-09T02:29:26.559614+00:00
1176510,300607,72325,"CARCHENILLA MORAN, JORGE",89,89,100,amarilla,True,https://www.rffm.es/acta-partido/1176510,2026-08-09T02:29:26.559614+00:00
1176513,495,10960672,"KINOSHITA, TESSEI",89,89,101,roja,False,https://www.rffm.es/acta-partido/1176513,2026-08-09T02:29:26.560435+00:00
1176525,85,10915744,"DE ULIBARRI GROCIN, JORGE",89,89,101,roja,False,https://www.rffm.es/acta-partido/1176525,2026-08-09T02:29:27.048969+00:00
1176524,2089,627758,"NUÑEZ GOMEZ, IVAN",76,76,100,amarilla,False,https://www.rffm.es/acta-partido/1176524,2026-08-09T02:29:27.457751+00:00
1176524,2089,627758,"NUÑEZ GOMEZ, IVAN",89,89,100,amarilla,True,https://www.rffm.es/acta-partido/1176524,2026-08-09T02:29:27.457751+00:00
1176519,6827065,89153,"LORITE MARIN, JOSE",60,60,100,amarilla,False,https://www.rffm.es/acta-partido/1176519,2026-08-09T02:29:27.537613+00:00
1176519,6827065,89153,"LORITE MARIN, JOSE",76,76,100,amarilla,True,https://www.rffm.es/acta-partido/1176519,2026-08-09T02:29:27.537613+00:00
1176527,3195,3230237,"SOTELO FERRER, ADRIAN",22,22,100,amarilla,False,https://www.rffm.es/acta-partido/1176527,2026-08-09T02:29:28.301804+00:00
1176527,3195,3230237,"SOTELO FERRER, ADRIAN",45,45,100,amarilla,True,https://www.rffm.es/acta-partido/1176527,2026-08-09T02:29:28.301804+00:00
1176535,680891,108080,"GRANADOS DELGADO, ADRIAN",40,40,100,amarilla,False,https://www.rffm.es/acta-partido/1176535,2026-08-09T02:29:28.567042+00:00
1176535,680891,108080,"GRANADOS DELGADO, ADRIAN",85,85,100,amarilla,True,https://www.rffm.es/acta-partido/1176535,2026-08-09T02:29:28.567042+00:00
1176533,596,177301,"NUÑEZ DIAZ, JORGE",37,37,100,amarilla,False,https://www.rffm.es/acta-partido/1176533,2026-08-09T02:29:28.875155+00:00
1176533,596,177301,"NUÑEZ DIAZ, JORGE",89,89,100,amarilla,True,https://www.rffm.es/acta-partido/1176533,2026-08-09T02:29:28.875155+00:00
1176534,85,192772,"SAGERAS, PEDRO AUGUSTO",13,13,100,amarilla,False,https://www.rffm.es/acta-partido/1176534,2026-08-09T02:29:29.044377+00:00
1176534,85,192772,"SAGERAS, PEDRO AUGUSTO",59,59,100,amarilla,True,https://www.rffm.es/acta-partido/1176534,2026-08-09T02:29:29.044377+00:00
1176540,1245,20991,"MUÑIZ GUTIERREZ, RODRIGO",9,9,100,amarilla,False,https://www.rffm.es/acta-partido/1176540,2026-08-09T02:29:30.025647+00:00
1176540,1245,20991,"MUÑIZ GUTIERREZ, RODRIGO",54,54,100,amarilla,True,https://www.rffm.es/acta-partido/1176540,2026-08-09T02:29:30.025647+00:00
1176541,1991,66527,"LOPEZ DE LA RICA GARCIA, FRANCISCO",71,71,100,amarilla,False,https://www.rffm.es/acta-partido/1176541,2026-08-09T02:29:30.116994+00:00
1176541,1991,232224,"RODRIGUEZ LOPEZ, EDUARDO",75,75,100,amarilla,False,https://www.rffm.es/acta-partido/1176541,2026-08-09T02:29:30.116994+00:00
1176541,1991,66527,"LOPEZ DE LA RICA GARCIA, FRANCISCO",82,82,100,amarilla,True,https://www.rffm.es/acta-partido/1176541,2026-08-09T02:29:30.116994+00:00
1176541,1991,232224,"RODRIGUEZ LOPEZ, EDUARDO",84,84,100,amarilla,True,https://www.rffm.es/acta-partido/1176541,2026-08-09T02:29:30.116994+00:00
1176536,3195,142004,"LOPEZ LOPEZ, ANTONIO SACHARI",64,64,100,amarilla,False,https://www.rffm.es/acta-partido/1176536,2026-08-09T02:29:30.192790+00:00
1176536,3195,142004,"LOPEZ LOPEZ, ANTONIO SACHARI",76,76,100,amarilla,True,https://www.rffm.es/acta-partido/1176536,2026-08-09T02:29:30.192790+00:00
1176536,3195,170503,"VALDIVIA PORTERO, SERGIO",999,999,101,roja,False,https://www.rffm.es/acta-partido/1176536,2026-08-09T02:29:30.192790+00:00
1176536,6827065,580328,"GARCIA LOPEZ, JOSE MANUEL",39,39,101,roja,False,https://www.rffm.es/acta-partido/1176536,2026-08-09T02:29:30.192790+00:00
1176537,788,2314876,"DOBLADO VALLEJO, JESUS",84,84,101,roja,False,https://www.rffm.es/acta-partido/1176537,2026-08-09T02:29:31.009344+00:00
1176537,788,13484002,"BENSALAH PEREZ, BACHIR ANTONIO",85,85,101,roja,False,https://www.rffm.es/acta-partido/1176537,2026-08-09T02:29:31.009344+00:00
1176537,788,10876743,"BERENGENO CANTARERO, JESUS MANUEL",85,85,101,roja,False,https://www.rffm.es/acta-partido/1176537,2026-08-09T02:29:31.009344+00:00
1176552,1006,78102,"GARCIA BLAZQUEZ, JAVIER",25,25,100,amarilla,False,https://www.rffm.es/acta-partido/1176552,2026-08-09T02:29:31.268107+00:00
1176552,1006,78102,"GARCIA BLAZQUEZ, JAVIER",89,89,100,amarilla,True,https://www.rffm.es/acta-partido/1176552,2026-08-09T02:29:31.268107+00:00
1176552,596,194228,"DOS SANTOS SA LEAL, EDGAR ADRIANO",37,37,100,amarilla,False,https://www.rffm.es/acta-partido/1176552,2026-08-09T02:29:31.268107+00:00
1176552,596,194228,"DOS SANTOS SA LEAL, EDGAR ADRIANO",56,56,100,amarilla,True,https://www.rffm.es/acta-partido/1176552,2026-08-09T02:29:31.268107+00:00
1176549,1245,101245,"PARRA SERRANO, DAVID",44,44,100,amarilla,False,https://www.rffm.es/acta-partido/1176549,2026-08-09T02:29:31.487826+00:00
1176549,1245,330279,"OTERO SANCHEZ, DANIEL",54,54,100,amarilla,False,https://www.rffm.es/acta-partido/1176549,2026-08-09T02:29:31.487826+00:00
1176549,1245,5050756,"CELIS MORA, JUAN",89,89,100,amarilla,False,https://www.rffm.es/acta-partido/1176549,2026-08-09T02:29:31.487826+00:00
1176550,2856,13943,"SANCHEZ GONZALEZ, RUBEN",79,79,100,amarilla,False,https://www.rffm.es/acta-partido/1176550,2026-08-09T02:29:31.492474+00:00
1176550,2856,13943,"SANCHEZ GONZALEZ, RUBEN",89,89,100,amarilla,True,https://www.rffm.es/acta-partido/1176550,2026-08-09T02:29:31.492474+00:00
1176551,1991,657732,"GONZALEZ PUERTA, FIDEL",15,15,101,roja,False,https://www.rffm.es/acta-partido/1176551,2026-08-09T02:29:32.440240+00:00
1176560,1991,107070,"NAVEIRA SERIÑAN, SERGIO",34,34,100,amarilla,False,https://www.rffm.es/acta-partido/1176560,2026-08-09T02:29:32.861409+00:00
1176560,1991,386460,"ROMERO MONTES, DANIEL",80,80,101,roja,False,https://www.rffm.es/acta-partido/1176560,2026-08-09T02:29:32.861409+00:00
1176560,1991,107070,"NAVEIRA SERIÑAN, SERGIO",81,81,100,amarilla,True,https://www.rffm.es/acta-partido/1176560,2026-08-09T02:29:32.861409+00:00
1176560,1006,78076,"SALAZAR MARTIN, JUAN",80,80,101,roja,False,https://www.rffm.es/acta-partido/1176560,2026-08-09T02:29:32.861409+00:00
1176555,3195,981942,"GARCÍA RABASCO, FRANCISCO",45,45,100,amarilla,False,https://www.rffm.es/acta-partido/1176555,2026-08-09T02:29:33.430778+00:00
1176555,3195,981942,"GARCÍA RABASCO, FRANCISCO",45,45,101,roja,False,https://www.rffm.es/acta-partido/1176555,2026-08-09T02:29:33.430778+00:00
1176555,495,13482970,"CHIEFFO, LUCAS SEBASTIAN",49,49,100,amarilla,False,https://www.rffm.es/acta-partido/1176555,2026-08-09T02:29:33.430778+00:00
1176555,495,13482970,"CHIEFFO, LUCAS SEBASTIAN",72,72,100,amarilla,True,https://www.rffm.es/acta-partido/1176555,2026-08-09T02:29:33.430778+00:00
1176555,495,184794,"NUÑEZ GUTIERREZ, JAVIER",89,89,100,amarilla,False,https://www.rffm.es/acta-partido/1176555,2026-08-09T02:29:33.430778+00:00
1176555,495,184794,"NUÑEZ GUTIERREZ, JAVIER",89,89,100,amarilla,False,https://www.rffm.es/acta-partido/1176555,2026-08-09T02:29:33.430778+00:00
1176569,117,174302,"MORA SOTO, ALEJANDRO",36,36,100,amarilla,False,https://www.rffm.es/acta-partido/1176569,2026-08-09T02:29:34.449951+00:00
1176569,117,174302,"MORA SOTO, ALEJANDRO",84,84,100,amarilla,True,https://www.rffm.es/acta-partido/1176569,2026-08-09T02:29:34.449951+00:00
1176568,1245,243572,"SARDIÑA JIMENEZ, RAUL",30,30,100,amarilla,False,https://www.rffm.es/acta-partido/1176568,2026-08-09T02:29:34.810593+00:00
1176568,1245,243572,"SARDIÑA JIMENEZ, RAUL",60,60,100,amarilla,True,https://www.rffm.es/acta-partido/1176568,2026-08-09T02:29:34.810593+00:00
1176565,1006,76424,"CAMARA REY, FERNANDO",61,61,100,amarilla,False,https://www.rffm.es/acta-partido/1176565,2026-08-09T02:29:34.889653+00:00
1176565,1006,76424,"CAMARA REY, FERNANDO",69,69,100,amarilla,True,https://www.rffm.es/acta-partido/1176565,2026-08-09T02:29:34.889653+00:00
1176578,1245,9326663,"ALTERIO GUZMAN BLANCO, ROBERTO ALFREDO",38,38,101,roja,False,https://www.rffm.es/acta-partido/1176578,2026-08-09T02:29:36.182578+00:00
1176578,3195,101813,"MUÑOZ ALVAREZ, RUBEN",68,68,100,amarilla,False,https://www.rffm.es/acta-partido/1176578,2026-08-09T02:29:36.182578+00:00
1176578,3195,101813,"MUÑOZ ALVAREZ, RUBEN",83,83,100,amarilla,True,https://www.rffm.es/acta-partido/1176578,2026-08-09T02:29:36.182578+00:00
1176570,6827065,79960,"CERRAJERO ALAMINOS, ANTONIO",61,61,101,roja,False,https://www.rffm.es/acta-partido/1176570,2026-08-09T02:29:36.289316+00:00
1176570,6827065,6514361,"MAMOUDOU, ABDOUL KADER",77,77,100,amarilla,False,https://www.rffm.es/acta-partido/1176570,2026-08-09T02:29:36.289316+00:00
1176570,6827065,6514361,"MAMOUDOU, ABDOUL KADER",80,80,100,amarilla,True,https://www.rffm.es/acta-partido/1176570,2026-08-09T02:29:36.289316+00:00
1176570,6827065,8692844,"RODRIGUEZ TATO, CESAR",89,89,101,roja,False,https://www.rffm.es/acta-partido/1176570,2026-08-09T02:29:36.289316+00:00
1176576,300607,141365,"MUÑOZ CASTELLANOS, RUBEN",77,77,100,amarilla,False,https://www.rffm.es/acta-partido/1176576,2026-08-09T02:29:36.293594+00:00
1176576,300607,141365,"MUÑOZ CASTELLANOS, RUBEN",89,89,100,amarilla,True,https://www.rffm.es/acta-partido/1176576,2026-08-09T02:29:36.293594+00:00
1176575,424,86620,"SOLER LORENZO, ALBERTO",6,6,100,amarilla,False,https://www.rffm.es/acta-partido/1176575,2026-08-09T02:29:36.298549+00:00
1176575,424,86620,"SOLER LORENZO, ALBERTO",79,79,100,amarilla,True,https://www.rffm.es/acta-partido/1176575,2026-08-09T02:29:36.298549+00:00
1176577,2089,228608,"CORTES VALIENTE, JOSE LUIS",39,39,101,roja,False,https://www.rffm.es/acta-partido/1176577,2026-08-09T02:29:36.317033+00:00
1176589,1617,225366,"PARLA GARCIA, HECTOR",28,28,100,amarilla,False,https://www.rffm.es/acta-partido/1176589,2026-08-09T02:29:37.091402+00:00
1176589,1617,225366,"PARLA GARCIA, HECTOR",84,84,100,amarilla,True,https://www.rffm.es/acta-partido/1176589,2026-08-09T02:29:37.091402+00:00
1176589,1617,229547,"GOMEZ FERNANDEZ, JOSE FERNANDO",89,89,101,roja,False,https://www.rffm.es/acta-partido/1176589,2026-08-09T02:29:37.091402+00:00
1176585,788,232572,"ESTEBAN CAMINO, JAVIER",27,27,100,amarilla,False,https://www.rffm.es/acta-partido/1176585,2026-08-09T02:29:37.297196+00:00
1176585,788,232572,"ESTEBAN CAMINO, JAVIER",79,79,100,amarilla,True,https://www.rffm.es/acta-partido/1176585,2026-08-09T02:29:37.297196+00:00
1176585,788,10876743,"BERENGENO CANTARERO, JESUS MANUEL",89,89,101,roja,False,https://www.rffm.es/acta-partido/1176585,2026-08-09T02:29:37.297196+00:00
1176585,85,318247,"GALAN GASCON, CARLOS",89,89,100,amarilla,False,https://www.rffm.es/acta-partido/1176585,2026-08-09T02:29:37.297196+00:00
1176585,85,318247,"GALAN GASCON, CARLOS",89,89,100,amarilla,False,https://www.rffm.es/acta-partido/1176585,2026-08-09T02:29:37.297196+00:00
1176588,685,47048,"GONZALEZ SANTOS, DANIEL",40,40,100,amarilla,False,https://www.rffm.es/acta-partido/1176588,2026-08-09T02:29:37.334838+00:00
1176588,685,47048,"GONZALEZ SANTOS, DANIEL",60,60,100,amarilla,True,https://www.rffm.es/acta-partido/1176588,2026-08-09T02:29:37.334838+00:00
1176593,300607,194861,"SAGNIA MINTEH, ALHAGIE CHONDEH",40,40,101,roja,False,https://www.rffm.es/acta-partido/1176593,2026-08-09T02:29:38.444492+00:00
1176593,300607,141365,"MUÑOZ CASTELLANOS, RUBEN",52,52,101,roja,False,https://www.rffm.es/acta-partido/1176593,2026-08-09T02:29:38.444492+00:00
1176595,85,379511,"LUKOMBO MONKELE, CEDRIC",44,44,100,amarilla,False,https://www.rffm.es/acta-partido/1176595,2026-08-09T02:29:38.769495+00:00
1176595,85,379511,"LUKOMBO MONKELE, CEDRIC",87,87,100,amarilla,True,https://www.rffm.es/acta-partido/1176595,2026-08-09T02:29:38.769495+00:00
1176591,596,73418,"REDONDO ZURITA, CRISTIAN",89,89,101,roja,False,https://www.rffm.es/acta-partido/1176591,2026-08-09T02:29:38.772674+00:00
1176597,1245,5050756,"CELIS MORA, JUAN",999,999,101,roja,False,https://www.rffm.es/acta-partido/1176597,2026-08-09T02:29:39.072883+00:00
1176598,117,192778,"SPASOV, GEORGI NIKOLAEV",34,34,100,amarilla,False,https://www.rffm.es/acta-partido/1176598,2026-08-09T02:29:39.513498+00:00
1176598,117,192778,"SPASOV, GEORGI NIKOLAEV",57,57,100,amarilla,True,https://www.rffm.es/acta-partido/1176598,2026-08-09T02:29:39.513498+00:00
1176601,300607,87013,"RECIO VERDASCO, JONATAN",51,51,100,amarilla,False,https://www.rffm.es/acta-partido/1176601,2026-08-09T02:29:39.576656+00:00
1176601,300607,651775,"CURA HERNANZ, CARLOS EDUARDO",60,60,100,amarilla,False,https://www.rffm.es/acta-partido/1176601,2026-08-09T02:29:39.576656+00:00
1176601,300607,87013,"RECIO VERDASCO, JONATAN",89,89,100,amarilla,True,https://www.rffm.es/acta-partido/1176601,2026-08-09T02:29:39.576656+00:00
1176601,300607,651775,"CURA HERNANZ, CARLOS EDUARDO",999,999,100,amarilla,True,https://www.rffm.es/acta-partido/1176601,2026-08-09T02:29:39.576656+00:00
1176604,6827065,230809,"GARCIA DE CASASOLA RODRIGUEZ, CARLOS",76,76,100,amarilla,False,https://www.rffm.es/acta-partido/1176604,2026-08-09T02:29:40.709810+00:00
1176604,6827065,230809,"GARCIA DE CASASOLA RODRIGUEZ, CARLOS",89,89,100,amarilla,True,https://www.rffm.es/acta-partido/1176604,2026-08-09T02:29:40.709810+00:00
1176612,3195,11290,"SANTURINO CALLEJO, JUAN ANTONIO",65,65,100,amarilla,False,https://www.rffm.es/acta-partido/1176612,2026-08-09T02:29:41.640095+00:00
1176612,3195,11290,"SANTURINO CALLEJO, JUAN ANTONIO",89,89,100,amarilla,True,https://www.rffm.es/acta-partido/1176612,2026-08-09T02:29:41.640095+00:00
1176614,685,48114,"CABRA GUZMAN, JAIRO",999,999,101,roja,False,https://www.rffm.es/acta-partido/1176614,2026-08-09T02:29:41.741137+00:00
1176611,2278108,372469,"PEREZ FUENTES, ROBERTO",23,23,100,amarilla,False,https://www.rffm.es/acta-partido/1176611,2026-08-09T02:29:42.818244+00:00
1176611,2278108,372469,"PEREZ FUENTES, ROBERTO",24,24,100,amarilla,True,https://www.rffm.es/acta-partido/1176611,2026-08-09T02:29:42.818244+00:00
1176608,1617,186879,"LOPEZ LOPEZ, ALBERTO",0,0,100,amarilla,False,https://www.rffm.es/acta-partido/1176608,2026-08-09T02:29:42.922196+00:00
1176608,1617,186879,"LOPEZ LOPEZ, ALBERTO",0,0,100,amarilla,False,https://www.rffm.es/acta-partido/1176608,2026-08-09T02:29:42.922196+00:00
1176608,1617,31256,"PRUDENCIO COSTANZA, JULIAN",38,38,100,amarilla,False,https://www.rffm.es/acta-partido/1176608,2026-08-09T02:29:42.922196+00:00
1176608,1617,31256,"PRUDENCIO COSTANZA, JULIAN",38,38,100,amarilla,False,https://www.rffm.es/acta-partido/1176608,2026-08-09T02:29:42.922196+00:00
1176608,2856,13943,"SANCHEZ GONZALEZ, RUBEN",20,20,100,amarilla,False,https://www.rffm.es/acta-partido/1176608,2026-08-09T02:29:42.922196+00:00
1176608,2856,13943,"SANCHEZ GONZALEZ, RUBEN",80,80,100,amarilla,True,https://www.rffm.es/acta-partido/1176608,2026-08-09T02:29:42.922196+00:00
1176718,6817352,944200,"BARRETO FLEITAS, KEVIN MIGUEL",42,42,101,roja,False,https://www.rffm.es/acta-partido/1176718,2026-08-09T02:29:43.099490+00:00
1176722,830,30495,"DIAZ LEBLIC, IGNACIO",88,88,101,roja,False,https://www.rffm.es/acta-partido/1176722,2026-08-09T02:29:43.318664+00:00
1176720,193,2769562,"ALMODOBAR MUÑOZ, IVAN",33,33,101,roja,False,https://www.rffm.es/acta-partido/1176720,2026-08-09T02:29:43.403285+00:00
1176728,356,181585,"PEDRAZA ALONSO, JORGE",31,31,100,amarilla,False,https://www.rffm.es/acta-partido/1176728,2026-08-09T02:29:43.604277+00:00
1176728,356,148412,"GRIÑAN RODRIGUEZ DE LA BORBOLLA, LUIS JAVIER",42,42,100,amarilla,False,https://www.rffm.es/acta-partido/1176728,2026-08-09T02:29:43.604277+00:00
1176728,356,230576,"AGUILERA LOPEZ OROZCO, JAIME",90,90,100,amarilla,False,https://www.rffm.es/acta-partido/1176728,2026-08-09T02:29:43.604277+00:00
1176728,2977,329280,"GUTIERREZ GARCIA, ALEJANDRO",42,42,100,amarilla,False,https://www.rffm.es/acta-partido/1176728,2026-08-09T02:29:43.604277+00:00
1176728,2977,665245,"RHARB MERROUN, YOUSSEF",42,42,100,amarilla,False,https://www.rffm.es/acta-partido/1176728,2026-08-09T02:29:43.604277+00:00
1176728,2977,227936,"MARTIN COLMENAREJO, VICTOR",44,44,100,amarilla,False,https://www.rffm.es/acta-partido/1176728,2026-08-09T02:29:43.604277+00:00
1176728,2977,223610,"ALCAIDE PEREZ, ADRIAN",85,85,100,amarilla,False,https://www.rffm.es/acta-partido/1176728,2026-08-09T02:29:43.604277+00:00
1176728,2977,193677,"YAKHLAF AZMANI, BILAL",89,89,100,amarilla,False,https://www.rffm.es/acta-partido/1176728,2026-08-09T02:29:43.604277+00:00
1176730,193,118880,"GARCIA DELGADO, VICENTE PASCUAL",45,45,100,amarilla,False,https://www.rffm.es/acta-partido/1176730,2026-08-09T02:29:44.436072+00:00
1176733,171,127220,"FERNANDEZ DE ARISTIZABAL, ALEJANDRO",51,51,100,amarilla,False,https://www.rffm.es/acta-partido/1176733,2026-08-09T02:29:44.607780+00:00
1176733,171,127220,"FERNANDEZ DE ARISTIZABAL, ALEJANDRO",75,75,100,amarilla,True,https://www.rffm.es/acta-partido/1176733,2026-08-09T02:29:44.607780+00:00
1176727,6817352,554469,"MELCHOR SAENZ, JOSE LUIS",82,82,100,amarilla,False,https://www.rffm.es/acta-partido/1176727,2026-08-09T02:29:44.768614+00:00
1176727,6817352,554469,"MELCHOR SAENZ, JOSE LUIS",82,82,100,amarilla,False,https://www.rffm.es/acta-partido/1176727,2026-08-09T02:29:44.768614+00:00
1176737,439,322345,"SALAZAR CHAVEZ, AMARU RUBEN",86,86,101,roja,False,https://www.rffm.es/acta-partido/1176737,2026-08-09T02:29:45.656237+00:00
1176742,1834,325404,"CHENEL BOCOS, MARCO ANTONIO",27,27,101,roja,False,https://www.rffm.es/acta-partido/1176742,2026-08-09T02:29:45.875476+00:00
1176739,830,30495,"DIAZ LEBLIC, IGNACIO",32,32,100,amarilla,False,https://www.rffm.es/acta-partido/1176739,2026-08-09T02:29:45.883438+00:00
1176739,830,233371,"JUAN Y SEVA DE CARAS, ALEJANDRO",33,33,101,roja,False,https://www.rffm.es/acta-partido/1176739,2026-08-09T02:29:45.883438+00:00
1176739,830,30495,"DIAZ LEBLIC, IGNACIO",55,55,100,amarilla,True,https://www.rffm.es/acta-partido/1176739,2026-08-09T02:29:45.883438+00:00
1176734,3359955,181667,"GARCÍA ROSADO, ADRIÁN GONZALO",76,76,101,roja,False,https://www.rffm.es/acta-partido/1176734,2026-08-09T02:29:46.413764+00:00
1176747,2977,239782,"SANTOS GARCIA, DIEGO",19,19,100,amarilla,False,https://www.rffm.es/acta-partido/1176747,2026-08-09T02:29:46.765629+00:00
1176747,2977,239782,"SANTOS GARCIA, DIEGO",26,26,100,amarilla,True,https://www.rffm.es/acta-partido/1176747,2026-08-09T02:29:46.765629+00:00
1176745,356,13500793,"VICENTE DIAZ, GONZALO",45,45,100,amarilla,False,https://www.rffm.es/acta-partido/1176745,2026-08-09T02:29:47.080425+00:00
1176745,356,13500793,"VICENTE DIAZ, GONZALO",50,50,100,amarilla,True,https://www.rffm.es/acta-partido/1176745,2026-08-09T02:29:47.080425+00:00
1176745,466770,59885,"RETTENSTEINER ROMERO, GUTIER",71,71,100,amarilla,False,https://www.rffm.es/acta-partido/1176745,2026-08-09T02:29:47.080425+00:00
1176745,466770,59885,"RETTENSTEINER ROMERO, GUTIER",74,74,100,amarilla,True,https://www.rffm.es/acta-partido/1176745,2026-08-09T02:29:47.080425+00:00
1176740,1197,235923,"GONZALEZ CANO, EDUARDO",20,20,101,roja,False,https://www.rffm.es/acta-partido/1176740,2026-08-09T02:29:47.272887+00:00
1176755,334390,243077,"PEREZ ROJO, ALVARO",17,17,100,amarilla,False,https://www.rffm.es/acta-partido/1176755,2026-08-09T02:29:48.448421+00:00
1176755,334390,243077,"PEREZ ROJO, ALVARO",60,60,100,amarilla,True,https://www.rffm.es/acta-partido/1176755,2026-08-09T02:29:48.448421+00:00
1176756,2977,664633,"HAOUZY, AHMED",72,72,101,roja,False,https://www.rffm.es/acta-partido/1176756,2026-08-09T02:29:48.452347+00:00
1176754,466770,324217,"PEREZ MARTINEZ GANDIA, JAIME",10,10,100,amarilla,False,https://www.rffm.es/acta-partido/1176754,2026-08-09T02:29:48.480339+00:00
1176754,466770,846722,"MARTIN MAESTRO FERNANDEZ, DAVID",45,45,100,amarilla,False,https://www.rffm.es/acta-partido/1176754,2026-08-09T02:29:48.480339+00:00
1176754,466770,75617,"GALLEGO NUÑEZ, ALVARO",63,63,100,amarilla,False,https://www.rffm.es/acta-partido/1176754,2026-08-09T02:29:48.480339+00:00
1176754,466770,3743051,"ROBLES AGUADO, JUAN CARLOS",63,63,100,amarilla,False,https://www.rffm.es/acta-partido/1176754,2026-08-09T02:29:48.480339+00:00
1176754,439,382850,"DE LA TORRE ORTIZ, JUAN GABRIEL",68,68,100,amarilla,False,https://www.rffm.es/acta-partido/1176754,2026-08-09T02:29:48.480339+00:00
1176760,1834,315907,"REVELO MELENDEZ, CARLOS ROBERTO",52,52,100,amarilla,False,https://www.rffm.es/acta-partido/1176760,2026-08-09T02:29:48.658211+00:00
1176760,1834,315907,"REVELO MELENDEZ, CARLOS ROBERTO",56,56,100,amarilla,True,https://www.rffm.es/acta-partido/1176760,2026-08-09T02:29:48.658211+00:00
1176760,1834,545927,"HERRERO PELAEZ, IGNACIO",57,57,101,roja,False,https://www.rffm.es/acta-partido/1176760,2026-08-09T02:29:48.658211+00:00
1176760,1834,751412,"HERRERO ROMANO, JAVIER",92,92,101,roja,False,https://www.rffm.es/acta-partido/1176760,2026-08-09T02:29:48.658211+00:00
1176753,356,53077,"CABALLERO JIMENEZ, EDUARDO",25,25,100,amarilla,False,https://www.rffm.es/acta-partido/1176753,2026-08-09T02:29:49.083836+00:00
1176753,356,110515,"MORENO HO, NELSON",28,28,101,roja,False,https://www.rffm.es/acta-partido/1176753,2026-08-09T02:29:49.083836+00:00
1176753,356,53077,"CABALLERO JIMENEZ, EDUARDO",45,45,100,amarilla,True,https://www.rffm.es/acta-partido/1176753,2026-08-09T02:29:49.083836+00:00
1176753,356,11041390,"SÁNCHEZ PALOMO, DAMASO",45,45,101,roja,False,https://www.rffm.es/acta-partido/1176753,2026-08-09T02:29:49.083836+00:00
1176762,3359955,180758,"GOMEZ BARDON, JAIME",0,0,101,roja,False,https://www.rffm.es/acta-partido/1176762,2026-08-09T02:29:49.384428+00:00
1176765,3349086,13442414,"COSIO BOLADO, MIGUEL",70,70,100,amarilla,False,https://www.rffm.es/acta-partido/1176765,2026-08-09T02:29:49.763643+00:00
1176765,3349086,13442414,"COSIO BOLADO, MIGUEL",75,75,100,amarilla,True,https://www.rffm.es/acta-partido/1176765,2026-08-09T02:29:49.763643+00:00
1176765,3349086,8539350,"SOTO JIMENEZ, DIEGO",89,89,101,roja,False,https://www.rffm.es/acta-partido/1176765,2026-08-09T02:29:49.763643+00:00
1176763,439,32615,"CALVO GONZALEZ, LUIS CARLOS",75,75,100,amarilla,False,https://www.rffm.es/acta-partido/1176763,2026-08-09T02:29:49.877125+00:00
1176763,439,32615,"CALVO GONZALEZ, LUIS CARLOS",89,89,100,amarilla,True,https://www.rffm.es/acta-partido/1176763,2026-08-09T02:29:49.877125+00:00
1176769,1418,27727,"GABILONDO OLMEDO, HUGO",69,69,100,amarilla,False,https://www.rffm.es/acta-partido/1176769,2026-08-09T02:29:49.925051+00:00
1176769,1418,27727,"GABILONDO OLMEDO, HUGO",89,89,100,amarilla,True,https://www.rffm.es/acta-partido/1176769,2026-08-09T02:29:49.925051+00:00
1176766,2977,228628,"ABRIL IRIARTE, PABLO",54,54,100,amarilla,False,https://www.rffm.es/acta-partido/1176766,2026-08-09T02:29:50.020251+00:00
1176766,2977,228628,"ABRIL IRIARTE, PABLO",72,72,100,amarilla,True,https://www.rffm.es/acta-partido/1176766,2026-08-09T02:29:50.020251+00:00
1176764,334390,59862,"IBAÑEZ PAZ, JORGE LAZARO",50,50,100,amarilla,False,https://www.rffm.es/acta-partido/1176764,2026-08-09T02:29:50.640254+00:00
1176764,334390,11723343,"LEIVAR MARTÍNEZ, GONZALO",53,53,100,amarilla,False,https://www.rffm.es/acta-partido/1176764,2026-08-09T02:29:50.640254+00:00
1176764,334390,59862,"IBAÑEZ PAZ, JORGE LAZARO",56,56,100,amarilla,True,https://www.rffm.es/acta-partido/1176764,2026-08-09T02:29:50.640254+00:00
1176764,334390,11723343,"LEIVAR MARTÍNEZ, GONZALO",56,56,100,amarilla,True,https://www.rffm.es/acta-partido/1176764,2026-08-09T02:29:50.640254+00:00
1176767,300231,323061,"VILLALON DE LINOS, IGNACIO",47,47,100,amarilla,False,https://www.rffm.es/acta-partido/1176767,2026-08-09T02:29:50.832438+00:00
1176767,300231,323061,"VILLALON DE LINOS, IGNACIO",84,84,100,amarilla,True,https://www.rffm.es/acta-partido/1176767,2026-08-09T02:29:50.832438+00:00
1176761,1834,624598,"DE LA MORENA BAU, MIGUEL ANGEL",63,63,100,amarilla,False,https://www.rffm.es/acta-partido/1176761,2026-08-09T02:29:51.330750+00:00
1176761,1834,624598,"DE LA MORENA BAU, MIGUEL ANGEL",66,66,100,amarilla,True,https://www.rffm.es/acta-partido/1176761,2026-08-09T02:29:51.330750+00:00
1176775,2977,243655,"MOLINA LÓPEZ OLIVA, JORGE",5,5,100,amarilla,False,https://www.rffm.es/acta-partido/1176775,2026-08-09T02:29:51.674966+00:00
1176775,2977,329280,"GUTIERREZ GARCIA, ALEJANDRO",17,17,100,amarilla,False,https://www.rffm.es/acta-partido/1176775,2026-08-09T02:29:51.674966+00:00
1176775,2977,239782,"SANTOS GARCIA, DIEGO",61,61,100,amarilla,False,https://www.rffm.es/acta-partido/1176775,2026-08-09T02:29:51.674966+00:00
1176775,2977,665245,"RHARB MERROUN, YOUSSEF",85,85,100,amarilla,False,https://www.rffm.es/acta-partido/1176775,2026-08-09T02:29:51.674966+00:00
1176775,171,180769,"MARTINEZ REIXA, JOAQUIN",50,50,100,amarilla,False,https://www.rffm.es/acta-partido/1176775,2026-08-09T02:29:51.674966+00:00
1176775,171,233356,"MALAGA SANTAELLA, RAFAEL",50,50,100,amarilla,False,https://www.rffm.es/acta-partido/1176775,2026-08-09T02:29:51.674966+00:00
1176775,171,9235608,"LOPEZ IGUAL, DAVID",53,53,100,amarilla,False,https://www.rffm.es/acta-partido/1176775,2026-08-09T02:29:51.674966+00:00
1176770,6817352,237294,"RUIZ ALVAREZ, ARTURO",62,62,100,amarilla,False,https://www.rffm.es/acta-partido/1176770,2026-08-09T02:29:52.080144+00:00
1176770,356,180657,"MORENO MORILLO, ALEJANDRO",65,65,100,amarilla,False,https://www.rffm.es/acta-partido/1176770,2026-08-09T02:29:52.080144+00:00
1176770,356,181585,"PEDRAZA ALONSO, JORGE",78,78,100,amarilla,False,https://www.rffm.es/acta-partido/1176770,2026-08-09T02:29:52.080144+00:00
1176772,334390,157970,"REDONDO FRANCO, LUIS MIGUEL",61,61,100,amarilla,False,https://www.rffm.es/acta-partido/1176772,2026-08-09T02:29:52.275628+00:00
1176772,334390,157970,"REDONDO FRANCO, LUIS MIGUEL",999,999,100,amarilla,True,https://www.rffm.es/acta-partido/1176772,2026-08-09T02:29:52.275628+00:00
1176785,2977,665245,"RHARB MERROUN, YOUSSEF",72,72,100,amarilla,False,https://www.rffm.es/acta-partido/1176785,2026-08-09T02:29:53.552006+00:00
1176785,2977,665245,"RHARB MERROUN, YOUSSEF",75,75,100,amarilla,True,https://www.rffm.es/acta-partido/1176785,2026-08-09T02:29:53.552006+00:00
1176794,2977,236798,"ESTRADA FRANCISCO, ADRIAN",89,89,101,roja,False,https://www.rffm.es/acta-partido/1176794,2026-08-09T02:29:54.147223+00:00
1176797,1834,545927,"HERRERO PELAEZ, IGNACIO",75,75,101,roja,False,https://www.rffm.es/acta-partido/1176797,2026-08-09T02:29:55.688435+00:00
1176799,830,224965,"MARTINEZ GOMEZ, RAFAEL",88,88,100,amarilla,False,https://www.rffm.es/acta-partido/1176799,2026-08-09T02:29:55.827440+00:00
1176799,830,224965,"MARTINEZ GOMEZ, RAFAEL",89,89,100,amarilla,True,https://www.rffm.es/acta-partido/1176799,2026-08-09T02:29:55.827440+00:00
1176799,6817352,241815,"MORENO ALVAREZ, ADRIAN",88,88,100,amarilla,False,https://www.rffm.es/acta-partido/1176799,2026-08-09T02:29:55.827440+00:00
1176799,6817352,241815,"MORENO ALVAREZ, ADRIAN",89,89,100,amarilla,True,https://www.rffm.es/acta-partido/1176799,2026-08-09T02:29:55.827440+00:00
1176801,300214,2794426,"GARZON HERNANDEZ, MARIO",84,84,100,amarilla,False,https://www.rffm.es/acta-partido/1176801,2026-08-09T02:29:55.909282+00:00
1176801,300214,180663,"LOPEZ MARTIN, ALBERTO",89,89,101,roja,False,https://www.rffm.es/acta-partido/1176801,2026-08-09T02:29:55.909282+00:00
1176801,300214,2794426,"GARZON HERNANDEZ, MARIO",90,90,100,amarilla,True,https://www.rffm.es/acta-partido/1176801,2026-08-09T02:29:55.909282+00:00
1176805,300231,323061,"VILLALON DE LINOS, IGNACIO",82,82,100,amarilla,False,https://www.rffm.es/acta-partido/1176805,2026-08-09T02:29:55.931025+00:00
1176805,300231,323061,"VILLALON DE LINOS, IGNACIO",89,89,100,amarilla,True,https://www.rffm.es/acta-partido/1176805,2026-08-09T02:29:55.931025+00:00
1176807,356,237242,"VALDES MARTINEZ, DIEGO",80,80,101,roja,False,https://www.rffm.es/acta-partido/1176807,2026-08-09T02:29:56.748397+00:00
1176811,466770,236365,"PEREZ PARRA, JAIME",75,75,101,roja,False,https://www.rffm.es/acta-partido/1176811,2026-08-09T02:29:56.811705+00:00
1176812,3349086,329007,"ZAPATERO MÉNDEZ, RUBÉN",60,60,100,amarilla,False,https://www.rffm.es/acta-partido/1176812,2026-08-09T02:29:57.033908+00:00
1176812,3349086,329007,"ZAPATERO MÉNDEZ, RUBÉN",89,89,100,amarilla,True,https://www.rffm.es/acta-partido/1176812,2026-08-09T02:29:57.033908+00:00
1176806,334390,414059,"MUÑOZ SÁENZ, DANIEL",20,20,100,amarilla,False,https://www.rffm.es/acta-partido/1176806,2026-08-09T02:29:57.236598+00:00
1176806,334390,215991,"SERVERA PUENTE, JAVIER",44,44,100,amarilla,False,https://www.rffm.es/acta-partido/1176806,2026-08-09T02:29:57.236598+00:00
1176822,193,441700,"RODRIGUEZ FERNANDEZ MANCHON, JOAQUIN JOSE",28,28,100,amarilla,False,https://www.rffm.es/acta-partido/1176822,2026-08-09T02:29:58.329614+00:00
1176822,193,441700,"RODRIGUEZ FERNANDEZ MANCHON, JOAQUIN JOSE",29,29,100,amarilla,True,https://www.rffm.es/acta-partido/1176822,2026-08-09T02:29:58.329614+00:00
1176815,334390,127319,"GARCIA SOLANA, DANIEL",57,57,100,amarilla,False,https://www.rffm.es/acta-partido/1176815,2026-08-09T02:29:58.361694+00:00
1176815,334390,127319,"GARCIA SOLANA, DANIEL",85,85,100,amarilla,True,https://www.rffm.es/acta-partido/1176815,2026-08-09T02:29:58.361694+00:00
1176819,3359955,241116,"LANAGRAN MARTIN, GONZALO",87,87,101,roja,False,https://www.rffm.es/acta-partido/1176819,2026-08-09T02:29:59.320903+00:00
1176830,193,183828,"NEVADO GARROTE, DAVID",84,84,100,amarilla,False,https://www.rffm.es/acta-partido/1176830,2026-08-09T02:30:00.253611+00:00
1176830,193,183828,"NEVADO GARROTE, DAVID",999,999,100,amarilla,True,https://www.rffm.es/acta-partido/1176830,2026-08-09T02:30:00.253611+00:00
1176832,1834,185031,"DIAZ ALGABA, HECTOR",89,89,101,roja,False,https://www.rffm.es/acta-partido/1176832,2026-08-09T02:30:00.277377+00:00
1176832,2977,187933,"CALVERA ALLUE, JORGE",63,63,100,amarilla,False,https://www.rffm.es/acta-partido/1176832,2026-08-09T02:30:00.277377+00:00
1176832,2977,187933,"CALVERA ALLUE, JORGE",89,89,100,amarilla,True,https://www.rffm.es/acta-partido/1176832,2026-08-09T02:30:00.277377+00:00
1176825,439,2382728,"TESORO RICOTE, MANUEL",89,89,101,roja,False,https://www.rffm.es/acta-partido/1176825,2026-08-09T02:30:01.059529+00:00
1176827,6817352,133001,"GONZALEZ ELVIRA, CRISTIAN",73,73,101,roja,False,https://www.rffm.es/acta-partido/1176827,2026-08-09T02:30:01.134767+00:00
1176827,6817352,241815,"MORENO ALVAREZ, ADRIAN",86,86,100,amarilla,False,https://www.rffm.es/acta-partido/1176827,2026-08-09T02:30:01.134767+00:00
1176827,6817352,241815,"MORENO ALVAREZ, ADRIAN",89,89,100,amarilla,True,https://www.rffm.es/acta-partido/1176827,2026-08-09T02:30:01.134767+00:00
1176827,767,234872,"DELGADO PINES, VICTOR",73,73,101,roja,False,https://www.rffm.es/acta-partido/1176827,2026-08-09T02:30:01.134767+00:00
1176827,767,327144,"DE LA VEGA DE LA FUENTE, DANIEL",89,89,100,amarilla,False,https://www.rffm.es/acta-partido/1176827,2026-08-09T02:30:01.134767+00:00
1176827,767,327144,"DE LA VEGA DE LA FUENTE, DANIEL",89,89,100,amarilla,False,https://www.rffm.es/acta-partido/1176827,2026-08-09T02:30:01.134767+00:00
1176829,1197,243916,"DE LA TORRE GARCIA, DANIEL",43,43,100,amarilla,False,https://www.rffm.es/acta-partido/1176829,2026-08-09T02:30:01.179930+00:00
1176829,1197,243916,"DE LA TORRE GARCIA, DANIEL",46,46,100,amarilla,True,https://www.rffm.es/acta-partido/1176829,2026-08-09T02:30:01.179930+00:00
1176839,193,6676080,"ELVIRA TOFE, JORGE",32,32,100,amarilla,False,https://www.rffm.es/acta-partido/1176839,2026-08-09T02:30:02.179076+00:00
1176839,193,6676080,"ELVIRA TOFE, JORGE",89,89,100,amarilla,True,https://www.rffm.es/acta-partido/1176839,2026-08-09T02:30:02.179076+00:00
1176841,2977,227936,"MARTIN COLMENAREJO, VICTOR",86,86,101,roja,False,https://www.rffm.es/acta-partido/1176841,2026-08-09T02:30:02.190521+00:00
1176841,2977,665245,"RHARB MERROUN, YOUSSEF",88,88,101,roja,False,https://www.rffm.es/acta-partido/1176841,2026-08-09T02:30:02.190521+00:00
1176841,2977,239801,"DE LA HOZ GARCIA, JAIME",90,90,101,roja,False,https://www.rffm.es/acta-partido/1176841,2026-08-09T02:30:02.190521+00:00
1176833,1834,235618,"GONZALEZ WILCOX, MORGAN NICOLAU",74,74,101,roja,False,https://www.rffm.es/acta-partido/1176833,2026-08-09T02:30:02.396532+00:00
1176836,356,230576,"AGUILERA LOPEZ OROZCO, JAIME",80,80,101,roja,False,https://www.rffm.es/acta-partido/1176836,2026-08-09T02:30:02.612098+00:00
1176843,334390,127272,"LOPEZ SANCHEZ IZQUIERDO, GUILLERMO",90,90,101,roja,False,https://www.rffm.es/acta-partido/1176843,2026-08-09T02:30:03.159416+00:00
1176835,171,243629,"FERREIRO JUSDADO, PABLO",79,79,100,amarilla,False,https://www.rffm.es/acta-partido/1176835,2026-08-09T02:30:03.164390+00:00
1176835,171,243629,"FERREIRO JUSDADO, PABLO",85,85,100,amarilla,True,https://www.rffm.es/acta-partido/1176835,2026-08-09T02:30:03.164390+00:00
1176835,171,322141,"ABREU GUTIERREZ, AARON MANUEL",90,90,101,roja,False,https://www.rffm.es/acta-partido/1176835,2026-08-09T02:30:03.164390+00:00
1176835,439,2359692,"RODRIGUEZ LEBRERO, CARLOS",80,80,101,roja,False,https://www.rffm.es/acta-partido/1176835,2026-08-09T02:30:03.164390+00:00
1176835,439,2359692,"RODRIGUEZ LEBRERO, CARLOS",80,80,101,roja,False,https://www.rffm.es/acta-partido/1176835,2026-08-09T02:30:03.164390+00:00
1176849,466770,142436,"BENAVENTE SANCHEZ, RAUL",54,54,100,amarilla,False,https://www.rffm.es/acta-partido/1176849,2026-08-09T02:30:03.355190+00:00
1176849,466770,142436,"BENAVENTE SANCHEZ, RAUL",89,89,100,amarilla,True,https://www.rffm.es/acta-partido/1176849,2026-08-09T02:30:03.355190+00:00
1176845,356,181585,"PEDRAZA ALONSO, JORGE",75,75,100,amarilla,False,https://www.rffm.es/acta-partido/1176845,2026-08-09T02:30:03.464266+00:00
1176845,356,181585,"PEDRAZA ALONSO, JORGE",81,81,100,amarilla,True,https://www.rffm.es/acta-partido/1176845,2026-08-09T02:30:03.464266+00:00
1176845,1418,133492,"LOZANO NUÑEZ, IVAN",68,68,100,amarilla,False,https://www.rffm.es/acta-partido/1176845,2026-08-09T02:30:03.464266+00:00
1176845,1418,133492,"LOZANO NUÑEZ, IVAN",78,78,100,amarilla,True,https://www.rffm.es/acta-partido/1176845,2026-08-09T02:30:03.464266+00:00
1176850,3349086,132594,"BORREGO DE LA ROSA, FRANCISCO BORJA",89,89,101,roja,False,https://www.rffm.es/acta-partido/1176850,2026-08-09T02:30:03.836748+00:00
1176847,3359955,300425,"SOTO SCHUTTE, DANIEL",89,89,101,roja,False,https://www.rffm.es/acta-partido/1176847,2026-08-09T02:30:03.924361+00:00
1176856,193,228451,"RODRIGUEZ CAMARA, DAVID",30,30,100,amarilla,False,https://www.rffm.es/acta-partido/1176856,2026-08-09T02:30:04.583626+00:00
1176856,193,228451,"RODRIGUEZ CAMARA, DAVID",66,66,100,amarilla,True,https://www.rffm.es/acta-partido/1176856,2026-08-09T02:30:04.583626+00:00
1176857,3359955,32723,"DE MINGO TORRES, ÁLVARO",80,80,101,roja,False,https://www.rffm.es/acta-partido/1176857,2026-08-09T02:30:04.973827+00:00
1176858,2977,664633,"HAOUZY, AHMED",20,20,100,amarilla,False,https://www.rffm.es/acta-partido/1176858,2026-08-09T02:30:05.149789+00:00
1176858,2977,233325,"HERNANDO GONZALEZ, ALFONSO",58,58,100,amarilla,False,https://www.rffm.es/acta-partido/1176858,2026-08-09T02:30:05.149789+00:00
1176858,2977,236798,"ESTRADA FRANCISCO, ADRIAN",88,88,100,amarilla,False,https://www.rffm.es/acta-partido/1176858,2026-08-09T02:30:05.149789+00:00
1176858,2977,10775393,"ESTRADA FRANCISCO, RUBEN",88,88,100,amarilla,False,https://www.rffm.es/acta-partido/1176858,2026-08-09T02:30:05.149789+00:00
1176858,300214,555735,"SAN ROMAN ANTA, PABLO",75,75,100,amarilla,False,https://www.rffm.es/acta-partido/1176858,2026-08-09T02:30:05.149789+00:00
1176858,300214,333460,"PLATAS FECED, JOSE LUIS",82,82,100,amarilla,False,https://www.rffm.es/acta-partido/1176858,2026-08-09T02:30:05.149789+00:00
1176858,300214,191931,"HIRAHASHI, KOSUKE",90,90,100,amarilla,False,https://www.rffm.es/acta-partido/1176858,2026-08-09T02:30:05.149789+00:00
1176862,334390,11723343,"LEIVAR MARTÍNEZ, GONZALO",16,16,101,roja,False,https://www.rffm.es/acta-partido/1176862,2026-08-09T02:30:06.027138+00:00
1176866,3359955,300425,"SOTO SCHUTTE, DANIEL",45,45,100,amarilla,False,https://www.rffm.es/acta-partido/1176866,2026-08-09T02:30:06.100063+00:00
1176866,3359955,240929,"ALVAREZ SANCHEZ, GUILLERMO",58,58,100,amarilla,False,https://www.rffm.es/acta-partido/1176866,2026-08-09T02:30:06.100063+00:00
1176866,3359955,180758,"GOMEZ BARDON, JAIME",67,67,101,roja,False,https://www.rffm.es/acta-partido/1176866,2026-08-09T02:30:06.100063+00:00
1176866,3359955,181667,"GARCÍA ROSADO, ADRIÁN GONZALO",67,67,100,amarilla,False,https://www.rffm.es/acta-partido/1176866,2026-08-09T02:30:06.100063+00:00
1176866,3359955,233366,"LOMBO SUAREZ, JAIME",71,71,100,amarilla,False,https://www.rffm.es/acta-partido/1176866,2026-08-09T02:30:06.100063+00:00
1176866,3359955,4762338,"PEREZ LORENZO, IGNACIO",85,85,100,amarilla,False,https://www.rffm.es/acta-partido/1176866,2026-08-09T02:30:06.100063+00:00
1176866,3359955,4762338,"PEREZ LORENZO, IGNACIO",85,85,100,amarilla,False,https://www.rffm.es/acta-partido/1176866,2026-08-09T02:30:06.100063+00:00
1176866,3359955,232390,"TABUENCA PEREZ, IGNACIO",90,90,101,roja,False,https://www.rffm.es/acta-partido/1176866,2026-08-09T02:30:06.100063+00:00
1176866,2977,228628,"ABRIL IRIARTE, PABLO",17,17,100,amarilla,False,https://www.rffm.es/acta-partido/1176866,2026-08-09T02:30:06.100063+00:00
1176866,2977,233325,"HERNANDO GONZALEZ, ALFONSO",85,85,100,amarilla,False,https://www.rffm.es/acta-partido/1176866,2026-08-09T02:30:06.100063+00:00
1176866,2977,10775393,"ESTRADA FRANCISCO, RUBEN",86,86,101,roja,False,https://www.rffm.es/acta-partido/1176866,2026-08-09T02:30:06.100063+00:00
1176866,2977,10775393,"ESTRADA FRANCISCO, RUBEN",86,86,101,roja,False,https://www.rffm.es/acta-partido/1176866,2026-08-09T02:30:06.100063+00:00
1176866,2977,179415,"MIRANDA ROCHA, AITOR",90,90,101,roja,False,https://www.rffm.es/acta-partido/1176866,2026-08-09T02:30:06.100063+00:00
1176866,2977,228628,"ABRIL IRIARTE, PABLO",90,90,100,amarilla,True,https://www.rffm.es/acta-partido/1176866,2026-08-09T02:30:06.100063+00:00
1176867,3349086,123147,"LOPEZ SAN JUAN, MARIO",89,89,101,roja,False,https://www.rffm.es/acta-partido/1176867,2026-08-09T02:30:06.420892+00:00
1176868,466770,236365,"PEREZ PARRA, JAIME",44,44,100,amarilla,False,https://www.rffm.es/acta-partido/1176868,2026-08-09T02:30:06.579410+00:00
1176868,466770,236365,"PEREZ PARRA, JAIME",79,79,100,amarilla,True,https://www.rffm.es/acta-partido/1176868,2026-08-09T02:30:06.579410+00:00
1176868,1834,7404351,"GONZALEZ MARTINEZ, PEDRO FRANCISCO",16,16,100,amarilla,False,https://www.rffm.es/acta-partido/1176868,2026-08-09T02:30:06.579410+00:00
1176868,1834,7404351,"GONZALEZ MARTINEZ, PEDRO FRANCISCO",56,56,100,amarilla,True,https://www.rffm.es/acta-partido/1176868,2026-08-09T02:30:06.579410+00:00
1176872,356,181585,"PEDRAZA ALONSO, JORGE",44,44,101,roja,False,https://www.rffm.es/acta-partido/1176872,2026-08-09T02:30:07.064553+00:00
1176870,3349086,4621174,"ROMERO PEREZ, GREGORIO JAVIER",79,79,101,roja,False,https://www.rffm.es/acta-partido/1176870,2026-08-09T02:30:07.157951+00:00
1176876,1619,186243,"FERNANDEZ RODRIGUEZ, ALVARO",6,6,100,amarilla,False,https://www.rffm.es/acta-partido/1176876,2026-08-09T02:30:07.685538+00:00
1176876,1619,186243,"FERNANDEZ RODRIGUEZ, ALVARO",42,42,100,amarilla,True,https://www.rffm.es/acta-partido/1176876,2026-08-09T02:30:07.685538+00:00
1176877,171,181600,"SANJURJO MARTINEZ PICABIA, LUIS",55,55,101,roja,False,https://www.rffm.es/acta-partido/1176877,2026-08-09T02:30:07.826751+00:00
1176877,1834,315907,"REVELO MELENDEZ, CARLOS ROBERTO",86,86,101,roja,False,https://www.rffm.es/acta-partido/1176877,2026-08-09T02:30:07.826751+00:00
1176869,466770,11102948,"RIGAUDEAU, TIMOTHE RAFFAELLO ANTOINE",25,25,100,amarilla,False,https://www.rffm.es/acta-partido/1176869,2026-08-09T02:30:07.827032+00:00
1176869,466770,419724,"PALMERO LOPEZ, RUBEN",69,69,100,amarilla,False,https://www.rffm.es/acta-partido/1176869,2026-08-09T02:30:07.827032+00:00
1176869,466770,11102948,"RIGAUDEAU, TIMOTHE RAFFAELLO ANTOINE",72,72,100,amarilla,True,https://www.rffm.es/acta-partido/1176869,2026-08-09T02:30:07.827032+00:00
1176869,466770,419724,"PALMERO LOPEZ, RUBEN",80,80,100,amarilla,True,https://www.rffm.es/acta-partido/1176869,2026-08-09T02:30:07.827032+00:00
1176869,466770,3743051,"ROBLES AGUADO, JUAN CARLOS",89,89,100,amarilla,False,https://www.rffm.es/acta-partido/1176869,2026-08-09T02:30:07.827032+00:00
1176871,6817352,133001,"GONZALEZ ELVIRA, CRISTIAN",55,55,100,amarilla,False,https://www.rffm.es/acta-partido/1176871,2026-08-09T02:30:08.315704+00:00
1176871,6817352,133001,"GONZALEZ ELVIRA, CRISTIAN",69,69,100,amarilla,True,https://www.rffm.es/acta-partido/1176871,2026-08-09T02:30:08.315704+00:00
1176871,2977,231617,"SARMIENTO GRANDA, SERGIO",999,999,101,roja,False,https://www.rffm.es/acta-partido/1176871,2026-08-09T02:30:08.315704+00:00
1176884,1197,29149,"CASTILLO MEDINA, MARIO",68,68,100,amarilla,False,https://www.rffm.es/acta-partido/1176884,2026-08-09T02:30:09.160644+00:00
1176884,1197,29149,"CASTILLO MEDINA, MARIO",71,71,100,amarilla,True,https://www.rffm.es/acta-partido/1176884,2026-08-09T02:30:09.160644+00:00
1176881,356,237242,"VALDES MARTINEZ, DIEGO",77,77,100,amarilla,False,https://www.rffm.es/acta-partido/1176881,2026-08-09T02:30:09.167685+00:00
1176881,356,237242,"VALDES MARTINEZ, DIEGO",88,88,100,amarilla,True,https://www.rffm.es/acta-partido/1176881,2026-08-09T02:30:09.167685+00:00
1176889,356,230576,"AGUILERA LOPEZ OROZCO, JAIME",5,5,100,amarilla,False,https://www.rffm.es/acta-partido/1176889,2026-08-09T02:30:09.522461+00:00
1176889,356,230576,"AGUILERA LOPEZ OROZCO, JAIME",67,67,100,amarilla,True,https://www.rffm.es/acta-partido/1176889,2026-08-09T02:30:09.522461+00:00
1176882,300231,2337694,"MAROTO HERNANDEZ, FERNANDO",89,89,101,roja,False,https://www.rffm.es/acta-partido/1176882,2026-08-09T02:30:09.639040+00:00
1176882,439,13105170,"FERNANDEZ CORRALES, FRANCISCO J",80,80,101,roja,False,https://www.rffm.es/acta-partido/1176882,2026-08-09T02:30:09.639040+00:00
1176882,439,2359692,"RODRIGUEZ LEBRERO, CARLOS",89,89,101,roja,False,https://www.rffm.es/acta-partido/1176882,2026-08-09T02:30:09.639040+00:00
1176891,334390,215991,"SERVERA PUENTE, JAVIER",73,73,100,amarilla,False,https://www.rffm.es/acta-partido/1176891,2026-08-09T02:30:10.524908+00:00
1176891,334390,127129,"JAQUETE PASTOR, JUAN",80,80,100,amarilla,False,https://www.rffm.es/acta-partido/1176891,2026-08-09T02:30:10.524908+00:00
1176891,334390,215991,"SERVERA PUENTE, JAVIER",85,85,100,amarilla,True,https://www.rffm.es/acta-partido/1176891,2026-08-09T02:30:10.524908+00:00
1176891,334390,127129,"JAQUETE PASTOR, JUAN",87,87,100,amarilla,True,https://www.rffm.es/acta-partido/1176891,2026-08-09T02:30:10.524908+00:00
1176890,2977,239793,"GONZÁLEZ DE RIVERA ROMERO, GUILLERMO",27,27,101,roja,False,https://www.rffm.es/acta-partido/1176890,2026-08-09T02:30:10.568077+00:00
1176890,2977,233325,"HERNANDO GONZALEZ, ALFONSO",34,34,100,amarilla,False,https://www.rffm.es/acta-partido/1176890,2026-08-09T02:30:10.568077+00:00
1176890,2977,233325,"HERNANDO GONZALEZ, ALFONSO",86,86,100,amarilla,True,https://www.rffm.es/acta-partido/1176890,2026-08-09T02:30:10.568077+00:00
1176888,466770,7033596,"PARK, JEONGHWAN",89,89,101,roja,False,https://www.rffm.es/acta-partido/1176888,2026-08-09T02:30:10.655388+00:00
1176904,1418,7459550,"WILLIAMS, PAUL LUIS",75,75,101,roja,False,https://www.rffm.es/acta-partido/1176904,2026-08-09T02:30:11.075478+00:00
1176899,439,11102792,"MANSO DURAN, ANGEL",84,84,101,roja,False,https://www.rffm.es/acta-partido/1176899,2026-08-09T02:30:11.680957+00:00
1176902,1619,148433,"GARCÍA BAENA, ROBERTO",39,39,101,roja,False,https://www.rffm.es/acta-partido/1176902,2026-08-09T02:30:11.954375+00:00
1176897,300214,554470,"FERNANDEZ MARTIN, JORGE",73,73,101,roja,False,https://www.rffm.es/acta-partido/1176897,2026-08-09T02:30:12.155578+00:00
1176896,3359955,178636,"CALLE REINA, JORGE GUILLERMO",68,68,101,roja,False,https://www.rffm.es/acta-partido/1176896,2026-08-09T02:30:12.260640+00:00
1176900,334390,133842,"MARTIN BRANDAU, CARLOS",58,58,100,amarilla,False,https://www.rffm.es/acta-partido/1176900,2026-08-09T02:30:12.414027+00:00
1176900,334390,133842,"MARTIN BRANDAU, CARLOS",87,87,100,amarilla,True,https://www.rffm.es/acta-partido/1176900,2026-08-09T02:30:12.414027+00:00
1176909,830,238596,"MARTÍNEZ BALAO, MIGUEL ÁNGEL",45,45,100,amarilla,False,https://www.rffm.es/acta-partido/1176909,2026-08-09T02:30:12.726552+00:00
1176909,2977,665245,"RHARB MERROUN, YOUSSEF",34,34,100,amarilla,False,https://www.rffm.es/acta-partido/1176909,2026-08-09T02:30:12.726552+00:00
1176909,2977,187933,"CALVERA ALLUE, JORGE",58,58,100,amarilla,False,https://www.rffm.es/acta-partido/1176909,2026-08-09T02:30:12.726552+00:00
1176912,1197,29149,"CASTILLO MEDINA, MARIO",31,31,100,amarilla,False,https://www.rffm.es/acta-partido/1176912,2026-08-09T02:30:13.282918+00:00
1176912,1197,29149,"CASTILLO MEDINA, MARIO",61,61,100,amarilla,True,https://www.rffm.es/acta-partido/1176912,2026-08-09T02:30:13.282918+00:00
1176912,1197,13772959,"MORENO HINOJAL, MANUEL ALEJANDRO",64,64,101,roja,False,https://www.rffm.es/acta-partido/1176912,2026-08-09T02:30:13.282918+00:00
1176907,439,375126,"MARTINEZ CABAÑAS, ADRIAN",28,28,101,roja,False,https://www.rffm.es/acta-partido/1176907,2026-08-09T02:30:13.288333+00:00
1176907,466770,9242349,"PEREZ GARCIA, JESUS",51,51,100,amarilla,False,https://www.rffm.es/acta-partido/1176907,2026-08-09T02:30:13.288333+00:00
1176907,466770,576402,"GARCIA MONTESINOS ORTIZ, DAVID",56,56,100,amarilla,False,https://www.rffm.es/acta-partido/1176907,2026-08-09T02:30:13.288333+00:00
1176907,466770,846722,"MARTIN MAESTRO FERNANDEZ, DAVID",56,56,100,amarilla,False,https://www.rffm.es/acta-partido/1176907,2026-08-09T02:30:13.288333+00:00
1176907,466770,9242349,"PEREZ GARCIA, JESUS",56,56,100,amarilla,True,https://www.rffm.es/acta-partido/1176907,2026-08-09T02:30:13.288333+00:00
1176907,466770,846722,"MARTIN MAESTRO FERNANDEZ, DAVID",57,57,100,amarilla,True,https://www.rffm.es/acta-partido/1176907,2026-08-09T02:30:13.288333+00:00
1176907,466770,576402,"GARCIA MONTESINOS ORTIZ, DAVID",75,75,100,amarilla,True,https://www.rffm.es/acta-partido/1176907,2026-08-09T02:30:13.288333+00:00
1176905,6817352,237294,"RUIZ ALVAREZ, ARTURO",70,70,100,amarilla,False,https://www.rffm.es/acta-partido/1176905,2026-08-09T02:30:13.658420+00:00
1176905,6817352,237294,"RUIZ ALVAREZ, ARTURO",70,70,100,amarilla,False,https://www.rffm.es/acta-partido/1176905,2026-08-09T02:30:13.658420+00:00
1176905,6817352,133164,"LASSOUAD BEL HOUSSEN, ZACARIA",83,83,100,amarilla,False,https://www.rffm.es/acta-partido/1176905,2026-08-09T02:30:13.658420+00:00
1176905,6817352,133164,"LASSOUAD BEL HOUSSEN, ZACARIA",89,89,100,amarilla,True,https://www.rffm.es/acta-partido/1176905,2026-08-09T02:30:13.658420+00:00
1176915,356,746328,"HORMIGOS REDONDO, ALEJANDRO",85,85,101,roja,False,https://www.rffm.es/acta-partido/1176915,2026-08-09T02:30:14.061388+00:00
1176915,356,1064112,"PESCADOR REOYO, ANTONIO",86,86,100,amarilla,False,https://www.rffm.es/acta-partido/1176915,2026-08-09T02:30:14.061388+00:00
1176915,356,1064112,"PESCADOR REOYO, ANTONIO",86,86,100,amarilla,False,https://www.rffm.es/acta-partido/1176915,2026-08-09T02:30:14.061388+00:00
1176915,356,157462,"AZNAL GARCIA, JUAN CARLOS",90,90,100,amarilla,False,https://www.rffm.es/acta-partido/1176915,2026-08-09T02:30:14.061388+00:00
1176915,356,157462,"AZNAL GARCIA, JUAN CARLOS",999,999,101,roja,False,https://www.rffm.es/acta-partido/1176915,2026-08-09T02:30:14.061388+00:00
1176921,767,133068,"MUÑOZ BETANZOS, JAVIER",50,50,100,amarilla,False,https://www.rffm.es/acta-partido/1176921,2026-08-09T02:30:14.225760+00:00
1176921,767,133068,"MUÑOZ BETANZOS, JAVIER",74,74,100,amarilla,True,https://www.rffm.es/acta-partido/1176921,2026-08-09T02:30:14.225760+00:00
1176918,3349086,109263,"GONZALEZ HERNANDEZ, MIGUEL ANGEL",63,63,101,roja,False,https://www.rffm.es/acta-partido/1176918,2026-08-09T02:30:14.526441+00:00
1176914,1834,545927,"HERRERO PELAEZ, IGNACIO",77,77,101,roja,False,https://www.rffm.es/acta-partido/1176914,2026-08-09T02:30:14.530214+00:00
1176914,1834,185031,"DIAZ ALGABA, HECTOR",77,77,101,roja,False,https://www.rffm.es/acta-partido/1176914,2026-08-09T02:30:14.530214+00:00
1176920,171,9235608,"LOPEZ IGUAL, DAVID",999,999,101,roja,False,https://www.rffm.es/acta-partido/1176920,2026-08-09T02:30:15.076524+00:00
1177029,72,322269,"DIEZ GARCIA, EMMANUEL",74,74,101,roja,False,https://www.rffm.es/acta-partido/1177029,2026-08-09T02:30:16.409871+00:00
1177023,846893,677868,"MOLANO GONZALEZ, DAVID",89,89,101,roja,False,https://www.rffm.es/acta-partido/1177023,2026-08-09T02:30:16.778940+00:00
1177026,846913,13439941,"RIVERO PRADOS, JORGE",33,33,100,amarilla,False,https://www.rffm.es/acta-partido/1177026,2026-08-09T02:30:16.782873+00:00
1177026,846913,179941,"ENCINAS GALLEGO, VICENTE",52,52,100,amarilla,False,https://www.rffm.es/acta-partido/1177026,2026-08-09T02:30:16.782873+00:00
1177026,846913,13114902,"MOYA DIAZ, LUIS MARTIN",81,81,100,amarilla,False,https://www.rffm.es/acta-partido/1177026,2026-08-09T02:30:16.782873+00:00
1177026,919,124646,"GUADARRAMA LEON, JAVIER",32,32,100,amarilla,False,https://www.rffm.es/acta-partido/1177026,2026-08-09T02:30:16.782873+00:00
1177026,919,20787,"MASEDO ALGOVIA, CARLOS",43,43,100,amarilla,False,https://www.rffm.es/acta-partido/1177026,2026-08-09T02:30:16.782873+00:00
1177026,919,126117,"GARCIA MUÑOZ, GONZALO",84,84,100,amarilla,False,https://www.rffm.es/acta-partido/1177026,2026-08-09T02:30:16.782873+00:00
1177046,72,608955,"TORBELLINO MENDIETA, ADRIAN",23,23,100,amarilla,False,https://www.rffm.es/acta-partido/1177046,2026-08-09T02:30:18.967267+00:00
1177046,72,608955,"TORBELLINO MENDIETA, ADRIAN",86,86,100,amarilla,True,https://www.rffm.es/acta-partido/1177046,2026-08-09T02:30:18.967267+00:00
1177044,8972502,2689647,"NAVARRO LEGARDA, ROBERTO HUGO",78,78,100,amarilla,False,https://www.rffm.es/acta-partido/1177044,2026-08-09T02:30:19.688540+00:00
1177044,8972502,2689647,"NAVARRO LEGARDA, ROBERTO HUGO",89,89,101,roja,False,https://www.rffm.es/acta-partido/1177044,2026-08-09T02:30:19.688540+00:00
1177053,408,643969,"SANCHEZ SANCHEZ, RHOLYNGER JAVIER",62,62,101,roja,False,https://www.rffm.es/acta-partido/1177053,2026-08-09T02:30:19.979311+00:00
1177050,466823,127461,"CARRACEDO CABADAS, BORJA",80,80,101,roja,False,https://www.rffm.es/acta-partido/1177050,2026-08-09T02:30:20.441088+00:00
1177055,846913,43011,"GARCIA CEA, FERNANDO",24,24,101,roja,False,https://www.rffm.es/acta-partido/1177055,2026-08-09T02:30:20.456289+00:00
1177055,846913,13114902,"MOYA DIAZ, LUIS MARTIN",48,48,101,roja,False,https://www.rffm.es/acta-partido/1177055,2026-08-09T02:30:20.456289+00:00
1177052,919,19734,"PEREZ CLEMENTE, ANTONIO",55,55,100,amarilla,False,https://www.rffm.es/acta-partido/1177052,2026-08-09T02:30:20.650540+00:00
1177052,919,2760743,"SANCHEZ SAIZ, IVAN",69,69,100,amarilla,False,https://www.rffm.es/acta-partido/1177052,2026-08-09T02:30:20.650540+00:00
1177052,919,28541,"SANCHEZ LOPEZ, DANIEL",70,70,100,amarilla,False,https://www.rffm.es/acta-partido/1177052,2026-08-09T02:30:20.650540+00:00
1177052,919,27842,"HUERGO MARTINEZ, ALEJANDRO",89,89,100,amarilla,False,https://www.rffm.es/acta-partido/1177052,2026-08-09T02:30:20.650540+00:00
1177052,4930213,235703,"VILLASANTA SANCHEZ, ALEJANDRO",29,29,100,amarilla,False,https://www.rffm.es/acta-partido/1177052,2026-08-09T02:30:20.650540+00:00
1177052,4930213,230950,"CALVET MARTINEZ, ANGEL",39,39,100,amarilla,False,https://www.rffm.es/acta-partido/1177052,2026-08-09T02:30:20.650540+00:00
1177052,4930213,30466,"AQUINO MENDEZ, BENITO FELIPE",42,42,100,amarilla,False,https://www.rffm.es/acta-partido/1177052,2026-08-09T02:30:20.650540+00:00
1177052,4930213,153821,"GARCIA BORRERO, JUAN JOSE",65,65,100,amarilla,False,https://www.rffm.es/acta-partido/1177052,2026-08-09T02:30:20.650540+00:00
1177052,4930213,13450698,"HEROS PARRAVICINI, JUAN LUIS BENITO",70,70,100,amarilla,False,https://www.rffm.es/acta-partido/1177052,2026-08-09T02:30:20.650540+00:00
1177052,4930213,28678,"SEOANE RUIZ, CARLOS",89,89,100,amarilla,False,https://www.rffm.es/acta-partido/1177052,2026-08-09T02:30:20.650540+00:00
1177052,4930213,614001,"MORENO MORAN, JAVIER",89,89,100,amarilla,False,https://www.rffm.es/acta-partido/1177052,2026-08-09T02:30:20.650540+00:00
1177061,4930213,235703,"VILLASANTA SANCHEZ, ALEJANDRO",63,63,100,amarilla,False,https://www.rffm.es/acta-partido/1177061,2026-08-09T02:30:21.567390+00:00
1177061,4930213,235703,"VILLASANTA SANCHEZ, ALEJANDRO",86,86,100,amarilla,True,https://www.rffm.es/acta-partido/1177061,2026-08-09T02:30:21.567390+00:00
1177061,8972502,8614104,"DO ROSARIO DOS SANTOS, PETERSON",32,32,100,amarilla,False,https://www.rffm.es/acta-partido/1177061,2026-08-09T02:30:21.567390+00:00
1177061,8972502,8614104,"DO ROSARIO DOS SANTOS, PETERSON",88,88,100,amarilla,True,https://www.rffm.es/acta-partido/1177061,2026-08-09T02:30:21.567390+00:00
1177060,608,43924,"FERNANDEZ GARCIA, DANIEL",43,43,101,roja,False,https://www.rffm.es/acta-partido/1177060,2026-08-09T02:30:21.919147+00:00
1177058,466823,232857,"SALVAT ESTEVE, JORGE",33,33,100,amarilla,False,https://www.rffm.es/acta-partido/1177058,2026-08-09T02:30:22.293106+00:00
1177058,466823,127446,"FERNANDEZ PINILLA, JAIME",67,67,100,amarilla,False,https://www.rffm.es/acta-partido/1177058,2026-08-09T02:30:22.293106+00:00
1177058,466823,127446,"FERNANDEZ PINILLA, JAIME",85,85,100,amarilla,True,https://www.rffm.es/acta-partido/1177058,2026-08-09T02:30:22.293106+00:00
1177058,466823,232857,"SALVAT ESTEVE, JORGE",89,89,100,amarilla,True,https://www.rffm.es/acta-partido/1177058,2026-08-09T02:30:22.293106+00:00
1177066,1387,3003856,"DIAZ PANIEGO, JULIO",89,89,101,roja,False,https://www.rffm.es/acta-partido/1177066,2026-08-09T02:30:22.540579+00:00
1177068,466658,11055320,"FARIÑA GAMARRA, JHONNY KEVIN",34,34,100,amarilla,False,https://www.rffm.es/acta-partido/1177068,2026-08-09T02:30:23.772266+00:00
1177068,466658,11055320,"FARIÑA GAMARRA, JHONNY KEVIN",89,89,100,amarilla,True,https://www.rffm.es/acta-partido/1177068,2026-08-09T02:30:23.772266+00:00
1177071,1311,666036,"AL HAYANI SAAD, ANAS WALEED",90,90,100,amarilla,False,https://www.rffm.es/acta-partido/1177071,2026-08-09T02:30:24.132188+00:00
1177071,1311,666036,"AL HAYANI SAAD, ANAS WALEED",90,90,100,amarilla,False,https://www.rffm.es/acta-partido/1177071,2026-08-09T02:30:24.132188+00:00
1177071,4930213,235599,"NISO GALAN, DANIEL ORIOL",83,83,101,roja,False,https://www.rffm.es/acta-partido/1177071,2026-08-09T02:30:24.132188+00:00
1177078,534532,52314,"ORTEGA RAMIREZ, ERIC",38,38,100,amarilla,False,https://www.rffm.es/acta-partido/1177078,2026-08-09T02:30:24.592519+00:00
1177078,534532,52314,"ORTEGA RAMIREZ, ERIC",80,80,100,amarilla,True,https://www.rffm.es/acta-partido/1177078,2026-08-09T02:30:24.592519+00:00
1177078,8972502,20612,"MUÑOZ RUIZ, JORGE",47,47,101,roja,False,https://www.rffm.es/acta-partido/1177078,2026-08-09T02:30:24.592519+00:00
1177078,8972502,2357493,"MARTINEZ BELTRAN, JOSE ENRIQUE",55,55,100,amarilla,False,https://www.rffm.es/acta-partido/1177078,2026-08-09T02:30:24.592519+00:00
1177078,8972502,2689647,"NAVARRO LEGARDA, ROBERTO HUGO",60,60,101,roja,False,https://www.rffm.es/acta-partido/1177078,2026-08-09T02:30:24.592519+00:00
1177078,8972502,2357493,"MARTINEZ BELTRAN, JOSE ENRIQUE",75,75,100,amarilla,True,https://www.rffm.es/acta-partido/1177078,2026-08-09T02:30:24.592519+00:00
1177075,1387,191020,"ONDO MEYE, FRANCISCO JAVIER",22,22,100,amarilla,False,https://www.rffm.es/acta-partido/1177075,2026-08-09T02:30:24.740670+00:00
1177075,1387,191020,"ONDO MEYE, FRANCISCO JAVIER",77,77,100,amarilla,True,https://www.rffm.es/acta-partido/1177075,2026-08-09T02:30:24.740670+00:00
1177076,466658,170078,"SEUBERT LOPEZ, EWALD MARKO",67,67,101,roja,False,https://www.rffm.es/acta-partido/1177076,2026-08-09T02:30:24.742087+00:00
1177076,466658,176392,"MARTÍN URBINA, DANIEL",89,89,101,roja,False,https://www.rffm.es/acta-partido/1177076,2026-08-09T02:30:24.742087+00:00
1177079,1311,176265,"HORCAJO DIESTRO, DANIEL",52,52,100,amarilla,False,https://www.rffm.es/acta-partido/1177079,2026-08-09T02:30:24.769234+00:00
1177079,1311,176265,"HORCAJO DIESTRO, DANIEL",62,62,100,amarilla,True,https://www.rffm.es/acta-partido/1177079,2026-08-09T02:30:24.769234+00:00
1177085,466673,13426790,"GALERA BOLIVAR, ALEJANDRO",19,19,100,amarilla,False,https://www.rffm.es/acta-partido/1177085,2026-08-09T02:30:25.419356+00:00
1177085,466673,13426790,"GALERA BOLIVAR, ALEJANDRO",89,89,100,amarilla,True,https://www.rffm.es/acta-partido/1177085,2026-08-09T02:30:25.419356+00:00
1177093,846913,46678,"FORTEA TORRADO, FELIPE",26,26,100,amarilla,False,https://www.rffm.es/acta-partido/1177093,2026-08-09T02:30:26.567969+00:00
1177094,919,27842,"HUERGO MARTINEZ, ALEJANDRO",47,47,100,amarilla,False,https://www.rffm.es/acta-partido/1177094,2026-08-09T02:30:26.879584+00:00
1177094,919,27842,"HUERGO MARTINEZ, ALEJANDRO",89,89,100,amarilla,True,https://www.rffm.es/acta-partido/1177094,2026-08-09T02:30:26.879584+00:00
1177097,534532,974134,"FERNANDEZ DE BLAS, FERNANDO",48,48,100,amarilla,False,https://www.rffm.es/acta-partido/1177097,2026-08-09T02:30:27.250701+00:00
1177097,534532,242352,"QUINTANA MARTÍN, IVÁN",51,51,100,amarilla,False,https://www.rffm.es/acta-partido/1177097,2026-08-09T02:30:27.250701+00:00
1177097,534532,11050217,"SORIANO MARCO, CARLOS",69,69,100,amarilla,False,https://www.rffm.es/acta-partido/1177097,2026-08-09T02:30:27.250701+00:00
1177097,534532,974134,"FERNANDEZ DE BLAS, FERNANDO",72,72,100,amarilla,True,https://www.rffm.es/acta-partido/1177097,2026-08-09T02:30:27.250701+00:00
1177097,534532,11050217,"SORIANO MARCO, CARLOS",72,72,100,amarilla,True,https://www.rffm.es/acta-partido/1177097,2026-08-09T02:30:27.250701+00:00
1177097,534532,242352,"QUINTANA MARTÍN, IVÁN",86,86,100,amarilla,True,https://www.rffm.es/acta-partido/1177097,2026-08-09T02:30:27.250701+00:00
1177099,4930213,197384,"PAREDES MENDOZA, JHILSON RAUL",22,22,100,amarilla,False,https://www.rffm.es/acta-partido/1177099,2026-08-09T02:30:27.858957+00:00
1177099,4930213,197384,"PAREDES MENDOZA, JHILSON RAUL",50,50,100,amarilla,True,https://www.rffm.es/acta-partido/1177099,2026-08-09T02:30:27.858957+00:00
1177098,608,43924,"FERNANDEZ GARCIA, DANIEL",90,90,101,roja,False,https://www.rffm.es/acta-partido/1177098,2026-08-09T02:30:27.870274+00:00
1177108,517,43023,"MOLINA GAÑAN, JUAN",44,44,100,amarilla,False,https://www.rffm.es/acta-partido/1177108,2026-08-09T02:30:28.886622+00:00
1177108,517,43023,"MOLINA GAÑAN, JUAN",72,72,100,amarilla,True,https://www.rffm.es/acta-partido/1177108,2026-08-09T02:30:28.886622+00:00
1177109,1387,752813,"CATALINAS SANCHEZ, GONZALO",89,89,101,roja,False,https://www.rffm.es/acta-partido/1177109,2026-08-09T02:30:29.155104+00:00
1177103,466673,47210,"GAMEZ RUBIO, RUBEN",27,27,100,amarilla,False,https://www.rffm.es/acta-partido/1177103,2026-08-09T02:30:29.163953+00:00
1177103,466673,47210,"GAMEZ RUBIO, RUBEN",89,89,100,amarilla,True,https://www.rffm.es/acta-partido/1177103,2026-08-09T02:30:29.163953+00:00
1177110,334192,2347511,"AHMIDOUCH, YOUSSEF",33,33,101,roja,False,https://www.rffm.es/acta-partido/1177110,2026-08-09T02:30:29.513891+00:00
1177117,1387,153517,"MOLINA MONTEJANO, JORGE",45,45,100,amarilla,False,https://www.rffm.es/acta-partido/1177117,2026-08-09T02:30:30.839702+00:00
1177117,1387,153517,"MOLINA MONTEJANO, JORGE",84,84,100,amarilla,True,https://www.rffm.es/acta-partido/1177117,2026-08-09T02:30:30.839702+00:00
1177116,517,6465273,"SANCHEZ PEREZ, DAVID",999,999,101,roja,False,https://www.rffm.es/acta-partido/1177116,2026-08-09T02:30:30.848836+00:00
1177116,517,6465273,"SANCHEZ PEREZ, DAVID",999,999,101,roja,False,https://www.rffm.es/acta-partido/1177116,2026-08-09T02:30:30.848836+00:00
1177119,846913,47273,"MENDIETA JIMENEZ, JAVIER",29,29,101,roja,False,https://www.rffm.es/acta-partido/1177119,2026-08-09T02:30:30.890021+00:00
1177119,846913,46864,"DE LA FUENTE CALDERON, EDUARDO",32,32,100,amarilla,False,https://www.rffm.es/acta-partido/1177119,2026-08-09T02:30:30.890021+00:00
1177124,397,609013,"DEL CORRO SANZ, GONZALO TOMAS",57,57,100,amarilla,False,https://www.rffm.es/acta-partido/1177124,2026-08-09T02:30:31.378140+00:00
1177124,397,609013,"DEL CORRO SANZ, GONZALO TOMAS",73,73,100,amarilla,True,https://www.rffm.es/acta-partido/1177124,2026-08-09T02:30:31.378140+00:00
1177126,534532,3923581,"ETETE, PRECIOUS MOSES",52,52,100,amarilla,False,https://www.rffm.es/acta-partido/1177126,2026-08-09T02:30:31.384104+00:00
1177126,534532,3923581,"ETETE, PRECIOUS MOSES",90,90,100,amarilla,True,https://www.rffm.es/acta-partido/1177126,2026-08-09T02:30:31.384104+00:00
1177129,408,2456625,"FIDALGO CARBAJO, DANIEL",42,42,100,amarilla,False,https://www.rffm.es/acta-partido/1177129,2026-08-09T02:30:32.459500+00:00
1177129,408,2456625,"FIDALGO CARBAJO, DANIEL",43,43,100,amarilla,True,https://www.rffm.es/acta-partido/1177129,2026-08-09T02:30:32.459500+00:00
1177130,1311,10895250,"HOYOS CALDERÓN, JEISSON DAVID",87,87,100,amarilla,False,https://www.rffm.es/acta-partido/1177130,2026-08-09T02:30:32.812794+00:00
1177130,1311,10895250,"HOYOS CALDERÓN, JEISSON DAVID",999,999,100,amarilla,True,https://www.rffm.es/acta-partido/1177130,2026-08-09T02:30:32.812794+00:00
1177131,919,20787,"MASEDO ALGOVIA, CARLOS",35,35,100,amarilla,False,https://www.rffm.es/acta-partido/1177131,2026-08-09T02:30:33.333244+00:00
1177131,919,28458,"VICENTE MENDEZ, MARIO",35,35,101,roja,False,https://www.rffm.es/acta-partido/1177131,2026-08-09T02:30:33.333244+00:00
1177131,919,2760743,"SANCHEZ SAIZ, IVAN",55,55,100,amarilla,False,https://www.rffm.es/acta-partido/1177131,2026-08-09T02:30:33.333244+00:00
1177131,919,20075,"RECACHA SAIZ, SAMUEL",90,90,100,amarilla,False,https://www.rffm.es/acta-partido/1177131,2026-08-09T02:30:33.333244+00:00
1177131,919,20787,"MASEDO ALGOVIA, CARLOS",90,90,100,amarilla,True,https://www.rffm.es/acta-partido/1177131,2026-08-09T02:30:33.333244+00:00
1177131,72,901153,"FERNANDEZ DURAN, PABLO JOSE",35,35,100,amarilla,False,https://www.rffm.es/acta-partido/1177131,2026-08-09T02:30:33.333244+00:00
1177131,72,236690,"SALGUERO HERNANDEZ, ADRIAN",61,61,100,amarilla,False,https://www.rffm.es/acta-partido/1177131,2026-08-09T02:30:33.333244+00:00
1177131,72,10509833,"BATASHVILI, YEHUDA IDAN",73,73,100,amarilla,False,https://www.rffm.es/acta-partido/1177131,2026-08-09T02:30:33.333244+00:00
1177131,72,2347322,"REDONDO GARCIA, JORGE",90,90,100,amarilla,False,https://www.rffm.es/acta-partido/1177131,2026-08-09T02:30:33.333244+00:00
1177138,466673,47712,"CANALES AGUADO, GUSTAVO",30,30,100,amarilla,False,https://www.rffm.es/acta-partido/1177138,2026-08-09T02:30:33.722001+00:00
1177138,466673,47712,"CANALES AGUADO, GUSTAVO",89,89,100,amarilla,True,https://www.rffm.es/acta-partido/1177138,2026-08-09T02:30:33.722001+00:00
1177141,919,177498,"LOPEZ DOBLAS, ISMAEL",51,51,100,amarilla,False,https://www.rffm.es/acta-partido/1177141,2026-08-09T02:30:34.047072+00:00
1177141,919,177498,"LOPEZ DOBLAS, ISMAEL",89,89,100,amarilla,True,https://www.rffm.es/acta-partido/1177141,2026-08-09T02:30:34.047072+00:00
1177144,846893,11400117,"GARRIDO RECUENZO, AITOR",90,90,101,roja,False,https://www.rffm.es/acta-partido/1177144,2026-08-09T02:30:34.353732+00:00
1177144,846893,644648,"TELLEZ DE LA MORENA, IGNACIO",999,999,101,roja,False,https://www.rffm.es/acta-partido/1177144,2026-08-09T02:30:34.353732+00:00
1177147,4930213,9231214,"GARCIA MARTINEZ, FRANCISCO JAVIER",76,76,101,roja,False,https://www.rffm.es/acta-partido/1177147,2026-08-09T02:30:35.107505+00:00
1177139,466673,6308219,"ALVAREZ PEREZ, ANDY",76,76,101,roja,False,https://www.rffm.es/acta-partido/1177139,2026-08-09T02:30:35.295728+00:00
1177152,334192,13098524,"MARCOS DE LEON RODRIGUEZ, LUIS JAVIER",76,76,101,roja,False,https://www.rffm.es/acta-partido/1177152,2026-08-09T02:30:35.607869+00:00
1177154,4950067,323655,"MADRIGAL PALENCIA, LUIS ALFONSO",38,38,100,amarilla,False,https://www.rffm.es/acta-partido/1177154,2026-08-09T02:30:35.641240+00:00
1177154,4950067,323655,"MADRIGAL PALENCIA, LUIS ALFONSO",87,87,100,amarilla,True,https://www.rffm.es/acta-partido/1177154,2026-08-09T02:30:35.641240+00:00
1177155,408,376825,"MOULET VILLASEVIL, DIEGO",37,37,100,amarilla,False,https://www.rffm.es/acta-partido/1177155,2026-08-09T02:30:36.250208+00:00
1177155,408,376825,"MOULET VILLASEVIL, DIEGO",53,53,100,amarilla,True,https://www.rffm.es/acta-partido/1177155,2026-08-09T02:30:36.250208+00:00
1177151,466658,176317,"FERNANDEZ GOMEZ, JONATHAN",41,41,100,amarilla,False,https://www.rffm.es/acta-partido/1177151,2026-08-09T02:30:36.338370+00:00
1177151,466658,176317,"FERNANDEZ GOMEZ, JONATHAN",41,41,101,roja,False,https://www.rffm.es/acta-partido/1177151,2026-08-09T02:30:36.338370+00:00
1177151,1387,3028780,"MARIN GARCIA, JOSE CARLOS",41,41,100,amarilla,False,https://www.rffm.es/acta-partido/1177151,2026-08-09T02:30:36.338370+00:00
1177150,517,322432,"RUIZ PEÑA, ISMAEL",59,59,101,roja,False,https://www.rffm.es/acta-partido/1177150,2026-08-09T02:30:36.449789+00:00
1177160,919,235487,"DE LA VEGA DIAZ, ANTONIO JAVIER",90,90,101,roja,False,https://www.rffm.es/acta-partido/1177160,2026-08-09T02:30:37.280032+00:00
1177157,72,2347322,"REDONDO GARCIA, JORGE",45,45,101,roja,False,https://www.rffm.es/acta-partido/1177157,2026-08-09T02:30:38.004638+00:00
1177164,534532,974134,"FERNANDEZ DE BLAS, FERNANDO",999,999,101,roja,False,https://www.rffm.es/acta-partido/1177164,2026-08-09T02:30:38.234019+00:00
1177167,517,306613,"YAÑEZ SANCHEZ, DIEGO ROBERTO",14,14,100,amarilla,False,https://www.rffm.es/acta-partido/1177167,2026-08-09T02:30:38.554319+00:00
1177167,517,241665,"ALONSO VAZQUEZ, ALVARO",23,23,100,amarilla,False,https://www.rffm.es/acta-partido/1177167,2026-08-09T02:30:38.554319+00:00
1177167,517,13765376,"ORTIZ PINTOS, JOSE LUIS",65,65,100,amarilla,False,https://www.rffm.es/acta-partido/1177167,2026-08-09T02:30:38.554319+00:00
1177167,517,13765376,"ORTIZ PINTOS, JOSE LUIS",65,65,100,amarilla,False,https://www.rffm.es/acta-partido/1177167,2026-08-09T02:30:38.554319+00:00
1177167,517,241665,"ALONSO VAZQUEZ, ALVARO",76,76,100,amarilla,True,https://www.rffm.es/acta-partido/1177167,2026-08-09T02:30:38.554319+00:00
1177167,517,6465273,"SANCHEZ PEREZ, DAVID",80,80,100,amarilla,False,https://www.rffm.es/acta-partido/1177167,2026-08-09T02:30:38.554319+00:00
1177167,517,306613,"YAÑEZ SANCHEZ, DIEGO ROBERTO",89,89,100,amarilla,True,https://www.rffm.es/acta-partido/1177167,2026-08-09T02:30:38.554319+00:00
1177167,517,6465273,"SANCHEZ PEREZ, DAVID",89,89,100,amarilla,True,https://www.rffm.es/acta-partido/1177167,2026-08-09T02:30:38.554319+00:00
1177169,919,322863,"DE LA CRUZ GONZÁLEZ, IGNACIO",18,18,100,amarilla,False,https://www.rffm.es/acta-partido/1177169,2026-08-09T02:30:39.257156+00:00
1177169,919,28226,"IBAÑEZ JARILLO, ALVARO",53,53,100,amarilla,False,https://www.rffm.es/acta-partido/1177169,2026-08-09T02:30:39.257156+00:00
1177169,919,28226,"IBAÑEZ JARILLO, ALVARO",88,88,100,amarilla,True,https://www.rffm.es/acta-partido/1177169,2026-08-09T02:30:39.257156+00:00
1177169,919,322863,"DE LA CRUZ GONZÁLEZ, IGNACIO",89,89,100,amarilla,True,https://www.rffm.es/acta-partido/1177169,2026-08-09T02:30:39.257156+00:00
1177175,534532,241576,"MORENO HERNANDEZ, JESUS",87,87,100,amarilla,False,https://www.rffm.es/acta-partido/1177175,2026-08-09T02:30:39.530410+00:00
1177175,534532,241576,"MORENO HERNANDEZ, JESUS",88,88,100,amarilla,True,https://www.rffm.es/acta-partido/1177175,2026-08-09T02:30:39.530410+00:00
1177171,4950067,323655,"MADRIGAL PALENCIA, LUIS ALFONSO",75,75,100,amarilla,False,https://www.rffm.es/acta-partido/1177171,2026-08-09T02:30:39.703776+00:00
1177171,4950067,13147203,"GONZALEZ MENDEZ, ALEJANDRO",75,75,100,amarilla,False,https://www.rffm.es/acta-partido/1177171,2026-08-09T02:30:39.703776+00:00
1177171,4950067,323655,"MADRIGAL PALENCIA, LUIS ALFONSO",89,89,100,amarilla,True,https://www.rffm.es/acta-partido/1177171,2026-08-09T02:30:39.703776+00:00
1177171,4950067,13147203,"GONZALEZ MENDEZ, ALEJANDRO",89,89,100,amarilla,True,https://www.rffm.es/acta-partido/1177171,2026-08-09T02:30:39.703776+00:00
1177181,1387,232848,"MENDOZA MUÑOZ, IGNACIO",32,32,100,amarilla,False,https://www.rffm.es/acta-partido/1177181,2026-08-09T02:30:40.104857+00:00
1177181,1387,236215,"MARTINEZ MARTIN, DIEGO",66,66,100,amarilla,False,https://www.rffm.es/acta-partido/1177181,2026-08-09T02:30:40.104857+00:00
1177181,1387,232848,"MENDOZA MUÑOZ, IGNACIO",70,70,100,amarilla,True,https://www.rffm.es/acta-partido/1177181,2026-08-09T02:30:40.104857+00:00
1177181,1387,236215,"MARTINEZ MARTIN, DIEGO",89,89,100,amarilla,True,https://www.rffm.es/acta-partido/1177181,2026-08-09T02:30:40.104857+00:00
1177183,466673,44379,"RODRIGUEZ DOMINGO, RICARDO",63,63,101,roja,False,https://www.rffm.es/acta-partido/1177183,2026-08-09T02:30:40.189818+00:00
1177183,466673,122789,"DO ROSARIO DUARTE, JORGE MANUEL",75,75,100,amarilla,False,https://www.rffm.es/acta-partido/1177183,2026-08-09T02:30:40.189818+00:00
1177183,466673,122789,"DO ROSARIO DUARTE, JORGE MANUEL",78,78,100,amarilla,True,https://www.rffm.es/acta-partido/1177183,2026-08-09T02:30:40.189818+00:00
1177183,466673,47345,"PAJUELO CHAMORRO, ANTONIO",80,80,101,roja,False,https://www.rffm.es/acta-partido/1177183,2026-08-09T02:30:40.189818+00:00
1177183,466673,6308219,"ALVAREZ PEREZ, ANDY",80,80,101,roja,False,https://www.rffm.es/acta-partido/1177183,2026-08-09T02:30:40.189818+00:00
1177177,466823,802259,"SUITA UREÑA, MANUEL",63,63,100,amarilla,False,https://www.rffm.es/acta-partido/1177177,2026-08-09T02:30:40.553255+00:00
1177177,466823,802259,"SUITA UREÑA, MANUEL",73,73,100,amarilla,True,https://www.rffm.es/acta-partido/1177177,2026-08-09T02:30:40.553255+00:00
1177176,846893,195018,"KAMENOV, TSVETAN NEDYALKOV",76,76,101,roja,False,https://www.rffm.es/acta-partido/1177176,2026-08-09T02:30:40.731258+00:00
1177176,846893,184624,"REGRAGUI DE LA FUENTE, JOSEP",89,89,101,roja,False,https://www.rffm.es/acta-partido/1177176,2026-08-09T02:30:40.731258+00:00
1177176,4930213,30466,"AQUINO MENDEZ, BENITO FELIPE",89,89,101,roja,False,https://www.rffm.es/acta-partido/1177176,2026-08-09T02:30:40.731258+00:00
1177189,846913,44754,"DEMETRIO DA SILVA, RAUL",81,81,100,amarilla,False,https://www.rffm.es/acta-partido/1177189,2026-08-09T02:30:41.028848+00:00
1177189,846913,44754,"DEMETRIO DA SILVA, RAUL",81,81,100,amarilla,False,https://www.rffm.es/acta-partido/1177189,2026-08-09T02:30:41.028848+00:00
1177189,846913,11083493,"PEREZ ALBA, FRANCISCO JAVIER",87,87,101,roja,False,https://www.rffm.es/acta-partido/1177189,2026-08-09T02:30:41.028848+00:00
1177189,8972502,192386,"SUCUNUTA YAGUANA, NIXON XAVIER",87,87,101,roja,False,https://www.rffm.es/acta-partido/1177189,2026-08-09T02:30:41.028848+00:00
1177187,466658,134001,"HERRERO FRESNO, ALEJANDRO",84,84,100,amarilla,False,https://www.rffm.es/acta-partido/1177187,2026-08-09T02:30:41.033517+00:00
1177187,466658,134001,"HERRERO FRESNO, ALEJANDRO",84,84,100,amarilla,False,https://www.rffm.es/acta-partido/1177187,2026-08-09T02:30:41.033517+00:00
1177197,8972502,20555,"BELTRAN TEBA, ALEJANDRO",40,40,101,roja,False,https://www.rffm.es/acta-partido/1177197,2026-08-09T02:30:42.764511+00:00
1177194,466823,13469200,"NGWA, LEONARD KISUN",40,40,101,roja,False,https://www.rffm.es/acta-partido/1177194,2026-08-09T02:30:42.780657+00:00
1177194,466823,4712572,"GARCIA RUIZ, SAUL",41,41,100,amarilla,False,https://www.rffm.es/acta-partido/1177194,2026-08-09T02:30:42.780657+00:00
1177194,466823,4712572,"GARCIA RUIZ, SAUL",45,45,100,amarilla,True,https://www.rffm.es/acta-partido/1177194,2026-08-09T02:30:42.780657+00:00
1177194,466823,13729531,"ORTIZ ARRIBAS, DANIEL",45,45,101,roja,False,https://www.rffm.es/acta-partido/1177194,2026-08-09T02:30:42.780657+00:00
1177193,846893,165138,"LLORENTE LEON, JOSE MANUEL",79,79,100,amarilla,False,https://www.rffm.es/acta-partido/1177193,2026-08-09T02:30:43.003461+00:00
1177193,846893,165138,"LLORENTE LEON, JOSE MANUEL",91,91,100,amarilla,True,https://www.rffm.es/acta-partido/1177193,2026-08-09T02:30:43.003461+00:00
1177193,534532,52314,"ORTEGA RAMIREZ, ERIC",50,50,100,amarilla,False,https://www.rffm.es/acta-partido/1177193,2026-08-09T02:30:43.003461+00:00
1177193,534532,52314,"ORTEGA RAMIREZ, ERIC",91,91,100,amarilla,True,https://www.rffm.es/acta-partido/1177193,2026-08-09T02:30:43.003461+00:00
1177195,466658,231189,"GARCIA VAZQUEZ, ALEJANDRO",86,86,100,amarilla,False,https://www.rffm.es/acta-partido/1177195,2026-08-09T02:30:43.996764+00:00
1177195,466658,170079,"SEUBERT LOPEZ, CHRISTIAN",86,86,101,roja,False,https://www.rffm.es/acta-partido/1177195,2026-08-09T02:30:43.996764+00:00
1177195,466658,231189,"GARCIA VAZQUEZ, ALEJANDRO",90,90,100,amarilla,True,https://www.rffm.es/acta-partido/1177195,2026-08-09T02:30:43.996764+00:00
1177196,919,2760743,"SANCHEZ SAIZ, IVAN",8,8,100,amarilla,False,https://www.rffm.es/acta-partido/1177196,2026-08-09T02:30:44.173151+00:00
1177196,919,28226,"IBAÑEZ JARILLO, ALVARO",36,36,100,amarilla,False,https://www.rffm.es/acta-partido/1177196,2026-08-09T02:30:44.173151+00:00
1177196,919,28226,"IBAÑEZ JARILLO, ALVARO",49,49,100,amarilla,True,https://www.rffm.es/acta-partido/1177196,2026-08-09T02:30:44.173151+00:00
1177196,919,1044117,"ESCOBAR MARTIN, IVAN",57,57,100,amarilla,False,https://www.rffm.es/acta-partido/1177196,2026-08-09T02:30:44.173151+00:00
1177196,919,1044117,"ESCOBAR MARTIN, IVAN",89,89,100,amarilla,True,https://www.rffm.es/acta-partido/1177196,2026-08-09T02:30:44.173151+00:00
1177196,919,2760743,"SANCHEZ SAIZ, IVAN",89,89,101,roja,False,https://www.rffm.es/acta-partido/1177196,2026-08-09T02:30:44.173151+00:00
1177196,408,771061,"FERNANDEZ ARTICANABA, MARIO GUSTAVO",65,65,100,amarilla,False,https://www.rffm.es/acta-partido/1177196,2026-08-09T02:30:44.173151+00:00
1177196,408,771061,"FERNANDEZ ARTICANABA, MARIO GUSTAVO",89,89,100,amarilla,True,https://www.rffm.es/acta-partido/1177196,2026-08-09T02:30:44.173151+00:00
1177196,408,3800844,"SAMPER SILVA, CESAR ANTONIO",89,89,101,roja,False,https://www.rffm.es/acta-partido/1177196,2026-08-09T02:30:44.173151+00:00
1177208,846913,46864,"DE LA FUENTE CALDERON, EDUARDO",60,60,100,amarilla,False,https://www.rffm.es/acta-partido/1177208,2026-08-09T02:30:44.386856+00:00
1177208,846913,46864,"DE LA FUENTE CALDERON, EDUARDO",71,71,100,amarilla,True,https://www.rffm.es/acta-partido/1177208,2026-08-09T02:30:44.386856+00:00
1177208,72,321402,"VERA SANJURJO, ASIER",15,15,100,amarilla,False,https://www.rffm.es/acta-partido/1177208,2026-08-09T02:30:44.386856+00:00
1177203,534532,321198,"PEDRO EHAPO, CREEVER",90,90,101,roja,False,https://www.rffm.es/acta-partido/1177203,2026-08-09T02:30:44.496063+00:00
1177217,846913,47290,"MOLINA LINARES, JOSE ANTONIO",27,27,101,roja,False,https://www.rffm.es/acta-partido/1177217,2026-08-09T02:30:45.619606+00:00
1177219,1387,134455,"PEREZ GONZALEZ, JOSE LUIS",37,37,100,amarilla,False,https://www.rffm.es/acta-partido/1177219,2026-08-09T02:30:45.852828+00:00
1177219,1387,134455,"PEREZ GONZALEZ, JOSE LUIS",71,71,100,amarilla,True,https://www.rffm.es/acta-partido/1177219,2026-08-09T02:30:45.852828+00:00
1177206,408,7296362,"TRAVAGLIO MORALES, RICARDO",25,25,100,amarilla,False,https://www.rffm.es/acta-partido/1177206,2026-08-09T02:30:45.904940+00:00
1177206,408,7296362,"TRAVAGLIO MORALES, RICARDO",86,86,100,amarilla,True,https://www.rffm.es/acta-partido/1177206,2026-08-09T02:30:45.904940+00:00
1177212,466658,174911,"RODRÍGUEZ ÁLVAREZ, SAMUEL",62,62,100,amarilla,False,https://www.rffm.es/acta-partido/1177212,2026-08-09T02:30:46.695194+00:00
1177212,466658,11055320,"FARIÑA GAMARRA, JHONNY KEVIN",86,86,100,amarilla,False,https://www.rffm.es/acta-partido/1177212,2026-08-09T02:30:46.695194+00:00
1177212,466658,127364,"CARDONA FERNÁNDEZ BERNAL, GONZALO",90,90,100,amarilla,False,https://www.rffm.es/acta-partido/1177212,2026-08-09T02:30:46.695194+00:00
1177212,466658,236549,"AYLLON FEIJOO, JOSE ANTONIO",90,90,100,amarilla,False,https://www.rffm.es/acta-partido/1177212,2026-08-09T02:30:46.695194+00:00
1177212,534532,3975935,"IDJABE ENINGO, ALFA DAVID",21,21,100,amarilla,False,https://www.rffm.es/acta-partido/1177212,2026-08-09T02:30:46.695194+00:00
1177212,534532,140693,"CAMARERO FERNANDEZ, RUBEN",29,29,100,amarilla,False,https://www.rffm.es/acta-partido/1177212,2026-08-09T02:30:46.695194+00:00
1177212,534532,140693,"CAMARERO FERNANDEZ, RUBEN",58,58,100,amarilla,True,https://www.rffm.es/acta-partido/1177212,2026-08-09T02:30:46.695194+00:00
1177212,534532,237333,"GONZALEZ MATE, DAVID",58,58,100,amarilla,False,https://www.rffm.es/acta-partido/1177212,2026-08-09T02:30:46.695194+00:00
1177212,534532,242352,"QUINTANA MARTÍN, IVÁN",65,65,100,amarilla,False,https://www.rffm.es/acta-partido/1177212,2026-08-09T02:30:46.695194+00:00
1177212,534532,52314,"ORTEGA RAMIREZ, ERIC",74,74,100,amarilla,False,https://www.rffm.es/acta-partido/1177212,2026-08-09T02:30:46.695194+00:00
1177212,534532,11050217,"SORIANO MARCO, CARLOS",83,83,101,roja,False,https://www.rffm.es/acta-partido/1177212,2026-08-09T02:30:46.695194+00:00
1177212,534532,11050827,"MAJIMA, SEIYA",88,88,100,amarilla,False,https://www.rffm.es/acta-partido/1177212,2026-08-09T02:30:46.695194+00:00
1177212,534532,241576,"MORENO HERNANDEZ, JESUS",90,90,101,roja,False,https://www.rffm.es/acta-partido/1177212,2026-08-09T02:30:46.695194+00:00
1177212,534532,8907936,"VERA SOSA, DARIO ANDRES",90,90,100,amarilla,False,https://www.rffm.es/acta-partido/1177212,2026-08-09T02:30:46.695194+00:00
1177212,534532,11991909,"FERNANDEZ MARTIN PORTUGUES, ADRIAN",999,999,101,roja,False,https://www.rffm.es/acta-partido/1177212,2026-08-09T02:30:46.695194+00:00
1177227,517,241665,"ALONSO VAZQUEZ, ALVARO",64,64,101,roja,False,https://www.rffm.es/acta-partido/1177227,2026-08-09T02:30:46.875194+00:00
1177224,4930213,614001,"MORENO MORAN, JAVIER",79,79,101,roja,False,https://www.rffm.es/acta-partido/1177224,2026-08-09T02:30:47.208385+00:00
1177228,1387,232848,"MENDOZA MUÑOZ, IGNACIO",52,52,100,amarilla,False,https://www.rffm.es/acta-partido/1177228,2026-08-09T02:30:48.206828+00:00
1177228,1387,232848,"MENDOZA MUÑOZ, IGNACIO",88,88,100,amarilla,True,https://www.rffm.es/acta-partido/1177228,2026-08-09T02:30:48.206828+00:00
1177636,775,13401678,"DAVILA CALDERON, BORJA",41,41,101,roja,False,https://www.rffm.es/acta-partido/1177636,2026-08-09T02:30:49.142486+00:00
1177638,466820,183915,"PIÑA SANTERO, ERNESTO",41,41,101,roja,False,https://www.rffm.es/acta-partido/1177638,2026-08-09T02:30:49.147167+00:00
1177649,334379,186838,"GALEANO MORALES, ALVARO",4,4,101,roja,False,https://www.rffm.es/acta-partido/1177649,2026-08-09T02:30:49.472505+00:00
1177649,680159,220871,"CAMACHO PORTILLO, MARCO",53,53,100,amarilla,False,https://www.rffm.es/acta-partido/1177649,2026-08-09T02:30:49.472505+00:00
1177649,680159,220871,"CAMACHO PORTILLO, MARCO",72,72,100,amarilla,True,https://www.rffm.es/acta-partido/1177649,2026-08-09T02:30:49.472505+00:00
1177644,1707,26098,"COLLADO PEREZ, FABIO",11,11,101,roja,False,https://www.rffm.es/acta-partido/1177644,2026-08-09T02:30:49.915060+00:00
1177644,4928299,141520,"MORAN BALMASEDA, MARIO",11,11,101,roja,False,https://www.rffm.es/acta-partido/1177644,2026-08-09T02:30:49.915060+00:00
1177648,523,2769627,"ZAPATA CHACON, CRISTIAN",63,63,100,amarilla,False,https://www.rffm.es/acta-partido/1177648,2026-08-09T02:30:50.401229+00:00
1177648,523,2769627,"ZAPATA CHACON, CRISTIAN",85,85,100,amarilla,True,https://www.rffm.es/acta-partido/1177648,2026-08-09T02:30:50.401229+00:00
1177654,1554,383864,"SANCHEZ ALONSO, JORGE",26,26,100,amarilla,False,https://www.rffm.es/acta-partido/1177654,2026-08-09T02:30:51.150374+00:00
1177654,1554,383864,"SANCHEZ ALONSO, JORGE",56,56,100,amarilla,True,https://www.rffm.es/acta-partido/1177654,2026-08-09T02:30:51.150374+00:00
1177654,947,141756,"DE LA RIVA MARTINEZ, ISRAEL",44,44,100,amarilla,False,https://www.rffm.es/acta-partido/1177654,2026-08-09T02:30:51.150374+00:00
1177654,947,141756,"DE LA RIVA MARTINEZ, ISRAEL",69,69,100,amarilla,True,https://www.rffm.es/acta-partido/1177654,2026-08-09T02:30:51.150374+00:00
1177660,475,9383758,"ATIENZA CORDERO, FERNANDO",41,41,100,amarilla,False,https://www.rffm.es/acta-partido/1177660,2026-08-09T02:30:51.637252+00:00
1177660,475,9383758,"ATIENZA CORDERO, FERNANDO",67,67,100,amarilla,True,https://www.rffm.es/acta-partido/1177660,2026-08-09T02:30:51.637252+00:00
1177657,466820,2307469,"ALBERCA ZARAGOZA, CARLOS",17,17,100,amarilla,False,https://www.rffm.es/acta-partido/1177657,2026-08-09T02:30:51.710188+00:00
1177657,466820,2307469,"ALBERCA ZARAGOZA, CARLOS",63,63,100,amarilla,True,https://www.rffm.es/acta-partido/1177657,2026-08-09T02:30:51.710188+00:00
1177655,775,2788689,"MARTINEZ HIDALGO, SERGIO",34,34,100,amarilla,False,https://www.rffm.es/acta-partido/1177655,2026-08-09T02:30:52.063490+00:00
1177655,775,2788689,"MARTINEZ HIDALGO, SERGIO",40,40,100,amarilla,True,https://www.rffm.es/acta-partido/1177655,2026-08-09T02:30:52.063490+00:00
1177655,775,9260612,"LOYO HIGUERA, JOSE RAFAEL",44,44,101,roja,False,https://www.rffm.es/acta-partido/1177655,2026-08-09T02:30:52.063490+00:00
1177669,475,100861,"GARCIA SORRIBE, FELIX",38,38,100,amarilla,False,https://www.rffm.es/acta-partido/1177669,2026-08-09T02:30:52.102201+00:00
1177669,475,100861,"GARCIA SORRIBE, FELIX",89,89,100,amarilla,True,https://www.rffm.es/acta-partido/1177669,2026-08-09T02:30:52.102201+00:00
1177661,1707,127825,"DE GRADO PAJARES, GONZALO",86,86,100,amarilla,False,https://www.rffm.es/acta-partido/1177661,2026-08-09T02:30:52.107088+00:00
1177661,1707,127825,"DE GRADO PAJARES, GONZALO",89,89,100,amarilla,True,https://www.rffm.es/acta-partido/1177661,2026-08-09T02:30:52.107088+00:00
1177668,680159,9928140,"PASCUAL VAQUERIZO, EVA",76,76,100,amarilla,False,https://www.rffm.es/acta-partido/1177668,2026-08-09T02:30:52.345395+00:00
1177668,680159,9928140,"PASCUAL VAQUERIZO, EVA",77,77,100,amarilla,True,https://www.rffm.es/acta-partido/1177668,2026-08-09T02:30:52.345395+00:00
1177662,1395,108304,"ZIELINSKI GONZALEZ, CHRISTIAN",49,49,100,amarilla,False,https://www.rffm.es/acta-partido/1177662,2026-08-09T02:30:53.050312+00:00
1177662,1395,13461733,"CASTILLO LUCAS, JAIME",86,86,100,amarilla,False,https://www.rffm.es/acta-partido/1177662,2026-08-09T02:30:53.050312+00:00
1177662,1395,107756,"REDONDO MARIN, FERNANDO",89,89,100,amarilla,False,https://www.rffm.es/acta-partido/1177662,2026-08-09T02:30:53.050312+00:00
1177662,624,233810,"PASTOR IGLESIAS, RAUL",80,80,100,amarilla,False,https://www.rffm.es/acta-partido/1177662,2026-08-09T02:30:53.050312+00:00
1177663,4928299,327350,"ACEITERO CASAIS, SERGIO",15,15,100,amarilla,False,https://www.rffm.es/acta-partido/1177663,2026-08-09T02:30:53.265689+00:00
1177663,4928299,327350,"ACEITERO CASAIS, SERGIO",89,89,100,amarilla,True,https://www.rffm.es/acta-partido/1177663,2026-08-09T02:30:53.265689+00:00
1177664,334365,105528,"SANCHEZ POSTIGO, FERNANDO",41,41,100,amarilla,False,https://www.rffm.es/acta-partido/1177664,2026-08-09T02:30:53.364927+00:00
1177664,334365,373269,"MARTINEZ FERNANDEZ, OSCAR",65,65,100,amarilla,False,https://www.rffm.es/acta-partido/1177664,2026-08-09T02:30:53.364927+00:00
1177664,334365,79977,"GONZALEZ NAVARRO, RUBEN",83,83,100,amarilla,False,https://www.rffm.es/acta-partido/1177664,2026-08-09T02:30:53.364927+00:00
1177664,1554,10341606,"MOURCHIDI, SOUMETH",87,87,100,amarilla,False,https://www.rffm.es/acta-partido/1177664,2026-08-09T02:30:53.364927+00:00
1177675,2022,238542,"GISMERA MONGE, VICTOR",49,49,100,amarilla,False,https://www.rffm.es/acta-partido/1177675,2026-08-09T02:30:54.151174+00:00
1177675,2022,77662,"CASARES PEREZ, MARCOS",65,65,100,amarilla,False,https://www.rffm.es/acta-partido/1177675,2026-08-09T02:30:54.151174+00:00
1177675,2022,3098293,"MUÑOZ TOCA, ISRAEL",70,70,100,amarilla,False,https://www.rffm.es/acta-partido/1177675,2026-08-09T02:30:54.151174+00:00
1177675,2022,77662,"CASARES PEREZ, MARCOS",77,77,100,amarilla,True,https://www.rffm.es/acta-partido/1177675,2026-08-09T02:30:54.151174+00:00
1177675,2022,238542,"GISMERA MONGE, VICTOR",79,79,100,amarilla,True,https://www.rffm.es/acta-partido/1177675,2026-08-09T02:30:54.151174+00:00
1177675,2022,3098293,"MUÑOZ TOCA, ISRAEL",88,88,100,amarilla,True,https://www.rffm.es/acta-partido/1177675,2026-08-09T02:30:54.151174+00:00
1177675,2444,2519007,"CASARES BENITO, ANGEL",88,88,100,amarilla,False,https://www.rffm.es/acta-partido/1177675,2026-08-09T02:30:54.151174+00:00
1177673,523,239387,"PEREZ BORJA, JUAN MANUEL ",42,42,100,amarilla,False,https://www.rffm.es/acta-partido/1177673,2026-08-09T02:30:54.310684+00:00
1177673,523,3770595,"RODRIGUEZ TARIN, DANIEL",82,82,101,roja,False,https://www.rffm.es/acta-partido/1177673,2026-08-09T02:30:54.310684+00:00
1177673,523,239387,"PEREZ BORJA, JUAN MANUEL ",999,999,100,amarilla,True,https://www.rffm.es/acta-partido/1177673,2026-08-09T02:30:54.310684+00:00
1177672,4928299,893122,"PAJUELO FERNANDEZ, ALEJANDRO",19,19,100,amarilla,False,https://www.rffm.es/acta-partido/1177672,2026-08-09T02:30:54.644423+00:00
1177672,334365,235305,"GONZALEZ MUÑOZ, JONATHAN",19,19,100,amarilla,False,https://www.rffm.es/acta-partido/1177672,2026-08-09T02:30:54.644423+00:00
1177672,334365,241029,"MERINO GONZALEZ, JORGE",55,55,100,amarilla,False,https://www.rffm.es/acta-partido/1177672,2026-08-09T02:30:54.644423+00:00
1177672,334365,7605106,"MUÑOZ IBAÑEZ, MIGUEL AMADOR",61,61,100,amarilla,False,https://www.rffm.es/acta-partido/1177672,2026-08-09T02:30:54.644423+00:00
1177672,334365,235305,"GONZALEZ MUÑOZ, JONATHAN",71,71,100,amarilla,True,https://www.rffm.es/acta-partido/1177672,2026-08-09T02:30:54.644423+00:00
1177672,334365,373269,"MARTINEZ FERNANDEZ, OSCAR",71,71,100,amarilla,False,https://www.rffm.es/acta-partido/1177672,2026-08-09T02:30:54.644423+00:00
1177672,334365,79977,"GONZALEZ NAVARRO, RUBEN",87,87,101,roja,False,https://www.rffm.es/acta-partido/1177672,2026-08-09T02:30:54.644423+00:00
1177672,334365,9228540,"ALVAREZ ALVAREZ, SEBASTIAN DANIEL",87,87,101,roja,False,https://www.rffm.es/acta-partido/1177672,2026-08-09T02:30:54.644423+00:00
1177674,334379,20016579,"EL MANSOURI, AOUTHMAN",60,60,100,amarilla,False,https://www.rffm.es/acta-partido/1177674,2026-08-09T02:30:54.724920+00:00
1177674,334379,20016579,"EL MANSOURI, AOUTHMAN",85,85,100,amarilla,True,https://www.rffm.es/acta-partido/1177674,2026-08-09T02:30:54.724920+00:00
1177671,947,11129855,"DE ZAVALA CAMPOY, FRANCISCO JAVIER",43,43,101,roja,False,https://www.rffm.es/acta-partido/1177671,2026-08-09T02:30:54.909124+00:00
1177671,947,9056845,"ALONSO MUÑOZ, VICTOR",43,43,100,amarilla,False,https://www.rffm.es/acta-partido/1177671,2026-08-09T02:30:54.909124+00:00
1177671,947,9056845,"ALONSO MUÑOZ, VICTOR",89,89,100,amarilla,True,https://www.rffm.es/acta-partido/1177671,2026-08-09T02:30:54.909124+00:00
1177679,1891,221937,"DE CASTRO ORTEGA, EMILIO JOSE",53,53,100,amarilla,False,https://www.rffm.es/acta-partido/1177679,2026-08-09T02:30:55.292513+00:00
1177679,1891,221937,"DE CASTRO ORTEGA, EMILIO JOSE",87,87,100,amarilla,True,https://www.rffm.es/acta-partido/1177679,2026-08-09T02:30:55.292513+00:00
1177684,775,117861,"BUENO CALVO, ALEJANDRO",79,79,100,amarilla,False,https://www.rffm.es/acta-partido/1177684,2026-08-09T02:30:55.781560+00:00
1177684,775,10208101,"ALCON PEDROS, RUBEN",84,84,101,roja,False,https://www.rffm.es/acta-partido/1177684,2026-08-09T02:30:55.781560+00:00
1177684,775,117861,"BUENO CALVO, ALEJANDRO",87,87,100,amarilla,True,https://www.rffm.es/acta-partido/1177684,2026-08-09T02:30:55.781560+00:00
1177684,775,2788689,"MARTINEZ HIDALGO, SERGIO",90,90,101,roja,False,https://www.rffm.es/acta-partido/1177684,2026-08-09T02:30:55.781560+00:00
1177689,1707,238187,"GONZALEZ AROCA, BORJA",83,83,100,amarilla,False,https://www.rffm.es/acta-partido/1177689,2026-08-09T02:30:56.399308+00:00
1177689,1707,238187,"GONZALEZ AROCA, BORJA",88,88,100,amarilla,True,https://www.rffm.es/acta-partido/1177689,2026-08-09T02:30:56.399308+00:00
1177689,334365,52889,"CASTAÑO CASTRO, JORDANY",26,26,100,amarilla,False,https://www.rffm.es/acta-partido/1177689,2026-08-09T02:30:56.399308+00:00
1177689,334365,52889,"CASTAÑO CASTRO, JORDANY",75,75,100,amarilla,True,https://www.rffm.es/acta-partido/1177689,2026-08-09T02:30:56.399308+00:00
1177689,334365,243285,"BIENCINTO BARREIRO, FELIX",89,89,100,amarilla,False,https://www.rffm.es/acta-partido/1177689,2026-08-09T02:30:56.399308+00:00
1177689,334365,243285,"BIENCINTO BARREIRO, FELIX",89,89,100,amarilla,False,https://www.rffm.es/acta-partido/1177689,2026-08-09T02:30:56.399308+00:00
1177689,334365,105528,"SANCHEZ POSTIGO, FERNANDO",999,999,101,roja,False,https://www.rffm.es/acta-partido/1177689,2026-08-09T02:30:56.399308+00:00
1177695,466820,140285,"GALLARDO BONILLA, ALEJANDRO",59,59,100,amarilla,False,https://www.rffm.es/acta-partido/1177695,2026-08-09T02:30:56.903920+00:00
1177695,466820,140285,"GALLARDO BONILLA, ALEJANDRO",78,78,100,amarilla,True,https://www.rffm.es/acta-partido/1177695,2026-08-09T02:30:56.903920+00:00
1177702,4939330,5522820,"BARRAGAN HABA, JESUS MANUEL",72,72,101,roja,False,https://www.rffm.es/acta-partido/1177702,2026-08-09T02:30:57.804782+00:00
1177705,680159,13468,"MANJON MARQUES, SERGIO",89,89,101,roja,False,https://www.rffm.es/acta-partido/1177705,2026-08-09T02:30:58.146439+00:00
1177699,1707,32614,"GONZALEZ AROCA, IGNACIO",23,23,100,amarilla,False,https://www.rffm.es/acta-partido/1177699,2026-08-09T02:30:58.461702+00:00
1177699,1707,2365094,"CANDO RIOFRIO, BRYAN ANDRES",28,28,100,amarilla,False,https://www.rffm.es/acta-partido/1177699,2026-08-09T02:30:58.461702+00:00
1177699,1707,32614,"GONZALEZ AROCA, IGNACIO",33,33,100,amarilla,True,https://www.rffm.es/acta-partido/1177699,2026-08-09T02:30:58.461702+00:00
1177699,1707,115853,"SALCEDO GOMEZ, ANTONIO",70,70,100,amarilla,False,https://www.rffm.es/acta-partido/1177699,2026-08-09T02:30:58.461702+00:00
1177699,1707,115853,"SALCEDO GOMEZ, ANTONIO",70,70,100,amarilla,False,https://www.rffm.es/acta-partido/1177699,2026-08-09T02:30:58.461702+00:00
1177699,1707,2365094,"CANDO RIOFRIO, BRYAN ANDRES",87,87,100,amarilla,True,https://www.rffm.es/acta-partido/1177699,2026-08-09T02:30:58.461702+00:00
1177700,334379,374244,"GARCIA PRIETO, FERNANDO",42,42,100,amarilla,False,https://www.rffm.es/acta-partido/1177700,2026-08-09T02:30:58.619359+00:00
1177700,334379,37355,"MARTINEZ DE LAS HERAS, EUGENIO",50,50,100,amarilla,False,https://www.rffm.es/acta-partido/1177700,2026-08-09T02:30:58.619359+00:00
1177700,334379,374244,"GARCIA PRIETO, FERNANDO",58,58,100,amarilla,True,https://www.rffm.es/acta-partido/1177700,2026-08-09T02:30:58.619359+00:00
1177700,334379,118083,"DE LUCIO GALERA, CARLOS",59,59,100,amarilla,False,https://www.rffm.es/acta-partido/1177700,2026-08-09T02:30:58.619359+00:00
1177700,334379,118083,"DE LUCIO GALERA, CARLOS",89,89,100,amarilla,True,https://www.rffm.es/acta-partido/1177700,2026-08-09T02:30:58.619359+00:00
1177700,334379,37355,"MARTINEZ DE LAS HERAS, EUGENIO",999,999,100,amarilla,True,https://www.rffm.es/acta-partido/1177700,2026-08-09T02:30:58.619359+00:00
1177704,2022,231924,"PECO TAPIADOR, JOSE LUIS",28,28,100,amarilla,False,https://www.rffm.es/acta-partido/1177704,2026-08-09T02:30:58.900848+00:00
1177704,2022,231924,"PECO TAPIADOR, JOSE LUIS",31,31,100,amarilla,True,https://www.rffm.es/acta-partido/1177704,2026-08-09T02:30:58.900848+00:00
1177714,1891,548211,"SALGADO SANCHEZ, ADRIAN",45,45,100,amarilla,False,https://www.rffm.es/acta-partido/1177714,2026-08-09T02:30:59.775308+00:00
1177714,1891,548211,"SALGADO SANCHEZ, ADRIAN",90,90,100,amarilla,True,https://www.rffm.es/acta-partido/1177714,2026-08-09T02:30:59.775308+00:00
1177706,947,141756,"DE LA RIVA MARTINEZ, ISRAEL",32,32,100,amarilla,False,https://www.rffm.es/acta-partido/1177706,2026-08-09T02:30:59.780412+00:00
1177706,947,141756,"DE LA RIVA MARTINEZ, ISRAEL",87,87,100,amarilla,True,https://www.rffm.es/acta-partido/1177706,2026-08-09T02:30:59.780412+00:00
1177706,947,9056845,"ALONSO MUÑOZ, VICTOR",88,88,101,roja,False,https://www.rffm.es/acta-partido/1177706,2026-08-09T02:30:59.780412+00:00
1177720,475,14128,"LOPEZ PASTOR GONZALEZ, CRISTIAN",30,30,100,amarilla,False,https://www.rffm.es/acta-partido/1177720,2026-08-09T02:31:01.105259+00:00
1177720,475,220225,"CARDENAS VAZQUEZ, ANDRES",60,60,101,roja,False,https://www.rffm.es/acta-partido/1177720,2026-08-09T02:31:01.105259+00:00
1177720,475,14128,"LOPEZ PASTOR GONZALEZ, CRISTIAN",75,75,100,amarilla,True,https://www.rffm.es/acta-partido/1177720,2026-08-09T02:31:01.105259+00:00
1177720,475,12490,"MIGUEL PONTON, DANIEL",85,85,101,roja,False,https://www.rffm.es/acta-partido/1177720,2026-08-09T02:31:01.105259+00:00
1177716,523,122513,"RAMIRO DURO, ALVARO",70,70,100,amarilla,False,https://www.rffm.es/acta-partido/1177716,2026-08-09T02:31:01.247488+00:00
1177716,523,122513,"RAMIRO DURO, ALVARO",90,90,100,amarilla,True,https://www.rffm.es/acta-partido/1177716,2026-08-09T02:31:01.247488+00:00
1177715,1891,242568,"SANTOS LUIS, ADRIAN",79,79,101,roja,False,https://www.rffm.es/acta-partido/1177715,2026-08-09T02:31:02.218768+00:00
1177725,947,15639033,"CANTON IGLESIAS, ALBERTO",5,5,100,amarilla,False,https://www.rffm.es/acta-partido/1177725,2026-08-09T02:31:03.321820+00:00
1177725,947,15639033,"CANTON IGLESIAS, ALBERTO",72,72,100,amarilla,True,https://www.rffm.es/acta-partido/1177725,2026-08-09T02:31:03.321820+00:00
1177725,334379,78230,"MARTÍNEZ ZURITA, CRISTIAN",9,9,100,amarilla,False,https://www.rffm.es/acta-partido/1177725,2026-08-09T02:31:03.321820+00:00
1177725,334379,374244,"GARCIA PRIETO, FERNANDO",75,75,100,amarilla,False,https://www.rffm.es/acta-partido/1177725,2026-08-09T02:31:03.321820+00:00
1177725,334379,78230,"MARTÍNEZ ZURITA, CRISTIAN",82,82,100,amarilla,True,https://www.rffm.es/acta-partido/1177725,2026-08-09T02:31:03.321820+00:00
1177725,334379,374244,"GARCIA PRIETO, FERNANDO",82,82,100,amarilla,True,https://www.rffm.es/acta-partido/1177725,2026-08-09T02:31:03.321820+00:00
1177730,680159,13713,"FERNANDEZ RAMIREZ, SAUL",90,90,101,roja,False,https://www.rffm.es/acta-partido/1177730,2026-08-09T02:31:03.459227+00:00
1177731,775,236147,"LORENZO LOPEZ, JULIAN",70,70,100,amarilla,False,https://www.rffm.es/acta-partido/1177731,2026-08-09T02:31:03.464841+00:00
1177731,775,236147,"LORENZO LOPEZ, JULIAN",71,71,100,amarilla,True,https://www.rffm.es/acta-partido/1177731,2026-08-09T02:31:03.464841+00:00
1177736,4939330,1110064,"GOMEZ SANCHEZ, ADRIAN",78,78,100,amarilla,False,https://www.rffm.es/acta-partido/1177736,2026-08-09T02:31:03.658877+00:00
1177736,4939330,1110064,"GOMEZ SANCHEZ, ADRIAN",89,89,100,amarilla,True,https://www.rffm.es/acta-partido/1177736,2026-08-09T02:31:03.658877+00:00
1177733,523,13417125,"SANTOS RODRIGUEZ, RAUL",90,90,101,roja,False,https://www.rffm.es/acta-partido/1177733,2026-08-09T02:31:03.722705+00:00
1177741,2022,231924,"PECO TAPIADOR, JOSE LUIS",26,26,100,amarilla,False,https://www.rffm.es/acta-partido/1177741,2026-08-09T02:31:04.312976+00:00
1177741,2022,89783,"CAMACHO GONZALEZ, JOAQUIN",54,54,100,amarilla,False,https://www.rffm.es/acta-partido/1177741,2026-08-09T02:31:04.312976+00:00
1177741,2022,231924,"PECO TAPIADOR, JOSE LUIS",74,74,100,amarilla,True,https://www.rffm.es/acta-partido/1177741,2026-08-09T02:31:04.312976+00:00
1177741,2022,77662,"CASARES PEREZ, MARCOS",85,85,100,amarilla,False,https://www.rffm.es/acta-partido/1177741,2026-08-09T02:31:04.312976+00:00
1177741,2022,89783,"CAMACHO GONZALEZ, JOAQUIN",85,85,100,amarilla,True,https://www.rffm.es/acta-partido/1177741,2026-08-09T02:31:04.312976+00:00
1177741,2022,3098293,"MUÑOZ TOCA, ISRAEL",85,85,100,amarilla,False,https://www.rffm.es/acta-partido/1177741,2026-08-09T02:31:04.312976+00:00
1177741,2022,3098293,"MUÑOZ TOCA, ISRAEL",86,86,100,amarilla,True,https://www.rffm.es/acta-partido/1177741,2026-08-09T02:31:04.312976+00:00
1177741,2022,77662,"CASARES PEREZ, MARCOS",87,87,100,amarilla,True,https://www.rffm.es/acta-partido/1177741,2026-08-09T02:31:04.312976+00:00
1177735,947,11129855,"DE ZAVALA CAMPOY, FRANCISCO JAVIER",75,75,100,amarilla,False,https://www.rffm.es/acta-partido/1177735,2026-08-09T02:31:04.731219+00:00
1177735,947,11129855,"DE ZAVALA CAMPOY, FRANCISCO JAVIER",89,89,100,amarilla,True,https://www.rffm.es/acta-partido/1177735,2026-08-09T02:31:04.731219+00:00
1177738,1953,205943,"ROYUELA VELEZ, DAVID",55,55,100,amarilla,False,https://www.rffm.es/acta-partido/1177738,2026-08-09T02:31:04.737009+00:00
1177738,1953,205943,"ROYUELA VELEZ, DAVID",75,75,100,amarilla,True,https://www.rffm.es/acta-partido/1177738,2026-08-09T02:31:04.737009+00:00
1177738,1953,141101,"PEREZ BELTRAN, OBRIAN",80,80,101,roja,False,https://www.rffm.es/acta-partido/1177738,2026-08-09T02:31:04.737009+00:00
1177746,1707,241450,"PEREZ DEL OLMO, JAVIER IGNACIO",85,85,100,amarilla,False,https://www.rffm.es/acta-partido/1177746,2026-08-09T02:31:04.783123+00:00
1177746,1707,241450,"PEREZ DEL OLMO, JAVIER IGNACIO",90,90,100,amarilla,True,https://www.rffm.es/acta-partido/1177746,2026-08-09T02:31:04.783123+00:00
1177746,1953,632498,"ANDUJAR CAMPAYO, SERGIO",55,55,100,amarilla,False,https://www.rffm.es/acta-partido/1177746,2026-08-09T02:31:04.783123+00:00
1177746,1953,632498,"ANDUJAR CAMPAYO, SERGIO",80,80,100,amarilla,True,https://www.rffm.es/acta-partido/1177746,2026-08-09T02:31:04.783123+00:00
1177750,1891,4982113,"PARRAGA TEJERO, ADRIAN",75,75,101,roja,False,https://www.rffm.es/acta-partido/1177750,2026-08-09T02:31:04.985163+00:00
1177750,775,10208101,"ALCON PEDROS, RUBEN",75,75,101,roja,False,https://www.rffm.es/acta-partido/1177750,2026-08-09T02:31:04.985163+00:00
1177744,947,141756,"DE LA RIVA MARTINEZ, ISRAEL",32,32,100,amarilla,False,https://www.rffm.es/acta-partido/1177744,2026-08-09T02:31:05.201040+00:00
1177744,947,141756,"DE LA RIVA MARTINEZ, ISRAEL",75,75,100,amarilla,True,https://www.rffm.es/acta-partido/1177744,2026-08-09T02:31:05.201040+00:00
1177744,947,331514,"CINTAS SANCHEZ, PABLO",75,75,101,roja,False,https://www.rffm.es/acta-partido/1177744,2026-08-09T02:31:05.201040+00:00
1177748,4928299,127615,"LOSADA ARRANZ, HÉCTOR LUIS",77,77,100,amarilla,False,https://www.rffm.es/acta-partido/1177748,2026-08-09T02:31:05.872469+00:00
1177748,4928299,127615,"LOSADA ARRANZ, HÉCTOR LUIS",80,80,100,amarilla,True,https://www.rffm.es/acta-partido/1177748,2026-08-09T02:31:05.872469+00:00
1177745,1395,13360402,"IBERTI VALERO, FELIX",70,70,100,amarilla,False,https://www.rffm.es/acta-partido/1177745,2026-08-09T02:31:06.125077+00:00
1177745,1395,13360402,"IBERTI VALERO, FELIX",89,89,100,amarilla,True,https://www.rffm.es/acta-partido/1177745,2026-08-09T02:31:06.125077+00:00
1177747,680159,13498384,"ALONSO SANCHEZ, ANTONIO OSCAR",81,81,100,amarilla,False,https://www.rffm.es/acta-partido/1177747,2026-08-09T02:31:06.195542+00:00
1177747,680159,13498384,"ALONSO SANCHEZ, ANTONIO OSCAR",90,90,100,amarilla,True,https://www.rffm.es/acta-partido/1177747,2026-08-09T02:31:06.195542+00:00
1177743,334365,110030,"ANTEQUERA NAVARRO, CARLOS",56,56,100,amarilla,False,https://www.rffm.es/acta-partido/1177743,2026-08-09T02:31:06.206043+00:00
1177743,334365,110030,"ANTEQUERA NAVARRO, CARLOS",86,86,100,amarilla,True,https://www.rffm.es/acta-partido/1177743,2026-08-09T02:31:06.206043+00:00
1177743,2444,770748,"NAVARRO MARAÑON, ALEJANDRO",41,41,100,amarilla,False,https://www.rffm.es/acta-partido/1177743,2026-08-09T02:31:06.206043+00:00
1177743,2444,11463157,"HERAS GAMO, TOMAS DANIEL",49,49,100,amarilla,False,https://www.rffm.es/acta-partido/1177743,2026-08-09T02:31:06.206043+00:00
1177743,2444,770748,"NAVARRO MARAÑON, ALEJANDRO",53,53,100,amarilla,True,https://www.rffm.es/acta-partido/1177743,2026-08-09T02:31:06.206043+00:00
1177743,2444,11463157,"HERAS GAMO, TOMAS DANIEL",78,78,100,amarilla,True,https://www.rffm.es/acta-partido/1177743,2026-08-09T02:31:06.206043+00:00
1177753,4939330,1110064,"GOMEZ SANCHEZ, ADRIAN",67,67,100,amarilla,False,https://www.rffm.es/acta-partido/1177753,2026-08-09T02:31:06.410749+00:00
1177753,4939330,1110064,"GOMEZ SANCHEZ, ADRIAN",84,84,100,amarilla,True,https://www.rffm.es/acta-partido/1177753,2026-08-09T02:31:06.410749+00:00
1177752,2444,1112994,"MARTINEZ FERNANDEZ, CHRISTIAN",89,89,100,amarilla,False,https://www.rffm.es/acta-partido/1177752,2026-08-09T02:31:06.921319+00:00
1177752,2444,1112994,"MARTINEZ FERNANDEZ, CHRISTIAN",90,90,100,amarilla,True,https://www.rffm.es/acta-partido/1177752,2026-08-09T02:31:06.921319+00:00
1177752,523,2769627,"ZAPATA CHACON, CRISTIAN",73,73,100,amarilla,False,https://www.rffm.es/acta-partido/1177752,2026-08-09T02:31:06.921319+00:00
1177752,523,2769627,"ZAPATA CHACON, CRISTIAN",89,89,100,amarilla,True,https://www.rffm.es/acta-partido/1177752,2026-08-09T02:31:06.921319+00:00
1177758,2022,77591,"HAKIMI MOUH, NABIL",15,15,100,amarilla,False,https://www.rffm.es/acta-partido/1177758,2026-08-09T02:31:07.322909+00:00
1177758,2022,77591,"HAKIMI MOUH, NABIL",53,53,100,amarilla,True,https://www.rffm.es/acta-partido/1177758,2026-08-09T02:31:07.322909+00:00
1177765,466820,186837,"SAIZ DIAZ, JORGE",69,69,101,roja,False,https://www.rffm.es/acta-partido/1177765,2026-08-09T02:31:07.769811+00:00
1177767,4928299,127765,"GARCIA AMBRONA, MIGUEL ANGEL",66,66,101,roja,False,https://www.rffm.es/acta-partido/1177767,2026-08-09T02:31:07.852513+00:00
1177767,4928299,311265,"VILLAFRANCA TORO, LORENZO",86,86,101,roja,False,https://www.rffm.es/acta-partido/1177767,2026-08-09T02:31:07.852513+00:00
1177767,775,2788689,"MARTINEZ HIDALGO, SERGIO",34,34,100,amarilla,False,https://www.rffm.es/acta-partido/1177767,2026-08-09T02:31:07.852513+00:00
1177767,775,25243,"PEÑA GRANADOS, ALBERTO",86,86,101,roja,False,https://www.rffm.es/acta-partido/1177767,2026-08-09T02:31:07.852513+00:00
1177767,775,2788689,"MARTINEZ HIDALGO, SERGIO",88,88,100,amarilla,True,https://www.rffm.es/acta-partido/1177767,2026-08-09T02:31:07.852513+00:00
1177761,4939330,242027,"MINGO RUIZ, JAVIER",74,74,101,roja,False,https://www.rffm.es/acta-partido/1177761,2026-08-09T02:31:08.316645+00:00
1177764,1395,107756,"REDONDO MARIN, FERNANDO",20,20,100,amarilla,False,https://www.rffm.es/acta-partido/1177764,2026-08-09T02:31:08.412089+00:00
1177764,1395,415842,"SAYAGO LOPEZ, DANIEL ANTONIO",60,60,100,amarilla,False,https://www.rffm.es/acta-partido/1177764,2026-08-09T02:31:08.412089+00:00
1177764,1395,107148,"PORTILLO CARVAJAL, RUBEN",85,85,101,roja,False,https://www.rffm.es/acta-partido/1177764,2026-08-09T02:31:08.412089+00:00
1177764,1395,107203,"OLIVAR MORENO, PABLO",85,85,101,roja,False,https://www.rffm.es/acta-partido/1177764,2026-08-09T02:31:08.412089+00:00
1177764,1395,307225,"MOYA BARRIOS, SERGIO",85,85,100,amarilla,False,https://www.rffm.es/acta-partido/1177764,2026-08-09T02:31:08.412089+00:00
1177764,1395,173211,"HERNANDEZ VILLAHERMOSA, JESUS",90,90,100,amarilla,False,https://www.rffm.es/acta-partido/1177764,2026-08-09T02:31:08.412089+00:00
1177764,680159,390212,"SANCHEZ BARRERA, OSCAR",85,85,101,roja,False,https://www.rffm.es/acta-partido/1177764,2026-08-09T02:31:08.412089+00:00
1177763,1953,327389,"MARTIN GIL MINGO, JOSE ANTONIO",87,87,100,amarilla,False,https://www.rffm.es/acta-partido/1177763,2026-08-09T02:31:08.817014+00:00
1177763,1953,327389,"MARTIN GIL MINGO, JOSE ANTONIO",89,89,100,amarilla,True,https://www.rffm.es/acta-partido/1177763,2026-08-09T02:31:08.817014+00:00
1177769,2444,13487387,"FLORES FERNANDEZ TOSTADO, CESAR",70,70,101,roja,False,https://www.rffm.es/acta-partido/1177769,2026-08-09T02:31:09.170370+00:00
1177772,1953,321312,"GIL BARRIOS, MARCOS",49,49,100,amarilla,False,https://www.rffm.es/acta-partido/1177772,2026-08-09T02:31:09.739253+00:00
1177772,1953,321312,"GIL BARRIOS, MARCOS",79,79,100,amarilla,True,https://www.rffm.es/acta-partido/1177772,2026-08-09T02:31:09.739253+00:00
1177776,775,27992,"SANCHEZ CABALLERO, ENRIQUE",14,14,100,amarilla,False,https://www.rffm.es/acta-partido/1177776,2026-08-09T02:31:10.546266+00:00
1177776,775,27992,"SANCHEZ CABALLERO, ENRIQUE",31,31,100,amarilla,True,https://www.rffm.es/acta-partido/1177776,2026-08-09T02:31:10.546266+00:00
1177784,1707,117569,"VENTAS SANCHEZ, FELIPE",64,64,100,amarilla,False,https://www.rffm.es/acta-partido/1177784,2026-08-09T02:31:10.782966+00:00
1177784,1707,117569,"VENTAS SANCHEZ, FELIPE",81,81,100,amarilla,True,https://www.rffm.es/acta-partido/1177784,2026-08-09T02:31:10.782966+00:00
1177784,1707,238187,"GONZALEZ AROCA, BORJA",89,89,101,roja,False,https://www.rffm.es/acta-partido/1177784,2026-08-09T02:31:10.782966+00:00
1177784,1707,304213,"RODRIGUEZ ACEDO, DAVID",89,89,100,amarilla,False,https://www.rffm.es/acta-partido/1177784,2026-08-09T02:31:10.782966+00:00
1177784,1707,304213,"RODRIGUEZ ACEDO, DAVID",89,89,100,amarilla,False,https://www.rffm.es/acta-partido/1177784,2026-08-09T02:31:10.782966+00:00
1177780,523,3755,"VIDAL ABASOLO, DARIO",43,43,100,amarilla,False,https://www.rffm.es/acta-partido/1177780,2026-08-09T02:31:11.005084+00:00
1177780,523,3755,"VIDAL ABASOLO, DARIO",54,54,100,amarilla,True,https://www.rffm.es/acta-partido/1177780,2026-08-09T02:31:11.005084+00:00
1177782,947,141756,"DE LA RIVA MARTINEZ, ISRAEL",14,14,100,amarilla,False,https://www.rffm.es/acta-partido/1177782,2026-08-09T02:31:11.086773+00:00
1177782,947,141756,"DE LA RIVA MARTINEZ, ISRAEL",35,35,100,amarilla,True,https://www.rffm.es/acta-partido/1177782,2026-08-09T02:31:11.086773+00:00
1177779,334379,118083,"DE LUCIO GALERA, CARLOS",49,49,100,amarilla,False,https://www.rffm.es/acta-partido/1177779,2026-08-09T02:31:11.237864+00:00
1177779,334379,118083,"DE LUCIO GALERA, CARLOS",63,63,100,amarilla,True,https://www.rffm.es/acta-partido/1177779,2026-08-09T02:31:11.237864+00:00
1177779,475,14203,"PLAZA PALACIOS, PEDRO",68,68,100,amarilla,False,https://www.rffm.es/acta-partido/1177779,2026-08-09T02:31:11.237864+00:00
1177779,475,14203,"PLAZA PALACIOS, PEDRO",88,88,100,amarilla,True,https://www.rffm.es/acta-partido/1177779,2026-08-09T02:31:11.237864+00:00
1177786,1891,326261,"SANZ FRANCO, JAVIER",76,76,100,amarilla,False,https://www.rffm.es/acta-partido/1177786,2026-08-09T02:31:11.573193+00:00
1177786,1891,326261,"SANZ FRANCO, JAVIER",88,88,100,amarilla,True,https://www.rffm.es/acta-partido/1177786,2026-08-09T02:31:11.573193+00:00
1177793,334379,462672,"JIMENEZ HERNANDEZ, RAUL",89,89,101,roja,False,https://www.rffm.es/acta-partido/1177793,2026-08-09T02:31:12.079876+00:00
1177793,1953,140986,"PERALTA IZQUIERDO, HUGO",89,89,101,roja,False,https://www.rffm.es/acta-partido/1177793,2026-08-09T02:31:12.079876+00:00
1177792,523,329638,"ESCUDERO MONTAÑA, SERGIO",999,999,101,roja,False,https://www.rffm.es/acta-partido/1177792,2026-08-09T02:31:12.232924+00:00
1177789,1395,13461733,"CASTILLO LUCAS, JAIME",12,12,100,amarilla,False,https://www.rffm.es/acta-partido/1177789,2026-08-09T02:31:12.237745+00:00
1177789,1395,13461733,"CASTILLO LUCAS, JAIME",20,20,100,amarilla,True,https://www.rffm.es/acta-partido/1177789,2026-08-09T02:31:12.237745+00:00
1177789,775,63431,"GARCIA ARAGONES, VICTOR",27,27,101,roja,False,https://www.rffm.es/acta-partido/1177789,2026-08-09T02:31:12.237745+00:00
1177796,1891,77763,"BUSTOS RODRIGUEZ, ANTONIO",65,65,101,roja,False,https://www.rffm.es/acta-partido/1177796,2026-08-09T02:31:13.207632+00:00
1177796,1891,877370,"GARCIA HERNANDEZ, KEVIN LEANDRO",74,74,100,amarilla,False,https://www.rffm.es/acta-partido/1177796,2026-08-09T02:31:13.207632+00:00
1177796,1891,877370,"GARCIA HERNANDEZ, KEVIN LEANDRO",86,86,100,amarilla,True,https://www.rffm.es/acta-partido/1177796,2026-08-09T02:31:13.207632+00:00
1177787,4928299,2339955,"MEDINA BLÁZQUEZ, JAVIER",33,33,100,amarilla,False,https://www.rffm.es/acta-partido/1177787,2026-08-09T02:31:13.497842+00:00
1177787,4928299,2339955,"MEDINA BLÁZQUEZ, JAVIER",33,33,100,amarilla,False,https://www.rffm.es/acta-partido/1177787,2026-08-09T02:31:13.497842+00:00
1177799,775,10208101,"ALCON PEDROS, RUBEN",43,43,101,roja,False,https://www.rffm.es/acta-partido/1177799,2026-08-09T02:31:14.354070+00:00
1177799,947,9056845,"ALONSO MUÑOZ, VICTOR",43,43,101,roja,False,https://www.rffm.es/acta-partido/1177799,2026-08-09T02:31:14.354070+00:00
1177799,947,11082223,"LAGO SAEZ, RUBEN",43,43,101,roja,False,https://www.rffm.es/acta-partido/1177799,2026-08-09T02:31:14.354070+00:00
1177812,4939330,242027,"MINGO RUIZ, JAVIER",74,74,100,amarilla,False,https://www.rffm.es/acta-partido/1177812,2026-08-09T02:31:14.901275+00:00
1177812,4939330,242027,"MINGO RUIZ, JAVIER",74,74,101,roja,False,https://www.rffm.es/acta-partido/1177812,2026-08-09T02:31:14.901275+00:00
1177810,334379,6630859,"LOPEZ OLAYO, VICTOR",60,60,101,roja,False,https://www.rffm.es/acta-partido/1177810,2026-08-09T02:31:15.215560+00:00
1177810,466820,118010,"GIL GARCIA, ADRIAN",80,80,100,amarilla,False,https://www.rffm.es/acta-partido/1177810,2026-08-09T02:31:15.215560+00:00
1177810,466820,118010,"GIL GARCIA, ADRIAN",81,81,101,roja,False,https://www.rffm.es/acta-partido/1177810,2026-08-09T02:31:15.215560+00:00
1177809,523,30592,"HERRERA ENCINAS, ALBERTO",80,80,100,amarilla,False,https://www.rffm.es/acta-partido/1177809,2026-08-09T02:31:15.854708+00:00
1177809,523,30592,"HERRERA ENCINAS, ALBERTO",89,89,100,amarilla,True,https://www.rffm.es/acta-partido/1177809,2026-08-09T02:31:15.854708+00:00
1177811,2444,19067,"FERNANDEZ FERNANDEZ, JAVIER",47,47,100,amarilla,False,https://www.rffm.es/acta-partido/1177811,2026-08-09T02:31:15.953455+00:00
1177811,2444,19067,"FERNANDEZ FERNANDEZ, JAVIER",61,61,100,amarilla,True,https://www.rffm.es/acta-partido/1177811,2026-08-09T02:31:15.953455+00:00
1177816,4928299,142514,"GALAN SERRANO, BORJA",82,82,100,amarilla,False,https://www.rffm.es/acta-partido/1177816,2026-08-09T02:31:16.307150+00:00
1177816,4928299,142514,"GALAN SERRANO, BORJA",90,90,100,amarilla,True,https://www.rffm.es/acta-partido/1177816,2026-08-09T02:31:16.307150+00:00
1177819,2022,373273,"GARCIA FERNANDEZ, DAVID",63,63,100,amarilla,False,https://www.rffm.es/acta-partido/1177819,2026-08-09T02:31:16.757831+00:00
1177819,2022,373273,"GARCIA FERNANDEZ, DAVID",90,90,100,amarilla,True,https://www.rffm.es/acta-partido/1177819,2026-08-09T02:31:16.757831+00:00
1177820,466820,2799390,"PARIS SALCEDO, CARLOS",63,63,100,amarilla,False,https://www.rffm.es/acta-partido/1177820,2026-08-09T02:31:16.803161+00:00
1177820,466820,2799390,"PARIS SALCEDO, CARLOS",72,72,100,amarilla,True,https://www.rffm.es/acta-partido/1177820,2026-08-09T02:31:16.803161+00:00
1177820,466820,322156,"LOPEZ BLANCO, JOSE CARLOS",999,999,101,roja,False,https://www.rffm.es/acta-partido/1177820,2026-08-09T02:31:16.803161+00:00
1177820,2444,12111858,"JIMENEZ ALGOBIA, JONATAN",999,999,101,roja,False,https://www.rffm.es/acta-partido/1177820,2026-08-09T02:31:16.803161+00:00
1177822,1953,328596,"MATEOS JIMENEZ, ALEXANDRE",72,72,101,roja,False,https://www.rffm.es/acta-partido/1177822,2026-08-09T02:31:16.957485+00:00
1177818,775,27992,"SANCHEZ CABALLERO, ENRIQUE",59,59,101,roja,False,https://www.rffm.es/acta-partido/1177818,2026-08-09T02:31:17.088824+00:00
1177818,775,108148,"FERNANDEZ FERNANDEZ, JOSE ALBERTO",79,79,101,roja,False,https://www.rffm.es/acta-partido/1177818,2026-08-09T02:31:17.088824+00:00
1177818,523,6277133,"CHICHARRO URIGUEN, JESUS",55,55,101,roja,False,https://www.rffm.es/acta-partido/1177818,2026-08-09T02:31:17.088824+00:00
1177823,1707,304213,"RODRIGUEZ ACEDO, DAVID",47,47,100,amarilla,False,https://www.rffm.es/acta-partido/1177823,2026-08-09T02:31:17.613537+00:00
1177823,1707,238187,"GONZALEZ AROCA, BORJA",50,50,100,amarilla,False,https://www.rffm.es/acta-partido/1177823,2026-08-09T02:31:17.613537+00:00
1177823,1707,238187,"GONZALEZ AROCA, BORJA",54,54,100,amarilla,True,https://www.rffm.es/acta-partido/1177823,2026-08-09T02:31:17.613537+00:00
1177824,947,141756,"DE LA RIVA MARTINEZ, ISRAEL",42,42,100,amarilla,False,https://www.rffm.es/acta-partido/1177824,2026-08-09T02:31:18.238503+00:00
1177824,947,141756,"DE LA RIVA MARTINEZ, ISRAEL",52,52,100,amarilla,True,https://www.rffm.es/acta-partido/1177824,2026-08-09T02:31:18.238503+00:00
1177827,334379,3035646,"MELERO RODRIGO, JORGE",35,35,100,amarilla,False,https://www.rffm.es/acta-partido/1177827,2026-08-09T02:31:18.434569+00:00
1177827,334379,37355,"MARTINEZ DE LAS HERAS, EUGENIO",45,45,101,roja,False,https://www.rffm.es/acta-partido/1177827,2026-08-09T02:31:18.434569+00:00
1177827,334379,3035646,"MELERO RODRIGO, JORGE",85,85,100,amarilla,True,https://www.rffm.es/acta-partido/1177827,2026-08-09T02:31:18.434569+00:00
1177830,475,9383758,"ATIENZA CORDERO, FERNANDO",50,50,101,roja,False,https://www.rffm.es/acta-partido/1177830,2026-08-09T02:31:18.630482+00:00
1177830,475,227845,"VEGAS RICO, DANIEL",89,89,100,amarilla,False,https://www.rffm.es/acta-partido/1177830,2026-08-09T02:31:18.630482+00:00
1177830,475,227845,"VEGAS RICO, DANIEL",89,89,100,amarilla,False,https://www.rffm.es/acta-partido/1177830,2026-08-09T02:31:18.630482+00:00
1177830,475,13689,"DE DIEGO MINONDO, DANIEL",89,89,101,roja,False,https://www.rffm.es/acta-partido/1177830,2026-08-09T02:31:18.630482+00:00
1177840,680159,13713,"FERNANDEZ RAMIREZ, SAUL",88,88,100,amarilla,False,https://www.rffm.es/acta-partido/1177840,2026-08-09T02:31:18.881241+00:00
1177840,1953,321312,"GIL BARRIOS, MARCOS",6,6,100,amarilla,False,https://www.rffm.es/acta-partido/1177840,2026-08-09T02:31:18.881241+00:00
1177840,1953,327389,"MARTIN GIL MINGO, JOSE ANTONIO",66,66,100,amarilla,False,https://www.rffm.es/acta-partido/1177840,2026-08-09T02:31:18.881241+00:00
1177840,1953,205943,"ROYUELA VELEZ, DAVID",79,79,100,amarilla,False,https://www.rffm.es/acta-partido/1177840,2026-08-09T02:31:18.881241+00:00
1177840,1953,142483,"GARCIA DE MARINA SERRANO, CARLOS",86,86,100,amarilla,False,https://www.rffm.es/acta-partido/1177840,2026-08-09T02:31:18.881241+00:00
1177837,775,118343,"GARCIA GIGORRO, HECTOR",48,48,100,amarilla,False,https://www.rffm.es/acta-partido/1177837,2026-08-09T02:31:19.938938+00:00
1177837,775,118343,"GARCIA GIGORRO, HECTOR",89,89,100,amarilla,True,https://www.rffm.es/acta-partido/1177837,2026-08-09T02:31:19.938938+00:00
1177836,1554,29690,"SERRANO GONZALEZ, DAVID",45,45,100,amarilla,False,https://www.rffm.es/acta-partido/1177836,2026-08-09T02:31:20.095046+00:00
1177836,1554,29690,"SERRANO GONZALEZ, DAVID",79,79,100,amarilla,True,https://www.rffm.es/acta-partido/1177836,2026-08-09T02:31:20.095046+00:00
1177836,1554,443359,"SANCHEZ GOMEZ, ALVARO",89,89,101,roja,False,https://www.rffm.es/acta-partido/1177836,2026-08-09T02:31:20.095046+00:00
1177941,1526,84344,"LOPEZ AMPUERO, JOSE ANTONIO",72,72,100,amarilla,False,https://www.rffm.es/acta-partido/1177941,2026-08-09T02:31:21.861870+00:00
1177941,1526,5444747,"ESPINAR GARCIA DORADO, MANUEL",86,86,100,amarilla,False,https://www.rffm.es/acta-partido/1177941,2026-08-09T02:31:21.861870+00:00
1177941,1526,5444747,"ESPINAR GARCIA DORADO, MANUEL",86,86,100,amarilla,False,https://www.rffm.es/acta-partido/1177941,2026-08-09T02:31:21.861870+00:00
1177941,1526,84344,"LOPEZ AMPUERO, JOSE ANTONIO",89,89,100,amarilla,True,https://www.rffm.es/acta-partido/1177941,2026-08-09T02:31:21.861870+00:00
1177946,3367015,13476758,"PEÑALVO MARTIN, CHRISTIAN",34,34,101,roja,False,https://www.rffm.es/acta-partido/1177946,2026-08-09T02:31:21.867095+00:00
1177946,2009,326689,"PICA MORENO, DANIEL",30,30,100,amarilla,False,https://www.rffm.es/acta-partido/1177946,2026-08-09T02:31:21.867095+00:00
1177946,2009,326689,"PICA MORENO, DANIEL",74,74,100,amarilla,True,https://www.rffm.es/acta-partido/1177946,2026-08-09T02:31:21.867095+00:00
1177947,2200,13165623,"BUENO BERNABEU, MARIO",16,16,100,amarilla,False,https://www.rffm.es/acta-partido/1177947,2026-08-09T02:31:21.977658+00:00
1177947,2200,13165623,"BUENO BERNABEU, MARIO",80,80,100,amarilla,True,https://www.rffm.es/acta-partido/1177947,2026-08-09T02:31:21.977658+00:00
1177944,846885,235513,"RODIL SANCHEZ, ALEJANDRO",22,22,100,amarilla,False,https://www.rffm.es/acta-partido/1177944,2026-08-09T02:31:22.127488+00:00
1177944,846885,235513,"RODIL SANCHEZ, ALEJANDRO",86,86,100,amarilla,True,https://www.rffm.es/acta-partido/1177944,2026-08-09T02:31:22.127488+00:00
1177940,2342,172275,"CAÑAS ORTIZ, RAUL",48,48,101,roja,False,https://www.rffm.es/acta-partido/1177940,2026-08-09T02:31:22.217963+00:00
1177955,2009,102195,"SÁNCHEZ GALIANO, JUAN JOSÉ",78,78,101,roja,False,https://www.rffm.es/acta-partido/1177955,2026-08-09T02:31:22.411095+00:00
1177949,960,180226,"REAL ROSILLO, VICTOR",90,90,101,roja,False,https://www.rffm.es/acta-partido/1177949,2026-08-09T02:31:22.745502+00:00
1177954,1791,86773,"IGLESIAS JIMÉNEZ, ALBERTO",9,9,100,amarilla,False,https://www.rffm.es/acta-partido/1177954,2026-08-09T02:31:22.752640+00:00
1177954,1791,86773,"IGLESIAS JIMÉNEZ, ALBERTO",44,44,100,amarilla,True,https://www.rffm.es/acta-partido/1177954,2026-08-09T02:31:22.752640+00:00
1177957,684774,83958,"SANCHEZ REÑONES, CESAR",60,60,101,roja,False,https://www.rffm.es/acta-partido/1177957,2026-08-09T02:31:23.014032+00:00
1177956,3367015,11183864,"RENEDO LLANA, MANUEL MIGUEL",63,63,100,amarilla,False,https://www.rffm.es/acta-partido/1177956,2026-08-09T02:31:23.099844+00:00
1177956,3367015,11183864,"RENEDO LLANA, MANUEL MIGUEL",72,72,100,amarilla,True,https://www.rffm.es/acta-partido/1177956,2026-08-09T02:31:23.099844+00:00
1177958,2342,172479,"FRUTOS GARCIA, DAVID",37,37,100,amarilla,False,https://www.rffm.es/acta-partido/1177958,2026-08-09T02:31:23.605565+00:00
1177958,2342,172479,"FRUTOS GARCIA, DAVID",75,75,100,amarilla,True,https://www.rffm.es/acta-partido/1177958,2026-08-09T02:31:23.605565+00:00
1177960,650,102769,"OLMO GARCÍA, JESÚS",42,42,100,amarilla,False,https://www.rffm.es/acta-partido/1177960,2026-08-09T02:31:23.909950+00:00
1177960,650,102769,"OLMO GARCÍA, JESÚS",47,47,100,amarilla,True,https://www.rffm.es/acta-partido/1177960,2026-08-09T02:31:23.909950+00:00
1177960,650,1107733,"SANCHEZ OLIVARES, SANTIAGO",69,69,100,amarilla,False,https://www.rffm.es/acta-partido/1177960,2026-08-09T02:31:23.909950+00:00
1177960,650,1107733,"SANCHEZ OLIVARES, SANTIAGO",69,69,100,amarilla,False,https://www.rffm.es/acta-partido/1177960,2026-08-09T02:31:23.909950+00:00
1177961,4936105,4133129,"SANZ ROMERO, FERNANDO",85,85,101,roja,False,https://www.rffm.es/acta-partido/1177961,2026-08-09T02:31:23.944350+00:00
1177974,4924839,110598,"AYLLON GOMEZ, PABLO",35,35,101,roja,False,https://www.rffm.es/acta-partido/1177974,2026-08-09T02:31:25.398238+00:00
1177967,533,580317,"CABELLO FERNANDEZ, RICARDO",36,36,101,roja,False,https://www.rffm.es/acta-partido/1177967,2026-08-09T02:31:26.440997+00:00
1177967,960,171706,"ROMO ARRIBAS, JAVIER",74,74,100,amarilla,False,https://www.rffm.es/acta-partido/1177967,2026-08-09T02:31:26.440997+00:00
1177967,960,171706,"ROMO ARRIBAS, JAVIER",78,78,100,amarilla,True,https://www.rffm.es/acta-partido/1177967,2026-08-09T02:31:26.440997+00:00
1177977,2342,180391,"SANCHEZ HUERTAS, ISMAEL",57,57,100,amarilla,False,https://www.rffm.es/acta-partido/1177977,2026-08-09T02:31:26.477168+00:00
1177977,2342,180391,"SANCHEZ HUERTAS, ISMAEL",75,75,100,amarilla,True,https://www.rffm.es/acta-partido/1177977,2026-08-09T02:31:26.477168+00:00
1177976,533,231851,"SIMON ORDOÑEZ, ALBERTO",51,51,100,amarilla,False,https://www.rffm.es/acta-partido/1177976,2026-08-09T02:31:26.614318+00:00
1177976,533,231851,"SIMON ORDOÑEZ, ALBERTO",53,53,100,amarilla,True,https://www.rffm.es/acta-partido/1177976,2026-08-09T02:31:26.614318+00:00
1177978,503,5174856,"FELIZ BATISTA, ROMAN ARIEL",12,12,100,amarilla,False,https://www.rffm.es/acta-partido/1177978,2026-08-09T02:31:27.441016+00:00
1177978,503,5174856,"FELIZ BATISTA, ROMAN ARIEL",78,78,100,amarilla,True,https://www.rffm.es/acta-partido/1177978,2026-08-09T02:31:27.441016+00:00
1177982,684774,1103869,"GOMEZ MONTES, SERGIO",88,88,101,roja,False,https://www.rffm.es/acta-partido/1177982,2026-08-09T02:31:27.466766+00:00
1177983,1731,172226,"VILLAR PLUMA, IVAN",91,91,101,roja,False,https://www.rffm.es/acta-partido/1177983,2026-08-09T02:31:27.687747+00:00
1177989,1526,87495,"AGUILERA CRUZ, JOSE ANTONIO",74,74,100,amarilla,False,https://www.rffm.es/acta-partido/1177989,2026-08-09T02:31:27.689422+00:00
1177989,1526,87495,"AGUILERA CRUZ, JOSE ANTONIO",87,87,100,amarilla,True,https://www.rffm.es/acta-partido/1177989,2026-08-09T02:31:27.689422+00:00
1177985,960,18961,"MILLAN VAZ, JAVIER",82,82,100,amarilla,False,https://www.rffm.es/acta-partido/1177985,2026-08-09T02:31:27.693003+00:00
1177985,960,18961,"MILLAN VAZ, JAVIER",85,85,100,amarilla,True,https://www.rffm.es/acta-partido/1177985,2026-08-09T02:31:27.693003+00:00
1177990,4936105,8702016,"SUAREZ GUTIERREZ, MARCOS",60,60,100,amarilla,False,https://www.rffm.es/acta-partido/1177990,2026-08-09T02:31:28.700481+00:00
1177990,4936105,8702016,"SUAREZ GUTIERREZ, MARCOS",999,999,100,amarilla,True,https://www.rffm.es/acta-partido/1177990,2026-08-09T02:31:28.700481+00:00
1177988,1791,107303,"LARA DE LA CRUZ, JUAN CARLOS",999,999,101,roja,False,https://www.rffm.es/acta-partido/1177988,2026-08-09T02:31:28.705220+00:00
1177988,503,578789,"LOPEZ MALDONADO, PEDRO PABLO",999,999,101,roja,False,https://www.rffm.es/acta-partido/1177988,2026-08-09T02:31:28.705220+00:00
1177988,503,3006228,"SOLANO BUENO, JORGE",999,999,100,amarilla,False,https://www.rffm.es/acta-partido/1177988,2026-08-09T02:31:28.705220+00:00
1177988,503,3006228,"SOLANO BUENO, JORGE",999,999,100,amarilla,False,https://www.rffm.es/acta-partido/1177988,2026-08-09T02:31:28.705220+00:00
1177988,503,7266644,"FELIZ BATISTA, ADRIAN",999,999,101,roja,False,https://www.rffm.es/acta-partido/1177988,2026-08-09T02:31:28.705220+00:00
1177987,2342,3184029,"LOPEZ DIAZ, JOSE MARIA",89,89,100,amarilla,False,https://www.rffm.es/acta-partido/1177987,2026-08-09T02:31:29.849495+00:00
1177987,2342,3184029,"LOPEZ DIAZ, JOSE MARIA",89,89,100,amarilla,False,https://www.rffm.es/acta-partido/1177987,2026-08-09T02:31:29.849495+00:00
1177995,533,923828,"BARRIO BALSERA, MARIO",28,28,101,roja,False,https://www.rffm.es/acta-partido/1177995,2026-08-09T02:31:29.884631+00:00
1178002,4924839,6602218,"CISSE, MOHAMED ALASSANE",76,76,100,amarilla,False,https://www.rffm.es/acta-partido/1178002,2026-08-09T02:31:29.889558+00:00
1178002,4924839,6602218,"CISSE, MOHAMED ALASSANE",89,89,100,amarilla,True,https://www.rffm.es/acta-partido/1178002,2026-08-09T02:31:29.889558+00:00
1177999,4936105,10386015,"GALLEGO BLANDON, JUAN PABLO",82,82,101,roja,False,https://www.rffm.es/acta-partido/1177999,2026-08-09T02:31:30.030404+00:00
1177999,684774,15305021,"DE LA CRUZ SANCHEZ, ANTONIO",28,28,101,roja,False,https://www.rffm.es/acta-partido/1177999,2026-08-09T02:31:30.030404+00:00
1177999,684774,576049,"MARTIN BRAVO, SERGIO",38,38,100,amarilla,False,https://www.rffm.es/acta-partido/1177999,2026-08-09T02:31:30.030404+00:00
1177999,684774,84422,"RODRIGUEZ SANCHEZ, RUBEN",42,42,101,roja,False,https://www.rffm.es/acta-partido/1177999,2026-08-09T02:31:30.030404+00:00
1177999,684774,229096,"RUIZ MARTINEZ, VICTOR",89,89,101,roja,False,https://www.rffm.es/acta-partido/1177999,2026-08-09T02:31:30.030404+00:00
1177999,684774,381231,"GARCIA FARRACES, ALVARO",89,89,101,roja,False,https://www.rffm.es/acta-partido/1177999,2026-08-09T02:31:30.030404+00:00
1177999,684774,576049,"MARTIN BRAVO, SERGIO",89,89,100,amarilla,True,https://www.rffm.es/acta-partido/1177999,2026-08-09T02:31:30.030404+00:00
1178007,2200,13098887,"MONTEJANO COBO, DANIEL",62,62,101,roja,False,https://www.rffm.es/acta-partido/1178007,2026-08-09T02:31:30.452288+00:00
1178007,503,733301,"CAVA CASTRO, ALVARO",999,999,101,roja,False,https://www.rffm.es/acta-partido/1178007,2026-08-09T02:31:30.452288+00:00
1178006,2342,589382,"GARCIA GRANDE, DIEGO",59,59,100,amarilla,False,https://www.rffm.es/acta-partido/1178006,2026-08-09T02:31:31.180297+00:00
1178006,2342,589382,"GARCIA GRANDE, DIEGO",60,60,100,amarilla,True,https://www.rffm.es/acta-partido/1178006,2026-08-09T02:31:31.180297+00:00
1178005,1791,86773,"IGLESIAS JIMÉNEZ, ALBERTO",41,41,100,amarilla,False,https://www.rffm.es/acta-partido/1178005,2026-08-09T02:31:31.545293+00:00
1178005,1791,86773,"IGLESIAS JIMÉNEZ, ALBERTO",41,41,100,amarilla,False,https://www.rffm.es/acta-partido/1178005,2026-08-09T02:31:31.545293+00:00
1178005,1791,691759,"MIHAI, MARCEL",42,42,100,amarilla,False,https://www.rffm.es/acta-partido/1178005,2026-08-09T02:31:31.545293+00:00
1178005,1791,691759,"MIHAI, MARCEL",42,42,101,roja,False,https://www.rffm.es/acta-partido/1178005,2026-08-09T02:31:31.545293+00:00
1178005,533,375966,"DIAZ FERNANDEZ, ARTURO",3,3,100,amarilla,False,https://www.rffm.es/acta-partido/1178005,2026-08-09T02:31:31.545293+00:00
1178005,533,375966,"DIAZ FERNANDEZ, ARTURO",55,55,100,amarilla,True,https://www.rffm.es/acta-partido/1178005,2026-08-09T02:31:31.545293+00:00
1178004,4950038,785794,"SIALI EL BAKALI, MOHAMED",69,69,100,amarilla,False,https://www.rffm.es/acta-partido/1178004,2026-08-09T02:31:31.806753+00:00
1178004,4950038,785794,"SIALI EL BAKALI, MOHAMED",76,76,100,amarilla,True,https://www.rffm.es/acta-partido/1178004,2026-08-09T02:31:31.806753+00:00
1178019,651,110332,"ELVIRO SANCHEZ, ANTONIO",45,45,100,amarilla,False,https://www.rffm.es/acta-partido/1178019,2026-08-09T02:31:32.459494+00:00
1178019,651,110332,"ELVIRO SANCHEZ, ANTONIO",45,45,100,amarilla,False,https://www.rffm.es/acta-partido/1178019,2026-08-09T02:31:32.459494+00:00
1178019,651,101904,"DIAZ IGLESIAS, ADRIAN",45,45,101,roja,False,https://www.rffm.es/acta-partido/1178019,2026-08-09T02:31:32.459494+00:00
1178020,846885,235513,"RODIL SANCHEZ, ALEJANDRO",18,18,101,roja,False,https://www.rffm.es/acta-partido/1178020,2026-08-09T02:31:32.705393+00:00
1178014,2009,327999,"SANTOS SALCEDO, CARLOS GUSTAVO",88,88,100,amarilla,False,https://www.rffm.es/acta-partido/1178014,2026-08-09T02:31:33.073131+00:00
1178014,2009,327999,"SANTOS SALCEDO, CARLOS GUSTAVO",89,89,100,amarilla,True,https://www.rffm.es/acta-partido/1178014,2026-08-09T02:31:33.073131+00:00
1178022,1791,88594,"COBOS GONZALEZ, SERGIO ISMAEL",30,30,100,amarilla,False,https://www.rffm.es/acta-partido/1178022,2026-08-09T02:31:34.138026+00:00
1178022,1791,4929100,"VADILLO ANTUNEZ, JOSE LUIS",80,80,100,amarilla,False,https://www.rffm.es/acta-partido/1178022,2026-08-09T02:31:34.138026+00:00
1178022,1791,170672,"SANABRIA SANCHEZ, AURELIO",90,90,101,roja,False,https://www.rffm.es/acta-partido/1178022,2026-08-09T02:31:34.138026+00:00
1178022,650,33183,"SANCHEZ CONEJERO, PABLO",20,20,100,amarilla,False,https://www.rffm.es/acta-partido/1178022,2026-08-09T02:31:34.138026+00:00
1178022,650,109915,"NOGALES GORDO, ALBERTO",48,48,100,amarilla,False,https://www.rffm.es/acta-partido/1178022,2026-08-09T02:31:34.138026+00:00
1178022,650,70983,"MINFOUMOU LOPEZ, BALTHAZAR",90,90,100,amarilla,False,https://www.rffm.es/acta-partido/1178022,2026-08-09T02:31:34.138026+00:00
1178022,650,110137,"GONZALEZ PACIOS, ANGEL MANUEL",90,90,100,amarilla,False,https://www.rffm.es/acta-partido/1178022,2026-08-09T02:31:34.138026+00:00
1178027,3367015,14184,"ROMERO JORGE, LUIS",81,81,101,roja,False,https://www.rffm.es/acta-partido/1178027,2026-08-09T02:31:34.144851+00:00
1178027,1526,90985,"SANCHEZ GARCIA, ALVARO",54,54,101,roja,False,https://www.rffm.es/acta-partido/1178027,2026-08-09T02:31:34.144851+00:00
1178031,2009,10414108,"PEREZ CEDRES, LEANDRO",87,87,101,roja,False,https://www.rffm.es/acta-partido/1178031,2026-08-09T02:31:35.170597+00:00
1178032,4950038,82950,"BRAVO BERMEJO, ALEJANDRO",89,89,101,roja,False,https://www.rffm.es/acta-partido/1178032,2026-08-09T02:31:35.196162+00:00
1178032,4950038,109968,"TEJEDA PARICIO, SERGIO",999,999,101,roja,False,https://www.rffm.es/acta-partido/1178032,2026-08-09T02:31:35.196162+00:00
1178032,2200,13099032,"TAJUELO MARTINEZ, GERMAN",53,53,100,amarilla,False,https://www.rffm.es/acta-partido/1178032,2026-08-09T02:31:35.196162+00:00
1178032,2200,13099032,"TAJUELO MARTINEZ, GERMAN",71,71,100,amarilla,True,https://www.rffm.es/acta-partido/1178032,2026-08-09T02:31:35.196162+00:00
1178032,2200,13099257,"ROCHA CAÑETE, SALVADOR",83,83,100,amarilla,False,https://www.rffm.es/acta-partido/1178032,2026-08-09T02:31:35.196162+00:00
1178032,2200,13099257,"ROCHA CAÑETE, SALVADOR",84,84,100,amarilla,True,https://www.rffm.es/acta-partido/1178032,2026-08-09T02:31:35.196162+00:00
1178033,533,229343,"CALVO POZO, SERGIO",76,76,100,amarilla,False,https://www.rffm.es/acta-partido/1178033,2026-08-09T02:31:35.390844+00:00
1178033,533,229343,"CALVO POZO, SERGIO",89,89,100,amarilla,True,https://www.rffm.es/acta-partido/1178033,2026-08-09T02:31:35.390844+00:00
1178035,503,997552,"TAHRAOUI, ELIAS",89,89,100,amarilla,False,https://www.rffm.es/acta-partido/1178035,2026-08-09T02:31:36.079535+00:00
1178035,503,997552,"TAHRAOUI, ELIAS",89,89,100,amarilla,False,https://www.rffm.es/acta-partido/1178035,2026-08-09T02:31:36.079535+00:00
1178030,2472,89725,"FERNANDEZ PALOMAR, DOMINGO",67,67,100,amarilla,False,https://www.rffm.es/acta-partido/1178030,2026-08-09T02:31:36.084965+00:00
1178030,2472,89725,"FERNANDEZ PALOMAR, DOMINGO",76,76,100,amarilla,True,https://www.rffm.es/acta-partido/1178030,2026-08-09T02:31:36.084965+00:00
1178040,2009,731262,"ANGULLO BODAS, DAVID",67,67,100,amarilla,False,https://www.rffm.es/acta-partido/1178040,2026-08-09T02:31:36.165546+00:00
1178040,2009,731262,"ANGULLO BODAS, DAVID",67,67,100,amarilla,False,https://www.rffm.es/acta-partido/1178040,2026-08-09T02:31:36.165546+00:00
1178040,2472,89966,"LOPEZ ALMENDRO, JUAN MANUEL",63,63,101,roja,False,https://www.rffm.es/acta-partido/1178040,2026-08-09T02:31:36.165546+00:00
1178040,2472,306685,"MENA LERMA, MARCOS",90,90,101,roja,False,https://www.rffm.es/acta-partido/1178040,2026-08-09T02:31:36.165546+00:00
1178041,2200,13099172,"SIERRA HERVAS, ALEJANDRO",71,71,100,amarilla,False,https://www.rffm.es/acta-partido/1178041,2026-08-09T02:31:36.701998+00:00
1178041,2200,13099172,"SIERRA HERVAS, ALEJANDRO",89,89,100,amarilla,True,https://www.rffm.es/acta-partido/1178041,2026-08-09T02:31:36.701998+00:00
1178039,960,171706,"ROMO ARRIBAS, JAVIER",35,35,100,amarilla,False,https://www.rffm.es/acta-partido/1178039,2026-08-09T02:31:36.770691+00:00
1178039,960,171706,"ROMO ARRIBAS, JAVIER",88,88,100,amarilla,True,https://www.rffm.es/acta-partido/1178039,2026-08-09T02:31:36.770691+00:00
1178047,4936105,1118655,"DE LUCAS TORDESILLAS, ISAAC",89,89,101,roja,False,https://www.rffm.es/acta-partido/1178047,2026-08-09T02:31:36.782761+00:00
1178052,3367015,10216449,"VANEGAS VERA, YESID",20,20,101,roja,False,https://www.rffm.es/acta-partido/1178052,2026-08-09T02:31:38.606294+00:00
1178055,1526,84344,"LOPEZ AMPUERO, JOSE ANTONIO",60,60,100,amarilla,False,https://www.rffm.es/acta-partido/1178055,2026-08-09T02:31:38.791480+00:00
1178055,1526,84344,"LOPEZ AMPUERO, JOSE ANTONIO",89,89,100,amarilla,True,https://www.rffm.es/acta-partido/1178055,2026-08-09T02:31:38.791480+00:00
1178054,846885,308288,"SOLER RODRIGUEZ, JAVIER",69,69,100,amarilla,False,https://www.rffm.es/acta-partido/1178054,2026-08-09T02:31:38.926572+00:00
1178054,846885,308288,"SOLER RODRIGUEZ, JAVIER",89,89,100,amarilla,True,https://www.rffm.es/acta-partido/1178054,2026-08-09T02:31:38.926572+00:00
1178064,503,410043,"HERNANDEZ GRADOLI, MARC",69,69,101,roja,False,https://www.rffm.es/acta-partido/1178064,2026-08-09T02:31:39.211019+00:00
1178057,960,171706,"ROMO ARRIBAS, JAVIER",73,73,100,amarilla,False,https://www.rffm.es/acta-partido/1178057,2026-08-09T02:31:39.820179+00:00
1178057,960,171706,"ROMO ARRIBAS, JAVIER",75,75,100,amarilla,True,https://www.rffm.es/acta-partido/1178057,2026-08-09T02:31:39.820179+00:00
1178057,960,7626352,"LLORET HERREROS, ANTONIO",89,89,101,roja,False,https://www.rffm.es/acta-partido/1178057,2026-08-09T02:31:39.820179+00:00
1178062,4924839,6445747,"CAMACHO ARRIBAS, SERGIO",999,999,101,roja,False,https://www.rffm.es/acta-partido/1178062,2026-08-09T02:31:39.996863+00:00
1178062,533,309950,"MADROÑAL CAMARA, ALEJANDRO",88,88,100,amarilla,False,https://www.rffm.es/acta-partido/1178062,2026-08-09T02:31:39.996863+00:00
1178062,533,309950,"MADROÑAL CAMARA, ALEJANDRO",89,89,100,amarilla,True,https://www.rffm.es/acta-partido/1178062,2026-08-09T02:31:39.996863+00:00
1178065,4936105,11189918,"KAMON, YUYA",63,63,100,amarilla,False,https://www.rffm.es/acta-partido/1178065,2026-08-09T02:31:40.411337+00:00
1178065,4936105,311909,"RODRIGUEZ MAROTO, GABRIEL",80,80,101,roja,False,https://www.rffm.es/acta-partido/1178065,2026-08-09T02:31:40.411337+00:00
1178065,4936105,11189918,"KAMON, YUYA",87,87,100,amarilla,True,https://www.rffm.es/acta-partido/1178065,2026-08-09T02:31:40.411337+00:00
1178069,650,101524,"GALLEGO RÁEZ, JUAN MANUEL",90,90,100,amarilla,False,https://www.rffm.es/acta-partido/1178069,2026-08-09T02:31:40.448519+00:00
1178069,650,101524,"GALLEGO RÁEZ, JUAN MANUEL",90,90,100,amarilla,False,https://www.rffm.es/acta-partido/1178069,2026-08-09T02:31:40.448519+00:00
1178074,1526,231893,"SANCHEZ TABERNERO, JORGE",60,60,100,amarilla,False,https://www.rffm.es/acta-partido/1178074,2026-08-09T02:31:41.111235+00:00
1178074,1526,231893,"SANCHEZ TABERNERO, JORGE",64,64,100,amarilla,True,https://www.rffm.es/acta-partido/1178074,2026-08-09T02:31:41.111235+00:00
1178071,533,580317,"CABELLO FERNANDEZ, RICARDO",89,89,101,roja,False,https://www.rffm.es/acta-partido/1178071,2026-08-09T02:31:41.174370+00:00
1178067,684774,376638,"SANCHEZ ALVAREZ, JOSE IVAN",59,59,100,amarilla,False,https://www.rffm.es/acta-partido/1178067,2026-08-09T02:31:41.250244+00:00
1178067,684774,376638,"SANCHEZ ALVAREZ, JOSE IVAN",85,85,100,amarilla,True,https://www.rffm.es/acta-partido/1178067,2026-08-09T02:31:41.250244+00:00
1178083,1526,84083,"PELAYO BLAS, CARLOS",88,88,100,amarilla,False,https://www.rffm.es/acta-partido/1178083,2026-08-09T02:31:42.528825+00:00
1178083,1526,84083,"PELAYO BLAS, CARLOS",89,89,100,amarilla,True,https://www.rffm.es/acta-partido/1178083,2026-08-09T02:31:42.528825+00:00
1178082,2342,26500,"CARPINTERO CORPAS, MARCIAL",84,84,101,roja,False,https://www.rffm.es/acta-partido/1178082,2026-08-09T02:31:42.954787+00:00
1178086,1791,170672,"SANABRIA SANCHEZ, AURELIO",73,73,100,amarilla,False,https://www.rffm.es/acta-partido/1178086,2026-08-09T02:31:43.609631+00:00
1178086,1791,170672,"SANABRIA SANCHEZ, AURELIO",85,85,100,amarilla,True,https://www.rffm.es/acta-partido/1178086,2026-08-09T02:31:43.609631+00:00
1178085,1731,231941,"CARPINTERO GAYUBAS, DAVID",40,40,100,amarilla,False,https://www.rffm.es/acta-partido/1178085,2026-08-09T02:31:44.033790+00:00
1178085,1731,231941,"CARPINTERO GAYUBAS, DAVID",58,58,100,amarilla,True,https://www.rffm.es/acta-partido/1178085,2026-08-09T02:31:44.033790+00:00
1178092,960,180226,"REAL ROSILLO, VICTOR",21,21,100,amarilla,False,https://www.rffm.es/acta-partido/1178092,2026-08-09T02:31:44.838166+00:00
1178092,960,180226,"REAL ROSILLO, VICTOR",80,80,100,amarilla,True,https://www.rffm.es/acta-partido/1178092,2026-08-09T02:31:44.838166+00:00
1178092,960,7626352,"LLORET HERREROS, ANTONIO",81,81,101,roja,False,https://www.rffm.es/acta-partido/1178092,2026-08-09T02:31:44.838166+00:00
1178093,2342,180208,"LUCENA CELADA, ADRIAN",81,81,101,roja,False,https://www.rffm.es/acta-partido/1178093,2026-08-09T02:31:44.901814+00:00
1178100,2200,238451,"BELLO LOPEZ, RAUL MANUEL",86,86,101,roja,False,https://www.rffm.es/acta-partido/1178100,2026-08-09T02:31:45.395519+00:00
1178094,533,389168,"AMADI PUYE, MANUEL",85,85,100,amarilla,False,https://www.rffm.es/acta-partido/1178094,2026-08-09T02:31:45.687110+00:00
1178094,533,389168,"AMADI PUYE, MANUEL",89,89,100,amarilla,True,https://www.rffm.es/acta-partido/1178094,2026-08-09T02:31:45.687110+00:00
1178094,1526,83033,"PASERO CASTRO, ALEJANDRO",62,62,100,amarilla,False,https://www.rffm.es/acta-partido/1178094,2026-08-09T02:31:45.687110+00:00
1178094,1526,83033,"PASERO CASTRO, ALEJANDRO",80,80,100,amarilla,True,https://www.rffm.es/acta-partido/1178094,2026-08-09T02:31:45.687110+00:00
1178099,3367015,9435446,"ROCHA ALMEIDA, LUIS PAULO",70,70,100,amarilla,False,https://www.rffm.es/acta-partido/1178099,2026-08-09T02:31:45.876312+00:00
1178099,3367015,9435446,"ROCHA ALMEIDA, LUIS PAULO",85,85,100,amarilla,True,https://www.rffm.es/acta-partido/1178099,2026-08-09T02:31:45.876312+00:00
1178101,684774,381231,"GARCIA FARRACES, ALVARO",30,30,100,amarilla,False,https://www.rffm.es/acta-partido/1178101,2026-08-09T02:31:46.200351+00:00
1178101,684774,381231,"GARCIA FARRACES, ALVARO",75,75,100,amarilla,True,https://www.rffm.es/acta-partido/1178101,2026-08-09T02:31:46.200351+00:00
1178101,960,12328,"GARCIA CABALLERO, IVAN",20,20,100,amarilla,False,https://www.rffm.es/acta-partido/1178101,2026-08-09T02:31:46.200351+00:00
1178101,960,12328,"GARCIA CABALLERO, IVAN",73,73,100,amarilla,True,https://www.rffm.es/acta-partido/1178101,2026-08-09T02:31:46.200351+00:00
1178097,846885,143275,"ESCUER SAÑA, MARIO",65,65,100,amarilla,False,https://www.rffm.es/acta-partido/1178097,2026-08-09T02:31:46.302062+00:00
1178097,846885,143275,"ESCUER SAÑA, MARIO",78,78,100,amarilla,True,https://www.rffm.es/acta-partido/1178097,2026-08-09T02:31:46.302062+00:00
1178106,2472,6503199,"DURAN GARCIA, JUAN CARLOS ",58,58,100,amarilla,False,https://www.rffm.es/acta-partido/1178106,2026-08-09T02:31:46.510302+00:00
1178106,2472,6503199,"DURAN GARCIA, JUAN CARLOS ",84,84,100,amarilla,True,https://www.rffm.es/acta-partido/1178106,2026-08-09T02:31:46.510302+00:00
1178118,684774,8981507,"JIMENEZ GONZALEZ, RAUL",27,27,101,roja,False,https://www.rffm.es/acta-partido/1178118,2026-08-09T02:31:47.504028+00:00
1178118,684774,83498,"NAVARRO CEDILLO, DAVID",37,37,100,amarilla,False,https://www.rffm.es/acta-partido/1178118,2026-08-09T02:31:47.504028+00:00
1178118,684774,39273,"OLIAS ALBERCA, GREGORIO",50,50,100,amarilla,False,https://www.rffm.es/acta-partido/1178118,2026-08-09T02:31:47.504028+00:00
1178118,684774,39273,"OLIAS ALBERCA, GREGORIO",86,86,100,amarilla,True,https://www.rffm.es/acta-partido/1178118,2026-08-09T02:31:47.504028+00:00
1178118,684774,83498,"NAVARRO CEDILLO, DAVID",95,95,100,amarilla,True,https://www.rffm.es/acta-partido/1178118,2026-08-09T02:31:47.504028+00:00
1178118,684774,13171423,"GOMEZ CARDEÑA, ERNESTO",95,95,101,roja,False,https://www.rffm.es/acta-partido/1178118,2026-08-09T02:31:47.504028+00:00
1178119,960,306939,"LOPEZ ALARCON, SERGIO",15,15,100,amarilla,False,https://www.rffm.es/acta-partido/1178119,2026-08-09T02:31:47.796241+00:00
1178119,960,306939,"LOPEZ ALARCON, SERGIO",84,84,100,amarilla,True,https://www.rffm.es/acta-partido/1178119,2026-08-09T02:31:47.796241+00:00
1178112,503,9324436,"BENSIALI, ZAKARIAE",39,39,100,amarilla,False,https://www.rffm.es/acta-partido/1178112,2026-08-09T02:31:47.984760+00:00
1178112,503,9324436,"BENSIALI, ZAKARIAE",83,83,100,amarilla,True,https://www.rffm.es/acta-partido/1178112,2026-08-09T02:31:47.984760+00:00
1178117,4924839,6445747,"CAMACHO ARRIBAS, SERGIO",88,88,100,amarilla,False,https://www.rffm.es/acta-partido/1178117,2026-08-09T02:31:48.023944+00:00
1178117,4924839,6445747,"CAMACHO ARRIBAS, SERGIO",90,90,100,amarilla,True,https://www.rffm.es/acta-partido/1178117,2026-08-09T02:31:48.023944+00:00
1178121,2342,589382,"GARCIA GRANDE, DIEGO",88,88,101,roja,False,https://www.rffm.es/acta-partido/1178121,2026-08-09T02:31:49.264139+00:00
1178120,960,90865,"RUIZ MAYORAL, CRISTIAN",53,53,101,roja,False,https://www.rffm.es/acta-partido/1178120,2026-08-09T02:31:49.297023+00:00
1178120,960,180226,"REAL ROSILLO, VICTOR",53,53,101,roja,False,https://www.rffm.es/acta-partido/1178120,2026-08-09T02:31:49.297023+00:00
1178120,960,189467,"HARBOULI NASSIRI, KARIM",65,65,100,amarilla,False,https://www.rffm.es/acta-partido/1178120,2026-08-09T02:31:49.297023+00:00
1178120,960,189467,"HARBOULI NASSIRI, KARIM",83,83,100,amarilla,True,https://www.rffm.es/acta-partido/1178120,2026-08-09T02:31:49.297023+00:00
1178130,2342,539415,"OUJO ACEDO, ADRIAN",73,73,100,amarilla,False,https://www.rffm.es/acta-partido/1178130,2026-08-09T02:31:49.931338+00:00
1178130,2342,539415,"OUJO ACEDO, ADRIAN",999,999,100,amarilla,True,https://www.rffm.es/acta-partido/1178130,2026-08-09T02:31:49.931338+00:00
1178127,684774,576049,"MARTIN BRAVO, SERGIO",27,27,100,amarilla,False,https://www.rffm.es/acta-partido/1178127,2026-08-09T02:31:50.003183+00:00
1178127,684774,576049,"MARTIN BRAVO, SERGIO",74,74,100,amarilla,True,https://www.rffm.es/acta-partido/1178127,2026-08-09T02:31:50.003183+00:00
1178124,1791,4929100,"VADILLO ANTUNEZ, JOSE LUIS",87,87,100,amarilla,False,https://www.rffm.es/acta-partido/1178124,2026-08-09T02:31:50.563796+00:00
1178124,1791,4929100,"VADILLO ANTUNEZ, JOSE LUIS",89,89,100,amarilla,True,https://www.rffm.es/acta-partido/1178124,2026-08-09T02:31:50.563796+00:00
1178129,4950038,79402,"ESCOBAR APARICIO, PABLO",60,60,100,amarilla,False,https://www.rffm.es/acta-partido/1178129,2026-08-09T02:31:50.614982+00:00
1178129,4950038,79402,"ESCOBAR APARICIO, PABLO",88,88,100,amarilla,True,https://www.rffm.es/acta-partido/1178129,2026-08-09T02:31:50.614982+00:00
1178122,503,7266644,"FELIZ BATISTA, ADRIAN",42,42,100,amarilla,False,https://www.rffm.es/acta-partido/1178122,2026-08-09T02:31:50.615510+00:00
1178122,503,7266644,"FELIZ BATISTA, ADRIAN",62,62,100,amarilla,True,https://www.rffm.es/acta-partido/1178122,2026-08-09T02:31:50.615510+00:00
1178136,1731,160794,"GARDUÑO RODRIGUEZ, JOSE A",46,46,100,amarilla,False,https://www.rffm.es/acta-partido/1178136,2026-08-09T02:31:50.647936+00:00
1178136,4924839,6602218,"CISSE, MOHAMED ALASSANE",27,27,100,amarilla,False,https://www.rffm.es/acta-partido/1178136,2026-08-09T02:31:50.647936+00:00
1178136,4924839,421231,"RUIZ SECLEN, JERONIMO MARTIN",83,83,100,amarilla,False,https://www.rffm.es/acta-partido/1178136,2026-08-09T02:31:50.647936+00:00
1178136,4924839,10337505,"LEE, WONJAE",89,89,100,amarilla,False,https://www.rffm.es/acta-partido/1178136,2026-08-09T02:31:50.647936+00:00
1178133,2009,232057,"LOPEZ GIL VAZQUEZ, IGNACIO",42,42,101,roja,False,https://www.rffm.es/acta-partido/1178133,2026-08-09T02:31:51.157562+00:00
1178135,684774,84797,"CAMARA SANCHEZ, IGNACIO",24,24,100,amarilla,False,https://www.rffm.es/acta-partido/1178135,2026-08-09T02:31:51.747637+00:00
1178135,684774,84797,"CAMARA SANCHEZ, IGNACIO",77,77,100,amarilla,True,https://www.rffm.es/acta-partido/1178135,2026-08-09T02:31:51.747637+00:00
1178135,846885,308288,"SOLER RODRIGUEZ, JAVIER",88,88,100,amarilla,False,https://www.rffm.es/acta-partido/1178135,2026-08-09T02:31:51.747637+00:00
1178135,846885,308288,"SOLER RODRIGUEZ, JAVIER",90,90,100,amarilla,True,https://www.rffm.es/acta-partido/1178135,2026-08-09T02:31:51.747637+00:00
1178145,846885,228828,"AGUILERA FERNÁNDEZ, SERGIO",69,69,100,amarilla,False,https://www.rffm.es/acta-partido/1178145,2026-08-09T02:31:51.785091+00:00
1178145,846885,228828,"AGUILERA FERNÁNDEZ, SERGIO",79,79,100,amarilla,True,https://www.rffm.es/acta-partido/1178145,2026-08-09T02:31:51.785091+00:00
1178131,2472,89725,"FERNANDEZ PALOMAR, DOMINGO",57,57,100,amarilla,False,https://www.rffm.es/acta-partido/1178131,2026-08-09T02:31:51.946805+00:00
1178131,2472,89725,"FERNANDEZ PALOMAR, DOMINGO",89,89,100,amarilla,True,https://www.rffm.es/acta-partido/1178131,2026-08-09T02:31:51.946805+00:00
1178131,2472,235054,"MAYORDOMO MANZANO, ADRIAN",999,999,101,roja,False,https://www.rffm.es/acta-partido/1178131,2026-08-09T02:31:51.946805+00:00
1178138,960,13208708,"AYONG MANGUE, PEDRO SANTIAGO",80,80,101,roja,False,https://www.rffm.es/acta-partido/1178138,2026-08-09T02:31:52.339349+00:00
1178138,4950038,531891,"HERRERA OBARRIO, PEDRO",80,80,101,roja,False,https://www.rffm.es/acta-partido/1178138,2026-08-09T02:31:52.339349+00:00
1178144,684774,576049,"MARTIN BRAVO, SERGIO",38,38,101,roja,False,https://www.rffm.es/acta-partido/1178144,2026-08-09T02:31:52.344170+00:00
1178146,3367015,14184,"ROMERO JORGE, LUIS",67,67,100,amarilla,False,https://www.rffm.es/acta-partido/1178146,2026-08-09T02:31:53.002629+00:00
1178146,3367015,14184,"ROMERO JORGE, LUIS",76,76,100,amarilla,True,https://www.rffm.es/acta-partido/1178146,2026-08-09T02:31:53.002629+00:00
1178141,503,578789,"LOPEZ MALDONADO, PEDRO PABLO",23,23,100,amarilla,False,https://www.rffm.es/acta-partido/1178141,2026-08-09T02:31:53.498865+00:00
1178141,503,12037492,"PEÑA NIETO, JOSE MIGUEL",35,35,100,amarilla,False,https://www.rffm.es/acta-partido/1178141,2026-08-09T02:31:53.498865+00:00
1178141,503,581318,"GARCIA ALVAREZ, RAUL",40,40,100,amarilla,False,https://www.rffm.es/acta-partido/1178141,2026-08-09T02:31:53.498865+00:00
1178141,503,7266644,"FELIZ BATISTA, ADRIAN",45,45,100,amarilla,False,https://www.rffm.es/acta-partido/1178141,2026-08-09T02:31:53.498865+00:00
1178141,503,410043,"HERNANDEZ GRADOLI, MARC",55,55,100,amarilla,False,https://www.rffm.es/acta-partido/1178141,2026-08-09T02:31:53.498865+00:00
1178141,503,3006228,"SOLANO BUENO, JORGE",55,55,100,amarilla,False,https://www.rffm.es/acta-partido/1178141,2026-08-09T02:31:53.498865+00:00
1178141,503,10987891,"BERNAL SALINAS, OSCAR",55,55,100,amarilla,False,https://www.rffm.es/acta-partido/1178141,2026-08-09T02:31:53.498865+00:00
1178141,503,531788,"MORENO LOPEZ, JESUS",64,64,100,amarilla,False,https://www.rffm.es/acta-partido/1178141,2026-08-09T02:31:53.498865+00:00
1178141,503,578789,"LOPEZ MALDONADO, PEDRO PABLO",70,70,100,amarilla,True,https://www.rffm.es/acta-partido/1178141,2026-08-09T02:31:53.498865+00:00
1178141,503,9324436,"BENSIALI, ZAKARIAE",75,75,100,amarilla,False,https://www.rffm.es/acta-partido/1178141,2026-08-09T02:31:53.498865+00:00
1178141,503,10987891,"BERNAL SALINAS, OSCAR",80,80,100,amarilla,True,https://www.rffm.es/acta-partido/1178141,2026-08-09T02:31:53.498865+00:00
1178141,503,965275,"ORTIZ ABELLAN, ALEJANDRO",83,83,100,amarilla,False,https://www.rffm.es/acta-partido/1178141,2026-08-09T02:31:53.498865+00:00
1178141,1791,142576,"PEREZ CUESTA, JONATAN",68,68,100,amarilla,False,https://www.rffm.es/acta-partido/1178141,2026-08-09T02:31:53.498865+00:00
1178141,1791,196040,"MUSTAPHA, SODIQ ALADE",86,86,100,amarilla,False,https://www.rffm.es/acta-partido/1178141,2026-08-09T02:31:53.498865+00:00
1178861,334285,180489,"DIAZ CASTELLANOS, PASCUAL",83,83,101,roja,False,https://www.rffm.es/acta-partido/1178861,2026-08-09T02:31:54.300997+00:00
1178860,476,577633,"CALLE REDONDO, FERNANDO",54,54,100,amarilla,False,https://www.rffm.es/acta-partido/1178860,2026-08-09T02:31:54.694402+00:00
1178860,4913937,324077,"AGUILA COLLANTES GONZALEZ, JAIME",36,36,100,amarilla,False,https://www.rffm.es/acta-partido/1178860,2026-08-09T02:31:54.694402+00:00
1178860,4913937,243869,"ISLA ESTEVE, DIEGO",62,62,100,amarilla,False,https://www.rffm.es/acta-partido/1178860,2026-08-09T02:31:54.694402+00:00
1178860,4913937,1169754,"ROMAN MARTIN, MARCELO",78,78,100,amarilla,False,https://www.rffm.es/acta-partido/1178860,2026-08-09T02:31:54.694402+00:00
1178860,4913937,324077,"AGUILA COLLANTES GONZALEZ, JAIME",84,84,100,amarilla,True,https://www.rffm.es/acta-partido/1178860,2026-08-09T02:31:54.694402+00:00
1178866,680166,872086,"CALLEJA DURAN, IGNACIO",56,56,100,amarilla,False,https://www.rffm.es/acta-partido/1178866,2026-08-09T02:31:54.870629+00:00
1178866,680166,872086,"CALLEJA DURAN, IGNACIO",90,90,100,amarilla,True,https://www.rffm.es/acta-partido/1178866,2026-08-09T02:31:54.870629+00:00
1178871,172,186216,"GARCIA JAREÑO, GONZALO",27,27,100,amarilla,False,https://www.rffm.es/acta-partido/1178871,2026-08-09T02:31:55.479126+00:00
1178871,172,186216,"GARCIA JAREÑO, GONZALO",39,39,100,amarilla,True,https://www.rffm.es/acta-partido/1178871,2026-08-09T02:31:55.479126+00:00
1178871,334285,2348371,"MARTINEZ FRESNEDA GOMENDIO, IÑIGO",28,28,100,amarilla,False,https://www.rffm.es/acta-partido/1178871,2026-08-09T02:31:55.479126+00:00
1178871,334285,2348371,"MARTINEZ FRESNEDA GOMENDIO, IÑIGO",45,45,100,amarilla,True,https://www.rffm.es/acta-partido/1178871,2026-08-09T02:31:55.479126+00:00
1178871,334285,9392908,"CONDE HERNANDEZ, SERGIO",75,75,100,amarilla,False,https://www.rffm.es/acta-partido/1178871,2026-08-09T02:31:55.479126+00:00
1178871,334285,9392908,"CONDE HERNANDEZ, SERGIO",76,76,100,amarilla,True,https://www.rffm.es/acta-partido/1178871,2026-08-09T02:31:55.479126+00:00
1211123,300598,228781,"GARNACHO NAVAS, JESUS",82,82,100,amarilla,False,https://www.rffm.es/acta-partido/1211123,2026-08-09T02:31:56.387002+00:00
1211123,300598,237813,"HIDALGO FELIX, ENRIQUE",85,85,100,amarilla,False,https://www.rffm.es/acta-partido/1211123,2026-08-09T02:31:56.387002+00:00
1211123,194,237594,"CEREZO NOGALES, DIEGO",20,20,100,amarilla,False,https://www.rffm.es/acta-partido/1211123,2026-08-09T02:31:56.387002+00:00
1211123,194,229236,"GARCIA PORTILLO, DAVID",60,60,100,amarilla,False,https://www.rffm.es/acta-partido/1211123,2026-08-09T02:31:56.387002+00:00
1211123,194,243654,"CORRAL ARRANZ, AGUSTIN",68,68,100,amarilla,False,https://www.rffm.es/acta-partido/1211123,2026-08-09T02:31:56.387002+00:00
1211123,194,243641,"GARCIA BOTEY, MIGUEL",90,90,100,amarilla,False,https://www.rffm.es/acta-partido/1211123,2026-08-09T02:31:56.387002+00:00
1210356,680166,1069877,"GARCIA PERROTE JEREZ, JAIME",42,42,100,amarilla,False,https://www.rffm.es/acta-partido/1210356,2026-08-09T02:31:57.004966+00:00
1210356,680166,3740292,"RIVAS MARTINEZ, PABLO",54,54,100,amarilla,False,https://www.rffm.es/acta-partido/1210356,2026-08-09T02:31:57.004966+00:00
1210356,680166,1068319,"ALVARO MANCHA, RODRIGO",83,83,100,amarilla,False,https://www.rffm.es/acta-partido/1210356,2026-08-09T02:31:57.004966+00:00
1210356,891,224364,"RODRIGUEZ BAEZA, SERGIO",25,25,100,amarilla,False,https://www.rffm.es/acta-partido/1210356,2026-08-09T02:31:57.004966+00:00
1210356,891,153101,"SANCHIDRIAN JUSTO, CARLOS ENRIQUE",46,46,100,amarilla,False,https://www.rffm.es/acta-partido/1210356,2026-08-09T02:31:57.004966+00:00
1210356,891,127961,"SAMPERIO JAULAR, ALVARO",61,61,100,amarilla,False,https://www.rffm.es/acta-partido/1210356,2026-08-09T02:31:57.004966+00:00
1210356,891,330030,"ENCINAS ALONSO, AITOR",84,84,100,amarilla,False,https://www.rffm.es/acta-partido/1210356,2026-08-09T02:31:57.004966+00:00
1178880,334285,319593,"SANCHEZ MARTIN, IGNACIO",53,53,100,amarilla,False,https://www.rffm.es/acta-partido/1178880,2026-08-09T02:31:57.233754+00:00
1178880,526441,2385438,"TREVIÑO PASIALO, JHEISON",26,26,100,amarilla,False,https://www.rffm.es/acta-partido/1178880,2026-08-09T02:31:57.233754+00:00
1178880,526441,20873,"COSTERO GIMBEL, IGNACIO",89,89,100,amarilla,False,https://www.rffm.es/acta-partido/1178880,2026-08-09T02:31:57.233754+00:00
1178877,4913937,243869,"ISLA ESTEVE, DIEGO",54,54,100,amarilla,False,https://www.rffm.es/acta-partido/1178877,2026-08-09T02:31:57.238962+00:00
1178877,4913937,243869,"ISLA ESTEVE, DIEGO",80,80,100,amarilla,True,https://www.rffm.es/acta-partido/1178877,2026-08-09T02:31:57.238962+00:00
1178876,466659,191099,"VARELA LUNA, YERSITH STEVEN",76,76,100,amarilla,False,https://www.rffm.es/acta-partido/1178876,2026-08-09T02:31:57.647550+00:00
1178876,466659,191099,"VARELA LUNA, YERSITH STEVEN",89,89,100,amarilla,True,https://www.rffm.es/acta-partido/1178876,2026-08-09T02:31:57.647550+00:00
1210339,680273,13448626,"AIT YOUSSEF LAHRECH, YOUSSEF",44,44,101,roja,False,https://www.rffm.es/acta-partido/1210339,2026-08-09T02:31:58.238964+00:00
1178890,334285,180642,"ALBA DURAN, IGNACIO",81,81,100,amarilla,False,https://www.rffm.es/acta-partido/1178890,2026-08-09T02:31:58.468166+00:00
1178890,334285,180642,"ALBA DURAN, IGNACIO",89,89,100,amarilla,True,https://www.rffm.es/acta-partido/1178890,2026-08-09T02:31:58.468166+00:00
1178891,425,122053,"ACEITUNO GARCIA, BORJA",75,75,100,amarilla,False,https://www.rffm.es/acta-partido/1178891,2026-08-09T02:31:59.164263+00:00
1178891,425,122053,"ACEITUNO GARCIA, BORJA",75,75,100,amarilla,False,https://www.rffm.es/acta-partido/1178891,2026-08-09T02:31:59.164263+00:00
1178902,680166,711050,"SANCHEZ MORELL, IGNACIO",46,46,100,amarilla,False,https://www.rffm.es/acta-partido/1178902,2026-08-09T02:31:59.820473+00:00
1178902,680166,1068319,"ALVARO MANCHA, RODRIGO",50,50,100,amarilla,False,https://www.rffm.es/acta-partido/1178902,2026-08-09T02:31:59.820473+00:00
1178902,680273,53091,"CARDOSO GONZALEZ, RODOLFO",26,26,100,amarilla,False,https://www.rffm.es/acta-partido/1178902,2026-08-09T02:31:59.820473+00:00
1178902,680273,186479,"FEO ACEITUNO, SERGIO",51,51,100,amarilla,False,https://www.rffm.es/acta-partido/1178902,2026-08-09T02:31:59.820473+00:00
1210357,2749,700842,"HERRANZ MARTIN, ANTONIO",38,38,100,amarilla,False,https://www.rffm.es/acta-partido/1210357,2026-08-09T02:32:00.065354+00:00
1210357,2749,700842,"HERRANZ MARTIN, ANTONIO",70,70,100,amarilla,True,https://www.rffm.es/acta-partido/1210357,2026-08-09T02:32:00.065354+00:00
1178906,1737,10962527,"CANO MIRA, ANDRES MAURICIO",75,75,101,roja,False,https://www.rffm.es/acta-partido/1178906,2026-08-09T02:32:00.817328+00:00
1178909,300279,127959,"RAMOS FERNANDEZ, JAIME",60,60,100,amarilla,False,https://www.rffm.es/acta-partido/1178909,2026-08-09T02:32:01.547136+00:00
1178909,300279,714906,"SANJUAN FERNANDEZ, ALFREDO",63,63,100,amarilla,False,https://www.rffm.es/acta-partido/1178909,2026-08-09T02:32:01.547136+00:00
1178909,300279,582635,"CORREDOR PAREJO, RAUL",73,73,100,amarilla,False,https://www.rffm.es/acta-partido/1178909,2026-08-09T02:32:01.547136+00:00
1178909,300279,180818,"FALCES MARIN, DIEGO",83,83,100,amarilla,False,https://www.rffm.es/acta-partido/1178909,2026-08-09T02:32:01.547136+00:00
1178909,300279,32880,"RELANCIO CANGA, JORGE",89,89,101,roja,False,https://www.rffm.es/acta-partido/1178909,2026-08-09T02:32:01.547136+00:00
1178909,300279,3009618,"SANCHEZ HEVIA AZA, LUIS",89,89,100,amarilla,False,https://www.rffm.es/acta-partido/1178909,2026-08-09T02:32:01.547136+00:00
1178909,334285,913913,"LUENGO GONZALEZ, MARCOS",3,3,100,amarilla,False,https://www.rffm.es/acta-partido/1178909,2026-08-09T02:32:01.547136+00:00
1178909,334285,319600,"VAQUERO TORRES, FRANCISCO JAVIER",85,85,100,amarilla,False,https://www.rffm.es/acta-partido/1178909,2026-08-09T02:32:01.547136+00:00
1178909,334285,9392908,"CONDE HERNANDEZ, SERGIO",89,89,100,amarilla,False,https://www.rffm.es/acta-partido/1178909,2026-08-09T02:32:01.547136+00:00
1178909,334285,10869730,"CHAVES CORIA, JUAN LUIS ",89,89,100,amarilla,False,https://www.rffm.es/acta-partido/1178909,2026-08-09T02:32:01.547136+00:00
1178919,680273,5735259,"MOCHI ZAMPEROLI, EDOARDO",39,39,100,amarilla,False,https://www.rffm.es/acta-partido/1178919,2026-08-09T02:32:02.392474+00:00
1178919,680273,5735259,"MOCHI ZAMPEROLI, EDOARDO",77,77,100,amarilla,True,https://www.rffm.es/acta-partido/1178919,2026-08-09T02:32:02.392474+00:00
1178913,466659,323047,"HADRI AULAD, MOHAMED HAITAM",60,60,100,amarilla,False,https://www.rffm.es/acta-partido/1178913,2026-08-09T02:32:02.611679+00:00
1178913,466659,323047,"HADRI AULAD, MOHAMED HAITAM",70,70,100,amarilla,True,https://www.rffm.es/acta-partido/1178913,2026-08-09T02:32:02.611679+00:00
1178912,4913937,592448,"SERRANO RUIZ, ALEJANDRO",999,999,101,roja,False,https://www.rffm.es/acta-partido/1178912,2026-08-09T02:32:02.618054+00:00
1178912,194,237594,"CEREZO NOGALES, DIEGO",8,8,100,amarilla,False,https://www.rffm.es/acta-partido/1178912,2026-08-09T02:32:02.618054+00:00
1178917,476,731068,"FERNÁNDEZ QUEJO NÚÑEZ, JAVIER",31,31,100,amarilla,False,https://www.rffm.es/acta-partido/1178917,2026-08-09T02:32:02.786194+00:00
1178917,476,581128,"FERNANDEZ QUEJO NUÑEZ, PABLO",32,32,100,amarilla,False,https://www.rffm.es/acta-partido/1178917,2026-08-09T02:32:02.786194+00:00
1178917,476,184244,"LOSADA DE LA CRUZ, ALEJANDRO",33,33,101,roja,False,https://www.rffm.es/acta-partido/1178917,2026-08-09T02:32:02.786194+00:00
1178917,476,581128,"FERNANDEZ QUEJO NUÑEZ, PABLO",37,37,100,amarilla,True,https://www.rffm.es/acta-partido/1178917,2026-08-09T02:32:02.786194+00:00
1178917,476,731068,"FERNÁNDEZ QUEJO NÚÑEZ, JAVIER",81,81,100,amarilla,True,https://www.rffm.es/acta-partido/1178917,2026-08-09T02:32:02.786194+00:00
1178920,2749,1043118,"VEGA ROBLEDO, DIEGO",22,22,100,amarilla,False,https://www.rffm.es/acta-partido/1178920,2026-08-09T02:32:02.849951+00:00
1178920,2749,1043118,"VEGA ROBLEDO, DIEGO",81,81,100,amarilla,True,https://www.rffm.es/acta-partido/1178920,2026-08-09T02:32:02.849951+00:00
1178924,334384,242333,"REGUERA GAMERO, ENRIQUE",89,89,100,amarilla,False,https://www.rffm.es/acta-partido/1178924,2026-08-09T02:32:03.268900+00:00
1178923,466659,185637,"RODRIGUEZ PEREZ, CESAR",71,71,100,amarilla,False,https://www.rffm.es/acta-partido/1178923,2026-08-09T02:32:03.906208+00:00
1178923,466659,185637,"RODRIGUEZ PEREZ, CESAR",75,75,100,amarilla,True,https://www.rffm.es/acta-partido/1178923,2026-08-09T02:32:03.906208+00:00
1178922,4913937,400425,"MEJIA VALLE, JUAN SEBASTIAN",78,78,101,roja,False,https://www.rffm.es/acta-partido/1178922,2026-08-09T02:32:04.080666+00:00
1210341,891,8734016,"RODRIGUEZ SANCHEZ, DAVID",89,89,101,roja,False,https://www.rffm.es/acta-partido/1210341,2026-08-09T02:32:04.081209+00:00
1178928,680273,90372,"JIMENEZ TESO, FERNANDO",31,31,100,amarilla,False,https://www.rffm.es/acta-partido/1178928,2026-08-09T02:32:04.115159+00:00
1178928,680273,11196253,"LAVAUR, JEREMY XAVIER",35,35,100,amarilla,False,https://www.rffm.es/acta-partido/1178928,2026-08-09T02:32:04.115159+00:00
1178928,680273,157213,"PEREZ VADILLO, PEDRO FELIX",44,44,100,amarilla,False,https://www.rffm.es/acta-partido/1178928,2026-08-09T02:32:04.115159+00:00
1178928,680273,53091,"CARDOSO GONZALEZ, RODOLFO",63,63,100,amarilla,False,https://www.rffm.es/acta-partido/1178928,2026-08-09T02:32:04.115159+00:00
1178928,680273,146715,"FUENTES FERNANDEZ, LUIS EDUARDO",83,83,100,amarilla,False,https://www.rffm.es/acta-partido/1178928,2026-08-09T02:32:04.115159+00:00
1178928,680273,240500,"RESTREPO GONZALEZ, MICHAEL",89,89,100,amarilla,False,https://www.rffm.es/acta-partido/1178928,2026-08-09T02:32:04.115159+00:00
1178928,680273,11196587,"FOURCADE, LORIS GINO RENE",89,89,100,amarilla,False,https://www.rffm.es/acta-partido/1178928,2026-08-09T02:32:04.115159+00:00
1178928,334285,3015012,"TIXI BELTRAN, ABEL DAVID",39,39,100,amarilla,False,https://www.rffm.es/acta-partido/1178928,2026-08-09T02:32:04.115159+00:00
1178928,334285,7439912,"PAGES CORP, RAFAEL",89,89,100,amarilla,False,https://www.rffm.es/acta-partido/1178928,2026-08-09T02:32:04.115159+00:00
1178930,194,243641,"GARCIA BOTEY, MIGUEL",86,86,100,amarilla,False,https://www.rffm.es/acta-partido/1178930,2026-08-09T02:32:05.405372+00:00
1178930,194,243641,"GARCIA BOTEY, MIGUEL",89,89,100,amarilla,True,https://www.rffm.es/acta-partido/1178930,2026-08-09T02:32:05.405372+00:00
1178938,680166,711050,"SANCHEZ MORELL, IGNACIO",26,26,100,amarilla,False,https://www.rffm.es/acta-partido/1178938,2026-08-09T02:32:05.483057+00:00
1178938,680166,711050,"SANCHEZ MORELL, IGNACIO",80,80,100,amarilla,True,https://www.rffm.es/acta-partido/1178938,2026-08-09T02:32:05.483057+00:00
1178936,680273,53091,"CARDOSO GONZALEZ, RODOLFO",18,18,101,roja,False,https://www.rffm.es/acta-partido/1178936,2026-08-09T02:32:05.758794+00:00
1178946,476,7446,"ESCOBAR RAMOS, RAFAEL",58,58,100,amarilla,False,https://www.rffm.es/acta-partido/1178946,2026-08-09T02:32:06.388029+00:00
1178946,476,7446,"ESCOBAR RAMOS, RAFAEL",84,84,100,amarilla,True,https://www.rffm.es/acta-partido/1178946,2026-08-09T02:32:06.388029+00:00
1178940,194,237554,"TYLKO DE CARIA, SERGIO",999,999,101,roja,False,https://www.rffm.es/acta-partido/1178940,2026-08-09T02:32:06.699255+00:00
1178942,2283,697602,"MILLAN ASTRAY SOROA, GONZALO JUDAS",14,14,101,roja,False,https://www.rffm.es/acta-partido/1178942,2026-08-09T02:32:07.538072+00:00
1178956,680166,711064,"CALLEJA DURAN, JOSE LUIS",89,89,100,amarilla,False,https://www.rffm.es/acta-partido/1178956,2026-08-09T02:32:08.078979+00:00
1178956,680166,711064,"CALLEJA DURAN, JOSE LUIS",89,89,100,amarilla,False,https://www.rffm.es/acta-partido/1178956,2026-08-09T02:32:08.078979+00:00
1178948,172,918034,"ALVAREZ NUEVO, DIEGO FRANCISCO",78,78,100,amarilla,False,https://www.rffm.es/acta-partido/1178948,2026-08-09T02:32:08.882631+00:00
1178948,172,918034,"ALVAREZ NUEVO, DIEGO FRANCISCO",93,93,100,amarilla,True,https://www.rffm.es/acta-partido/1178948,2026-08-09T02:32:08.882631+00:00
1178948,526441,180724,"DONCEL CAPELLA, EDUARDO",53,53,100,amarilla,False,https://www.rffm.es/acta-partido/1178948,2026-08-09T02:32:08.882631+00:00
1178948,526441,180724,"DONCEL CAPELLA, EDUARDO",81,81,100,amarilla,True,https://www.rffm.es/acta-partido/1178948,2026-08-09T02:32:08.882631+00:00
1178953,1737,233455,"MORIN LOZANO, MIGUEL",89,89,101,roja,False,https://www.rffm.es/acta-partido/1178953,2026-08-09T02:32:08.939186+00:00
1178963,1737,84071,"TORRICO DELGADO, LUIS",33,33,100,amarilla,False,https://www.rffm.es/acta-partido/1178963,2026-08-09T02:32:09.734376+00:00
1178963,1737,242347,"TAPIADOR GOMEZ, CARLOS ENRIQUE",60,60,100,amarilla,False,https://www.rffm.es/acta-partido/1178963,2026-08-09T02:32:09.734376+00:00
1178963,1737,242347,"TAPIADOR GOMEZ, CARLOS ENRIQUE",60,60,101,roja,False,https://www.rffm.es/acta-partido/1178963,2026-08-09T02:32:09.734376+00:00
1178963,1737,84071,"TORRICO DELGADO, LUIS",75,75,100,amarilla,True,https://www.rffm.es/acta-partido/1178963,2026-08-09T02:32:09.734376+00:00
1211144,425,13442805,"MADROÑERO NAVARRETE, LUIS ALBERTO",68,68,101,roja,False,https://www.rffm.es/acta-partido/1211144,2026-08-09T02:32:10.069365+00:00
1178957,526441,878164,"PEREZ AYALA, JUAN",85,85,101,roja,False,https://www.rffm.es/acta-partido/1178957,2026-08-09T02:32:10.100085+00:00
1178966,334384,734000,"RANZ CABAÑAS, DIEGO",84,84,101,roja,False,https://www.rffm.es/acta-partido/1178966,2026-08-09T02:32:10.498541+00:00
1178974,680166,1068534,"PIEDRAS ROCA, ANTONIO",89,89,101,roja,False,https://www.rffm.es/acta-partido/1178974,2026-08-09T02:32:11.289278+00:00
1178972,1737,992077,"MARTIN BARRADO, ANTONIO JOSE",65,65,101,roja,False,https://www.rffm.es/acta-partido/1178972,2026-08-09T02:32:11.736897+00:00
1178972,425,4029160,"CALVO FERNANDEZ, JORGE",27,27,101,roja,False,https://www.rffm.es/acta-partido/1178972,2026-08-09T02:32:11.736897+00:00
1178972,425,196842,"SERRATI, BAUTISTA",41,41,100,amarilla,False,https://www.rffm.es/acta-partido/1178972,2026-08-09T02:32:11.736897+00:00
1178972,425,196842,"SERRATI, BAUTISTA",66,66,100,amarilla,True,https://www.rffm.es/acta-partido/1178972,2026-08-09T02:32:11.736897+00:00
1178972,425,232084,"TEJEDOR CELADA, ALVARO",90,90,101,roja,False,https://www.rffm.es/acta-partido/1178972,2026-08-09T02:32:11.736897+00:00
1211128,300598,171366,"ZUAZUA ESCALADA, FERNANDO",85,85,100,amarilla,False,https://www.rffm.es/acta-partido/1211128,2026-08-09T02:32:11.799520+00:00
1211128,300598,171366,"ZUAZUA ESCALADA, FERNANDO",89,89,100,amarilla,True,https://www.rffm.es/acta-partido/1211128,2026-08-09T02:32:11.799520+00:00
1211128,300598,171367,"ZUAZUA ESCALADA, IGNACIO",89,89,101,roja,False,https://www.rffm.es/acta-partido/1211128,2026-08-09T02:32:11.799520+00:00
1211128,334285,181530,"PEREZ FONTAN DE TRINCHERIA, JAIME",89,89,101,roja,False,https://www.rffm.es/acta-partido/1211128,2026-08-09T02:32:11.799520+00:00
1178981,425,13442805,"MADROÑERO NAVARRETE, LUIS ALBERTO",51,51,100,amarilla,False,https://www.rffm.es/acta-partido/1178981,2026-08-09T02:32:12.041472+00:00
1178981,425,8587995,"URBE MURGUIZU, UNAI",63,63,100,amarilla,False,https://www.rffm.es/acta-partido/1178981,2026-08-09T02:32:12.041472+00:00
1178981,425,240578,"LOPEZ VALVERDE, ALEJANDRO",65,65,100,amarilla,False,https://www.rffm.es/acta-partido/1178981,2026-08-09T02:32:12.041472+00:00
1178981,425,13422580,"SAIZ MORALEDA, SERGIO",88,88,100,amarilla,False,https://www.rffm.es/acta-partido/1178981,2026-08-09T02:32:12.041472+00:00
1178982,1737,242347,"TAPIADOR GOMEZ, CARLOS ENRIQUE",77,77,100,amarilla,False,https://www.rffm.es/acta-partido/1178982,2026-08-09T02:32:12.546849+00:00
1178982,1737,233455,"MORIN LOZANO, MIGUEL",77,77,100,amarilla,False,https://www.rffm.es/acta-partido/1178982,2026-08-09T02:32:12.546849+00:00
1178982,1737,242347,"TAPIADOR GOMEZ, CARLOS ENRIQUE",80,80,101,roja,False,https://www.rffm.es/acta-partido/1178982,2026-08-09T02:32:12.546849+00:00
1178982,1737,233455,"MORIN LOZANO, MIGUEL",82,82,101,roja,False,https://www.rffm.es/acta-partido/1178982,2026-08-09T02:32:12.546849+00:00
1178980,2749,308162,"MAGANTO ESTEBAN, DIEGO",76,76,100,amarilla,False,https://www.rffm.es/acta-partido/1178980,2026-08-09T02:32:13.035903+00:00
1178980,2749,308162,"MAGANTO ESTEBAN, DIEGO",88,88,100,amarilla,True,https://www.rffm.es/acta-partido/1178980,2026-08-09T02:32:13.035903+00:00
1178976,2283,178745,"MILLAN ASTRAY SOROA, JAVIER JUDAS",77,77,100,amarilla,False,https://www.rffm.es/acta-partido/1178976,2026-08-09T02:32:13.088890+00:00
1178976,2283,178303,"SERRANO SAN MARTIN, MIGUEL",999,999,100,amarilla,False,https://www.rffm.es/acta-partido/1178976,2026-08-09T02:32:13.088890+00:00
1178976,526441,243428,"DIAZ MORILLAS, OSCAR",71,71,100,amarilla,False,https://www.rffm.es/acta-partido/1178976,2026-08-09T02:32:13.088890+00:00
1178976,526441,9296373,"VEGUE LOBO, JAIME",74,74,100,amarilla,False,https://www.rffm.es/acta-partido/1178976,2026-08-09T02:32:13.088890+00:00
1178976,526441,180724,"DONCEL CAPELLA, EDUARDO",92,92,100,amarilla,False,https://www.rffm.es/acta-partido/1178976,2026-08-09T02:32:13.088890+00:00
1178977,300279,582805,"MURCIA ROMERO, JOSE",57,57,101,roja,False,https://www.rffm.es/acta-partido/1178977,2026-08-09T02:32:13.117898+00:00
1178977,300279,32996,"MORENO AZQUETA, JAVIER",63,63,100,amarilla,False,https://www.rffm.es/acta-partido/1178977,2026-08-09T02:32:13.117898+00:00
1178977,300279,32996,"MORENO AZQUETA, JAVIER",85,85,100,amarilla,True,https://www.rffm.es/acta-partido/1178977,2026-08-09T02:32:13.117898+00:00
1178990,334285,670878,"ROMERO MARIN, SAMUEL",36,36,100,amarilla,False,https://www.rffm.es/acta-partido/1178990,2026-08-09T02:32:14.302781+00:00
1178990,334285,670878,"ROMERO MARIN, SAMUEL",50,50,100,amarilla,True,https://www.rffm.es/acta-partido/1178990,2026-08-09T02:32:14.302781+00:00
1178988,4913937,1169754,"ROMAN MARTIN, MARCELO",59,59,101,roja,False,https://www.rffm.es/acta-partido/1178988,2026-08-09T02:32:14.306115+00:00
1178988,4913937,400425,"MEJIA VALLE, JUAN SEBASTIAN",62,62,101,roja,False,https://www.rffm.es/acta-partido/1178988,2026-08-09T02:32:14.306115+00:00
1178988,2749,819457,"VAZQUEZ BURGUILLO, SERGIO",74,74,101,roja,False,https://www.rffm.es/acta-partido/1178988,2026-08-09T02:32:14.306115+00:00
1210362,891,153101,"SANCHIDRIAN JUSTO, CARLOS ENRIQUE",26,26,100,amarilla,False,https://www.rffm.es/acta-partido/1210362,2026-08-09T02:32:14.316570+00:00
1210362,891,153101,"SANCHIDRIAN JUSTO, CARLOS ENRIQUE",60,60,100,amarilla,True,https://www.rffm.es/acta-partido/1210362,2026-08-09T02:32:14.316570+00:00
1178984,2283,32903,"ESCUDERO DEL CAMPO, CARLOS",77,77,101,roja,False,https://www.rffm.es/acta-partido/1178984,2026-08-09T02:32:14.388255+00:00
1210345,891,29044,"BENITO POLO, FRANCISCO",89,89,101,roja,False,https://www.rffm.es/acta-partido/1210345,2026-08-09T02:32:15.051303+00:00
1178999,466659,185637,"RODRIGUEZ PEREZ, CESAR",89,89,100,amarilla,False,https://www.rffm.es/acta-partido/1178999,2026-08-09T02:32:15.051605+00:00
1178999,466659,185637,"RODRIGUEZ PEREZ, CESAR",89,89,100,amarilla,False,https://www.rffm.es/acta-partido/1178999,2026-08-09T02:32:15.051605+00:00
1178998,425,238684,"GARRIDO ROCA, IVAN",25,25,100,amarilla,False,https://www.rffm.es/acta-partido/1178998,2026-08-09T02:32:15.591799+00:00
1178998,4913937,163814,"HERNANDEZ PARRA, DIEGO",50,50,100,amarilla,False,https://www.rffm.es/acta-partido/1178998,2026-08-09T02:32:15.591799+00:00
1178998,4913937,5512150,"RODRIGUEZ PALOMAR, JAVIER ",60,60,100,amarilla,False,https://www.rffm.es/acta-partido/1178998,2026-08-09T02:32:15.591799+00:00
1178998,4913937,5512150,"RODRIGUEZ PALOMAR, JAVIER ",60,60,100,amarilla,False,https://www.rffm.es/acta-partido/1178998,2026-08-09T02:32:15.591799+00:00
1178998,4913937,163814,"HERNANDEZ PARRA, DIEGO",85,85,100,amarilla,True,https://www.rffm.es/acta-partido/1178998,2026-08-09T02:32:15.591799+00:00
1178998,4913937,324053,"REQUENA MARTINEZ, SERGIO",85,85,100,amarilla,False,https://www.rffm.es/acta-partido/1178998,2026-08-09T02:32:15.591799+00:00
1178998,4913937,324053,"REQUENA MARTINEZ, SERGIO",85,85,100,amarilla,False,https://www.rffm.es/acta-partido/1178998,2026-08-09T02:32:15.591799+00:00
1179000,476,3938775,"BALBUENA NAVAS, ANTONIO",36,36,100,amarilla,False,https://www.rffm.es/acta-partido/1179000,2026-08-09T02:32:15.665196+00:00
1179000,476,5311820,"JAEN HERRANZ, IVAN",46,46,100,amarilla,False,https://www.rffm.es/acta-partido/1179000,2026-08-09T02:32:15.665196+00:00
1179000,357,819104,"ALONSO HERRANZ, RAUL",39,39,100,amarilla,False,https://www.rffm.es/acta-partido/1179000,2026-08-09T02:32:15.665196+00:00
1179000,357,197202,"MURUA, AXEL NICOLAS RICARDO",44,44,100,amarilla,False,https://www.rffm.es/acta-partido/1179000,2026-08-09T02:32:15.665196+00:00
1179000,357,240888,"MARTIN CARCELEN, MIGUEL ANGEL",60,60,100,amarilla,False,https://www.rffm.es/acta-partido/1179000,2026-08-09T02:32:15.665196+00:00
1179000,357,128077,"ESCORS ROMERO, DANIEL ANTONIO",83,83,100,amarilla,False,https://www.rffm.es/acta-partido/1179000,2026-08-09T02:32:15.665196+00:00
1178996,172,156958,"BARRERA DOMINGUEZ, DANIEL",57,57,101,roja,False,https://www.rffm.es/acta-partido/1178996,2026-08-09T02:32:15.670104+00:00
1178996,172,232811,"VERDE LLAMAS, CARLOS",91,91,101,roja,False,https://www.rffm.es/acta-partido/1178996,2026-08-09T02:32:15.670104+00:00
1211147,300598,12036673,"TRIBAK, YOUSSEF",71,71,100,amarilla,False,https://www.rffm.es/acta-partido/1211147,2026-08-09T02:32:16.551567+00:00
1179008,476,3938775,"BALBUENA NAVAS, ANTONIO",84,84,101,roja,False,https://www.rffm.es/acta-partido/1179008,2026-08-09T02:32:16.557360+00:00
1179005,2749,308162,"MAGANTO ESTEBAN, DIEGO",32,32,100,amarilla,False,https://www.rffm.es/acta-partido/1179005,2026-08-09T02:32:16.942767+00:00
1179005,2749,308162,"MAGANTO ESTEBAN, DIEGO",67,67,100,amarilla,True,https://www.rffm.es/acta-partido/1179005,2026-08-09T02:32:16.942767+00:00
1179005,2749,20840,"CACHO VALERA, VICTOR",85,85,101,roja,False,https://www.rffm.es/acta-partido/1179005,2026-08-09T02:32:16.942767+00:00
1179011,357,128077,"ESCORS ROMERO, DANIEL ANTONIO",70,70,100,amarilla,False,https://www.rffm.es/acta-partido/1179011,2026-08-09T02:32:18.071084+00:00
1179011,357,128077,"ESCORS ROMERO, DANIEL ANTONIO",70,70,101,roja,False,https://www.rffm.es/acta-partido/1179011,2026-08-09T02:32:18.071084+00:00
1179017,334384,406013,"COMINO CID CALVO, ANDRES ANTONIO",49,49,101,roja,False,https://www.rffm.es/acta-partido/1179017,2026-08-09T02:32:18.101279+00:00
1179017,680273,234891,"RICO MARIN, IKER CARLOS",13,13,100,amarilla,False,https://www.rffm.es/acta-partido/1179017,2026-08-09T02:32:18.101279+00:00
1179017,680273,92297,"GIL DEL CUBO, VICTOR",14,14,100,amarilla,False,https://www.rffm.es/acta-partido/1179017,2026-08-09T02:32:18.101279+00:00
1179017,680273,12002852,"RAMÍREZ MARÍN, JOSE DANIEL",35,35,100,amarilla,False,https://www.rffm.es/acta-partido/1179017,2026-08-09T02:32:18.101279+00:00
1179017,680273,92297,"GIL DEL CUBO, VICTOR",62,62,100,amarilla,True,https://www.rffm.es/acta-partido/1179017,2026-08-09T02:32:18.101279+00:00
1179017,680273,5735259,"MOCHI ZAMPEROLI, EDOARDO",71,71,100,amarilla,False,https://www.rffm.es/acta-partido/1179017,2026-08-09T02:32:18.101279+00:00
1179017,680273,12002852,"RAMÍREZ MARÍN, JOSE DANIEL",78,78,100,amarilla,True,https://www.rffm.es/acta-partido/1179017,2026-08-09T02:32:18.101279+00:00
1179017,680273,5735259,"MOCHI ZAMPEROLI, EDOARDO",87,87,100,amarilla,True,https://www.rffm.es/acta-partido/1179017,2026-08-09T02:32:18.101279+00:00
1179017,680273,234891,"RICO MARIN, IKER CARLOS",89,89,100,amarilla,True,https://www.rffm.es/acta-partido/1179017,2026-08-09T02:32:18.101279+00:00
1179016,526441,10405123,"CHATT, ISMAIL",41,41,100,amarilla,False,https://www.rffm.es/acta-partido/1179016,2026-08-09T02:32:18.106056+00:00
1179016,526441,407650,"GARCIA RISOTO, RODRIGO",54,54,100,amarilla,False,https://www.rffm.es/acta-partido/1179016,2026-08-09T02:32:18.106056+00:00
1179016,526441,20873,"COSTERO GIMBEL, IGNACIO",81,81,100,amarilla,False,https://www.rffm.es/acta-partido/1179016,2026-08-09T02:32:18.106056+00:00
1179016,2749,597939,"LABRADOR BELTRAN, BORJA",27,27,100,amarilla,False,https://www.rffm.es/acta-partido/1179016,2026-08-09T02:32:18.106056+00:00
1179016,2749,3216572,"ZARZA GIMENEZ, FRANCISCO DANIEL",35,35,100,amarilla,False,https://www.rffm.es/acta-partido/1179016,2026-08-09T02:32:18.106056+00:00
1179016,2749,413543,"HERAS CARO, JACOBO",37,37,100,amarilla,False,https://www.rffm.es/acta-partido/1179016,2026-08-09T02:32:18.106056+00:00
1179016,2749,363882,"MANZANO POZAS, ALBERTO",43,43,100,amarilla,False,https://www.rffm.es/acta-partido/1179016,2026-08-09T02:32:18.106056+00:00
1179016,2749,122431,"BUENO ROMERO, FRANCISCO JAVIER",44,44,100,amarilla,False,https://www.rffm.es/acta-partido/1179016,2026-08-09T02:32:18.106056+00:00
1179016,2749,736202,"MARTIN ALVAREZ, JOSE IGNACIO",51,51,100,amarilla,False,https://www.rffm.es/acta-partido/1179016,2026-08-09T02:32:18.106056+00:00
1179016,2749,927244,"MENESES MOHAMED, IVAN",76,76,100,amarilla,False,https://www.rffm.es/acta-partido/1179016,2026-08-09T02:32:18.106056+00:00
1179016,2749,927244,"MENESES MOHAMED, IVAN",81,81,100,amarilla,True,https://www.rffm.es/acta-partido/1179016,2026-08-09T02:32:18.106056+00:00
1179016,2749,3679242,"ROIBU, FLORIAN IULIAN",81,81,100,amarilla,False,https://www.rffm.es/acta-partido/1179016,2026-08-09T02:32:18.106056+00:00
1179015,425,13422580,"SAIZ MORALEDA, SERGIO",16,16,100,amarilla,False,https://www.rffm.es/acta-partido/1179015,2026-08-09T02:32:18.664287+00:00
1179015,425,13422580,"SAIZ MORALEDA, SERGIO",29,29,100,amarilla,True,https://www.rffm.es/acta-partido/1179015,2026-08-09T02:32:18.664287+00:00
1179015,425,172055,"TARDAGUILA GARZON, JOSE MANUEL",65,65,100,amarilla,False,https://www.rffm.es/acta-partido/1179015,2026-08-09T02:32:18.664287+00:00
1179015,425,172055,"TARDAGUILA GARZON, JOSE MANUEL",80,80,100,amarilla,True,https://www.rffm.es/acta-partido/1179015,2026-08-09T02:32:18.664287+00:00
1179019,680166,1068319,"ALVARO MANCHA, RODRIGO",14,14,100,amarilla,False,https://www.rffm.es/acta-partido/1179019,2026-08-09T02:32:18.928031+00:00
1179019,680166,1068319,"ALVARO MANCHA, RODRIGO",73,73,100,amarilla,True,https://www.rffm.es/acta-partido/1179019,2026-08-09T02:32:18.928031+00:00
1210364,891,153101,"SANCHIDRIAN JUSTO, CARLOS ENRIQUE",45,45,101,roja,False,https://www.rffm.es/acta-partido/1210364,2026-08-09T02:32:19.063426+00:00
1179024,334285,1024117,"DIAZ GRANADOS, ROBERTO",34,34,100,amarilla,False,https://www.rffm.es/acta-partido/1179024,2026-08-09T02:32:19.337032+00:00
1179024,334285,1024117,"DIAZ GRANADOS, ROBERTO",34,34,100,amarilla,False,https://www.rffm.es/acta-partido/1179024,2026-08-09T02:32:19.337032+00:00
1179024,334285,180489,"DIAZ CASTELLANOS, PASCUAL",79,79,101,roja,False,https://www.rffm.es/acta-partido/1179024,2026-08-09T02:32:19.337032+00:00
1179024,334285,181530,"PEREZ FONTAN DE TRINCHERIA, JAIME",79,79,101,roja,False,https://www.rffm.es/acta-partido/1179024,2026-08-09T02:32:19.337032+00:00
1211130,300598,915827,"GUAGENTI PORTILLA, JONATHAN SALVATORE",73,73,100,amarilla,False,https://www.rffm.es/acta-partido/1211130,2026-08-09T02:32:19.344960+00:00
1211130,300598,915827,"GUAGENTI PORTILLA, JONATHAN SALVATORE",80,80,100,amarilla,True,https://www.rffm.es/acta-partido/1211130,2026-08-09T02:32:19.344960+00:00
1211130,300598,172283,"VALDEPEÑAS GONZALEZ, ENRIQUE",999,999,101,roja,False,https://www.rffm.es/acta-partido/1211130,2026-08-09T02:32:19.344960+00:00
1211130,4913937,10778523,"VILLALOBOS VARGAS, JUAN ESTEBAN",30,30,100,amarilla,False,https://www.rffm.es/acta-partido/1211130,2026-08-09T02:32:19.344960+00:00
1211130,4913937,10778523,"VILLALOBOS VARGAS, JUAN ESTEBAN",61,61,100,amarilla,True,https://www.rffm.es/acta-partido/1211130,2026-08-09T02:32:19.344960+00:00
1210346,891,235921,"VERDÚ GONZÁLEZ, ÁLVARO",55,55,100,amarilla,False,https://www.rffm.es/acta-partido/1210346,2026-08-09T02:32:19.345485+00:00
1210346,891,235921,"VERDÚ GONZÁLEZ, ÁLVARO",62,62,100,amarilla,True,https://www.rffm.es/acta-partido/1210346,2026-08-09T02:32:19.345485+00:00
1210346,300279,2336066,"ROLDÁN GARCÍA, JAVIER",77,77,101,roja,False,https://www.rffm.es/acta-partido/1210346,2026-08-09T02:32:19.345485+00:00
1179021,1737,992077,"MARTIN BARRADO, ANTONIO JOSE",28,28,100,amarilla,False,https://www.rffm.es/acta-partido/1179021,2026-08-09T02:32:20.151161+00:00
1179021,1737,8528538,"GIMENO ALONSO, MARIO",62,62,100,amarilla,False,https://www.rffm.es/acta-partido/1179021,2026-08-09T02:32:20.151161+00:00
1179021,1737,233455,"MORIN LOZANO, MIGUEL",69,69,100,amarilla,False,https://www.rffm.es/acta-partido/1179021,2026-08-09T02:32:20.151161+00:00
1179021,1737,992077,"MARTIN BARRADO, ANTONIO JOSE",73,73,100,amarilla,True,https://www.rffm.es/acta-partido/1179021,2026-08-09T02:32:20.151161+00:00
1179021,1737,233455,"MORIN LOZANO, MIGUEL",89,89,100,amarilla,True,https://www.rffm.es/acta-partido/1179021,2026-08-09T02:32:20.151161+00:00
1179021,1737,8528538,"GIMENO ALONSO, MARIO",89,89,100,amarilla,True,https://www.rffm.es/acta-partido/1179021,2026-08-09T02:32:20.151161+00:00
1179021,466659,737146,"GOMEZ GRANDE, ALVARO",44,44,100,amarilla,False,https://www.rffm.es/acta-partido/1179021,2026-08-09T02:32:20.151161+00:00
1179021,466659,737146,"GOMEZ GRANDE, ALVARO",89,89,100,amarilla,True,https://www.rffm.es/acta-partido/1179021,2026-08-09T02:32:20.151161+00:00
1179026,2749,122431,"BUENO ROMERO, FRANCISCO JAVIER",20,20,100,amarilla,False,https://www.rffm.es/acta-partido/1179026,2026-08-09T02:32:20.170052+00:00
1179026,2749,390364,"GARCIA GARCIA, JORGE ANDRES",28,28,100,amarilla,False,https://www.rffm.es/acta-partido/1179026,2026-08-09T02:32:20.170052+00:00
1179026,334384,734000,"RANZ CABAÑAS, DIEGO",54,54,100,amarilla,False,https://www.rffm.es/acta-partido/1179026,2026-08-09T02:32:20.170052+00:00
1179029,466659,323046,"CALLEJA PEREZ, MARIO",89,89,100,amarilla,False,https://www.rffm.es/acta-partido/1179029,2026-08-09T02:32:20.415039+00:00
1179029,466659,181837,"HERNANDEZ SANCHEZ, MIGUEL ANGEL",90,90,100,amarilla,False,https://www.rffm.es/acta-partido/1179029,2026-08-09T02:32:20.415039+00:00
1179029,357,429377,"DE JUAN GONZALEZ, MIGUEL ANGEL",56,56,100,amarilla,False,https://www.rffm.es/acta-partido/1179029,2026-08-09T02:32:20.415039+00:00
1179029,357,240891,"SANCHEZ TORRES, JAVIER",62,62,100,amarilla,False,https://www.rffm.es/acta-partido/1179029,2026-08-09T02:32:20.415039+00:00
1179029,357,325780,"RODRIGUEZ BERNAL, RAUL",80,80,100,amarilla,False,https://www.rffm.es/acta-partido/1179029,2026-08-09T02:32:20.415039+00:00
1179029,357,176404,"BERNARDO PEREZ, ALVARO",87,87,100,amarilla,False,https://www.rffm.es/acta-partido/1179029,2026-08-09T02:32:20.415039+00:00
1179030,4913937,240903,"MAYORAL MUÑOZ, ALEJANDRO",36,36,100,amarilla,False,https://www.rffm.es/acta-partido/1179030,2026-08-09T02:32:20.724845+00:00
1179030,4913937,331812,"YUBERO MARTIN, CARLOS",65,65,100,amarilla,False,https://www.rffm.es/acta-partido/1179030,2026-08-09T02:32:20.724845+00:00
1179030,1737,727289,"ROMO MOLINA PRADOS, PABLO",47,47,100,amarilla,False,https://www.rffm.es/acta-partido/1179030,2026-08-09T02:32:20.724845+00:00
1179030,1737,241235,"JIMENEZ PERINO, DIEGO",60,60,100,amarilla,False,https://www.rffm.es/acta-partido/1179030,2026-08-09T02:32:20.724845+00:00
1179030,1737,113096,"CEREZO LEMOS, CRISTIAN",85,85,100,amarilla,False,https://www.rffm.es/acta-partido/1179030,2026-08-09T02:32:20.724845+00:00
1179034,425,11084104,"CASTRO PICON, JORGE",85,85,100,amarilla,False,https://www.rffm.es/acta-partido/1179034,2026-08-09T02:32:21.286068+00:00
1179034,425,11084104,"CASTRO PICON, JORGE",85,85,100,amarilla,False,https://www.rffm.es/acta-partido/1179034,2026-08-09T02:32:21.286068+00:00
1211131,300598,3615035,"LAZAR, MARIUS ALEXANDRU",42,42,100,amarilla,False,https://www.rffm.es/acta-partido/1211131,2026-08-09T02:32:21.598835+00:00
1211131,172,181863,"GARCIA MINA SANCHEZ, MIGUEL",62,62,100,amarilla,False,https://www.rffm.es/acta-partido/1211131,2026-08-09T02:32:21.598835+00:00
1179043,334285,2335009,"JAQUOTOT SANCHEZ, FERNANDO",83,83,101,roja,False,https://www.rffm.es/acta-partido/1179043,2026-08-09T02:32:21.627857+00:00
1179045,2749,819457,"VAZQUEZ BURGUILLO, SERGIO",71,71,100,amarilla,False,https://www.rffm.es/acta-partido/1179045,2026-08-09T02:32:22.531477+00:00
1179045,2749,819457,"VAZQUEZ BURGUILLO, SERGIO",76,76,100,amarilla,True,https://www.rffm.es/acta-partido/1179045,2026-08-09T02:32:22.531477+00:00
1179042,526441,243410,"MARTINEZ GARCIA, HECTOR",77,77,100,amarilla,False,https://www.rffm.es/acta-partido/1179042,2026-08-09T02:32:22.535136+00:00
1179042,526441,243410,"MARTINEZ GARCIA, HECTOR",89,89,100,amarilla,True,https://www.rffm.es/acta-partido/1179042,2026-08-09T02:32:22.535136+00:00
1179040,1737,324348,"ALMENDRO DELGADO, MARCOS",90,90,100,amarilla,False,https://www.rffm.es/acta-partido/1179040,2026-08-09T02:32:22.847226+00:00
1179040,1737,324348,"ALMENDRO DELGADO, MARCOS",90,90,101,roja,False,https://www.rffm.es/acta-partido/1179040,2026-08-09T02:32:22.847226+00:00
1179040,194,243654,"CORRAL ARRANZ, AGUSTIN",85,85,101,roja,False,https://www.rffm.es/acta-partido/1179040,2026-08-09T02:32:22.847226+00:00
1179040,194,11183241,"GOMEZ DOTOR, GUILLERMO ",85,85,101,roja,False,https://www.rffm.es/acta-partido/1179040,2026-08-09T02:32:22.847226+00:00
1210365,891,153705,"MORAL BONILLA, RAFAEL",74,74,100,amarilla,False,https://www.rffm.es/acta-partido/1210365,2026-08-09T02:32:22.849745+00:00
1210365,891,153705,"MORAL BONILLA, RAFAEL",85,85,100,amarilla,True,https://www.rffm.es/acta-partido/1210365,2026-08-09T02:32:22.849745+00:00
1210348,2749,390364,"GARCIA GARCIA, JORGE ANDRES",78,78,101,roja,False,https://www.rffm.es/acta-partido/1210348,2026-08-09T02:32:23.167790+00:00
1179051,334384,241241,"SANCHEZ DOÑATE, DANIEL",50,50,100,amarilla,False,https://www.rffm.es/acta-partido/1179051,2026-08-09T02:32:23.777803+00:00
1179051,334384,733966,"PONCIO GONZALEZ, FERNANDO",60,60,100,amarilla,False,https://www.rffm.es/acta-partido/1179051,2026-08-09T02:32:23.777803+00:00
1179051,334384,733966,"PONCIO GONZALEZ, FERNANDO",80,80,100,amarilla,True,https://www.rffm.es/acta-partido/1179051,2026-08-09T02:32:23.777803+00:00
1179051,334384,241241,"SANCHEZ DOÑATE, DANIEL",999,999,100,amarilla,True,https://www.rffm.es/acta-partido/1179051,2026-08-09T02:32:23.777803+00:00
1211150,526441,11221230,"PUJADAS SANCHEZ, MANUEL",20,20,100,amarilla,False,https://www.rffm.es/acta-partido/1211150,2026-08-09T02:32:24.359887+00:00
1211150,526441,13814926,"PRIETO BENITO, GONZALO",62,62,100,amarilla,False,https://www.rffm.es/acta-partido/1211150,2026-08-09T02:32:24.359887+00:00
1211150,526441,9793113,"DIALLO, MAMADOU LAMARANA",89,89,100,amarilla,False,https://www.rffm.es/acta-partido/1211150,2026-08-09T02:32:24.359887+00:00
1211150,300598,3615035,"LAZAR, MARIUS ALEXANDRU",38,38,100,amarilla,False,https://www.rffm.es/acta-partido/1211150,2026-08-09T02:32:24.359887+00:00
1211150,300598,435634,"GONZALEZ DEL SAZ, MIGUEL ANGEL",43,43,100,amarilla,False,https://www.rffm.es/acta-partido/1211150,2026-08-09T02:32:24.359887+00:00
1211150,300598,435634,"GONZALEZ DEL SAZ, MIGUEL ANGEL",59,59,100,amarilla,True,https://www.rffm.es/acta-partido/1211150,2026-08-09T02:32:24.359887+00:00
1211150,300598,237813,"HIDALGO FELIX, ENRIQUE",75,75,100,amarilla,False,https://www.rffm.es/acta-partido/1211150,2026-08-09T02:32:24.359887+00:00
1211150,300598,172283,"VALDEPEÑAS GONZALEZ, ENRIQUE",80,80,101,roja,False,https://www.rffm.es/acta-partido/1211150,2026-08-09T02:32:24.359887+00:00
1211150,300598,170225,"RAMOS JIMENEZ, DANIEL",90,90,100,amarilla,False,https://www.rffm.es/acta-partido/1211150,2026-08-09T02:32:24.359887+00:00
1179057,466659,10957327,"RODRÍGUEZ DE PABLO, JUAN MANUEL",83,83,101,roja,False,https://www.rffm.es/acta-partido/1179057,2026-08-09T02:32:24.515328+00:00
1179056,680166,711050,"SANCHEZ MORELL, IGNACIO",65,65,101,roja,False,https://www.rffm.es/acta-partido/1179056,2026-08-09T02:32:25.362832+00:00
1210366,425,318737,"DE LA VEGA FUENSANTA, CARLOS",55,55,100,amarilla,False,https://www.rffm.es/acta-partido/1210366,2026-08-09T02:32:25.368012+00:00
1210366,425,318737,"DE LA VEGA FUENSANTA, CARLOS",84,84,100,amarilla,True,https://www.rffm.es/acta-partido/1210366,2026-08-09T02:32:25.368012+00:00
1179062,334285,180489,"DIAZ CASTELLANOS, PASCUAL",18,18,101,roja,False,https://www.rffm.es/acta-partido/1179062,2026-08-09T02:32:25.376680+00:00
1179062,334285,181530,"PEREZ FONTAN DE TRINCHERIA, JAIME",33,33,100,amarilla,False,https://www.rffm.es/acta-partido/1179062,2026-08-09T02:32:25.376680+00:00
1179062,334285,1024117,"DIAZ GRANADOS, ROBERTO",44,44,100,amarilla,False,https://www.rffm.es/acta-partido/1179062,2026-08-09T02:32:25.376680+00:00
1179062,334285,329837,"ONRUBIA RODADO, JORGE",45,45,100,amarilla,False,https://www.rffm.es/acta-partido/1179062,2026-08-09T02:32:25.376680+00:00
1179062,334285,1024117,"DIAZ GRANADOS, ROBERTO",78,78,100,amarilla,True,https://www.rffm.es/acta-partido/1179062,2026-08-09T02:32:25.376680+00:00
1179062,334285,242336,"FIGUEROA FERNANDEZ, DAVID SIMON",85,85,100,amarilla,False,https://www.rffm.es/acta-partido/1179062,2026-08-09T02:32:25.376680+00:00
1179062,300279,714906,"SANJUAN FERNANDEZ, ALFREDO",60,60,100,amarilla,False,https://www.rffm.es/acta-partido/1179062,2026-08-09T02:32:25.376680+00:00
1179062,300279,32605,"CUBO USEROS, FRANCISCO JAVIER",63,63,100,amarilla,False,https://www.rffm.es/acta-partido/1179062,2026-08-09T02:32:25.376680+00:00
1179062,300279,331157,"TEBA DEL SOL, GONZALO",89,89,100,amarilla,False,https://www.rffm.es/acta-partido/1179062,2026-08-09T02:32:25.376680+00:00
1179061,2283,9454723,"ZAMBRANO CRIADO, RAFAEL",45,45,100,amarilla,False,https://www.rffm.es/acta-partido/1179061,2026-08-09T02:32:25.540447+00:00
1179061,2283,9454723,"ZAMBRANO CRIADO, RAFAEL",70,70,100,amarilla,True,https://www.rffm.es/acta-partido/1179061,2026-08-09T02:32:25.540447+00:00
1179059,1737,992077,"MARTIN BARRADO, ANTONIO JOSE",44,44,100,amarilla,False,https://www.rffm.es/acta-partido/1179059,2026-08-09T02:32:25.813115+00:00
1179059,1737,233455,"MORIN LOZANO, MIGUEL",66,66,100,amarilla,False,https://www.rffm.es/acta-partido/1179059,2026-08-09T02:32:25.813115+00:00
1179059,1737,992077,"MARTIN BARRADO, ANTONIO JOSE",66,66,100,amarilla,True,https://www.rffm.es/acta-partido/1179059,2026-08-09T02:32:25.813115+00:00
1179059,1737,233455,"MORIN LOZANO, MIGUEL",89,89,100,amarilla,True,https://www.rffm.es/acta-partido/1179059,2026-08-09T02:32:25.813115+00:00
1179059,1737,242347,"TAPIADOR GOMEZ, CARLOS ENRIQUE",999,999,101,roja,False,https://www.rffm.es/acta-partido/1179059,2026-08-09T02:32:25.813115+00:00
1179171,2279684,127991,"MARTINEZ CARRERA, GONZALO",8,8,100,amarilla,False,https://www.rffm.es/acta-partido/1179171,2026-08-09T02:32:26.736559+00:00
1179171,2279684,318577,"FLORES MARTÍNEZ, PABLO",36,36,100,amarilla,False,https://www.rffm.es/acta-partido/1179171,2026-08-09T02:32:26.736559+00:00
1179171,2279684,84950,"O REILLY MASNOU, EAMONN MANUEL",63,63,100,amarilla,False,https://www.rffm.es/acta-partido/1179171,2026-08-09T02:32:26.736559+00:00
1179171,2279684,399493,"BALLESTEROS RICO, PABLO",90,90,100,amarilla,False,https://www.rffm.es/acta-partido/1179171,2026-08-09T02:32:26.736559+00:00
1179171,2279684,127802,"SASTRE MARTINEZ DE AZAGRA, GUILLERMO",92,92,100,amarilla,False,https://www.rffm.es/acta-partido/1179171,2026-08-09T02:32:26.736559+00:00
1179171,1733,304301,"BOUSAHPHA HAMDAM, ABDELHAKIM",39,39,100,amarilla,False,https://www.rffm.es/acta-partido/1179171,2026-08-09T02:32:26.736559+00:00
1179171,1733,904629,"GAMO SANZ, CARLOS",69,69,100,amarilla,False,https://www.rffm.es/acta-partido/1179171,2026-08-09T02:32:26.736559+00:00
1179171,1733,133431,"MARCOS BARRIO, ADAN",80,80,100,amarilla,False,https://www.rffm.es/acta-partido/1179171,2026-08-09T02:32:26.736559+00:00
1179171,1733,133617,"DOMINGUEZ MANZANO, ISMAEL",90,90,100,amarilla,False,https://www.rffm.es/acta-partido/1179171,2026-08-09T02:32:26.736559+00:00
1179167,334395,5554787,"MEDINA LOPEZ, ISMAEL",38,38,100,amarilla,False,https://www.rffm.es/acta-partido/1179167,2026-08-09T02:32:26.810204+00:00
1179167,334395,5554787,"MEDINA LOPEZ, ISMAEL",57,57,100,amarilla,True,https://www.rffm.es/acta-partido/1179167,2026-08-09T02:32:26.810204+00:00
1179168,3359869,127097,"TRAVESI BARRERA, JAIME",89,89,101,roja,False,https://www.rffm.es/acta-partido/1179168,2026-08-09T02:32:26.940752+00:00
1179170,2274263,186459,"FIANDOR TOIRON, TOMAS",16,16,100,amarilla,False,https://www.rffm.es/acta-partido/1179170,2026-08-09T02:32:27.639855+00:00
1179170,2274263,304810,"JUARROS PLAZA, ALEJANDRO",21,21,100,amarilla,False,https://www.rffm.es/acta-partido/1179170,2026-08-09T02:32:27.639855+00:00
1179170,2274263,224143,"GONZALEZ PLA, MANUEL",26,26,100,amarilla,False,https://www.rffm.es/acta-partido/1179170,2026-08-09T02:32:27.639855+00:00
1179170,2274263,221971,"MONTALBAN PELIGRO, JESUS",29,29,100,amarilla,False,https://www.rffm.es/acta-partido/1179170,2026-08-09T02:32:27.639855+00:00
1179170,2274263,224143,"GONZALEZ PLA, MANUEL",59,59,100,amarilla,True,https://www.rffm.es/acta-partido/1179170,2026-08-09T02:32:27.639855+00:00
1179170,4941441,231676,"RUEDA DE LA VIUDA, IVAN",21,21,100,amarilla,False,https://www.rffm.es/acta-partido/1179170,2026-08-09T02:32:27.639855+00:00
1179170,4941441,226006,"LARA MARTINEZ, DAVID",32,32,100,amarilla,False,https://www.rffm.es/acta-partido/1179170,2026-08-09T02:32:27.639855+00:00
1179170,4941441,197598,"HUSS MASSARDIER, BENJAMIN ROBIN",46,46,101,roja,False,https://www.rffm.es/acta-partido/1179170,2026-08-09T02:32:27.639855+00:00
1179170,4941441,228680,"GUADALIX ROMERO, IVAN",71,71,100,amarilla,False,https://www.rffm.es/acta-partido/1179170,2026-08-09T02:32:27.639855+00:00
1179177,3359869,226650,"DE LA TORRE SANCHEZ, JAVIER",22,22,100,amarilla,False,https://www.rffm.es/acta-partido/1179177,2026-08-09T02:32:28.144128+00:00
1179177,3359869,76313,"AGUADO PEÑA, JUAN",40,40,101,roja,False,https://www.rffm.es/acta-partido/1179177,2026-08-09T02:32:28.144128+00:00
1179177,3359869,226650,"DE LA TORRE SANCHEZ, JAVIER",89,89,100,amarilla,True,https://www.rffm.es/acta-partido/1179177,2026-08-09T02:32:28.144128+00:00
1179180,1733,416959,"BOUZIZOUA AZOUZI, YOUNES",77,77,101,roja,False,https://www.rffm.es/acta-partido/1179180,2026-08-09T02:32:28.182562+00:00
1179180,2274263,231555,"SERRANO SERVERT, JORGE",50,50,100,amarilla,False,https://www.rffm.es/acta-partido/1179180,2026-08-09T02:32:28.182562+00:00
1179180,2274263,231555,"SERRANO SERVERT, JORGE",87,87,100,amarilla,True,https://www.rffm.es/acta-partido/1179180,2026-08-09T02:32:28.182562+00:00
1179178,300530,429180,"KARKOURI, MOHAMED",59,59,100,amarilla,False,https://www.rffm.es/acta-partido/1179178,2026-08-09T02:32:28.190577+00:00
1179178,300530,158693,"BUDIA BUGELLA, GUILLERMO",64,64,100,amarilla,False,https://www.rffm.es/acta-partido/1179178,2026-08-09T02:32:28.190577+00:00
1179178,334368,76323,"RODRIGUEZ NAVARRO, ALFONSO",70,70,100,amarilla,False,https://www.rffm.es/acta-partido/1179178,2026-08-09T02:32:28.190577+00:00
1179178,334368,76396,"MARTIN FERNANDEZ DE PIEROLA, MARCOS",89,89,101,roja,False,https://www.rffm.es/acta-partido/1179178,2026-08-09T02:32:28.190577+00:00
1179178,334368,244241,"DEL BARRIO HERNANDO, IGNACIO",89,89,101,roja,False,https://www.rffm.es/acta-partido/1179178,2026-08-09T02:32:28.190577+00:00
1179178,334368,436320,"DIAZ NUÑEZ, JORGE",89,89,100,amarilla,False,https://www.rffm.es/acta-partido/1179178,2026-08-09T02:32:28.190577+00:00
1179189,2712368,76107,"TOLDOS BARRIO, VICENTE",20,20,100,amarilla,False,https://www.rffm.es/acta-partido/1179189,2026-08-09T02:32:28.965180+00:00
1179189,2712368,76107,"TOLDOS BARRIO, VICENTE",33,33,100,amarilla,True,https://www.rffm.es/acta-partido/1179189,2026-08-09T02:32:28.965180+00:00
1179189,2712368,229648,"RAMOS GARCIA, CHRISTIAN",53,53,100,amarilla,False,https://www.rffm.es/acta-partido/1179189,2026-08-09T02:32:28.965180+00:00
1179189,2712368,8737690,"DIAZ DE LA ROSA, ALEJANDRO",77,77,101,roja,False,https://www.rffm.es/acta-partido/1179189,2026-08-09T02:32:28.965180+00:00
1179189,2712368,229648,"RAMOS GARCIA, CHRISTIAN",79,79,100,amarilla,True,https://www.rffm.es/acta-partido/1179189,2026-08-09T02:32:28.965180+00:00
1179186,1466,2351978,"AOUAJJAR, SAMIR",30,30,100,amarilla,False,https://www.rffm.es/acta-partido/1179186,2026-08-09T02:32:29.332117+00:00
1179186,300530,158693,"BUDIA BUGELLA, GUILLERMO",23,23,101,roja,False,https://www.rffm.es/acta-partido/1179186,2026-08-09T02:32:29.332117+00:00
1179188,2302,233342,"SANZ PARDO, DIEGO",39,39,100,amarilla,False,https://www.rffm.es/acta-partido/1179188,2026-08-09T02:32:30.154751+00:00
1179188,2302,243824,"LOPEZ CERVIÑO, MIGUEL",41,41,100,amarilla,False,https://www.rffm.es/acta-partido/1179188,2026-08-09T02:32:30.154751+00:00
1179188,2302,185995,"SERRANO ALGABA, CARLOS JAVIER",74,74,100,amarilla,False,https://www.rffm.es/acta-partido/1179188,2026-08-09T02:32:30.154751+00:00
1179188,2302,185763,"MUÑOZ MARTINEZ, HECTOR",88,88,100,amarilla,False,https://www.rffm.es/acta-partido/1179188,2026-08-09T02:32:30.154751+00:00
1179188,2302,233341,"CABELLO GOMEZ, JUAN ALBERTO",90,90,100,amarilla,False,https://www.rffm.es/acta-partido/1179188,2026-08-09T02:32:30.154751+00:00
1179188,1733,133943,"PEÑAS FERNANDEZ, MIGUEL",25,25,100,amarilla,False,https://www.rffm.es/acta-partido/1179188,2026-08-09T02:32:30.154751+00:00
1179188,1733,727350,"FERNÁNDEZ VÁZQUEZ, MARCOS",33,33,100,amarilla,False,https://www.rffm.es/acta-partido/1179188,2026-08-09T02:32:30.154751+00:00
1179188,1733,9279289,"TORRESCUSA GONZALO, CRISTIAN",44,44,100,amarilla,False,https://www.rffm.es/acta-partido/1179188,2026-08-09T02:32:30.154751+00:00
1179188,1733,388200,"FRIAS GONZALEZ, SERGIO",74,74,100,amarilla,False,https://www.rffm.es/acta-partido/1179188,2026-08-09T02:32:30.154751+00:00
1179188,1733,727356,"GONZALEZ ZORITA, MARIO",81,81,100,amarilla,False,https://www.rffm.es/acta-partido/1179188,2026-08-09T02:32:30.154751+00:00
1179188,1733,9279289,"TORRESCUSA GONZALO, CRISTIAN",90,90,100,amarilla,True,https://www.rffm.es/acta-partido/1179188,2026-08-09T02:32:30.154751+00:00
1179185,2028,237203,"NIETO DIAZ, JAVIER",8,8,100,amarilla,False,https://www.rffm.es/acta-partido/1179185,2026-08-09T02:32:30.236027+00:00
1179185,2028,308524,"SENABRE PONS, PABLO",83,83,100,amarilla,False,https://www.rffm.es/acta-partido/1179185,2026-08-09T02:32:30.236027+00:00
1179185,2028,185465,"SOTA BOSOKO, ISMAEL",89,89,100,amarilla,False,https://www.rffm.es/acta-partido/1179185,2026-08-09T02:32:30.236027+00:00
1179185,3359869,232543,"TRIGO MATEO, MANUEL",20,20,100,amarilla,False,https://www.rffm.es/acta-partido/1179185,2026-08-09T02:32:30.236027+00:00
1179185,3359869,232543,"TRIGO MATEO, MANUEL",78,78,100,amarilla,True,https://www.rffm.es/acta-partido/1179185,2026-08-09T02:32:30.236027+00:00
1179185,3359869,232548,"RIESGO YANES, ALVARO",86,86,100,amarilla,False,https://www.rffm.es/acta-partido/1179185,2026-08-09T02:32:30.236027+00:00
1179192,6826508,9708121,"LONDOÑO CARRASQUILLA, ALEJANDRO",48,48,100,amarilla,False,https://www.rffm.es/acta-partido/1179192,2026-08-09T02:32:30.535109+00:00
1179192,6826508,9708121,"LONDOÑO CARRASQUILLA, ALEJANDRO",57,57,100,amarilla,True,https://www.rffm.es/acta-partido/1179192,2026-08-09T02:32:30.535109+00:00
1179192,6826508,179545,"DE LA FUENTE MORENO, CARLOS",66,66,101,roja,False,https://www.rffm.es/acta-partido/1179192,2026-08-09T02:32:30.535109+00:00
1179192,1074,176438,"POZO GARCIA, JONATAN",43,43,100,amarilla,False,https://www.rffm.es/acta-partido/1179192,2026-08-09T02:32:30.535109+00:00
1179192,1074,176438,"POZO GARCIA, JONATAN",44,44,100,amarilla,True,https://www.rffm.es/acta-partido/1179192,2026-08-09T02:32:30.535109+00:00
1179196,1466,3168377,"SIENRA MORENO, JOSÉ CARLOS",83,83,101,roja,False,https://www.rffm.es/acta-partido/1179196,2026-08-09T02:32:30.737693+00:00
1179194,846886,234620,"DIAZ GARCIA, CARLOS",52,52,100,amarilla,False,https://www.rffm.es/acta-partido/1179194,2026-08-09T02:32:31.082512+00:00
1179194,846886,234620,"DIAZ GARCIA, CARLOS",62,62,100,amarilla,True,https://www.rffm.es/acta-partido/1179194,2026-08-09T02:32:31.082512+00:00
1179197,334368,363674,"CAMEY PELAEZ, ANDRES ENRIQUE",63,63,100,amarilla,False,https://www.rffm.es/acta-partido/1179197,2026-08-09T02:32:31.387130+00:00
1179197,334368,363674,"CAMEY PELAEZ, ANDRES ENRIQUE",85,85,100,amarilla,True,https://www.rffm.es/acta-partido/1179197,2026-08-09T02:32:31.387130+00:00
1179193,334395,222782,"BARTOLOME ASENSIO, JAVIER",43,43,100,amarilla,False,https://www.rffm.es/acta-partido/1179193,2026-08-09T02:32:31.756517+00:00
1179193,334395,158405,"GARCIA PUADO, RICARDO",46,46,100,amarilla,False,https://www.rffm.es/acta-partido/1179193,2026-08-09T02:32:31.756517+00:00
1179193,334395,321519,"FERNÁNDEZ PASCUAL, JORGE",55,55,100,amarilla,False,https://www.rffm.es/acta-partido/1179193,2026-08-09T02:32:31.756517+00:00
1179193,334395,231978,"JATO PAZ, FERNANDO",80,80,100,amarilla,False,https://www.rffm.es/acta-partido/1179193,2026-08-09T02:32:31.756517+00:00
1179193,334395,9430388,"SALAS ARRAIBI, IGNACIO",90,90,100,amarilla,False,https://www.rffm.es/acta-partido/1179193,2026-08-09T02:32:31.756517+00:00
1179193,466877,240238,"FERNANDEZ LOZANO, CRISTIAN",83,83,100,amarilla,False,https://www.rffm.es/acta-partido/1179193,2026-08-09T02:32:31.756517+00:00
1179191,254,76026,"CAÑETE LOPEZ, RUBEN",19,19,100,amarilla,False,https://www.rffm.es/acta-partido/1179191,2026-08-09T02:32:31.761620+00:00
1179191,254,133579,"GOMEZ DOBROTT, MICHAEL",26,26,100,amarilla,False,https://www.rffm.es/acta-partido/1179191,2026-08-09T02:32:31.761620+00:00
1179191,254,133579,"GOMEZ DOBROTT, MICHAEL",27,27,100,amarilla,True,https://www.rffm.es/acta-partido/1179191,2026-08-09T02:32:31.761620+00:00
1179191,254,76026,"CAÑETE LOPEZ, RUBEN",49,49,100,amarilla,True,https://www.rffm.es/acta-partido/1179191,2026-08-09T02:32:31.761620+00:00
1179191,254,3851322,"MOYANO GARCIA, ALVARO RAFAEL",89,89,100,amarilla,False,https://www.rffm.es/acta-partido/1179191,2026-08-09T02:32:31.761620+00:00
1179191,254,3851322,"MOYANO GARCIA, ALVARO RAFAEL",89,89,100,amarilla,False,https://www.rffm.es/acta-partido/1179191,2026-08-09T02:32:31.761620+00:00
1179191,1162,232627,"TORREMOCHA VAQUERIZO, JOSE LUIS",66,66,101,roja,False,https://www.rffm.es/acta-partido/1179191,2026-08-09T02:32:31.761620+00:00
1179207,2302,9515655,"VERGARA MORALES, SEBASTIAN ANDRES",30,30,101,roja,False,https://www.rffm.es/acta-partido/1179207,2026-08-09T02:32:32.632199+00:00
1179200,6826508,10533347,"SIAREZ, JUAN CRUZ",53,53,100,amarilla,False,https://www.rffm.es/acta-partido/1179200,2026-08-09T02:32:32.798293+00:00
1179200,6826508,10533347,"SIAREZ, JUAN CRUZ",75,75,100,amarilla,True,https://www.rffm.es/acta-partido/1179200,2026-08-09T02:32:32.798293+00:00
1179200,6826508,3031162,"GARCIA JOSA, JESUS",77,77,100,amarilla,False,https://www.rffm.es/acta-partido/1179200,2026-08-09T02:32:32.798293+00:00
1179200,6826508,3031162,"GARCIA JOSA, JESUS",79,79,100,amarilla,True,https://www.rffm.es/acta-partido/1179200,2026-08-09T02:32:32.798293+00:00
1179204,4941441,238828,"ABREU CAÑAMARES, DAVID",64,64,100,amarilla,False,https://www.rffm.es/acta-partido/1179204,2026-08-09T02:32:33.660342+00:00
1179204,4941441,238828,"ABREU CAÑAMARES, DAVID",71,71,100,amarilla,True,https://www.rffm.es/acta-partido/1179204,2026-08-09T02:32:33.660342+00:00
1179183,466877,112930,"GARCIA GONZALEZ, JAVIER",67,67,100,amarilla,False,https://www.rffm.es/acta-partido/1179183,2026-08-09T02:32:33.716754+00:00
1179183,466877,112930,"GARCIA GONZALEZ, JAVIER",72,72,101,roja,False,https://www.rffm.es/acta-partido/1179183,2026-08-09T02:32:33.716754+00:00
1179183,466877,241392,"RIVERA MONTESINOS, JAVIER",89,89,101,roja,False,https://www.rffm.es/acta-partido/1179183,2026-08-09T02:32:33.716754+00:00
1179206,334368,9425615,"PASCUA ALVAREZ, SANTIAGO",31,31,101,roja,False,https://www.rffm.es/acta-partido/1179206,2026-08-09T02:32:34.022985+00:00
1179211,3359869,226650,"DE LA TORRE SANCHEZ, JAVIER",44,44,100,amarilla,False,https://www.rffm.es/acta-partido/1179211,2026-08-09T02:32:34.281155+00:00
1179211,3359869,226650,"DE LA TORRE SANCHEZ, JAVIER",60,60,100,amarilla,True,https://www.rffm.es/acta-partido/1179211,2026-08-09T02:32:34.281155+00:00
1179215,2712368,331175,"GRACIA LUNA, JULIO",41,41,100,amarilla,False,https://www.rffm.es/acta-partido/1179215,2026-08-09T02:32:34.334207+00:00
1179215,2712368,331175,"GRACIA LUNA, JULIO",94,94,100,amarilla,True,https://www.rffm.es/acta-partido/1179215,2026-08-09T02:32:34.334207+00:00
1179209,6826508,179545,"DE LA FUENTE MORENO, CARLOS",45,45,100,amarilla,False,https://www.rffm.es/acta-partido/1179209,2026-08-09T02:32:34.526903+00:00
1179209,6826508,179545,"DE LA FUENTE MORENO, CARLOS",45,45,100,amarilla,False,https://www.rffm.es/acta-partido/1179209,2026-08-09T02:32:34.526903+00:00
1179209,1162,236976,"SANCHO GONZALEZ, JORGE",89,89,100,amarilla,False,https://www.rffm.es/acta-partido/1179209,2026-08-09T02:32:34.526903+00:00
1179209,1162,236976,"SANCHO GONZALEZ, JORGE",89,89,100,amarilla,False,https://www.rffm.es/acta-partido/1179209,2026-08-09T02:32:34.526903+00:00
1179216,2279684,241724,"CAMBLOR MURUBE, ADRIÁN",88,88,101,roja,False,https://www.rffm.es/acta-partido/1179216,2026-08-09T02:32:34.610637+00:00
1179216,334368,363674,"CAMEY PELAEZ, ANDRES ENRIQUE",88,88,101,roja,False,https://www.rffm.es/acta-partido/1179216,2026-08-09T02:32:34.610637+00:00
1179217,2302,233318,"MENENDEZ SANCHEZ, JULIO",88,88,101,roja,False,https://www.rffm.es/acta-partido/1179217,2026-08-09T02:32:35.276967+00:00
1179210,334395,133476,"MARTIN DE LA HOZ, JAVIER",46,46,101,roja,False,https://www.rffm.es/acta-partido/1179210,2026-08-09T02:32:35.777813+00:00
1179220,1074,165939,"MONTERO DE LA CUEVA, MIGUEL ANGEL",3,3,100,amarilla,False,https://www.rffm.es/acta-partido/1179220,2026-08-09T02:32:35.850359+00:00
1179220,1074,11184976,"TOMEY SÁNCHEZ, CARLOS",41,41,100,amarilla,False,https://www.rffm.es/acta-partido/1179220,2026-08-09T02:32:35.850359+00:00
1179220,1074,127564,"CUÑADO ESTEBAN, CARLOS",80,80,100,amarilla,False,https://www.rffm.es/acta-partido/1179220,2026-08-09T02:32:35.850359+00:00
1179220,1074,175762,"REDONDO DIAZ, JAIME",90,90,100,amarilla,False,https://www.rffm.es/acta-partido/1179220,2026-08-09T02:32:35.850359+00:00
1179220,300530,901006,"GARCIA BENITO, MIGUEL ANGEL",63,63,100,amarilla,False,https://www.rffm.es/acta-partido/1179220,2026-08-09T02:32:35.850359+00:00
1179220,300530,314878,"CALDERON GARCIA, VICTOR MANUEL",70,70,100,amarilla,False,https://www.rffm.es/acta-partido/1179220,2026-08-09T02:32:35.850359+00:00
1179220,300530,594232,"GARCIA NAVARRO, MIGUEL ANGEL",75,75,100,amarilla,False,https://www.rffm.es/acta-partido/1179220,2026-08-09T02:32:35.850359+00:00
1179221,4941441,11066,"DA SILVA RIBEIRO, VICKTOR",22,22,100,amarilla,False,https://www.rffm.es/acta-partido/1179221,2026-08-09T02:32:36.051403+00:00
1179221,4941441,11066,"DA SILVA RIBEIRO, VICKTOR",44,44,100,amarilla,True,https://www.rffm.es/acta-partido/1179221,2026-08-09T02:32:36.051403+00:00
1179223,2028,7137233,"SANTANDER MACIEL, ANTONIO JAVIER",75,75,100,amarilla,False,https://www.rffm.es/acta-partido/1179223,2026-08-09T02:32:36.582366+00:00
1179223,2712368,331170,"LOPEZ GARCIA, EDUARDO",25,25,100,amarilla,False,https://www.rffm.es/acta-partido/1179223,2026-08-09T02:32:36.582366+00:00
1179223,2712368,75347,"GARCIA DIEZ, IGNACIO JOSE",45,45,100,amarilla,False,https://www.rffm.es/acta-partido/1179223,2026-08-09T02:32:36.582366+00:00
1179223,2712368,229648,"RAMOS GARCIA, CHRISTIAN",78,78,100,amarilla,False,https://www.rffm.es/acta-partido/1179223,2026-08-09T02:32:36.582366+00:00
1179223,2712368,69609,"NAVASCUES SERRANO DE HARO, SANTIAGO",86,86,100,amarilla,False,https://www.rffm.es/acta-partido/1179223,2026-08-09T02:32:36.582366+00:00
1179235,2302,243824,"LOPEZ CERVIÑO, MIGUEL",20,20,101,roja,False,https://www.rffm.es/acta-partido/1179235,2026-08-09T02:32:37.723767+00:00
1179235,2302,9515655,"VERGARA MORALES, SEBASTIAN ANDRES",86,86,101,roja,False,https://www.rffm.es/acta-partido/1179235,2026-08-09T02:32:37.723767+00:00
1179235,334368,318595,"RODRIGUEZ URIETA, IGNACIO",43,43,100,amarilla,False,https://www.rffm.es/acta-partido/1179235,2026-08-09T02:32:37.723767+00:00
1179235,334368,318595,"RODRIGUEZ URIETA, IGNACIO",57,57,100,amarilla,True,https://www.rffm.es/acta-partido/1179235,2026-08-09T02:32:37.723767+00:00
1179231,1733,782036,"EL BOUSAIDI BEN CHAARA, AYOUB",38,38,100,amarilla,False,https://www.rffm.es/acta-partido/1179231,2026-08-09T02:32:38.146322+00:00
1179231,1733,782036,"EL BOUSAIDI BEN CHAARA, AYOUB",75,75,100,amarilla,True,https://www.rffm.es/acta-partido/1179231,2026-08-09T02:32:38.146322+00:00
1179231,1733,133431,"MARCOS BARRIO, ADAN",80,80,100,amarilla,False,https://www.rffm.es/acta-partido/1179231,2026-08-09T02:32:38.146322+00:00
1179231,1733,727356,"GONZALEZ ZORITA, MARIO",85,85,101,roja,False,https://www.rffm.es/acta-partido/1179231,2026-08-09T02:32:38.146322+00:00
1179231,1733,133431,"MARCOS BARRIO, ADAN",89,89,100,amarilla,True,https://www.rffm.es/acta-partido/1179231,2026-08-09T02:32:38.146322+00:00
1179243,1466,2351978,"AOUAJJAR, SAMIR",25,25,100,amarilla,False,https://www.rffm.es/acta-partido/1179243,2026-08-09T02:32:38.334221+00:00
1179243,1466,2351978,"AOUAJJAR, SAMIR",30,30,100,amarilla,True,https://www.rffm.es/acta-partido/1179243,2026-08-09T02:32:38.334221+00:00
1179243,1466,2383819,"SANTOS CANO, ANTONIO",77,77,101,roja,False,https://www.rffm.es/acta-partido/1179243,2026-08-09T02:32:38.334221+00:00
1179243,2302,749606,"EL HADDADI, MOHAMED",57,57,100,amarilla,False,https://www.rffm.es/acta-partido/1179243,2026-08-09T02:32:38.334221+00:00
1179243,2302,184523,"PEREZ BLAZQUEZ, IGNACIO",89,89,101,roja,False,https://www.rffm.es/acta-partido/1179243,2026-08-09T02:32:38.334221+00:00
1179243,2302,749606,"EL HADDADI, MOHAMED",89,89,100,amarilla,True,https://www.rffm.es/acta-partido/1179243,2026-08-09T02:32:38.334221+00:00
1179239,1733,309174,"LOPEZ ANGUAS, JAVIER",47,47,101,roja,False,https://www.rffm.es/acta-partido/1179239,2026-08-09T02:32:38.477117+00:00
1179240,466877,7462475,"SORIANO RODRIGUEZ, ALFONSO FRANCISCO",45,45,100,amarilla,False,https://www.rffm.es/acta-partido/1179240,2026-08-09T02:32:39.214740+00:00
1179240,2712368,331175,"GRACIA LUNA, JULIO",48,48,100,amarilla,False,https://www.rffm.es/acta-partido/1179240,2026-08-09T02:32:39.214740+00:00
1179240,2712368,331175,"GRACIA LUNA, JULIO",75,75,100,amarilla,True,https://www.rffm.es/acta-partido/1179240,2026-08-09T02:32:39.214740+00:00
1179240,2712368,8737690,"DIAZ DE LA ROSA, ALEJANDRO",75,75,100,amarilla,False,https://www.rffm.es/acta-partido/1179240,2026-08-09T02:32:39.214740+00:00
1179238,254,551056,"LA LUETA GARCIA PARDO, MANUEL",73,73,100,amarilla,False,https://www.rffm.es/acta-partido/1179238,2026-08-09T02:32:39.219325+00:00
1179238,254,113011,"DIAZ PEINADO, MANUEL ISRAEL",83,83,100,amarilla,False,https://www.rffm.es/acta-partido/1179238,2026-08-09T02:32:39.219325+00:00
1179238,4941441,231667,"DE LA FUENTE MORENO, ALEJANDRO",85,85,100,amarilla,False,https://www.rffm.es/acta-partido/1179238,2026-08-09T02:32:39.219325+00:00
1179238,4941441,30513,"DOMINGO CURT, RICARDO",87,87,100,amarilla,False,https://www.rffm.es/acta-partido/1179238,2026-08-09T02:32:39.219325+00:00
1179244,334368,363674,"CAMEY PELAEZ, ANDRES ENRIQUE",88,88,100,amarilla,False,https://www.rffm.es/acta-partido/1179244,2026-08-09T02:32:39.286121+00:00
1179244,334368,363674,"CAMEY PELAEZ, ANDRES ENRIQUE",999,999,100,amarilla,True,https://www.rffm.es/acta-partido/1179244,2026-08-09T02:32:39.286121+00:00
1179245,3359869,226650,"DE LA TORRE SANCHEZ, JAVIER",90,90,101,roja,False,https://www.rffm.es/acta-partido/1179245,2026-08-09T02:32:39.890169+00:00
1179245,1162,900279,"GARCIA ESCUDERO, JOSE ANTONIO",82,82,100,amarilla,False,https://www.rffm.es/acta-partido/1179245,2026-08-09T02:32:39.890169+00:00
1179245,1162,900279,"GARCIA ESCUDERO, JOSE ANTONIO",82,82,100,amarilla,False,https://www.rffm.es/acta-partido/1179245,2026-08-09T02:32:39.890169+00:00
1179242,2274263,417573,"LIMONES MARTINEZ, MARCOS",89,89,101,roja,False,https://www.rffm.es/acta-partido/1179242,2026-08-09T02:32:39.926881+00:00
1179246,300530,901006,"GARCIA BENITO, MIGUEL ANGEL",40,40,100,amarilla,False,https://www.rffm.es/acta-partido/1179246,2026-08-09T02:32:40.587249+00:00
1179246,300530,901006,"GARCIA BENITO, MIGUEL ANGEL",87,87,100,amarilla,True,https://www.rffm.es/acta-partido/1179246,2026-08-09T02:32:40.587249+00:00
1179250,2279684,219202,"TARANCON DEL VALLE, ADRIAN",44,44,100,amarilla,False,https://www.rffm.es/acta-partido/1179250,2026-08-09T02:32:40.600806+00:00
1179250,2279684,219202,"TARANCON DEL VALLE, ADRIAN",60,60,100,amarilla,True,https://www.rffm.es/acta-partido/1179250,2026-08-09T02:32:40.600806+00:00
1179253,334368,233694,"GARCIA SAMANIEGO GOMEZ, JAVIER",42,42,100,amarilla,False,https://www.rffm.es/acta-partido/1179253,2026-08-09T02:32:41.003933+00:00
1179253,334368,233694,"GARCIA SAMANIEGO GOMEZ, JAVIER",78,78,100,amarilla,True,https://www.rffm.es/acta-partido/1179253,2026-08-09T02:32:41.003933+00:00
1179253,1466,839598,"GHAZALI MOLANO, OMAR",22,22,100,amarilla,False,https://www.rffm.es/acta-partido/1179253,2026-08-09T02:32:41.003933+00:00
1179253,1466,839598,"GHAZALI MOLANO, OMAR",69,69,100,amarilla,True,https://www.rffm.es/acta-partido/1179253,2026-08-09T02:32:41.003933+00:00
1179260,846886,323267,"BURGOS MORA, IGNACIO",30,30,100,amarilla,False,https://www.rffm.es/acta-partido/1179260,2026-08-09T02:32:41.750863+00:00
1179260,846886,859445,"VARGAS, DANIEL",38,38,100,amarilla,False,https://www.rffm.es/acta-partido/1179260,2026-08-09T02:32:41.750863+00:00
1179260,846886,431916,"ROMERO GARCIA, FRANCISCO",68,68,100,amarilla,False,https://www.rffm.es/acta-partido/1179260,2026-08-09T02:32:41.750863+00:00
1179260,846886,33182,"GARCIA VILLARIN, CARLOS",72,72,100,amarilla,False,https://www.rffm.es/acta-partido/1179260,2026-08-09T02:32:41.750863+00:00
1179260,2302,184612,"SANTOS ROBLEDO, DANIEL",38,38,100,amarilla,False,https://www.rffm.es/acta-partido/1179260,2026-08-09T02:32:41.750863+00:00
1179260,2302,749606,"EL HADDADI, MOHAMED",54,54,100,amarilla,False,https://www.rffm.es/acta-partido/1179260,2026-08-09T02:32:41.750863+00:00
1179260,2302,749606,"EL HADDADI, MOHAMED",75,75,101,roja,False,https://www.rffm.es/acta-partido/1179260,2026-08-09T02:32:41.750863+00:00
1179259,2274263,186459,"FIANDOR TOIRON, TOMAS",90,90,100,amarilla,False,https://www.rffm.es/acta-partido/1179259,2026-08-09T02:32:41.851517+00:00
1179259,2274263,186459,"FIANDOR TOIRON, TOMAS",90,90,100,amarilla,False,https://www.rffm.es/acta-partido/1179259,2026-08-09T02:32:41.851517+00:00
1179259,2274263,891254,"GARCIA CORTES, ARTURO",999,999,101,roja,False,https://www.rffm.es/acta-partido/1179259,2026-08-09T02:32:41.851517+00:00
1179262,1162,236976,"SANCHO GONZALEZ, JORGE",18,18,100,amarilla,False,https://www.rffm.es/acta-partido/1179262,2026-08-09T02:32:42.290072+00:00
1179262,1162,236976,"SANCHO GONZALEZ, JORGE",30,30,100,amarilla,True,https://www.rffm.es/acta-partido/1179262,2026-08-09T02:32:42.290072+00:00
1179262,1466,9287203,"GIMENEZ, MATÍAS EZEQUIEL",58,58,100,amarilla,False,https://www.rffm.es/acta-partido/1179262,2026-08-09T02:32:42.290072+00:00
1179262,1466,9287203,"GIMENEZ, MATÍAS EZEQUIEL",72,72,100,amarilla,True,https://www.rffm.es/acta-partido/1179262,2026-08-09T02:32:42.290072+00:00
1179262,1466,662266,"SOSA ESTIGARRIBIA, MARIO DAVID",86,86,101,roja,False,https://www.rffm.es/acta-partido/1179262,2026-08-09T02:32:42.290072+00:00
1179262,1466,235263,"SIGUERO PANIZO, HUGO",89,89,101,roja,False,https://www.rffm.es/acta-partido/1179262,2026-08-09T02:32:42.290072+00:00
1179257,254,133579,"GOMEZ DOBROTT, MICHAEL",44,44,100,amarilla,False,https://www.rffm.es/acta-partido/1179257,2026-08-09T02:32:42.297930+00:00
1179257,254,133579,"GOMEZ DOBROTT, MICHAEL",66,66,100,amarilla,True,https://www.rffm.es/acta-partido/1179257,2026-08-09T02:32:42.297930+00:00
1179257,2712368,728565,"BASABE RAMOS, EDUARDO MARIA",999,999,101,roja,False,https://www.rffm.es/acta-partido/1179257,2026-08-09T02:32:42.297930+00:00
1179267,2279684,722116,"MARTINEZ SANCHEZ, JAVIER",23,23,100,amarilla,False,https://www.rffm.es/acta-partido/1179267,2026-08-09T02:32:42.973507+00:00
1179267,2279684,127356,"DIAZ DE SANTOS, JAIME",66,66,100,amarilla,False,https://www.rffm.es/acta-partido/1179267,2026-08-09T02:32:42.973507+00:00
1179267,2279684,11112661,"SERRANO RUIZ, ANTONIO",73,73,100,amarilla,False,https://www.rffm.es/acta-partido/1179267,2026-08-09T02:32:42.973507+00:00
1179267,2279684,318577,"FLORES MARTÍNEZ, PABLO",81,81,100,amarilla,False,https://www.rffm.es/acta-partido/1179267,2026-08-09T02:32:42.973507+00:00
1179267,2279684,4036848,"SOLANET MAYOU, FERNANDO",88,88,101,roja,False,https://www.rffm.es/acta-partido/1179267,2026-08-09T02:32:42.973507+00:00
1179267,2279684,223195,"ESTEBAN FERNANDEZ, JAVIER",89,89,100,amarilla,False,https://www.rffm.es/acta-partido/1179267,2026-08-09T02:32:42.973507+00:00
1179267,254,172470,"RICO DIAZ, JESUS",57,57,100,amarilla,False,https://www.rffm.es/acta-partido/1179267,2026-08-09T02:32:42.973507+00:00
1179267,254,232375,"ALONSO MARTINEZ ARROYO, PABLO",62,62,100,amarilla,False,https://www.rffm.es/acta-partido/1179267,2026-08-09T02:32:42.973507+00:00
1179267,254,32772,"PEREZ LAORGA FERNANDEZ, GUILLERMO",77,77,100,amarilla,False,https://www.rffm.es/acta-partido/1179267,2026-08-09T02:32:42.973507+00:00
1179270,846886,234620,"DIAZ GARCIA, CARLOS",44,44,100,amarilla,False,https://www.rffm.es/acta-partido/1179270,2026-08-09T02:32:43.511205+00:00
1179270,846886,234620,"DIAZ GARCIA, CARLOS",89,89,100,amarilla,True,https://www.rffm.es/acta-partido/1179270,2026-08-09T02:32:43.511205+00:00
1179270,846886,783684,"BRAVO GARCIA, ALBERTO",89,89,101,roja,False,https://www.rffm.es/acta-partido/1179270,2026-08-09T02:32:43.511205+00:00
1179263,300530,158693,"BUDIA BUGELLA, GUILLERMO",94,94,101,roja,False,https://www.rffm.es/acta-partido/1179263,2026-08-09T02:32:43.515708+00:00
1179263,1162,623672,"LOPEZ ALBUJAR, DAVID",89,89,101,roja,False,https://www.rffm.es/acta-partido/1179263,2026-08-09T02:32:43.515708+00:00
1179263,1162,232627,"TORREMOCHA VAQUERIZO, JOSE LUIS",94,94,101,roja,False,https://www.rffm.es/acta-partido/1179263,2026-08-09T02:32:43.515708+00:00
1179273,3359869,236467,"PASQUIN LLORENTE, IÑIGO MARIA",23,23,100,amarilla,False,https://www.rffm.es/acta-partido/1179273,2026-08-09T02:32:44.279874+00:00
1179273,3359869,236467,"PASQUIN LLORENTE, IÑIGO MARIA",75,75,100,amarilla,True,https://www.rffm.es/acta-partido/1179273,2026-08-09T02:32:44.279874+00:00
1179273,1733,388247,"BOUZIZOUA, SOUFIAN",43,43,100,amarilla,False,https://www.rffm.es/acta-partido/1179273,2026-08-09T02:32:44.279874+00:00
1179273,1733,309174,"LOPEZ ANGUAS, JAVIER",73,73,100,amarilla,False,https://www.rffm.es/acta-partido/1179273,2026-08-09T02:32:44.279874+00:00
1179273,1733,309174,"LOPEZ ANGUAS, JAVIER",85,85,100,amarilla,True,https://www.rffm.es/acta-partido/1179273,2026-08-09T02:32:44.279874+00:00
1179273,1733,388247,"BOUZIZOUA, SOUFIAN",87,87,100,amarilla,True,https://www.rffm.es/acta-partido/1179273,2026-08-09T02:32:44.279874+00:00
1179277,1074,1107904,"PONCE DE LEON ANZOVINO, ALESSANDRO ANDRES",59,59,100,amarilla,False,https://www.rffm.es/acta-partido/1179277,2026-08-09T02:32:44.283395+00:00
1179277,1074,176330,"BRIHUEGA ESQUINAS, PABLO",75,75,100,amarilla,False,https://www.rffm.es/acta-partido/1179277,2026-08-09T02:32:44.283395+00:00
1179277,1074,6455431,"ACOSTA CASTILLO, FRANCISCO JOSE",83,83,100,amarilla,False,https://www.rffm.es/acta-partido/1179277,2026-08-09T02:32:44.283395+00:00
1179277,1074,10252336,"GARCIA DE LEON MORENO, JORGE",88,88,101,roja,False,https://www.rffm.es/acta-partido/1179277,2026-08-09T02:32:44.283395+00:00
1179277,1074,609938,"PEÑALVO GARCIA, EDUARDO",89,89,100,amarilla,False,https://www.rffm.es/acta-partido/1179277,2026-08-09T02:32:44.283395+00:00
1179277,1074,7219038,"IBEAS MILLAN, OSCAR PEDRO",89,89,100,amarilla,False,https://www.rffm.es/acta-partido/1179277,2026-08-09T02:32:44.283395+00:00
1179277,2302,2779910,"REINA QUINTERO, JUAN SEBASTIAN",30,30,100,amarilla,False,https://www.rffm.es/acta-partido/1179277,2026-08-09T02:32:44.283395+00:00
1179277,2302,2315462,"MENDOZA QUIROZ, DANNY STEVEN",49,49,100,amarilla,False,https://www.rffm.es/acta-partido/1179277,2026-08-09T02:32:44.283395+00:00
1179277,2302,185763,"MUÑOZ MARTINEZ, HECTOR",60,60,100,amarilla,False,https://www.rffm.es/acta-partido/1179277,2026-08-09T02:32:44.283395+00:00
1179277,2302,243824,"LOPEZ CERVIÑO, MIGUEL",64,64,100,amarilla,False,https://www.rffm.es/acta-partido/1179277,2026-08-09T02:32:44.283395+00:00
1179277,2302,185763,"MUÑOZ MARTINEZ, HECTOR",79,79,100,amarilla,True,https://www.rffm.es/acta-partido/1179277,2026-08-09T02:32:44.283395+00:00
1179264,3359869,9381147,"CORO MACIA, JAIME",45,45,100,amarilla,False,https://www.rffm.es/acta-partido/1179264,2026-08-09T02:32:44.290034+00:00
1179264,3359869,9381147,"CORO MACIA, JAIME",45,45,100,amarilla,False,https://www.rffm.es/acta-partido/1179264,2026-08-09T02:32:44.290034+00:00
1179281,4941441,11066,"DA SILVA RIBEIRO, VICKTOR",61,61,100,amarilla,False,https://www.rffm.es/acta-partido/1179281,2026-08-09T02:32:45.137925+00:00
1179281,4941441,11066,"DA SILVA RIBEIRO, VICKTOR",74,74,100,amarilla,True,https://www.rffm.es/acta-partido/1179281,2026-08-09T02:32:45.137925+00:00
1179274,334395,158405,"GARCIA PUADO, RICARDO",30,30,100,amarilla,False,https://www.rffm.es/acta-partido/1179274,2026-08-09T02:32:45.305923+00:00
1179274,334395,158405,"GARCIA PUADO, RICARDO",50,50,100,amarilla,True,https://www.rffm.es/acta-partido/1179274,2026-08-09T02:32:45.305923+00:00
1179286,254,172470,"RICO DIAZ, JESUS",55,55,100,amarilla,False,https://www.rffm.es/acta-partido/1179286,2026-08-09T02:32:45.843125+00:00
1179286,254,172470,"RICO DIAZ, JESUS",60,60,100,amarilla,True,https://www.rffm.es/acta-partido/1179286,2026-08-09T02:32:45.843125+00:00
1179288,1466,318160,"LOPEZ CARRETERO, GONZALO",999,999,101,roja,False,https://www.rffm.es/acta-partido/1179288,2026-08-09T02:32:45.845507+00:00
1179284,2279684,223195,"ESTEBAN FERNANDEZ, JAVIER",65,65,100,amarilla,False,https://www.rffm.es/acta-partido/1179284,2026-08-09T02:32:46.022105+00:00
1179284,2279684,223195,"ESTEBAN FERNANDEZ, JAVIER",75,75,100,amarilla,True,https://www.rffm.es/acta-partido/1179284,2026-08-09T02:32:46.022105+00:00
1179282,1733,1194391,"BOUZIZOUA AZOUZI, ABDELHAMID",50,50,101,roja,False,https://www.rffm.es/acta-partido/1179282,2026-08-09T02:32:46.380230+00:00
1179294,6826508,11840221,"LEE, GISUNG",76,76,100,amarilla,False,https://www.rffm.es/acta-partido/1179294,2026-08-09T02:32:46.680704+00:00
1179294,6826508,11840221,"LEE, GISUNG",90,90,100,amarilla,True,https://www.rffm.es/acta-partido/1179294,2026-08-09T02:32:46.680704+00:00
1179289,2028,437665,"VAREA OÑATE, ANGEL",37,37,100,amarilla,False,https://www.rffm.es/acta-partido/1179289,2026-08-09T02:32:46.685756+00:00
1179289,2028,21037,"UTRILLA ROVIRA, RODRIGO",41,41,100,amarilla,False,https://www.rffm.es/acta-partido/1179289,2026-08-09T02:32:46.685756+00:00
1179289,2028,237211,"LEON DELGADO, ADRIAN",67,67,100,amarilla,False,https://www.rffm.es/acta-partido/1179289,2026-08-09T02:32:46.685756+00:00
1179289,2028,237209,"GIMENO SANZ, AITOR",79,79,100,amarilla,False,https://www.rffm.es/acta-partido/1179289,2026-08-09T02:32:46.685756+00:00
1179289,2028,450180,"GARCIA ROMERO, ALVARO",82,82,100,amarilla,False,https://www.rffm.es/acta-partido/1179289,2026-08-09T02:32:46.685756+00:00
1179289,2028,660970,"SOW SOW, MOUHAMED",83,83,100,amarilla,False,https://www.rffm.es/acta-partido/1179289,2026-08-09T02:32:46.685756+00:00
1179289,2028,714367,"JIMENEZ PEREZ, EDUARDO",89,89,100,amarilla,False,https://www.rffm.es/acta-partido/1179289,2026-08-09T02:32:46.685756+00:00
1179289,846886,240805,"FERNANDEZ FRIAS, ADRIAN",15,15,100,amarilla,False,https://www.rffm.es/acta-partido/1179289,2026-08-09T02:32:46.685756+00:00
1179289,846886,571870,"LOPEZ KLOPPE, CARLOS",37,37,100,amarilla,False,https://www.rffm.es/acta-partido/1179289,2026-08-09T02:32:46.685756+00:00
1179289,846886,779927,"MATELLANO MELENDO, ALEJANDRO",64,64,100,amarilla,False,https://www.rffm.es/acta-partido/1179289,2026-08-09T02:32:46.685756+00:00
1179289,846886,910118,"GARCIA ALONSO, MARIO",76,76,100,amarilla,False,https://www.rffm.es/acta-partido/1179289,2026-08-09T02:32:46.685756+00:00
1179289,846886,8428783,"GUARCH CARMONA, FERRAN",79,79,100,amarilla,False,https://www.rffm.es/acta-partido/1179289,2026-08-09T02:32:46.685756+00:00
1179289,846886,234620,"DIAZ GARCIA, CARLOS",90,90,100,amarilla,False,https://www.rffm.es/acta-partido/1179289,2026-08-09T02:32:46.685756+00:00
1179291,2712368,234710,"MORAL LAVILLA, SERGIO",67,67,100,amarilla,False,https://www.rffm.es/acta-partido/1179291,2026-08-09T02:32:47.188570+00:00
1179291,2712368,234710,"MORAL LAVILLA, SERGIO",74,74,100,amarilla,True,https://www.rffm.es/acta-partido/1179291,2026-08-09T02:32:47.188570+00:00
1179291,2712368,8737690,"DIAZ DE LA ROSA, ALEJANDRO",75,75,101,roja,False,https://www.rffm.es/acta-partido/1179291,2026-08-09T02:32:47.188570+00:00
1179291,2712368,229648,"RAMOS GARCIA, CHRISTIAN",90,90,101,roja,False,https://www.rffm.es/acta-partido/1179291,2026-08-09T02:32:47.188570+00:00
1179297,466877,323246,"ENCABO AYLLON, MIGUEL ANGEL",33,33,100,amarilla,False,https://www.rffm.es/acta-partido/1179297,2026-08-09T02:32:47.214942+00:00
1179297,466877,443503,"LOZANO BARTHELEMY, GUILLERMO",73,73,100,amarilla,False,https://www.rffm.es/acta-partido/1179297,2026-08-09T02:32:47.214942+00:00
1179297,466877,240238,"FERNANDEZ LOZANO, CRISTIAN",80,80,100,amarilla,False,https://www.rffm.es/acta-partido/1179297,2026-08-09T02:32:47.214942+00:00
1179297,466877,318554,"LOPEZ ARAQUE, CARLOS",80,80,100,amarilla,False,https://www.rffm.es/acta-partido/1179297,2026-08-09T02:32:47.214942+00:00
1179297,466877,233709,"FERNANDEZ LOZANO, FRANCISCO",85,85,100,amarilla,False,https://www.rffm.es/acta-partido/1179297,2026-08-09T02:32:47.214942+00:00
1179297,466877,237292,"PEREZ MORA, ERNESTO",85,85,100,amarilla,False,https://www.rffm.es/acta-partido/1179297,2026-08-09T02:32:47.214942+00:00
1179297,466877,240238,"FERNANDEZ LOZANO, CRISTIAN",89,89,100,amarilla,True,https://www.rffm.es/acta-partido/1179297,2026-08-09T02:32:47.214942+00:00
1179297,466877,7228131,"RUIZ DIAZ GONZALEZ, CARLOS HERNAN",89,89,100,amarilla,False,https://www.rffm.es/acta-partido/1179297,2026-08-09T02:32:47.214942+00:00
1179297,2028,237209,"GIMENO SANZ, AITOR",39,39,100,amarilla,False,https://www.rffm.es/acta-partido/1179297,2026-08-09T02:32:47.214942+00:00
1179297,2028,437665,"VAREA OÑATE, ANGEL",84,84,100,amarilla,False,https://www.rffm.es/acta-partido/1179297,2026-08-09T02:32:47.214942+00:00
1179297,2028,237203,"NIETO DIAZ, JAVIER",88,88,100,amarilla,False,https://www.rffm.es/acta-partido/1179297,2026-08-09T02:32:47.214942+00:00
1179298,1162,434803,"LUENGO TORRES, RAUL",22,22,100,amarilla,False,https://www.rffm.es/acta-partido/1179298,2026-08-09T02:32:47.710005+00:00
1179298,846886,571870,"LOPEZ KLOPPE, CARLOS",44,44,100,amarilla,False,https://www.rffm.es/acta-partido/1179298,2026-08-09T02:32:47.710005+00:00
1179290,1733,542335,"RODRIGUEZ VARON, ALBERTO",65,65,100,amarilla,False,https://www.rffm.es/acta-partido/1179290,2026-08-09T02:32:48.808666+00:00
1179290,1733,542335,"RODRIGUEZ VARON, ALBERTO",65,65,100,amarilla,False,https://www.rffm.es/acta-partido/1179290,2026-08-09T02:32:48.808666+00:00
1179304,6826508,240697,"ORIVE OLIVERO, MARCOS",999,999,101,roja,False,https://www.rffm.es/acta-partido/1179304,2026-08-09T02:32:49.145123+00:00
1179299,1733,32865,"GONZÁLEZ GARCÍA, GUILLERMO",44,44,100,amarilla,False,https://www.rffm.es/acta-partido/1179299,2026-08-09T02:32:49.403209+00:00
1179299,1733,32865,"GONZÁLEZ GARCÍA, GUILLERMO",89,89,100,amarilla,True,https://www.rffm.es/acta-partido/1179299,2026-08-09T02:32:49.403209+00:00
1179299,1733,9279289,"TORRESCUSA GONZALO, CRISTIAN",89,89,101,roja,False,https://www.rffm.es/acta-partido/1179299,2026-08-09T02:32:49.403209+00:00
1179307,846886,783684,"BRAVO GARCIA, ALBERTO",89,89,101,roja,False,https://www.rffm.es/acta-partido/1179307,2026-08-09T02:32:49.837057+00:00
1179316,466877,241392,"RIVERA MONTESINOS, JAVIER",60,60,100,amarilla,False,https://www.rffm.es/acta-partido/1179316,2026-08-09T02:32:50.181485+00:00
1179316,466877,241392,"RIVERA MONTESINOS, JAVIER",87,87,100,amarilla,True,https://www.rffm.es/acta-partido/1179316,2026-08-09T02:32:50.181485+00:00
1179310,2274263,304810,"JUARROS PLAZA, ALEJANDRO",39,39,100,amarilla,False,https://www.rffm.es/acta-partido/1179310,2026-08-09T02:32:50.486806+00:00
1179310,2274263,304810,"JUARROS PLAZA, ALEJANDRO",40,40,100,amarilla,True,https://www.rffm.es/acta-partido/1179310,2026-08-09T02:32:50.486806+00:00
1179311,3359869,595110,"APARICIO ALFARO, JOSE MARIA",20,20,100,amarilla,False,https://www.rffm.es/acta-partido/1179311,2026-08-09T02:32:50.492254+00:00
1179311,3359869,232543,"TRIGO MATEO, MANUEL",70,70,100,amarilla,False,https://www.rffm.es/acta-partido/1179311,2026-08-09T02:32:50.492254+00:00
1179311,3359869,232544,"MATA LUJAN, MARCOS",82,82,100,amarilla,False,https://www.rffm.es/acta-partido/1179311,2026-08-09T02:32:50.492254+00:00
1179311,2302,233342,"SANZ PARDO, DIEGO",10,10,100,amarilla,False,https://www.rffm.es/acta-partido/1179311,2026-08-09T02:32:50.492254+00:00
1179311,2302,749606,"EL HADDADI, MOHAMED",11,11,100,amarilla,False,https://www.rffm.es/acta-partido/1179311,2026-08-09T02:32:50.492254+00:00
1179311,2302,2303047,"FORCANO DIAZ, CARLOS",17,17,100,amarilla,False,https://www.rffm.es/acta-partido/1179311,2026-08-09T02:32:50.492254+00:00
1179311,2302,184612,"SANTOS ROBLEDO, DANIEL",63,63,100,amarilla,False,https://www.rffm.es/acta-partido/1179311,2026-08-09T02:32:50.492254+00:00
1179311,2302,185763,"MUÑOZ MARTINEZ, HECTOR",80,80,100,amarilla,False,https://www.rffm.es/acta-partido/1179311,2026-08-09T02:32:50.492254+00:00
1179311,2302,2303047,"FORCANO DIAZ, CARLOS",999,999,101,roja,False,https://www.rffm.es/acta-partido/1179311,2026-08-09T02:32:50.492254+00:00
1179317,1074,6455431,"ACOSTA CASTILLO, FRANCISCO JOSE",44,44,100,amarilla,False,https://www.rffm.es/acta-partido/1179317,2026-08-09T02:32:50.677962+00:00
1179317,1074,1064130,"GARCIA GARCIA, JORGE",58,58,100,amarilla,False,https://www.rffm.es/acta-partido/1179317,2026-08-09T02:32:50.677962+00:00
1179317,1074,609938,"PEÑALVO GARCIA, EDUARDO",70,70,100,amarilla,False,https://www.rffm.es/acta-partido/1179317,2026-08-09T02:32:50.677962+00:00
1179317,1074,11184976,"TOMEY SÁNCHEZ, CARLOS",81,81,100,amarilla,False,https://www.rffm.es/acta-partido/1179317,2026-08-09T02:32:50.677962+00:00
1179317,1074,166027,"LARA VIOLAT, MARIO",90,90,100,amarilla,False,https://www.rffm.es/acta-partido/1179317,2026-08-09T02:32:50.677962+00:00
1179317,1074,166027,"LARA VIOLAT, MARIO",90,90,100,amarilla,False,https://www.rffm.es/acta-partido/1179317,2026-08-09T02:32:50.677962+00:00
1179317,466877,7228131,"RUIZ DIAZ GONZALEZ, CARLOS HERNAN",45,45,101,roja,False,https://www.rffm.es/acta-partido/1179317,2026-08-09T02:32:50.677962+00:00
1179317,466877,112930,"GARCIA GONZALEZ, JAVIER",54,54,100,amarilla,False,https://www.rffm.es/acta-partido/1179317,2026-08-09T02:32:50.677962+00:00
1179317,466877,5921601,"LOPEZ GUTIERREZ, CARLOS ALBERTO",54,54,100,amarilla,False,https://www.rffm.es/acta-partido/1179317,2026-08-09T02:32:50.677962+00:00
1179314,254,238817,"MONTERO SANCHEZ, CARLOS",87,87,101,roja,False,https://www.rffm.es/acta-partido/1179314,2026-08-09T02:32:50.862130+00:00
1179321,334368,134220,"ROLDAN ELIAS, DANIEL",86,86,101,roja,False,https://www.rffm.es/acta-partido/1179321,2026-08-09T02:32:50.949561+00:00
1179308,1733,133943,"PEÑAS FERNANDEZ, MIGUEL",50,50,100,amarilla,False,https://www.rffm.es/acta-partido/1179308,2026-08-09T02:32:51.173198+00:00
1179308,1733,227132,"SANCHEZ FERNANDEZ, JESUS",77,77,101,roja,False,https://www.rffm.es/acta-partido/1179308,2026-08-09T02:32:51.173198+00:00
1179308,1733,133943,"PEÑAS FERNANDEZ, MIGUEL",83,83,100,amarilla,True,https://www.rffm.es/acta-partido/1179308,2026-08-09T02:32:51.173198+00:00
1179312,334395,313848,"LOPEZ FERNANDEZ, RAFAEL",36,36,100,amarilla,False,https://www.rffm.es/acta-partido/1179312,2026-08-09T02:32:51.182164+00:00
1179312,334395,321519,"FERNÁNDEZ PASCUAL, JORGE",91,91,100,amarilla,False,https://www.rffm.es/acta-partido/1179312,2026-08-09T02:32:51.182164+00:00
1179312,334395,175286,"GARCIA PUADO, BORJA",92,92,100,amarilla,False,https://www.rffm.es/acta-partido/1179312,2026-08-09T02:32:51.182164+00:00
1179312,334395,5554787,"MEDINA LOPEZ, ISMAEL",95,95,100,amarilla,False,https://www.rffm.es/acta-partido/1179312,2026-08-09T02:32:51.182164+00:00
1179312,334395,158405,"GARCIA PUADO, RICARDO",96,96,101,roja,False,https://www.rffm.es/acta-partido/1179312,2026-08-09T02:32:51.182164+00:00
1179312,334395,858354,"BUSTOS GARCIA, VICTOR",97,97,100,amarilla,False,https://www.rffm.es/acta-partido/1179312,2026-08-09T02:32:51.182164+00:00
1179312,334368,318595,"RODRIGUEZ URIETA, IGNACIO",20,20,100,amarilla,False,https://www.rffm.es/acta-partido/1179312,2026-08-09T02:32:51.182164+00:00
1179312,334368,53248,"FERNANDEZ DE ANTA, RUBEN",67,67,100,amarilla,False,https://www.rffm.es/acta-partido/1179312,2026-08-09T02:32:51.182164+00:00
1179312,334368,244241,"DEL BARRIO HERNANDO, IGNACIO",84,84,101,roja,False,https://www.rffm.es/acta-partido/1179312,2026-08-09T02:32:51.182164+00:00
1179312,334368,915770,"BARRUECO CEREZO, IVAN",96,96,100,amarilla,False,https://www.rffm.es/acta-partido/1179312,2026-08-09T02:32:51.182164+00:00
1179319,6826508,175401,"GARCIA SEGURA, PABLO FEDERICO",44,44,100,amarilla,False,https://www.rffm.es/acta-partido/1179319,2026-08-09T02:32:51.875285+00:00
1179319,6826508,179015,"NIETO PEINADO, ALEJANDRO",92,92,100,amarilla,False,https://www.rffm.es/acta-partido/1179319,2026-08-09T02:32:51.875285+00:00
1179319,2028,437665,"VAREA OÑATE, ANGEL",79,79,100,amarilla,False,https://www.rffm.es/acta-partido/1179319,2026-08-09T02:32:51.875285+00:00
1179319,2028,450180,"GARCIA ROMERO, ALVARO",89,89,100,amarilla,False,https://www.rffm.es/acta-partido/1179319,2026-08-09T02:32:51.875285+00:00
1179325,2712368,76107,"TOLDOS BARRIO, VICENTE",35,35,101,roja,False,https://www.rffm.es/acta-partido/1179325,2026-08-09T02:32:51.996624+00:00
1179325,1162,6592702,"HERNANDEZ HERNANDEZ, SERGIO",86,86,101,roja,False,https://www.rffm.es/acta-partido/1179325,2026-08-09T02:32:51.996624+00:00
1179322,2302,233342,"SANZ PARDO, DIEGO",40,40,100,amarilla,False,https://www.rffm.es/acta-partido/1179322,2026-08-09T02:32:52.235280+00:00
1179322,2302,233342,"SANZ PARDO, DIEGO",89,89,100,amarilla,True,https://www.rffm.es/acta-partido/1179322,2026-08-09T02:32:52.235280+00:00
1179323,4941441,179562,"VIVAS PLEITE, SERGIO",64,64,101,roja,False,https://www.rffm.es/acta-partido/1179323,2026-08-09T02:32:52.426922+00:00
1179323,2274263,234767,"CHAVARRÍA GUERRERO, ANTONIO",74,74,100,amarilla,False,https://www.rffm.es/acta-partido/1179323,2026-08-09T02:32:52.426922+00:00
1179323,2274263,234767,"CHAVARRÍA GUERRERO, ANTONIO",85,85,100,amarilla,True,https://www.rffm.es/acta-partido/1179323,2026-08-09T02:32:52.426922+00:00
1179330,1466,222544,"FERNANDEZ CEREZO, BORJA",54,54,100,amarilla,False,https://www.rffm.es/acta-partido/1179330,2026-08-09T02:32:52.659251+00:00
1179330,1466,222544,"FERNANDEZ CEREZO, BORJA",88,88,100,amarilla,True,https://www.rffm.es/acta-partido/1179330,2026-08-09T02:32:52.659251+00:00
1179330,3359869,576196,"QUEREJETA ROCA, GONZALO MARIA",24,24,100,amarilla,False,https://www.rffm.es/acta-partido/1179330,2026-08-09T02:32:52.659251+00:00
1179330,3359869,576196,"QUEREJETA ROCA, GONZALO MARIA",85,85,100,amarilla,True,https://www.rffm.es/acta-partido/1179330,2026-08-09T02:32:52.659251+00:00
1179326,1162,197023,"ESTEVEZ MIÑOS, SEBASTIAN OMAR",34,34,100,amarilla,False,https://www.rffm.es/acta-partido/1179326,2026-08-09T02:32:53.388970+00:00
1179326,1162,11087493,"MORA GIL, VICTOR",56,56,100,amarilla,False,https://www.rffm.es/acta-partido/1179326,2026-08-09T02:32:53.388970+00:00
1179326,1162,232627,"TORREMOCHA VAQUERIZO, JOSE LUIS",65,65,100,amarilla,False,https://www.rffm.es/acta-partido/1179326,2026-08-09T02:32:53.388970+00:00
1179326,1162,435394,"BENALI, MOHAMED",79,79,100,amarilla,False,https://www.rffm.es/acta-partido/1179326,2026-08-09T02:32:53.388970+00:00
1179326,1074,176438,"POZO GARCIA, JONATAN",34,34,100,amarilla,False,https://www.rffm.es/acta-partido/1179326,2026-08-09T02:32:53.388970+00:00
1179326,1074,6455431,"ACOSTA CASTILLO, FRANCISCO JOSE",40,40,100,amarilla,False,https://www.rffm.es/acta-partido/1179326,2026-08-09T02:32:53.388970+00:00
1179326,1074,176330,"BRIHUEGA ESQUINAS, PABLO",53,53,100,amarilla,False,https://www.rffm.es/acta-partido/1179326,2026-08-09T02:32:53.388970+00:00
1179326,1074,222901,"GARCIA SELMA, JORGE",69,69,100,amarilla,False,https://www.rffm.es/acta-partido/1179326,2026-08-09T02:32:53.388970+00:00
1179326,1074,1107904,"PONCE DE LEON ANZOVINO, ALESSANDRO ANDRES",73,73,100,amarilla,False,https://www.rffm.es/acta-partido/1179326,2026-08-09T02:32:53.388970+00:00
1179326,1074,175224,"FERRER JIMENEZ, JAVIER",82,82,100,amarilla,False,https://www.rffm.es/acta-partido/1179326,2026-08-09T02:32:53.388970+00:00
1179329,2028,308524,"SENABRE PONS, PABLO",4,4,100,amarilla,False,https://www.rffm.es/acta-partido/1179329,2026-08-09T02:32:53.425938+00:00
1179329,2028,437665,"VAREA OÑATE, ANGEL",52,52,100,amarilla,False,https://www.rffm.es/acta-partido/1179329,2026-08-09T02:32:53.425938+00:00
1179329,2028,185465,"SOTA BOSOKO, ISMAEL",60,60,100,amarilla,False,https://www.rffm.es/acta-partido/1179329,2026-08-09T02:32:53.425938+00:00
1179329,2028,21037,"UTRILLA ROVIRA, RODRIGO",69,69,100,amarilla,False,https://www.rffm.es/acta-partido/1179329,2026-08-09T02:32:53.425938+00:00
1179329,334395,231982,"SALINAS CAÑIZARES, JOSE LUIS",16,16,100,amarilla,False,https://www.rffm.es/acta-partido/1179329,2026-08-09T02:32:53.425938+00:00
1179329,334395,175287,"GARCIA PUADO, CRISTIAN",69,69,100,amarilla,False,https://www.rffm.es/acta-partido/1179329,2026-08-09T02:32:53.425938+00:00
1179329,334395,179518,"SANCHEZ SANCHEZ, SERGIO",72,72,100,amarilla,False,https://www.rffm.es/acta-partido/1179329,2026-08-09T02:32:53.425938+00:00
1179327,466877,237292,"PEREZ MORA, ERNESTO",25,25,100,amarilla,False,https://www.rffm.es/acta-partido/1179327,2026-08-09T02:32:53.588109+00:00
1179327,466877,443503,"LOZANO BARTHELEMY, GUILLERMO",54,54,100,amarilla,False,https://www.rffm.es/acta-partido/1179327,2026-08-09T02:32:53.588109+00:00
1179327,254,172470,"RICO DIAZ, JESUS",43,43,100,amarilla,False,https://www.rffm.es/acta-partido/1179327,2026-08-09T02:32:53.588109+00:00
1179327,254,32543,"CRESPO PEREZ, FRANCISCO JAVIER",67,67,100,amarilla,False,https://www.rffm.es/acta-partido/1179327,2026-08-09T02:32:53.588109+00:00
1179338,3359869,330228,"RODRIGUEZ CANO, FERNANDO",14,14,100,amarilla,False,https://www.rffm.es/acta-partido/1179338,2026-08-09T02:32:54.080747+00:00
1179338,3359869,127167,"GONZALEZ HERRERO, PABLO",42,42,100,amarilla,False,https://www.rffm.es/acta-partido/1179338,2026-08-09T02:32:54.080747+00:00
1179338,3359869,236467,"PASQUIN LLORENTE, IÑIGO MARIA",87,87,100,amarilla,False,https://www.rffm.es/acta-partido/1179338,2026-08-09T02:32:54.080747+00:00
1179338,2028,237209,"GIMENO SANZ, AITOR",34,34,100,amarilla,False,https://www.rffm.es/acta-partido/1179338,2026-08-09T02:32:54.080747+00:00
1179338,2028,237966,"PLAZA JIMENEZ, ALEJANDRO",56,56,100,amarilla,False,https://www.rffm.es/acta-partido/1179338,2026-08-09T02:32:54.080747+00:00
1179338,2028,237966,"PLAZA JIMENEZ, ALEJANDRO",59,59,100,amarilla,True,https://www.rffm.es/acta-partido/1179338,2026-08-09T02:32:54.080747+00:00
1179338,2028,714367,"JIMENEZ PEREZ, EDUARDO",60,60,100,amarilla,False,https://www.rffm.es/acta-partido/1179338,2026-08-09T02:32:54.080747+00:00
1179343,2279684,84950,"O REILLY MASNOU, EAMONN MANUEL",45,45,100,amarilla,False,https://www.rffm.es/acta-partido/1179343,2026-08-09T02:32:54.251399+00:00
1179343,2279684,222003,"MATEU ALEIXANDRE, IÑIGO",59,59,100,amarilla,False,https://www.rffm.es/acta-partido/1179343,2026-08-09T02:32:54.251399+00:00
1179343,2279684,223195,"ESTEBAN FERNANDEZ, JAVIER",72,72,100,amarilla,False,https://www.rffm.es/acta-partido/1179343,2026-08-09T02:32:54.251399+00:00
1179343,2279684,399149,"AGAPITO DELGADO, JAIME",84,84,100,amarilla,False,https://www.rffm.es/acta-partido/1179343,2026-08-09T02:32:54.251399+00:00
1179343,2279684,127356,"DIAZ DE SANTOS, JAIME",90,90,100,amarilla,False,https://www.rffm.es/acta-partido/1179343,2026-08-09T02:32:54.251399+00:00
1179343,2279684,219202,"TARANCON DEL VALLE, ADRIAN",90,90,100,amarilla,False,https://www.rffm.es/acta-partido/1179343,2026-08-09T02:32:54.251399+00:00
1179343,2279684,580873,"DE LORENZO HERRERA, JAIME",90,90,100,amarilla,False,https://www.rffm.es/acta-partido/1179343,2026-08-09T02:32:54.251399+00:00
1179343,1162,181990,"GJERDE ARRANZ, GABRIEL GUNNAR",39,39,100,amarilla,False,https://www.rffm.es/acta-partido/1179343,2026-08-09T02:32:54.251399+00:00
1179343,1162,320690,"PEREZ ESTEBAN, IVAN",43,43,100,amarilla,False,https://www.rffm.es/acta-partido/1179343,2026-08-09T02:32:54.251399+00:00
1179343,1162,320672,"BERNABÉ GARCÍA, ÁLVARO",45,45,100,amarilla,False,https://www.rffm.es/acta-partido/1179343,2026-08-09T02:32:54.251399+00:00
1179342,2712368,134084,"DOCHADO CAPA, MIGUEL",70,70,100,amarilla,False,https://www.rffm.es/acta-partido/1179342,2026-08-09T02:32:54.740137+00:00
1179342,2712368,331170,"LOPEZ GARCIA, EDUARDO",94,94,101,roja,False,https://www.rffm.es/acta-partido/1179342,2026-08-09T02:32:54.740137+00:00
1179342,2274263,668130,"MATA GARCIA, ADRIAN",55,55,100,amarilla,False,https://www.rffm.es/acta-partido/1179342,2026-08-09T02:32:54.740137+00:00
1179342,2274263,231555,"SERRANO SERVERT, JORGE",60,60,100,amarilla,False,https://www.rffm.es/acta-partido/1179342,2026-08-09T02:32:54.740137+00:00
1179342,2274263,231555,"SERRANO SERVERT, JORGE",94,94,101,roja,False,https://www.rffm.es/acta-partido/1179342,2026-08-09T02:32:54.740137+00:00
1179341,1733,309174,"LOPEZ ANGUAS, JAVIER",13,13,100,amarilla,False,https://www.rffm.es/acta-partido/1179341,2026-08-09T02:32:54.955515+00:00
1179341,1733,309174,"LOPEZ ANGUAS, JAVIER",41,41,100,amarilla,True,https://www.rffm.es/acta-partido/1179341,2026-08-09T02:32:54.955515+00:00
1179345,6826508,179545,"DE LA FUENTE MORENO, CARLOS",10,10,101,roja,False,https://www.rffm.es/acta-partido/1179345,2026-08-09T02:32:55.625064+00:00
1179346,334395,195146,"VILLEGAS QUIRAMA, PABLO JOSE",26,26,100,amarilla,False,https://www.rffm.es/acta-partido/1179346,2026-08-09T02:32:55.812926+00:00
1179346,334395,175287,"GARCIA PUADO, CRISTIAN",38,38,100,amarilla,False,https://www.rffm.es/acta-partido/1179346,2026-08-09T02:32:55.812926+00:00
1179348,300530,8613505,"CHABUKIANI, GIORGI",39,39,100,amarilla,False,https://www.rffm.es/acta-partido/1179348,2026-08-09T02:32:55.963702+00:00
1179348,300530,8613505,"CHABUKIANI, GIORGI",39,39,100,amarilla,False,https://www.rffm.es/acta-partido/1179348,2026-08-09T02:32:55.963702+00:00
1179348,300530,314878,"CALDERON GARCIA, VICTOR MANUEL",64,64,100,amarilla,False,https://www.rffm.es/acta-partido/1179348,2026-08-09T02:32:55.963702+00:00
1179348,300530,314878,"CALDERON GARCIA, VICTOR MANUEL",78,78,100,amarilla,True,https://www.rffm.es/acta-partido/1179348,2026-08-09T02:32:55.963702+00:00
1179352,2274263,224143,"GONZALEZ PLA, MANUEL",68,68,100,amarilla,False,https://www.rffm.es/acta-partido/1179352,2026-08-09T02:32:56.598862+00:00
1179352,2274263,224143,"GONZALEZ PLA, MANUEL",84,84,100,amarilla,True,https://www.rffm.es/acta-partido/1179352,2026-08-09T02:32:56.598862+00:00
1179353,254,133579,"GOMEZ DOBROTT, MICHAEL",56,56,100,amarilla,False,https://www.rffm.es/acta-partido/1179353,2026-08-09T02:32:56.815198+00:00
1179353,254,133579,"GOMEZ DOBROTT, MICHAEL",65,65,100,amarilla,True,https://www.rffm.es/acta-partido/1179353,2026-08-09T02:32:56.815198+00:00
1179344,254,29300,"TIGERAS SIERRA, JOSE FRANCISCO",55,55,100,amarilla,False,https://www.rffm.es/acta-partido/1179344,2026-08-09T02:32:59.483658+00:00
1179344,254,113011,"DIAZ PEINADO, MANUEL ISRAEL",60,60,100,amarilla,False,https://www.rffm.es/acta-partido/1179344,2026-08-09T02:32:59.483658+00:00
1179344,254,29300,"TIGERAS SIERRA, JOSE FRANCISCO",77,77,100,amarilla,True,https://www.rffm.es/acta-partido/1179344,2026-08-09T02:32:59.483658+00:00
1179344,254,113011,"DIAZ PEINADO, MANUEL ISRAEL",87,87,100,amarilla,True,https://www.rffm.es/acta-partido/1179344,2026-08-09T02:32:59.483658+00:00
1179360,2279684,223195,"ESTEBAN FERNANDEZ, JAVIER",57,57,100,amarilla,False,https://www.rffm.es/acta-partido/1179360,2026-08-09T02:32:59.622468+00:00
1179360,2279684,223195,"ESTEBAN FERNANDEZ, JAVIER",74,74,100,amarilla,True,https://www.rffm.es/acta-partido/1179360,2026-08-09T02:32:59.622468+00:00
1179364,1074,222901,"GARCIA SELMA, JORGE",71,71,100,amarilla,False,https://www.rffm.es/acta-partido/1179364,2026-08-09T02:32:59.663410+00:00
1179364,1074,222901,"GARCIA SELMA, JORGE",85,85,100,amarilla,True,https://www.rffm.es/acta-partido/1179364,2026-08-09T02:32:59.663410+00:00
1179364,3359869,330228,"RODRIGUEZ CANO, FERNANDO",52,52,100,amarilla,False,https://www.rffm.es/acta-partido/1179364,2026-08-09T02:32:59.663410+00:00
1179364,3359869,330228,"RODRIGUEZ CANO, FERNANDO",63,63,100,amarilla,True,https://www.rffm.es/acta-partido/1179364,2026-08-09T02:32:59.663410+00:00
1179364,3359869,576196,"QUEREJETA ROCA, GONZALO MARIA",90,90,100,amarilla,False,https://www.rffm.es/acta-partido/1179364,2026-08-09T02:32:59.663410+00:00
1179364,3359869,576196,"QUEREJETA ROCA, GONZALO MARIA",90,90,100,amarilla,False,https://www.rffm.es/acta-partido/1179364,2026-08-09T02:32:59.663410+00:00
1179368,1466,2351978,"AOUAJJAR, SAMIR",50,50,100,amarilla,False,https://www.rffm.es/acta-partido/1179368,2026-08-09T02:32:59.997466+00:00
1179368,1466,2351978,"AOUAJJAR, SAMIR",70,70,100,amarilla,True,https://www.rffm.es/acta-partido/1179368,2026-08-09T02:32:59.997466+00:00
1179368,2712368,33024,"CARO TALEGON, DANIEL",38,38,100,amarilla,False,https://www.rffm.es/acta-partido/1179368,2026-08-09T02:32:59.997466+00:00
1179368,2712368,10397402,"TENO FLORES, ALFONSO",39,39,101,roja,False,https://www.rffm.es/acta-partido/1179368,2026-08-09T02:32:59.997466+00:00
1179368,2712368,33024,"CARO TALEGON, DANIEL",54,54,100,amarilla,True,https://www.rffm.es/acta-partido/1179368,2026-08-09T02:32:59.997466+00:00
1179368,2712368,8737690,"DIAZ DE LA ROSA, ALEJANDRO",55,55,101,roja,False,https://www.rffm.es/acta-partido/1179368,2026-08-09T02:32:59.997466+00:00
1179361,2274263,221971,"MONTALBAN PELIGRO, JESUS",41,41,100,amarilla,False,https://www.rffm.es/acta-partido/1179361,2026-08-09T02:33:00.010683+00:00
1179361,2274263,221971,"MONTALBAN PELIGRO, JESUS",45,45,100,amarilla,True,https://www.rffm.es/acta-partido/1179361,2026-08-09T02:33:00.010683+00:00
1179361,2274263,891254,"GARCIA CORTES, ARTURO",61,61,100,amarilla,False,https://www.rffm.es/acta-partido/1179361,2026-08-09T02:33:00.010683+00:00
1179361,1162,11087493,"MORA GIL, VICTOR",30,30,100,amarilla,False,https://www.rffm.es/acta-partido/1179361,2026-08-09T02:33:00.010683+00:00
1179361,1162,11087493,"MORA GIL, VICTOR",30,30,100,amarilla,False,https://www.rffm.es/acta-partido/1179361,2026-08-09T02:33:00.010683+00:00
1179362,1162,197023,"ESTEVEZ MIÑOS, SEBASTIAN OMAR",41,41,100,amarilla,False,https://www.rffm.es/acta-partido/1179362,2026-08-09T02:33:00.986349+00:00
1179362,1162,232627,"TORREMOCHA VAQUERIZO, JOSE LUIS",47,47,100,amarilla,False,https://www.rffm.es/acta-partido/1179362,2026-08-09T02:33:00.986349+00:00
1179362,1162,223489,"GALLEGO IBARRA, ROBERTO",75,75,100,amarilla,False,https://www.rffm.es/acta-partido/1179362,2026-08-09T02:33:00.986349+00:00
1179362,6826508,11347513,"GONZALEZ ANDRADA, LEANDRO",39,39,100,amarilla,False,https://www.rffm.es/acta-partido/1179362,2026-08-09T02:33:00.986349+00:00
1179362,6826508,220537,"MARTIN CASAS, ALVARO",43,43,100,amarilla,False,https://www.rffm.es/acta-partido/1179362,2026-08-09T02:33:00.986349+00:00
1179362,6826508,8475674,"MARTÍN CASAS, ALBERTO",44,44,100,amarilla,False,https://www.rffm.es/acta-partido/1179362,2026-08-09T02:33:00.986349+00:00
1179362,6826508,11914192,"GARIN ORTEGA, CARLOS ALEJANDRO",60,60,100,amarilla,False,https://www.rffm.es/acta-partido/1179362,2026-08-09T02:33:00.986349+00:00
1179362,6826508,783826,"MORI MONTALBAN, MIGUEL ANGEL",69,69,100,amarilla,False,https://www.rffm.es/acta-partido/1179362,2026-08-09T02:33:00.986349+00:00
1179362,6826508,240697,"ORIVE OLIVERO, MARCOS",80,80,100,amarilla,False,https://www.rffm.es/acta-partido/1179362,2026-08-09T02:33:00.986349+00:00
1179362,6826508,180965,"ROBLEDO ALELU, RUBEN",85,85,100,amarilla,False,https://www.rffm.es/acta-partido/1179362,2026-08-09T02:33:00.986349+00:00
1181307,667,227315,"VICENTE ARRIBAS, VICTOR",63,63,100,amarilla,False,https://www.rffm.es/acta-partido/1181307,2026-08-09T02:33:01.100893+00:00
1181307,667,227315,"VICENTE ARRIBAS, VICTOR",89,89,100,amarilla,True,https://www.rffm.es/acta-partido/1181307,2026-08-09T02:33:01.100893+00:00
1181309,1758,20742,"CAMPOS MARTINEZ, OSCAR",20,20,100,amarilla,False,https://www.rffm.es/acta-partido/1181309,2026-08-09T02:33:01.432119+00:00
1181309,1758,322166,"BELLOCH GARCIA, ALEJANDRO",42,42,100,amarilla,False,https://www.rffm.es/acta-partido/1181309,2026-08-09T02:33:01.432119+00:00
1181309,1758,384066,"DOMINGUEZ MORA, HECTOR",79,79,100,amarilla,False,https://www.rffm.es/acta-partido/1181309,2026-08-09T02:33:01.432119+00:00
1181309,680172,11183641,"PRADA CAÑIZARES, JUAN MANUEL",44,44,100,amarilla,False,https://www.rffm.es/acta-partido/1181309,2026-08-09T02:33:01.432119+00:00
1181309,680172,5677112,"FERNANDEZ MORALES, PABLO",64,64,100,amarilla,False,https://www.rffm.es/acta-partido/1181309,2026-08-09T02:33:01.432119+00:00
1181309,680172,239454,"LUNA CABADAS, ANTONIO",79,79,100,amarilla,False,https://www.rffm.es/acta-partido/1181309,2026-08-09T02:33:01.432119+00:00
1181309,680172,11183641,"PRADA CAÑIZARES, JUAN MANUEL",79,79,101,roja,False,https://www.rffm.es/acta-partido/1181309,2026-08-09T02:33:01.432119+00:00
1181309,680172,237410,"GONZALEZ PEREZ, ALVARO",87,87,100,amarilla,False,https://www.rffm.es/acta-partido/1181309,2026-08-09T02:33:01.432119+00:00
1181314,334360,5306248,"DE LA PEÑA RUBIO, GONZALO",73,73,101,roja,False,https://www.rffm.es/acta-partido/1181314,2026-08-09T02:33:01.748881+00:00
1181311,466771,27992,"SANCHEZ CABALLERO, ENRIQUE",40,40,100,amarilla,False,https://www.rffm.es/acta-partido/1181311,2026-08-09T02:33:02.156198+00:00
1181311,466771,27992,"SANCHEZ CABALLERO, ENRIQUE",90,90,100,amarilla,True,https://www.rffm.es/acta-partido/1181311,2026-08-09T02:33:02.156198+00:00
1181323,334360,307732,"PEÑALVER MEDINA, IVAN",80,80,101,roja,False,https://www.rffm.es/acta-partido/1181323,2026-08-09T02:33:02.968959+00:00
1181319,1758,153864,"GONZALO GADEA, RUBEN",26,26,101,roja,False,https://www.rffm.es/acta-partido/1181319,2026-08-09T02:33:03.332881+00:00
1181316,908,122735,"PINO MOLINERO, DANIEL",7,7,100,amarilla,False,https://www.rffm.es/acta-partido/1181316,2026-08-09T02:33:03.383783+00:00
1181316,908,122735,"PINO MOLINERO, DANIEL",77,77,100,amarilla,True,https://www.rffm.es/acta-partido/1181316,2026-08-09T02:33:03.383783+00:00
1181317,667,13110939,"AGUADO BUSTAMANTE, ALEJANDRO",12,12,100,amarilla,False,https://www.rffm.es/acta-partido/1181317,2026-08-09T02:33:04.224143+00:00
1181317,667,13110939,"AGUADO BUSTAMANTE, ALEJANDRO",84,84,100,amarilla,True,https://www.rffm.es/acta-partido/1181317,2026-08-09T02:33:04.224143+00:00
1181330,466771,27992,"SANCHEZ CABALLERO, ENRIQUE",43,43,100,amarilla,False,https://www.rffm.es/acta-partido/1181330,2026-08-09T02:33:04.823471+00:00
1181330,466771,609967,"ROJAS LEON, DIEGO",68,68,100,amarilla,False,https://www.rffm.es/acta-partido/1181330,2026-08-09T02:33:04.823471+00:00
1181330,300725,10968864,"MONTES ZAPICO, EDUARDO",30,30,100,amarilla,False,https://www.rffm.es/acta-partido/1181330,2026-08-09T02:33:04.823471+00:00
1181330,300725,27840,"SANCHEZ HINIESTO, DANIEL",36,36,100,amarilla,False,https://www.rffm.es/acta-partido/1181330,2026-08-09T02:33:04.823471+00:00
1181330,300725,395487,"FERNANDEZ ESCOLASTICO, RONALD",89,89,100,amarilla,False,https://www.rffm.es/acta-partido/1181330,2026-08-09T02:33:04.823471+00:00
1181328,3358897,377536,"RUIZ CIVICOS, ALEJANDRO",20,20,100,amarilla,False,https://www.rffm.es/acta-partido/1181328,2026-08-09T02:33:04.840064+00:00
1181328,3358897,377536,"RUIZ CIVICOS, ALEJANDRO",27,27,100,amarilla,True,https://www.rffm.es/acta-partido/1181328,2026-08-09T02:33:04.840064+00:00
1181332,139,20234,"GARCIA TIRADO, DAVID",55,55,100,amarilla,False,https://www.rffm.es/acta-partido/1181332,2026-08-09T02:33:04.842761+00:00
1181332,139,20234,"GARCIA TIRADO, DAVID",80,80,100,amarilla,True,https://www.rffm.es/acta-partido/1181332,2026-08-09T02:33:04.842761+00:00
1181326,680172,5626855,"NOGUERALES GARCIA, ALBERTO",70,70,100,amarilla,False,https://www.rffm.es/acta-partido/1181326,2026-08-09T02:33:04.908304+00:00
1181326,680172,5626855,"NOGUERALES GARCIA, ALBERTO",72,72,100,amarilla,True,https://www.rffm.es/acta-partido/1181326,2026-08-09T02:33:04.908304+00:00
1181331,4941686,1114344,"RAMON BORJA MARTINEZ, ENRIQUE",12,12,100,amarilla,False,https://www.rffm.es/acta-partido/1181331,2026-08-09T02:33:05.408916+00:00
1181331,4941686,1114344,"RAMON BORJA MARTINEZ, ENRIQUE",53,53,100,amarilla,True,https://www.rffm.es/acta-partido/1181331,2026-08-09T02:33:05.408916+00:00
1181331,334360,16514771,"GUERRERO CASTAÑER, JOSE IGNACIO",12,12,100,amarilla,False,https://www.rffm.es/acta-partido/1181331,2026-08-09T02:33:05.408916+00:00
1181331,334360,16514771,"GUERRERO CASTAÑER, JOSE IGNACIO",43,43,100,amarilla,True,https://www.rffm.es/acta-partido/1181331,2026-08-09T02:33:05.408916+00:00
1181336,300550,3754613,"ARES LEZANA, JESUS",71,71,101,roja,False,https://www.rffm.es/acta-partido/1181336,2026-08-09T02:33:05.428801+00:00
1181335,908,122749,"MARI RUEDAS, JOSE ANTONIO",45,45,101,roja,False,https://www.rffm.es/acta-partido/1181335,2026-08-09T02:33:05.450316+00:00
1181341,4941686,243112,"PINTOR DE FELIX, RAUL",40,40,100,amarilla,False,https://www.rffm.es/acta-partido/1181341,2026-08-09T02:33:06.315653+00:00
1181341,4941686,243112,"PINTOR DE FELIX, RAUL",40,40,100,amarilla,False,https://www.rffm.es/acta-partido/1181341,2026-08-09T02:33:06.315653+00:00
1181342,2471,8945355,"PENA, JOAQUÍN",58,58,100,amarilla,False,https://www.rffm.es/acta-partido/1181342,2026-08-09T02:33:06.851233+00:00
1181342,2471,8945355,"PENA, JOAQUÍN",85,85,100,amarilla,True,https://www.rffm.es/acta-partido/1181342,2026-08-09T02:33:06.851233+00:00
1181347,1758,384066,"DOMINGUEZ MORA, HECTOR",28,28,100,amarilla,False,https://www.rffm.es/acta-partido/1181347,2026-08-09T02:33:06.935575+00:00
1181347,1758,384066,"DOMINGUEZ MORA, HECTOR",78,78,100,amarilla,True,https://www.rffm.es/acta-partido/1181347,2026-08-09T02:33:06.935575+00:00
1181358,1457,76116,"NOVOA RODRIGUEZ, DANIEL",82,82,101,roja,False,https://www.rffm.es/acta-partido/1181358,2026-08-09T02:33:08.043799+00:00
1181348,1457,134081,"MATALLANA GONZALEZ, MIGUEL",68,68,100,amarilla,False,https://www.rffm.es/acta-partido/1181348,2026-08-09T02:33:08.132034+00:00
1181348,1457,918960,"REIN RETANA, NICOLAS",88,88,100,amarilla,False,https://www.rffm.es/acta-partido/1181348,2026-08-09T02:33:08.132034+00:00
1181348,334360,5406347,"VELAR MUÑOZ, ANDRES",35,35,100,amarilla,False,https://www.rffm.es/acta-partido/1181348,2026-08-09T02:33:08.132034+00:00
1181348,334360,13183390,"HORNERO SOLANO, IKER",78,78,100,amarilla,False,https://www.rffm.es/acta-partido/1181348,2026-08-09T02:33:08.132034+00:00
1181348,334360,13184758,"HORNERO SOLANO, JON",78,78,100,amarilla,False,https://www.rffm.es/acta-partido/1181348,2026-08-09T02:33:08.132034+00:00
1181348,334360,16514771,"GUERRERO CASTAÑER, JOSE IGNACIO",82,82,100,amarilla,False,https://www.rffm.es/acta-partido/1181348,2026-08-09T02:33:08.132034+00:00
1181352,680172,681209,"BANNATYNE UNDABEITIA, CARLOS",12,12,100,amarilla,False,https://www.rffm.es/acta-partido/1181352,2026-08-09T02:33:08.141643+00:00
1181352,680172,327169,"LAIN LAFUENTE, JAVIER",38,38,100,amarilla,False,https://www.rffm.es/acta-partido/1181352,2026-08-09T02:33:08.141643+00:00
1181352,680172,2764638,"IBISATE HERRAIZ, SERGIO",65,65,100,amarilla,False,https://www.rffm.es/acta-partido/1181352,2026-08-09T02:33:08.141643+00:00
1181352,680172,6587737,"BLAY FARRE, GUSTAVO",69,69,100,amarilla,False,https://www.rffm.es/acta-partido/1181352,2026-08-09T02:33:08.141643+00:00
1181352,680172,327167,"LAFUENTE NOVO, ANTONIO",89,89,100,amarilla,False,https://www.rffm.es/acta-partido/1181352,2026-08-09T02:33:08.141643+00:00
1181352,2471,19777,"BARRAGAN MALLO, JOSE ANTONIO",16,16,100,amarilla,False,https://www.rffm.es/acta-partido/1181352,2026-08-09T02:33:08.141643+00:00
1181352,2471,11126639,"ÁLVAREZ GUTIÉRREZ, DIEGO",35,35,100,amarilla,False,https://www.rffm.es/acta-partido/1181352,2026-08-09T02:33:08.141643+00:00
1181352,2471,3670197,"TASCON GONZALEZ, FRANCISCO",36,36,100,amarilla,False,https://www.rffm.es/acta-partido/1181352,2026-08-09T02:33:08.141643+00:00
1181352,2471,30552,"ALFONSO CERVIÑO, CIRO",80,80,100,amarilla,False,https://www.rffm.es/acta-partido/1181352,2026-08-09T02:33:08.141643+00:00
1181352,2471,152717,"REAL GOMEZ, SAMUEL",90,90,100,amarilla,False,https://www.rffm.es/acta-partido/1181352,2026-08-09T02:33:08.141643+00:00
1181346,520178,638057,"FERNÁNDEZ OLIVAS, GONZALO",61,61,100,amarilla,False,https://www.rffm.es/acta-partido/1181346,2026-08-09T02:33:08.149815+00:00
1181346,2890,10962277,"BAHIA TABOADA, DIEGO",65,65,100,amarilla,False,https://www.rffm.es/acta-partido/1181346,2026-08-09T02:33:08.149815+00:00
1181346,2890,325696,"VAZQUEZ MARTINEZ, DAVID",89,89,100,amarilla,False,https://www.rffm.es/acta-partido/1181346,2026-08-09T02:33:08.149815+00:00
1181353,2729288,10591926,"BENSALIH PIÑEIRO, DANIEL",89,89,100,amarilla,False,https://www.rffm.es/acta-partido/1181353,2026-08-09T02:33:08.370123+00:00
1181353,2729288,10591926,"BENSALIH PIÑEIRO, DANIEL",89,89,100,amarilla,False,https://www.rffm.es/acta-partido/1181353,2026-08-09T02:33:08.370123+00:00
1181357,334360,328291,"SABOYA TENA, CHRISTIAN",37,37,100,amarilla,False,https://www.rffm.es/acta-partido/1181357,2026-08-09T02:33:08.698030+00:00
1181357,334360,408609,"FERNANDEZ BERRIDI LOPEZ, ALFONSO JOSE",45,45,100,amarilla,False,https://www.rffm.es/acta-partido/1181357,2026-08-09T02:33:08.698030+00:00
1181357,334360,16514771,"GUERRERO CASTAÑER, JOSE IGNACIO",70,70,100,amarilla,False,https://www.rffm.es/acta-partido/1181357,2026-08-09T02:33:08.698030+00:00
1181357,334360,327208,"JIMENEZ GARCIA, ADRIAN",89,89,100,amarilla,False,https://www.rffm.es/acta-partido/1181357,2026-08-09T02:33:08.698030+00:00
1181357,334360,9372939,"MONTAÑA BOLOS, JOSE DAMIAN",89,89,100,amarilla,False,https://www.rffm.es/acta-partido/1181357,2026-08-09T02:33:08.698030+00:00
1181357,1758,238014,"IGLESIAS ARANDA, ROBERTO",29,29,100,amarilla,False,https://www.rffm.es/acta-partido/1181357,2026-08-09T02:33:08.698030+00:00
1181357,1758,152274,"BRAVO LOPEZ, VICTOR JOSE",80,80,100,amarilla,False,https://www.rffm.es/acta-partido/1181357,2026-08-09T02:33:08.698030+00:00
1181357,1758,241125,"PEREZ GARCIA, JORGE",83,83,100,amarilla,False,https://www.rffm.es/acta-partido/1181357,2026-08-09T02:33:08.698030+00:00
1181355,2890,28118,"CACERES HERRERO, JUAN MANUEL ",86,86,101,roja,False,https://www.rffm.es/acta-partido/1181355,2026-08-09T02:33:08.767768+00:00
1181354,908,119762,"GOMEZ RAMIREZ, SANTIAGO",25,25,101,roja,False,https://www.rffm.es/acta-partido/1181354,2026-08-09T02:33:09.300286+00:00
1181363,908,455719,"CALDERON DELGADO, MARIO ALBERTO",14,14,100,amarilla,False,https://www.rffm.es/acta-partido/1181363,2026-08-09T02:33:09.695027+00:00
1181363,908,33558,"ANERO RODRIGUEZ, HUGO FRANCISCO",25,25,100,amarilla,False,https://www.rffm.es/acta-partido/1181363,2026-08-09T02:33:09.695027+00:00
1181363,908,123885,"SALGADO GARCIA, CARLOS",39,39,100,amarilla,False,https://www.rffm.es/acta-partido/1181363,2026-08-09T02:33:09.695027+00:00
1181363,2890,9716518,"AGUIRRE CADARSO, JORGE",59,59,101,roja,False,https://www.rffm.es/acta-partido/1181363,2026-08-09T02:33:09.695027+00:00
1181363,2890,28118,"CACERES HERRERO, JUAN MANUEL ",84,84,100,amarilla,False,https://www.rffm.es/acta-partido/1181363,2026-08-09T02:33:09.695027+00:00
1181363,2890,2750205,"SANTAMARIA PEREZ, ARTURO",89,89,100,amarilla,False,https://www.rffm.es/acta-partido/1181363,2026-08-09T02:33:09.695027+00:00
1181364,667,369853,"ARRIETA BARTOLOME, GUSTAVO",85,85,100,amarilla,False,https://www.rffm.es/acta-partido/1181364,2026-08-09T02:33:09.934232+00:00
1181364,667,369853,"ARRIETA BARTOLOME, GUSTAVO",89,89,100,amarilla,True,https://www.rffm.es/acta-partido/1181364,2026-08-09T02:33:09.934232+00:00
1181366,1758,153864,"GONZALO GADEA, RUBEN",25,25,100,amarilla,False,https://www.rffm.es/acta-partido/1181366,2026-08-09T02:33:09.991427+00:00
1181366,1758,153864,"GONZALO GADEA, RUBEN",35,35,100,amarilla,True,https://www.rffm.es/acta-partido/1181366,2026-08-09T02:33:09.991427+00:00
1181366,607,127652,"AREVALO ALCON, CARLOS",39,39,101,roja,False,https://www.rffm.es/acta-partido/1181366,2026-08-09T02:33:09.991427+00:00
1181370,1045174,330597,"RODRIGUEZ SOMOLINOS, JAVIER",83,83,101,roja,False,https://www.rffm.es/acta-partido/1181370,2026-08-09T02:33:10.849919+00:00
1181360,680172,13496137,"BLAY FARRE, ALVARO",15,15,100,amarilla,False,https://www.rffm.es/acta-partido/1181360,2026-08-09T02:33:10.938296+00:00
1181360,680172,13496137,"BLAY FARRE, ALVARO",35,35,100,amarilla,True,https://www.rffm.es/acta-partido/1181360,2026-08-09T02:33:10.938296+00:00
1181369,139,689666,"LINARES RUIZ, RAUL",70,70,101,roja,False,https://www.rffm.es/acta-partido/1181369,2026-08-09T02:33:11.222485+00:00
1181372,2890,7176104,"FULLANA BARAGAÑO, JAVIER",45,45,101,roja,False,https://www.rffm.es/acta-partido/1181372,2026-08-09T02:33:11.386190+00:00
1181375,607,3041630,"SANCHEZ ABREU, JOSE ALEJANDRO",23,23,100,amarilla,False,https://www.rffm.es/acta-partido/1181375,2026-08-09T02:33:11.637120+00:00
1181375,607,15122014,"HARRAG, MOHAMMED",71,71,100,amarilla,False,https://www.rffm.es/acta-partido/1181375,2026-08-09T02:33:11.637120+00:00
1181375,607,73513,"LOPEZ RUIZ, MIGUEL",89,89,100,amarilla,False,https://www.rffm.es/acta-partido/1181375,2026-08-09T02:33:11.637120+00:00
1181375,520178,126849,"RODRIGUEZ MOLINA, JAVIER",14,14,100,amarilla,False,https://www.rffm.es/acta-partido/1181375,2026-08-09T02:33:11.637120+00:00
1181375,520178,328781,"LOPEZ GARCIA, MIGUEL",28,28,100,amarilla,False,https://www.rffm.es/acta-partido/1181375,2026-08-09T02:33:11.637120+00:00
1181375,520178,127400,"HERNANDEZ RODRIGUEZ, MIGUEL",32,32,100,amarilla,False,https://www.rffm.es/acta-partido/1181375,2026-08-09T02:33:11.637120+00:00
1181373,908,33558,"ANERO RODRIGUEZ, HUGO FRANCISCO",60,60,101,roja,False,https://www.rffm.es/acta-partido/1181373,2026-08-09T02:33:11.688677+00:00
1181371,3358897,331827,"LOPEZ LOPEZ VILLALON, ALVARO",27,27,100,amarilla,False,https://www.rffm.es/acta-partido/1181371,2026-08-09T02:33:11.827525+00:00
1181371,3358897,795916,"ESCOVAR ALARCON, JUAN PABLO",55,55,100,amarilla,False,https://www.rffm.es/acta-partido/1181371,2026-08-09T02:33:11.827525+00:00
1181371,3358897,590389,"NSUE NZANG BINDANG, MICAHEL MANUEL",60,60,100,amarilla,False,https://www.rffm.es/acta-partido/1181371,2026-08-09T02:33:11.827525+00:00
1181381,2729288,10591926,"BENSALIH PIÑEIRO, DANIEL",39,39,100,amarilla,False,https://www.rffm.es/acta-partido/1181381,2026-08-09T02:33:11.926432+00:00
1181381,2729288,10591926,"BENSALIH PIÑEIRO, DANIEL",85,85,100,amarilla,True,https://www.rffm.es/acta-partido/1181381,2026-08-09T02:33:11.926432+00:00
1181381,2729288,322940,"MERA GONZALEZ, PABLO",90,90,101,roja,False,https://www.rffm.es/acta-partido/1181381,2026-08-09T02:33:11.926432+00:00
1181377,1457,243595,"LOPEZ VAZQUEZ MENDEZ, JUAN",21,21,100,amarilla,False,https://www.rffm.es/acta-partido/1181377,2026-08-09T02:33:12.186559+00:00
1181377,1457,243595,"LOPEZ VAZQUEZ MENDEZ, JUAN",41,41,100,amarilla,True,https://www.rffm.es/acta-partido/1181377,2026-08-09T02:33:12.186559+00:00
1181376,1758,384066,"DOMINGUEZ MORA, HECTOR",89,89,101,roja,False,https://www.rffm.es/acta-partido/1181376,2026-08-09T02:33:12.532575+00:00
1181382,908,16297421,"RUIZ PALOMO, JOSE MANUEL",8,8,100,amarilla,False,https://www.rffm.es/acta-partido/1181382,2026-08-09T02:33:12.537119+00:00
1181382,908,16297421,"RUIZ PALOMO, JOSE MANUEL",44,44,100,amarilla,True,https://www.rffm.es/acta-partido/1181382,2026-08-09T02:33:12.537119+00:00
1181382,908,429656,"GUILLEN CALERO, RAFAEL",87,87,100,amarilla,False,https://www.rffm.es/acta-partido/1181382,2026-08-09T02:33:12.537119+00:00
1181382,908,429656,"GUILLEN CALERO, RAFAEL",89,89,100,amarilla,True,https://www.rffm.es/acta-partido/1181382,2026-08-09T02:33:12.537119+00:00
1181382,334360,327523,"MORENO RESTA, FRANCISCO RAFAEL",38,38,100,amarilla,False,https://www.rffm.es/acta-partido/1181382,2026-08-09T02:33:12.537119+00:00
1181382,334360,327523,"MORENO RESTA, FRANCISCO RAFAEL",44,44,100,amarilla,True,https://www.rffm.es/acta-partido/1181382,2026-08-09T02:33:12.537119+00:00
1181380,2890,11876241,"FERNANDEZ RUIZ, JUAN",20,20,101,roja,False,https://www.rffm.es/acta-partido/1181380,2026-08-09T02:33:13.124462+00:00
1181384,520178,231696,"NAVALON HERNANDEZ, MARCOS",15,15,100,amarilla,False,https://www.rffm.es/acta-partido/1181384,2026-08-09T02:33:13.375362+00:00
1181384,520178,231696,"NAVALON HERNANDEZ, MARCOS",79,79,100,amarilla,True,https://www.rffm.es/acta-partido/1181384,2026-08-09T02:33:13.375362+00:00
1181383,667,19674,"CAGIGAL MARTINEZ, ALBERTO",40,40,100,amarilla,False,https://www.rffm.es/acta-partido/1181383,2026-08-09T02:33:13.704103+00:00
1181383,667,395550,"PEREZ GARCIA, ADRIAN",78,78,100,amarilla,False,https://www.rffm.es/acta-partido/1181383,2026-08-09T02:33:13.704103+00:00
1181383,667,227315,"VICENTE ARRIBAS, VICTOR",80,80,100,amarilla,False,https://www.rffm.es/acta-partido/1181383,2026-08-09T02:33:13.704103+00:00
1181383,667,218660,"GARCIA GONZALEZ, CARLOS",90,90,100,amarilla,False,https://www.rffm.es/acta-partido/1181383,2026-08-09T02:33:13.704103+00:00
1181383,607,227318,"RUIZ ESTEVE, ALEJANDRO",26,26,100,amarilla,False,https://www.rffm.es/acta-partido/1181383,2026-08-09T02:33:13.704103+00:00
1181383,607,29250,"GARCIA GOMEZ, CARLOS JOSE",37,37,100,amarilla,False,https://www.rffm.es/acta-partido/1181383,2026-08-09T02:33:13.704103+00:00
1181383,607,220664,"VIANA SANCHEZ, MIGUEL ANGEL",68,68,100,amarilla,False,https://www.rffm.es/acta-partido/1181383,2026-08-09T02:33:13.704103+00:00
1181394,466771,609967,"ROJAS LEON, DIEGO",6,6,100,amarilla,False,https://www.rffm.es/acta-partido/1181394,2026-08-09T02:33:14.346614+00:00
1181394,466771,27992,"SANCHEZ CABALLERO, ENRIQUE",22,22,100,amarilla,False,https://www.rffm.es/acta-partido/1181394,2026-08-09T02:33:14.346614+00:00
1181394,466771,419276,"HERRAEZ ALVAREZ, CARLOS",74,74,100,amarilla,False,https://www.rffm.es/acta-partido/1181394,2026-08-09T02:33:14.346614+00:00
1181394,520178,6032989,"CASTELNOBLE ROCHA, SANTIAGO",14,14,100,amarilla,False,https://www.rffm.es/acta-partido/1181394,2026-08-09T02:33:14.346614+00:00
1181394,520178,127400,"HERNANDEZ RODRIGUEZ, MIGUEL",37,37,100,amarilla,False,https://www.rffm.es/acta-partido/1181394,2026-08-09T02:33:14.346614+00:00
1181394,520178,124130,"ABAD SANTISTEBAN, OMAR FRANCISCO",74,74,100,amarilla,False,https://www.rffm.es/acta-partido/1181394,2026-08-09T02:33:14.346614+00:00
1181389,1045174,30334,"RAMIREZ MARTINEZ, ALBERTO",38,38,101,roja,False,https://www.rffm.es/acta-partido/1181389,2026-08-09T02:33:14.388389+00:00
1181390,2471,4594481,"DE GRACIA APONTE, ALVARO",27,27,100,amarilla,False,https://www.rffm.es/acta-partido/1181390,2026-08-09T02:33:14.592082+00:00
1181390,2471,4594481,"DE GRACIA APONTE, ALVARO",89,89,100,amarilla,True,https://www.rffm.es/acta-partido/1181390,2026-08-09T02:33:14.592082+00:00
1181395,1457,11188654,"SEGADOR BASTEIRO, ROBERTO CARLOS",33,33,100,amarilla,False,https://www.rffm.es/acta-partido/1181395,2026-08-09T02:33:15.325961+00:00
1181395,1457,918960,"REIN RETANA, NICOLAS",37,37,100,amarilla,False,https://www.rffm.es/acta-partido/1181395,2026-08-09T02:33:15.325961+00:00
1181395,1457,9297055,"KOUA, KAYODE SAMADOU",63,63,100,amarilla,False,https://www.rffm.es/acta-partido/1181395,2026-08-09T02:33:15.325961+00:00
1181395,1457,133266,"NUÑEZ VILLAMAYOR, IGNACIO",78,78,101,roja,False,https://www.rffm.es/acta-partido/1181395,2026-08-09T02:33:15.325961+00:00
1181395,1758,307009,"VICENTE GARCIA, ADRIAN",42,42,100,amarilla,False,https://www.rffm.es/acta-partido/1181395,2026-08-09T02:33:15.325961+00:00
1181395,1758,4209234,"PALMEROLA MORINIGO, ALEX GIOVANNI",78,78,101,roja,False,https://www.rffm.es/acta-partido/1181395,2026-08-09T02:33:15.325961+00:00
1181395,1758,238014,"IGLESIAS ARANDA, ROBERTO",83,83,100,amarilla,False,https://www.rffm.es/acta-partido/1181395,2026-08-09T02:33:15.325961+00:00
1181401,908,429656,"GUILLEN CALERO, RAFAEL",83,83,101,roja,False,https://www.rffm.es/acta-partido/1181401,2026-08-09T02:33:15.406263+00:00
1181402,667,19691,"MARTINEZ DE LEIVA SAEZ DE IBARRA, JOSE ANGEL",88,88,101,roja,False,https://www.rffm.es/acta-partido/1181402,2026-08-09T02:33:15.537253+00:00
1181413,520178,231696,"NAVALON HERNANDEZ, MARCOS",49,49,100,amarilla,False,https://www.rffm.es/acta-partido/1181413,2026-08-09T02:33:16.849046+00:00
1181413,520178,231696,"NAVALON HERNANDEZ, MARCOS",54,54,100,amarilla,True,https://www.rffm.es/acta-partido/1181413,2026-08-09T02:33:16.849046+00:00
1181397,680172,29964,"PEREZ ROMAN, JAVIER",40,40,101,roja,False,https://www.rffm.es/acta-partido/1181397,2026-08-09T02:33:16.853704+00:00
1181407,680172,13461838,"SEGLAR PIQUER, RUBEN",15,15,100,amarilla,False,https://www.rffm.es/acta-partido/1181407,2026-08-09T02:33:17.055515+00:00
1181407,680172,13461838,"SEGLAR PIQUER, RUBEN",45,45,100,amarilla,True,https://www.rffm.es/acta-partido/1181407,2026-08-09T02:33:17.055515+00:00
1181407,680172,681208,"GONZALEZ OLALLA, JOSE LUIS",63,63,101,roja,False,https://www.rffm.es/acta-partido/1181407,2026-08-09T02:33:17.055515+00:00
1181407,680172,365466,"RODRIGUEZ SANCHEZ, PEDRO",72,72,101,roja,False,https://www.rffm.es/acta-partido/1181407,2026-08-09T02:33:17.055515+00:00
1181411,466771,27992,"SANCHEZ CABALLERO, ENRIQUE",39,39,100,amarilla,False,https://www.rffm.es/acta-partido/1181411,2026-08-09T02:33:17.208955+00:00
1181411,466771,345198,"MARTÍNEZ URQUIZA, LUIS",50,50,100,amarilla,False,https://www.rffm.es/acta-partido/1181411,2026-08-09T02:33:17.208955+00:00
1181411,466771,345198,"MARTÍNEZ URQUIZA, LUIS",84,84,100,amarilla,True,https://www.rffm.es/acta-partido/1181411,2026-08-09T02:33:17.208955+00:00
1181411,466771,6511074,"MARINA DE BLAS, MIGUEL",84,84,101,roja,False,https://www.rffm.es/acta-partido/1181411,2026-08-09T02:33:17.208955+00:00
1181411,466771,27992,"SANCHEZ CABALLERO, ENRIQUE",87,87,100,amarilla,True,https://www.rffm.es/acta-partido/1181411,2026-08-09T02:33:17.208955+00:00
1181411,908,141259,"RUIZ PALOMO, RUBEN",45,45,101,roja,False,https://www.rffm.es/acta-partido/1181411,2026-08-09T02:33:17.208955+00:00
1181408,334360,5458969,"LÓPEZ CALVO, GAIZKA",30,30,100,amarilla,False,https://www.rffm.es/acta-partido/1181408,2026-08-09T02:33:17.694666+00:00
1181408,334360,5406347,"VELAR MUÑOZ, ANDRES",67,67,100,amarilla,False,https://www.rffm.es/acta-partido/1181408,2026-08-09T02:33:17.694666+00:00
1181408,334360,5406347,"VELAR MUÑOZ, ANDRES",67,67,100,amarilla,False,https://www.rffm.es/acta-partido/1181408,2026-08-09T02:33:17.694666+00:00
1181408,334360,5458969,"LÓPEZ CALVO, GAIZKA",67,67,100,amarilla,True,https://www.rffm.es/acta-partido/1181408,2026-08-09T02:33:17.694666+00:00
1181408,1045174,224593,"DE LA MORENA ARANGUREN, JAVIER",20,20,100,amarilla,False,https://www.rffm.es/acta-partido/1181408,2026-08-09T02:33:17.694666+00:00
1181408,1045174,232856,"LARIOS GARCIA, CARLOS",57,57,100,amarilla,False,https://www.rffm.es/acta-partido/1181408,2026-08-09T02:33:17.694666+00:00
1181408,1045174,224593,"DE LA MORENA ARANGUREN, JAVIER",75,75,100,amarilla,True,https://www.rffm.es/acta-partido/1181408,2026-08-09T02:33:17.694666+00:00
1181408,1045174,232856,"LARIOS GARCIA, CARLOS",80,80,100,amarilla,True,https://www.rffm.es/acta-partido/1181408,2026-08-09T02:33:17.694666+00:00
1181412,1457,2426298,"FERNANDEZ PEREZ, SERGIO ",90,90,101,roja,False,https://www.rffm.es/acta-partido/1181412,2026-08-09T02:33:17.895027+00:00
1181410,2729288,1097973,"MERINO JUNQUERA, ALVARO",52,52,101,roja,False,https://www.rffm.es/acta-partido/1181410,2026-08-09T02:33:18.176176+00:00
1181422,520178,6032989,"CASTELNOBLE ROCHA, SANTIAGO",50,50,100,amarilla,False,https://www.rffm.es/acta-partido/1181422,2026-08-09T02:33:18.180540+00:00
1181422,520178,6032989,"CASTELNOBLE ROCHA, SANTIAGO",60,60,100,amarilla,True,https://www.rffm.es/acta-partido/1181422,2026-08-09T02:33:18.180540+00:00
1181419,2729288,235845,"NOGALES HERNANDEZ, JORGE",43,43,100,amarilla,False,https://www.rffm.es/acta-partido/1181419,2026-08-09T02:33:18.184680+00:00
1181419,2729288,235845,"NOGALES HERNANDEZ, JORGE",57,57,100,amarilla,True,https://www.rffm.es/acta-partido/1181419,2026-08-09T02:33:18.184680+00:00
1181419,466771,124960,"ANTON CRESPO, ARNOLD",53,53,101,roja,False,https://www.rffm.es/acta-partido/1181419,2026-08-09T02:33:18.184680+00:00
1181420,1457,10899631,"MARTINEZ GURRIONERO, PEDRO",74,74,101,roja,False,https://www.rffm.es/acta-partido/1181420,2026-08-09T02:33:18.343464+00:00
1181417,1045174,33572,"LARRAGAN MALDONADO, RAMIRO",31,31,100,amarilla,False,https://www.rffm.es/acta-partido/1181417,2026-08-09T02:33:19.055046+00:00
1181417,1045174,33572,"LARRAGAN MALDONADO, RAMIRO",46,46,100,amarilla,True,https://www.rffm.es/acta-partido/1181417,2026-08-09T02:33:19.055046+00:00
1181421,1758,146327,"GARCIA MORANTE, LUIS",19,19,100,amarilla,False,https://www.rffm.es/acta-partido/1181421,2026-08-09T02:33:19.465430+00:00
1181421,1758,146327,"GARCIA MORANTE, LUIS",89,89,100,amarilla,True,https://www.rffm.es/acta-partido/1181421,2026-08-09T02:33:19.465430+00:00
1181429,1457,75762,"TORRES MARTIN, PEDRO ISAAC",88,88,100,amarilla,False,https://www.rffm.es/acta-partido/1181429,2026-08-09T02:33:20.425549+00:00
1181429,1457,75762,"TORRES MARTIN, PEDRO ISAAC",89,89,100,amarilla,True,https://www.rffm.es/acta-partido/1181429,2026-08-09T02:33:20.425549+00:00
1181427,4941686,614692,"GODINO SERRANO, ALVARO LEON",73,73,100,amarilla,False,https://www.rffm.es/acta-partido/1181427,2026-08-09T02:33:20.497998+00:00
1181427,4941686,614692,"GODINO SERRANO, ALVARO LEON",78,78,100,amarilla,True,https://www.rffm.es/acta-partido/1181427,2026-08-09T02:33:20.497998+00:00
1181427,1045174,224589,"MARTIN PALOMINO, BORJA",45,45,100,amarilla,False,https://www.rffm.es/acta-partido/1181427,2026-08-09T02:33:20.497998+00:00
1181427,1045174,9471413,"CERVANTES BEDOYA, JUAN",73,73,100,amarilla,False,https://www.rffm.es/acta-partido/1181427,2026-08-09T02:33:20.497998+00:00
1181427,1045174,9471413,"CERVANTES BEDOYA, JUAN",73,73,100,amarilla,False,https://www.rffm.es/acta-partido/1181427,2026-08-09T02:33:20.497998+00:00
1181427,1045174,224589,"MARTIN PALOMINO, BORJA",89,89,100,amarilla,True,https://www.rffm.es/acta-partido/1181427,2026-08-09T02:33:20.497998+00:00
1181434,300550,134442,"CAMPOS MIGUEL, JUAN ANTONIO",999,999,101,roja,False,https://www.rffm.es/acta-partido/1181434,2026-08-09T02:33:20.848288+00:00
1181438,2729288,330267,"GOMEZ MARTIN, GUILLERMO",32,32,100,amarilla,False,https://www.rffm.es/acta-partido/1181438,2026-08-09T02:33:22.011923+00:00
1181438,2729288,1097973,"MERINO JUNQUERA, ALVARO",85,85,100,amarilla,False,https://www.rffm.es/acta-partido/1181438,2026-08-09T02:33:22.011923+00:00
1181438,2729288,4722020,"FONTA SANCHIS, JORGE",89,89,100,amarilla,False,https://www.rffm.es/acta-partido/1181438,2026-08-09T02:33:22.011923+00:00
1181438,1758,609930,"PEÑA MARTINEZ, RUBEN",18,18,100,amarilla,False,https://www.rffm.es/acta-partido/1181438,2026-08-09T02:33:22.011923+00:00
1181438,1758,384066,"DOMINGUEZ MORA, HECTOR",79,79,100,amarilla,False,https://www.rffm.es/acta-partido/1181438,2026-08-09T02:33:22.011923+00:00
1181438,1758,152274,"BRAVO LOPEZ, VICTOR JOSE",89,89,100,amarilla,False,https://www.rffm.es/acta-partido/1181438,2026-08-09T02:33:22.011923+00:00
1181449,908,122735,"PINO MOLINERO, DANIEL",64,64,100,amarilla,False,https://www.rffm.es/acta-partido/1181449,2026-08-09T02:33:22.426270+00:00
1181449,908,122735,"PINO MOLINERO, DANIEL",67,67,100,amarilla,True,https://www.rffm.es/acta-partido/1181449,2026-08-09T02:33:22.426270+00:00
1181449,908,16297421,"RUIZ PALOMO, JOSE MANUEL",81,81,100,amarilla,False,https://www.rffm.es/acta-partido/1181449,2026-08-09T02:33:22.426270+00:00
1181449,908,16297421,"RUIZ PALOMO, JOSE MANUEL",91,91,100,amarilla,True,https://www.rffm.es/acta-partido/1181449,2026-08-09T02:33:22.426270+00:00
1181447,2471,4594481,"DE GRACIA APONTE, ALVARO",89,89,101,roja,False,https://www.rffm.es/acta-partido/1181447,2026-08-09T02:33:22.477266+00:00
1181447,2471,127493,"MARCILLA GAYA, ALEJANDRO",89,89,100,amarilla,False,https://www.rffm.es/acta-partido/1181447,2026-08-09T02:33:22.477266+00:00
1181447,2471,127493,"MARCILLA GAYA, ALEJANDRO",89,89,100,amarilla,False,https://www.rffm.es/acta-partido/1181447,2026-08-09T02:33:22.477266+00:00
1181444,300550,30198,"PALENCIA MUÑOZ, SERGIO",90,90,100,amarilla,False,https://www.rffm.es/acta-partido/1181444,2026-08-09T02:33:23.369305+00:00
1181444,300550,30198,"PALENCIA MUÑOZ, SERGIO",90,90,100,amarilla,False,https://www.rffm.es/acta-partido/1181444,2026-08-09T02:33:23.369305+00:00
1181441,139,473408,"JIMENEZ GONZALEZ, LUIS JESUS",24,24,100,amarilla,False,https://www.rffm.es/acta-partido/1181441,2026-08-09T02:33:23.675294+00:00
1181441,139,27755,"CUESTA MENENDEZ, ROBERTO",43,43,100,amarilla,False,https://www.rffm.es/acta-partido/1181441,2026-08-09T02:33:23.675294+00:00
1181441,139,28485,"BARRAL OTERO, MANUEL",43,43,100,amarilla,False,https://www.rffm.es/acta-partido/1181441,2026-08-09T02:33:23.675294+00:00
1181452,4941686,441948,"COLAS VILLA, LUIS",15,15,100,amarilla,False,https://www.rffm.es/acta-partido/1181452,2026-08-09T02:33:23.735002+00:00
1181452,4941686,441948,"COLAS VILLA, LUIS",75,75,100,amarilla,True,https://www.rffm.es/acta-partido/1181452,2026-08-09T02:33:23.735002+00:00
1181455,1045174,20572,"SALAS SANCHEZ, DANIEL",25,25,100,amarilla,False,https://www.rffm.es/acta-partido/1181455,2026-08-09T02:33:24.287507+00:00
1181455,1045174,30392,"LAGARES LEMOS, ROBERTO",26,26,100,amarilla,False,https://www.rffm.es/acta-partido/1181455,2026-08-09T02:33:24.287507+00:00
1181455,1045174,237183,"REBOLLAR JUAREZ, ANTONIO ANDRES",53,53,100,amarilla,False,https://www.rffm.es/acta-partido/1181455,2026-08-09T02:33:24.287507+00:00
1181455,1045174,14852281,"GOMEZ RUIZ, RAUL",75,75,100,amarilla,False,https://www.rffm.es/acta-partido/1181455,2026-08-09T02:33:24.287507+00:00
1181455,1045174,232856,"LARIOS GARCIA, CARLOS",80,80,100,amarilla,False,https://www.rffm.es/acta-partido/1181455,2026-08-09T02:33:24.287507+00:00
1181455,1758,1066605,"GONZALEZ RODRIGUEZ, ISMAEL",73,73,100,amarilla,False,https://www.rffm.es/acta-partido/1181455,2026-08-09T02:33:24.287507+00:00
1181455,1758,451167,"GALLEGO LOZANO, CARLOS",82,82,101,roja,False,https://www.rffm.es/acta-partido/1181455,2026-08-09T02:33:24.287507+00:00
1181455,1758,152274,"BRAVO LOPEZ, VICTOR JOSE",83,83,100,amarilla,False,https://www.rffm.es/acta-partido/1181455,2026-08-09T02:33:24.287507+00:00
1181455,1758,7399524,"PANIAGUA GOMEZ, JAVIER",88,88,100,amarilla,False,https://www.rffm.es/acta-partido/1181455,2026-08-09T02:33:24.287507+00:00
1181450,334360,327523,"MORENO RESTA, FRANCISCO RAFAEL",72,72,100,amarilla,False,https://www.rffm.es/acta-partido/1181450,2026-08-09T02:33:24.349140+00:00
1181450,334360,327523,"MORENO RESTA, FRANCISCO RAFAEL",74,74,100,amarilla,True,https://www.rffm.es/acta-partido/1181450,2026-08-09T02:33:24.349140+00:00
1181453,300550,223978,"NAVARRO MERINO, DAVID",8,8,100,amarilla,False,https://www.rffm.es/acta-partido/1181453,2026-08-09T02:33:25.144954+00:00
1181453,300550,28064,"GONZÁLEZ ARRANZ, ANDRÉS",41,41,100,amarilla,False,https://www.rffm.es/acta-partido/1181453,2026-08-09T02:33:25.144954+00:00
1181453,300550,28064,"GONZÁLEZ ARRANZ, ANDRÉS",66,66,100,amarilla,True,https://www.rffm.es/acta-partido/1181453,2026-08-09T02:33:25.144954+00:00
1181453,300550,1068298,"FERNANDEZ FUENTES, PABLO",71,71,100,amarilla,False,https://www.rffm.es/acta-partido/1181453,2026-08-09T02:33:25.144954+00:00
1181453,300550,975476,"PLACENCIO GARCIA, RICARDO ALBERTO",81,81,100,amarilla,False,https://www.rffm.es/acta-partido/1181453,2026-08-09T02:33:25.144954+00:00
1181453,466771,419276,"HERRAEZ ALVAREZ, CARLOS",49,49,100,amarilla,False,https://www.rffm.es/acta-partido/1181453,2026-08-09T02:33:25.144954+00:00
1181460,2471,110552,"GARCIA DEL MONTE, SERGIO",36,36,100,amarilla,False,https://www.rffm.es/acta-partido/1181460,2026-08-09T02:33:25.159083+00:00
1181460,2471,19777,"BARRAGAN MALLO, JOSE ANTONIO",39,39,100,amarilla,False,https://www.rffm.es/acta-partido/1181460,2026-08-09T02:33:25.159083+00:00
1181460,2471,110552,"GARCIA DEL MONTE, SERGIO",42,42,100,amarilla,True,https://www.rffm.es/acta-partido/1181460,2026-08-09T02:33:25.159083+00:00
1181460,2471,20946,"LOPEZ LOPEZ, ALEJANDRO",44,44,100,amarilla,False,https://www.rffm.es/acta-partido/1181460,2026-08-09T02:33:25.159083+00:00
1181460,2471,20109,"CABALLERO VILLALTA, EDUARDO",75,75,100,amarilla,False,https://www.rffm.es/acta-partido/1181460,2026-08-09T02:33:25.159083+00:00
1181460,2471,3713404,"AREVALO ALONSO, JUAN CARLOS",80,80,101,roja,False,https://www.rffm.es/acta-partido/1181460,2026-08-09T02:33:25.159083+00:00
1181460,2471,194755,"BATAPA APO, ROGELIO",89,89,100,amarilla,False,https://www.rffm.es/acta-partido/1181460,2026-08-09T02:33:25.159083+00:00
1181460,667,19674,"CAGIGAL MARTINEZ, ALBERTO",41,41,100,amarilla,False,https://www.rffm.es/acta-partido/1181460,2026-08-09T02:33:25.159083+00:00
1181460,667,7100085,"PORTINCASA NAVARRO, DANIEL ANDRES",68,68,100,amarilla,False,https://www.rffm.es/acta-partido/1181460,2026-08-09T02:33:25.159083+00:00
1181460,667,384362,"BARRIO HURTADO, RAUL",75,75,100,amarilla,False,https://www.rffm.es/acta-partido/1181460,2026-08-09T02:33:25.159083+00:00
1181460,667,19393,"MARTINEZ COLMENAREJO, JORGE",89,89,100,amarilla,False,https://www.rffm.es/acta-partido/1181460,2026-08-09T02:33:25.159083+00:00
1181459,908,122735,"PINO MOLINERO, DANIEL",59,59,100,amarilla,False,https://www.rffm.es/acta-partido/1181459,2026-08-09T02:33:25.567155+00:00
1181459,908,122735,"PINO MOLINERO, DANIEL",89,89,100,amarilla,True,https://www.rffm.es/acta-partido/1181459,2026-08-09T02:33:25.567155+00:00
1181462,1758,152274,"BRAVO LOPEZ, VICTOR JOSE",58,58,100,amarilla,False,https://www.rffm.es/acta-partido/1181462,2026-08-09T02:33:25.597907+00:00
1181462,1758,152274,"BRAVO LOPEZ, VICTOR JOSE",58,58,100,amarilla,False,https://www.rffm.es/acta-partido/1181462,2026-08-09T02:33:25.597907+00:00
1181465,2890,325696,"VAZQUEZ MARTINEZ, DAVID",23,23,100,amarilla,False,https://www.rffm.es/acta-partido/1181465,2026-08-09T02:33:25.604930+00:00
1181465,2890,8409156,"FERRO BAONZA, FERNANDO",32,32,100,amarilla,False,https://www.rffm.es/acta-partido/1181465,2026-08-09T02:33:25.604930+00:00
1181465,2890,309630,"DEL POZO HERBAS, LUCIANO",89,89,101,roja,False,https://www.rffm.es/acta-partido/1181465,2026-08-09T02:33:25.604930+00:00
1181465,4941686,420193,"NAVARRO VELEZ, IGNACIO",34,34,100,amarilla,False,https://www.rffm.es/acta-partido/1181465,2026-08-09T02:33:25.604930+00:00
1181465,4941686,243112,"PINTOR DE FELIX, RAUL",70,70,100,amarilla,False,https://www.rffm.es/acta-partido/1181465,2026-08-09T02:33:25.604930+00:00
1181465,4941686,404302,"UZQUIANO ABARRATEGUI, BORJA",70,70,100,amarilla,False,https://www.rffm.es/acta-partido/1181465,2026-08-09T02:33:25.604930+00:00
1181465,4941686,420193,"NAVARRO VELEZ, IGNACIO",85,85,100,amarilla,True,https://www.rffm.es/acta-partido/1181465,2026-08-09T02:33:25.604930+00:00
1181467,334360,327208,"JIMENEZ GARCIA, ADRIAN",42,42,100,amarilla,False,https://www.rffm.es/acta-partido/1181467,2026-08-09T02:33:25.761547+00:00
1181467,334360,9372939,"MONTAÑA BOLOS, JOSE DAMIAN",59,59,100,amarilla,False,https://www.rffm.es/acta-partido/1181467,2026-08-09T02:33:25.761547+00:00
1181467,334360,5458969,"LÓPEZ CALVO, GAIZKA",75,75,100,amarilla,False,https://www.rffm.es/acta-partido/1181467,2026-08-09T02:33:25.761547+00:00
1181467,334360,322486,"GARCIA GONZALEZ, MIGUEL",81,81,100,amarilla,False,https://www.rffm.es/acta-partido/1181467,2026-08-09T02:33:25.761547+00:00
1181467,334360,5406347,"VELAR MUÑOZ, ANDRES",85,85,100,amarilla,False,https://www.rffm.es/acta-partido/1181467,2026-08-09T02:33:25.761547+00:00
1181467,334360,327208,"JIMENEZ GARCIA, ADRIAN",87,87,101,roja,False,https://www.rffm.es/acta-partido/1181467,2026-08-09T02:33:25.761547+00:00
1181467,139,776829,"MACHICADO FERNANDEZ, JON",51,51,100,amarilla,False,https://www.rffm.es/acta-partido/1181467,2026-08-09T02:33:25.761547+00:00
1181467,139,151921,"GUTIERREZ FRAILE, ALBERTO",66,66,100,amarilla,False,https://www.rffm.es/acta-partido/1181467,2026-08-09T02:33:25.761547+00:00
1181467,139,28485,"BARRAL OTERO, MANUEL",75,75,100,amarilla,False,https://www.rffm.es/acta-partido/1181467,2026-08-09T02:33:25.761547+00:00
1181467,139,141601,"MIRANDA REGALIZA, JAVIER",90,90,100,amarilla,False,https://www.rffm.es/acta-partido/1181467,2026-08-09T02:33:25.761547+00:00
1181461,1045174,224607,"MARTINEZ SICLUNA ALONSO, ALVARO",41,41,101,roja,False,https://www.rffm.es/acta-partido/1181461,2026-08-09T02:33:26.295969+00:00
1181461,1045174,224589,"MARTIN PALOMINO, BORJA",50,50,100,amarilla,False,https://www.rffm.es/acta-partido/1181461,2026-08-09T02:33:26.295969+00:00
1181461,1045174,224589,"MARTIN PALOMINO, BORJA",62,62,100,amarilla,True,https://www.rffm.es/acta-partido/1181461,2026-08-09T02:33:26.295969+00:00
1181476,607,20594,"VAQUERO MORENO, FERNANDO",68,68,100,amarilla,False,https://www.rffm.es/acta-partido/1181476,2026-08-09T02:33:27.278214+00:00
1181476,607,526919,"OLMO LUCAS, MARCOS",75,75,100,amarilla,False,https://www.rffm.es/acta-partido/1181476,2026-08-09T02:33:27.278214+00:00
1181476,607,32840,"DOMINGUEZ CARRAMOLINO, FERNANDO",86,86,100,amarilla,False,https://www.rffm.es/acta-partido/1181476,2026-08-09T02:33:27.278214+00:00
1181476,607,241656,"GUADAÑO CUIÑAS, ALVARO",93,93,100,amarilla,False,https://www.rffm.es/acta-partido/1181476,2026-08-09T02:33:27.278214+00:00
1181476,334360,327523,"MORENO RESTA, FRANCISCO RAFAEL",34,34,100,amarilla,False,https://www.rffm.es/acta-partido/1181476,2026-08-09T02:33:27.278214+00:00
1181476,334360,322486,"GARCIA GONZALEZ, MIGUEL",56,56,100,amarilla,False,https://www.rffm.es/acta-partido/1181476,2026-08-09T02:33:27.278214+00:00
1181476,334360,235989,"CALVO NERIA, JAIME",60,60,100,amarilla,False,https://www.rffm.es/acta-partido/1181476,2026-08-09T02:33:27.278214+00:00
1181476,334360,9372939,"MONTAÑA BOLOS, JOSE DAMIAN",82,82,100,amarilla,False,https://www.rffm.es/acta-partido/1181476,2026-08-09T02:33:27.278214+00:00
1181469,908,122834,"ALONSO MENDOZA, JUAN",11,11,100,amarilla,False,https://www.rffm.es/acta-partido/1181469,2026-08-09T02:33:27.452985+00:00
1181469,908,28416,"CAMACHO VALLEJO, DANIEL",30,30,100,amarilla,False,https://www.rffm.es/acta-partido/1181469,2026-08-09T02:33:27.452985+00:00
1181475,4941686,11184424,"FRISUELOS ALVARO, ALBERTO",51,51,100,amarilla,False,https://www.rffm.es/acta-partido/1181475,2026-08-09T02:33:27.604582+00:00
1181475,4941686,11184424,"FRISUELOS ALVARO, ALBERTO",83,83,100,amarilla,True,https://www.rffm.es/acta-partido/1181475,2026-08-09T02:33:27.604582+00:00
1181483,300725,6761485,"CASIELLES CASTRILLON, EDUARDO",49,49,100,amarilla,False,https://www.rffm.es/acta-partido/1181483,2026-08-09T02:33:29.408001+00:00
1181483,300725,6761485,"CASIELLES CASTRILLON, EDUARDO",65,65,100,amarilla,True,https://www.rffm.es/acta-partido/1181483,2026-08-09T02:33:29.408001+00:00
1181482,2890,325696,"VAZQUEZ MARTINEZ, DAVID",77,77,100,amarilla,False,https://www.rffm.es/acta-partido/1181482,2026-08-09T02:33:29.444643+00:00
1181482,2890,325696,"VAZQUEZ MARTINEZ, DAVID",83,83,100,amarilla,True,https://www.rffm.es/acta-partido/1181482,2026-08-09T02:33:29.444643+00:00
1181486,2471,4594481,"DE GRACIA APONTE, ALVARO",27,27,100,amarilla,False,https://www.rffm.es/acta-partido/1181486,2026-08-09T02:33:29.706415+00:00
1181486,2471,4594481,"DE GRACIA APONTE, ALVARO",42,42,100,amarilla,True,https://www.rffm.es/acta-partido/1181486,2026-08-09T02:33:29.706415+00:00
1181491,1758,384066,"DOMINGUEZ MORA, HECTOR",29,29,100,amarilla,False,https://www.rffm.es/acta-partido/1181491,2026-08-09T02:33:29.859258+00:00
1181494,4941686,1114344,"RAMON BORJA MARTINEZ, ENRIQUE",37,37,100,amarilla,False,https://www.rffm.es/acta-partido/1181494,2026-08-09T02:33:30.035513+00:00
1181494,4941686,420196,"GISMERA GARCIA, EDUARDO",66,66,100,amarilla,False,https://www.rffm.es/acta-partido/1181494,2026-08-09T02:33:30.035513+00:00
1181494,4941686,12063013,"AMMATURO, FRANCO JAVIER",83,83,100,amarilla,False,https://www.rffm.es/acta-partido/1181494,2026-08-09T02:33:30.035513+00:00
1181494,4941686,614692,"GODINO SERRANO, ALVARO LEON",86,86,100,amarilla,False,https://www.rffm.es/acta-partido/1181494,2026-08-09T02:33:30.035513+00:00
1181494,607,29250,"GARCIA GOMEZ, CARLOS JOSE",52,52,100,amarilla,False,https://www.rffm.es/acta-partido/1181494,2026-08-09T02:33:30.035513+00:00
1181494,607,15122014,"HARRAG, MOHAMMED",56,56,100,amarilla,False,https://www.rffm.es/acta-partido/1181494,2026-08-09T02:33:30.035513+00:00
1181494,607,232666,"GARCIA FERNANDEZ, RAUL",71,71,100,amarilla,False,https://www.rffm.es/acta-partido/1181494,2026-08-09T02:33:30.035513+00:00
1181494,607,118428,"LOPEZ DE AYALA PANIZO, JOSE LUIS",77,77,100,amarilla,False,https://www.rffm.es/acta-partido/1181494,2026-08-09T02:33:30.035513+00:00
1181494,607,9328146,"ALVAREZ GARCIA, MIGUEL SECUNDINO",82,82,100,amarilla,False,https://www.rffm.es/acta-partido/1181494,2026-08-09T02:33:30.035513+00:00
1181494,607,9328146,"ALVAREZ GARCIA, MIGUEL SECUNDINO",89,89,101,roja,False,https://www.rffm.es/acta-partido/1181494,2026-08-09T02:33:30.035513+00:00
1181494,607,555240,"MOLINA RIVERA, JORGE",999,999,100,amarilla,False,https://www.rffm.es/acta-partido/1181494,2026-08-09T02:33:30.035513+00:00
1181487,2729288,10591926,"BENSALIH PIÑEIRO, DANIEL",22,22,100,amarilla,False,https://www.rffm.es/acta-partido/1181487,2026-08-09T02:33:30.041090+00:00
1181487,2729288,230951,"GONZALEZ HERNAN, GUILLERMO",64,64,100,amarilla,False,https://www.rffm.es/acta-partido/1181487,2026-08-09T02:33:30.041090+00:00
1181487,2729288,327191,"HUERTA SERRANO, JAVIER",70,70,100,amarilla,False,https://www.rffm.es/acta-partido/1181487,2026-08-09T02:33:30.041090+00:00
1181487,2729288,322940,"MERA GONZALEZ, PABLO",86,86,100,amarilla,False,https://www.rffm.es/acta-partido/1181487,2026-08-09T02:33:30.041090+00:00
1181487,2729288,236787,"GARCIA GARCIA, ROBERTO",90,90,100,amarilla,False,https://www.rffm.es/acta-partido/1181487,2026-08-09T02:33:30.041090+00:00
1181487,1045174,606153,"SAENZ DE SANTA MARIA CANOVAS, GONZALO",21,21,100,amarilla,False,https://www.rffm.es/acta-partido/1181487,2026-08-09T02:33:30.041090+00:00
1181487,1045174,232856,"LARIOS GARCIA, CARLOS",72,72,100,amarilla,False,https://www.rffm.es/acta-partido/1181487,2026-08-09T02:33:30.041090+00:00
1181487,1045174,224589,"MARTIN PALOMINO, BORJA",82,82,100,amarilla,False,https://www.rffm.es/acta-partido/1181487,2026-08-09T02:33:30.041090+00:00
1181487,1045174,330597,"RODRIGUEZ SOMOLINOS, JAVIER",85,85,100,amarilla,False,https://www.rffm.es/acta-partido/1181487,2026-08-09T02:33:30.041090+00:00
1181487,1045174,33572,"LARRAGAN MALDONADO, RAMIRO",89,89,100,amarilla,False,https://www.rffm.es/acta-partido/1181487,2026-08-09T02:33:30.041090+00:00
1181487,1045174,221485,"MARTIN GRACIA, JORGE",90,90,100,amarilla,False,https://www.rffm.es/acta-partido/1181487,2026-08-09T02:33:30.041090+00:00
1181487,1045174,242311,"PEREZ MARINAS, ADRIAN",90,90,100,amarilla,False,https://www.rffm.es/acta-partido/1181487,2026-08-09T02:33:30.041090+00:00
1181487,1045174,242311,"PEREZ MARINAS, ADRIAN",90,90,100,amarilla,False,https://www.rffm.es/acta-partido/1181487,2026-08-09T02:33:30.041090+00:00
1181487,1045174,330597,"RODRIGUEZ SOMOLINOS, JAVIER",90,90,100,amarilla,True,https://www.rffm.es/acta-partido/1181487,2026-08-09T02:33:30.041090+00:00
1181490,520178,241426,"FRUTOS CARRERO, TOMAS",62,62,100,amarilla,False,https://www.rffm.es/acta-partido/1181490,2026-08-09T02:33:30.639532+00:00
1181490,520178,241426,"FRUTOS CARRERO, TOMAS",77,77,100,amarilla,True,https://www.rffm.es/acta-partido/1181490,2026-08-09T02:33:30.639532+00:00
1181490,3358897,590389,"NSUE NZANG BINDANG, MICAHEL MANUEL",81,81,100,amarilla,False,https://www.rffm.es/acta-partido/1181490,2026-08-09T02:33:30.639532+00:00
1181490,3358897,590389,"NSUE NZANG BINDANG, MICAHEL MANUEL",90,90,100,amarilla,True,https://www.rffm.es/acta-partido/1181490,2026-08-09T02:33:30.639532+00:00
1181496,680172,327167,"LAFUENTE NOVO, ANTONIO",75,75,100,amarilla,False,https://www.rffm.es/acta-partido/1181496,2026-08-09T02:33:31.133206+00:00
1181496,680172,327167,"LAFUENTE NOVO, ANTONIO",77,77,100,amarilla,True,https://www.rffm.es/acta-partido/1181496,2026-08-09T02:33:31.133206+00:00
1181502,607,232666,"GARCIA FERNANDEZ, RAUL",64,64,100,amarilla,False,https://www.rffm.es/acta-partido/1181502,2026-08-09T02:33:31.177889+00:00
1181502,607,232666,"GARCIA FERNANDEZ, RAUL",66,66,100,amarilla,True,https://www.rffm.es/acta-partido/1181502,2026-08-09T02:33:31.177889+00:00
1181501,334360,8917978,"FERNANDEZ BERENGUER, PABLO",68,68,101,roja,False,https://www.rffm.es/acta-partido/1181501,2026-08-09T02:33:31.384562+00:00
1181492,1457,358944,"SARRIA PASTOR, JUAN MANUEL",8,8,100,amarilla,False,https://www.rffm.es/acta-partido/1181492,2026-08-09T02:33:31.396147+00:00
1181492,1457,243595,"LOPEZ VAZQUEZ MENDEZ, JUAN",73,73,100,amarilla,False,https://www.rffm.es/acta-partido/1181492,2026-08-09T02:33:31.396147+00:00
1181492,300725,395487,"FERNANDEZ ESCOLASTICO, RONALD",57,57,100,amarilla,False,https://www.rffm.es/acta-partido/1181492,2026-08-09T02:33:31.396147+00:00
1181492,300725,3068903,"FLOR CARAVE, ANTONIO ALFONSO",80,80,100,amarilla,False,https://www.rffm.es/acta-partido/1181492,2026-08-09T02:33:31.396147+00:00
1181492,300725,10968864,"MONTES ZAPICO, EDUARDO",83,83,100,amarilla,False,https://www.rffm.es/acta-partido/1181492,2026-08-09T02:33:31.396147+00:00
1181498,3358897,795916,"ESCOVAR ALARCON, JUAN PABLO",14,14,100,amarilla,False,https://www.rffm.es/acta-partido/1181498,2026-08-09T02:33:32.137180+00:00
1181498,3358897,416041,"VALBUENA ROT, IVAN",32,32,100,amarilla,False,https://www.rffm.es/acta-partido/1181498,2026-08-09T02:33:32.137180+00:00
1181498,667,227315,"VICENTE ARRIBAS, VICTOR",67,67,101,roja,False,https://www.rffm.es/acta-partido/1181498,2026-08-09T02:33:32.137180+00:00
1181510,1758,329769,"MONTERO GADEA, JULIO",88,88,101,roja,False,https://www.rffm.es/acta-partido/1181510,2026-08-09T02:33:32.233382+00:00
1181510,334360,5406347,"VELAR MUÑOZ, ANDRES",68,68,101,roja,False,https://www.rffm.es/acta-partido/1181510,2026-08-09T02:33:32.233382+00:00
1181510,334360,408609,"FERNANDEZ BERRIDI LOPEZ, ALFONSO JOSE",88,88,101,roja,False,https://www.rffm.es/acta-partido/1181510,2026-08-09T02:33:32.233382+00:00
1181512,466771,609967,"ROJAS LEON, DIEGO",69,69,100,amarilla,False,https://www.rffm.es/acta-partido/1181512,2026-08-09T02:33:32.654215+00:00
1181512,466771,220501,"MONTERO ALARCON, MIGUEL NICOLAS",75,75,100,amarilla,False,https://www.rffm.es/acta-partido/1181512,2026-08-09T02:33:32.654215+00:00
1181512,466771,577015,"KHALIFA DE LA QUINTANA, JAVIER",89,89,100,amarilla,False,https://www.rffm.es/acta-partido/1181512,2026-08-09T02:33:32.654215+00:00
1181512,4941686,10880819,"FRISUELOS ALVARO, ALBERTO",11,11,100,amarilla,False,https://www.rffm.es/acta-partido/1181512,2026-08-09T02:33:32.654215+00:00
1181512,4941686,442008,"PUIG GOMEZ, JAVIER",17,17,100,amarilla,False,https://www.rffm.es/acta-partido/1181512,2026-08-09T02:33:32.654215+00:00
1181512,4941686,10681449,"LOPEZ CAPON, DAVID",20,20,100,amarilla,False,https://www.rffm.es/acta-partido/1181512,2026-08-09T02:33:32.654215+00:00
1181512,4941686,325133,"NAVARRO VELEZ, JORGE",37,37,100,amarilla,False,https://www.rffm.es/acta-partido/1181512,2026-08-09T02:33:32.654215+00:00
1181512,4941686,12063013,"AMMATURO, FRANCO JAVIER",42,42,100,amarilla,False,https://www.rffm.es/acta-partido/1181512,2026-08-09T02:33:32.654215+00:00
1181512,4941686,614692,"GODINO SERRANO, ALVARO LEON",71,71,100,amarilla,False,https://www.rffm.es/acta-partido/1181512,2026-08-09T02:33:32.654215+00:00
1181512,4941686,11800629,"DE VICENTE ALFONSO, DAVID ",89,89,100,amarilla,False,https://www.rffm.es/acta-partido/1181512,2026-08-09T02:33:32.654215+00:00
1181512,4941686,12063013,"AMMATURO, FRANCO JAVIER",999,999,100,amarilla,True,https://www.rffm.es/acta-partido/1181512,2026-08-09T02:33:32.654215+00:00
1179470,989,47734,"RAMIREZ FERNANDEZ, ALEJANDRO",2,2,101,roja,False,https://www.rffm.es/acta-partido/1179470,2026-08-09T02:33:34.715311+00:00
1179474,1338,4118687,"THIOR, ABDOULAYE",76,76,100,amarilla,False,https://www.rffm.es/acta-partido/1179474,2026-08-09T02:33:34.719002+00:00
1179474,1338,4118687,"THIOR, ABDOULAYE",89,89,100,amarilla,True,https://www.rffm.es/acta-partido/1179474,2026-08-09T02:33:34.719002+00:00
1179486,1278,177169,"PASTOR RUIZ, RICARDO",46,46,100,amarilla,False,https://www.rffm.es/acta-partido/1179486,2026-08-09T02:33:35.081959+00:00
1179486,1278,177169,"PASTOR RUIZ, RICARDO",52,52,100,amarilla,True,https://www.rffm.es/acta-partido/1179486,2026-08-09T02:33:35.081959+00:00
1179486,1278,177043,"VILLARREAL MEDINA, IVAN",56,56,100,amarilla,False,https://www.rffm.es/acta-partido/1179486,2026-08-09T02:33:35.081959+00:00
1179486,1278,177043,"VILLARREAL MEDINA, IVAN",84,84,100,amarilla,True,https://www.rffm.es/acta-partido/1179486,2026-08-09T02:33:35.081959+00:00
1179486,1278,177943,"EXPOSITO MADERUELO, SERGIO",92,92,100,amarilla,False,https://www.rffm.es/acta-partido/1179486,2026-08-09T02:33:35.081959+00:00
1179486,1278,177943,"EXPOSITO MADERUELO, SERGIO",95,95,101,roja,False,https://www.rffm.es/acta-partido/1179486,2026-08-09T02:33:35.081959+00:00
1179486,2628,179991,"MATEOS GONZALEZ, DANIEL",4,4,100,amarilla,False,https://www.rffm.es/acta-partido/1179486,2026-08-09T02:33:35.081959+00:00
1179486,2628,179972,"NAVARRO JIMENEZ, CRISTIAN",28,28,100,amarilla,False,https://www.rffm.es/acta-partido/1179486,2026-08-09T02:33:35.081959+00:00
1179486,2628,9439556,"TORRE CALVO, DIEGO",38,38,100,amarilla,False,https://www.rffm.es/acta-partido/1179486,2026-08-09T02:33:35.081959+00:00
1179486,2628,13472124,"ALZINA BARROSO, PEDRO",75,75,100,amarilla,False,https://www.rffm.es/acta-partido/1179486,2026-08-09T02:33:35.081959+00:00
1179486,2628,181280,"HERRANZ RAPOSO, JULIAN",90,90,100,amarilla,False,https://www.rffm.es/acta-partido/1179486,2026-08-09T02:33:35.081959+00:00
1179486,2628,232458,"MUÑOZ LOPEZ, ISRAEL",93,93,100,amarilla,False,https://www.rffm.es/acta-partido/1179486,2026-08-09T02:33:35.081959+00:00
1179486,2628,179972,"NAVARRO JIMENEZ, CRISTIAN",95,95,100,amarilla,True,https://www.rffm.es/acta-partido/1179486,2026-08-09T02:33:35.081959+00:00
1179475,1468,226085,"MARTIN VELASCO, ANGEL",55,55,100,amarilla,False,https://www.rffm.es/acta-partido/1179475,2026-08-09T02:33:35.203132+00:00
1179475,885,20538,"FERNANDEZ CORTAZAR, JAVIER",75,75,100,amarilla,False,https://www.rffm.es/acta-partido/1179475,2026-08-09T02:33:35.203132+00:00
1179475,885,229378,"MENDEZ NOMBELA, JESUS",80,80,100,amarilla,False,https://www.rffm.es/acta-partido/1179475,2026-08-09T02:33:35.203132+00:00
1179495,2628,13436775,"GARRANCHO SAEZ, JOSE ANTONIO",84,84,101,roja,False,https://www.rffm.es/acta-partido/1179495,2026-08-09T02:33:37.069393+00:00
1179495,1917,132811,"GALAN MATARRUBIA, DAVID",84,84,101,roja,False,https://www.rffm.es/acta-partido/1179495,2026-08-09T02:33:37.069393+00:00
1179488,1193,139947,"LEON MARTINEZ, DANIEL",78,78,101,roja,False,https://www.rffm.es/acta-partido/1179488,2026-08-09T02:33:37.206292+00:00
1179489,1962,571729,"FERNANDEZ HIJICOS PEREZ, DANIEL",57,57,100,amarilla,False,https://www.rffm.es/acta-partido/1179489,2026-08-09T02:33:37.239031+00:00
1179489,1962,571729,"FERNANDEZ HIJICOS PEREZ, DANIEL",83,83,100,amarilla,True,https://www.rffm.es/acta-partido/1179489,2026-08-09T02:33:37.239031+00:00
1179493,1338,236682,"PORCEL BURCIO, DANIEL",32,32,100,amarilla,False,https://www.rffm.es/acta-partido/1179493,2026-08-09T02:33:37.831885+00:00
1179493,1338,236682,"PORCEL BURCIO, DANIEL",89,89,100,amarilla,True,https://www.rffm.es/acta-partido/1179493,2026-08-09T02:33:37.831885+00:00
1179503,1278,177043,"VILLARREAL MEDINA, IVAN",89,89,101,roja,False,https://www.rffm.es/acta-partido/1179503,2026-08-09T02:33:38.192126+00:00
1179504,1917,181173,"MARTINEZ RISCO, JOSE CARLOS",10,10,100,amarilla,False,https://www.rffm.es/acta-partido/1179504,2026-08-09T02:33:38.684592+00:00
1179504,1917,732947,"ESPIN ALONSO, JOSE MARIA",64,64,100,amarilla,False,https://www.rffm.es/acta-partido/1179504,2026-08-09T02:33:38.684592+00:00
1179504,1468,74090,"FERNANDEZ VEGA, DAVID",24,24,100,amarilla,False,https://www.rffm.es/acta-partido/1179504,2026-08-09T02:33:38.684592+00:00
1179504,1468,550458,"LUQUE BRAVO, JUAN CARLOS",31,31,100,amarilla,False,https://www.rffm.es/acta-partido/1179504,2026-08-09T02:33:38.684592+00:00
1179504,1468,550458,"LUQUE BRAVO, JUAN CARLOS",42,42,100,amarilla,True,https://www.rffm.es/acta-partido/1179504,2026-08-09T02:33:38.684592+00:00
1179498,1962,233869,"VICENTE RODRIGUEZ, RODRIGO",70,70,100,amarilla,False,https://www.rffm.es/acta-partido/1179498,2026-08-09T02:33:39.565276+00:00
1179498,1962,113491,"GUERRA PACHECO, RAUL",81,81,101,roja,False,https://www.rffm.es/acta-partido/1179498,2026-08-09T02:33:39.565276+00:00
1179498,1962,233869,"VICENTE RODRIGUEZ, RODRIGO",88,88,100,amarilla,True,https://www.rffm.es/acta-partido/1179498,2026-08-09T02:33:39.565276+00:00
1179511,1278,122006,"HIDALGO BARBERO, DAVID",89,89,101,roja,False,https://www.rffm.es/acta-partido/1179511,2026-08-09T02:33:39.607548+00:00
1179512,1338,42889,"REYES BENITO, FRANCISCO",90,90,101,roja,False,https://www.rffm.es/acta-partido/1179512,2026-08-09T02:33:39.804531+00:00
1179512,1917,165862,"GRANDE SANCHEZ, ALBERTO",84,84,100,amarilla,False,https://www.rffm.es/acta-partido/1179512,2026-08-09T02:33:39.804531+00:00
1179512,1917,165862,"GRANDE SANCHEZ, ALBERTO",90,90,100,amarilla,True,https://www.rffm.es/acta-partido/1179512,2026-08-09T02:33:39.804531+00:00
1179512,1917,176232,"CAÑADAS GARCIA, MIGUEL ANGEL",90,90,101,roja,False,https://www.rffm.es/acta-partido/1179512,2026-08-09T02:33:39.804531+00:00
1179518,783,237008,"SANCHEZ DE ROJAS PEÑA, JORGE",12,12,100,amarilla,False,https://www.rffm.es/acta-partido/1179518,2026-08-09T02:33:41.089115+00:00
1179518,783,803,"GOMEZ AGUADO LLORENTE, ANTONIO",82,82,100,amarilla,False,https://www.rffm.es/acta-partido/1179518,2026-08-09T02:33:41.089115+00:00
1179518,783,803,"GOMEZ AGUADO LLORENTE, ANTONIO",90,90,100,amarilla,True,https://www.rffm.es/acta-partido/1179518,2026-08-09T02:33:41.089115+00:00
1179516,2271939,306667,"BLANCO DIAZ, ALVARO",40,40,100,amarilla,False,https://www.rffm.es/acta-partido/1179516,2026-08-09T02:33:41.465227+00:00
1179516,2271939,980988,"MATEOS DE PORRAS COSANO, ANTONIO",59,59,100,amarilla,False,https://www.rffm.es/acta-partido/1179516,2026-08-09T02:33:41.465227+00:00
1179516,1193,185380,"DELGADO BARRERO, RUBEN",21,21,100,amarilla,False,https://www.rffm.es/acta-partido/1179516,2026-08-09T02:33:41.465227+00:00
1179516,1193,14398701,"LLARANDI REDONDO, RUBEN",63,63,100,amarilla,False,https://www.rffm.es/acta-partido/1179516,2026-08-09T02:33:41.465227+00:00
1179516,1193,379169,"OLMEDA PEREZ, ALVARO",82,82,100,amarilla,False,https://www.rffm.es/acta-partido/1179516,2026-08-09T02:33:41.465227+00:00
1179516,1193,6376040,"VELASCO ARIAS, GUILLERMO",94,94,101,roja,False,https://www.rffm.es/acta-partido/1179516,2026-08-09T02:33:41.465227+00:00
1208726,396,2336616,"PEREZ DEL AMO, ALBERTO",24,24,100,amarilla,False,https://www.rffm.es/acta-partido/1208726,2026-08-09T02:33:41.900812+00:00
1208726,396,240645,"PÉREZ PÉREZ, ÁLVARO",28,28,100,amarilla,False,https://www.rffm.es/acta-partido/1208726,2026-08-09T02:33:41.900812+00:00
1208726,396,240645,"PÉREZ PÉREZ, ÁLVARO",50,50,100,amarilla,True,https://www.rffm.es/acta-partido/1208726,2026-08-09T02:33:41.900812+00:00
1208726,396,2336616,"PEREZ DEL AMO, ALBERTO",68,68,100,amarilla,True,https://www.rffm.es/acta-partido/1208726,2026-08-09T02:33:41.900812+00:00
1208726,396,568605,"GARCIA ROSADO, JOEL",70,70,101,roja,False,https://www.rffm.es/acta-partido/1208726,2026-08-09T02:33:41.900812+00:00
1179520,1278,177052,"ALVAREZ MANZANERO, DAVID",67,67,100,amarilla,False,https://www.rffm.es/acta-partido/1179520,2026-08-09T02:33:42.128419+00:00
1179520,1278,177052,"ALVAREZ MANZANERO, DAVID",89,89,100,amarilla,True,https://www.rffm.es/acta-partido/1179520,2026-08-09T02:33:42.128419+00:00
1179523,2628,196318,"BENABDELLAH, ALI",52,52,101,roja,False,https://www.rffm.es/acta-partido/1179523,2026-08-09T02:33:42.186439+00:00
1179523,1468,550458,"LUQUE BRAVO, JUAN CARLOS",28,28,100,amarilla,False,https://www.rffm.es/acta-partido/1179523,2026-08-09T02:33:42.186439+00:00
1179523,1468,550458,"LUQUE BRAVO, JUAN CARLOS",90,90,100,amarilla,True,https://www.rffm.es/acta-partido/1179523,2026-08-09T02:33:42.186439+00:00
1179514,1166,1007887,"MUÑOZ GARCIA, JUAN RAMON",70,70,101,roja,False,https://www.rffm.es/acta-partido/1179514,2026-08-09T02:33:42.619903+00:00
1179514,2628,612752,"GARCIA ARROBA, SANTIAGO",70,70,100,amarilla,False,https://www.rffm.es/acta-partido/1179514,2026-08-09T02:33:42.619903+00:00
1179514,2628,612752,"GARCIA ARROBA, SANTIAGO",85,85,100,amarilla,True,https://www.rffm.es/acta-partido/1179514,2026-08-09T02:33:42.619903+00:00
1179515,1962,233869,"VICENTE RODRIGUEZ, RODRIGO",56,56,100,amarilla,False,https://www.rffm.es/acta-partido/1179515,2026-08-09T02:33:42.625467+00:00
1179515,1962,233869,"VICENTE RODRIGUEZ, RODRIGO",61,61,100,amarilla,True,https://www.rffm.es/acta-partido/1179515,2026-08-09T02:33:42.625467+00:00
1179515,1962,728841,"CANO MARTIN, DIEGO",61,61,101,roja,False,https://www.rffm.es/acta-partido/1179515,2026-08-09T02:33:42.625467+00:00
1179515,1962,722344,"GARCIA SAN SEGUNDO, MIGUEL",69,69,100,amarilla,False,https://www.rffm.es/acta-partido/1179515,2026-08-09T02:33:42.625467+00:00
1179515,1962,722344,"GARCIA SAN SEGUNDO, MIGUEL",86,86,100,amarilla,True,https://www.rffm.es/acta-partido/1179515,2026-08-09T02:33:42.625467+00:00
1179515,1166,2762115,"REDONDO HOLGADO, MIGUEL ANGEL",24,24,100,amarilla,False,https://www.rffm.es/acta-partido/1179515,2026-08-09T02:33:42.625467+00:00
1179515,1166,2762115,"REDONDO HOLGADO, MIGUEL ANGEL",27,27,100,amarilla,True,https://www.rffm.es/acta-partido/1179515,2026-08-09T02:33:42.625467+00:00
1179515,1166,47991,"VIERA DOMÍNGUEZ, ÁLVARO",89,89,101,roja,False,https://www.rffm.es/acta-partido/1179515,2026-08-09T02:33:42.625467+00:00
1179527,783,852767,"MATEOS JAVIER, MARCOS",85,85,100,amarilla,False,https://www.rffm.es/acta-partido/1179527,2026-08-09T02:33:42.842874+00:00
1179527,783,852767,"MATEOS JAVIER, MARCOS",90,90,100,amarilla,True,https://www.rffm.es/acta-partido/1179527,2026-08-09T02:33:42.842874+00:00
1179527,1925,45552,"GARRIDO MACIAS, JESUS",84,84,101,roja,False,https://www.rffm.es/acta-partido/1179527,2026-08-09T02:33:42.842874+00:00
1179528,748,226023,"LARENA GARCIA, PABLO ALONSO",84,84,100,amarilla,False,https://www.rffm.es/acta-partido/1179528,2026-08-09T02:33:43.056739+00:00
1179528,748,226023,"LARENA GARCIA, PABLO ALONSO",84,84,100,amarilla,False,https://www.rffm.es/acta-partido/1179528,2026-08-09T02:33:43.056739+00:00
1179534,3356314,6288051,"VALERO COLLADO, JOSE",84,84,100,amarilla,False,https://www.rffm.es/acta-partido/1179534,2026-08-09T02:33:45.047311+00:00
1179534,3356314,6288051,"VALERO COLLADO, JOSE",84,84,100,amarilla,False,https://www.rffm.es/acta-partido/1179534,2026-08-09T02:33:45.047311+00:00
1179534,1962,113491,"GUERRA PACHECO, RAUL",45,45,100,amarilla,False,https://www.rffm.es/acta-partido/1179534,2026-08-09T02:33:45.047311+00:00
1179534,1962,113491,"GUERRA PACHECO, RAUL",69,69,100,amarilla,True,https://www.rffm.es/acta-partido/1179534,2026-08-09T02:33:45.047311+00:00
1179533,1166,45735,"MARTOS VILLA, SAMUEL LUIS",50,50,100,amarilla,False,https://www.rffm.es/acta-partido/1179533,2026-08-09T02:33:45.247606+00:00
1179533,1166,45735,"MARTOS VILLA, SAMUEL LUIS",999,999,100,amarilla,True,https://www.rffm.es/acta-partido/1179533,2026-08-09T02:33:45.247606+00:00
1179537,783,13183297,"GOMEZ BUENO, VICTOR",11,11,100,amarilla,False,https://www.rffm.es/acta-partido/1179537,2026-08-09T02:33:45.303646+00:00
1179537,783,13183297,"GOMEZ BUENO, VICTOR",78,78,100,amarilla,True,https://www.rffm.es/acta-partido/1179537,2026-08-09T02:33:45.303646+00:00
1179535,1193,225262,"NOVERO LARA, MIGUEL ANGEL",42,42,100,amarilla,False,https://www.rffm.es/acta-partido/1179535,2026-08-09T02:33:46.341058+00:00
1179535,1193,225262,"NOVERO LARA, MIGUEL ANGEL",86,86,100,amarilla,True,https://www.rffm.es/acta-partido/1179535,2026-08-09T02:33:46.341058+00:00
1179542,2271939,980988,"MATEOS DE PORRAS COSANO, ANTONIO",44,44,100,amarilla,False,https://www.rffm.es/acta-partido/1179542,2026-08-09T02:33:47.505612+00:00
1179542,2271939,980988,"MATEOS DE PORRAS COSANO, ANTONIO",80,80,100,amarilla,True,https://www.rffm.es/acta-partido/1179542,2026-08-09T02:33:47.505612+00:00
1179544,1193,6376040,"VELASCO ARIAS, GUILLERMO",35,35,100,amarilla,False,https://www.rffm.es/acta-partido/1179544,2026-08-09T02:33:47.748815+00:00
1179544,1193,6376040,"VELASCO ARIAS, GUILLERMO",73,73,100,amarilla,True,https://www.rffm.es/acta-partido/1179544,2026-08-09T02:33:47.748815+00:00
1179548,2628,13472124,"ALZINA BARROSO, PEDRO",10,10,100,amarilla,False,https://www.rffm.es/acta-partido/1179548,2026-08-09T02:33:47.948376+00:00
1179548,2628,13472124,"ALZINA BARROSO, PEDRO",10,10,100,amarilla,False,https://www.rffm.es/acta-partido/1179548,2026-08-09T02:33:47.948376+00:00
1179546,783,390327,"GONZALEZ ALIA, ADRIAN",74,74,100,amarilla,False,https://www.rffm.es/acta-partido/1179546,2026-08-09T02:33:47.962364+00:00
1179546,783,13495902,"CAMACHO BALLESTEROS, VICTOR",79,79,100,amarilla,False,https://www.rffm.es/acta-partido/1179546,2026-08-09T02:33:47.962364+00:00
1179546,783,7295585,"MARTIN MARTINEZ, JOAQUIN YURI",80,80,100,amarilla,False,https://www.rffm.es/acta-partido/1179546,2026-08-09T02:33:47.962364+00:00
1179546,783,237008,"SANCHEZ DE ROJAS PEÑA, JORGE",86,86,100,amarilla,False,https://www.rffm.es/acta-partido/1179546,2026-08-09T02:33:47.962364+00:00
1179546,1917,165862,"GRANDE SANCHEZ, ALBERTO",68,68,100,amarilla,False,https://www.rffm.es/acta-partido/1179546,2026-08-09T02:33:47.962364+00:00
1179546,1917,236839,"VALDEMORO GOMEZ, JORGE",88,88,100,amarilla,False,https://www.rffm.es/acta-partido/1179546,2026-08-09T02:33:47.962364+00:00
1179546,1917,11079346,"DORADO GARCIA, ALFREDO FELIX",90,90,100,amarilla,False,https://www.rffm.es/acta-partido/1179546,2026-08-09T02:33:47.962364+00:00
1179554,1193,139947,"LEON MARTINEZ, DANIEL",77,77,100,amarilla,False,https://www.rffm.es/acta-partido/1179554,2026-08-09T02:33:49.809119+00:00
1179554,1193,139947,"LEON MARTINEZ, DANIEL",85,85,100,amarilla,True,https://www.rffm.es/acta-partido/1179554,2026-08-09T02:33:49.809119+00:00
1179558,1468,550458,"LUQUE BRAVO, JUAN CARLOS",42,42,100,amarilla,False,https://www.rffm.es/acta-partido/1179558,2026-08-09T02:33:49.906789+00:00
1179558,1468,72729,"PULGARON MELERO, RUBEN",75,75,100,amarilla,False,https://www.rffm.es/acta-partido/1179558,2026-08-09T02:33:49.906789+00:00
1179558,1468,226085,"MARTIN VELASCO, ANGEL",75,75,100,amarilla,False,https://www.rffm.es/acta-partido/1179558,2026-08-09T02:33:49.906789+00:00
1179558,1111,241658,"MESTRE ILLESCAS, SERGIO",19,19,100,amarilla,False,https://www.rffm.es/acta-partido/1179558,2026-08-09T02:33:49.906789+00:00
1179558,1111,242519,"COUTO IGLESIAS, JORGE JOAQUIN",29,29,100,amarilla,False,https://www.rffm.es/acta-partido/1179558,2026-08-09T02:33:49.906789+00:00
1179558,1111,45424,"MELGAREJO SANABRIA, FRANCISCO JAVIER",71,71,100,amarilla,False,https://www.rffm.es/acta-partido/1179558,2026-08-09T02:33:49.906789+00:00
1179558,1111,45424,"MELGAREJO SANABRIA, FRANCISCO JAVIER",71,71,100,amarilla,False,https://www.rffm.es/acta-partido/1179558,2026-08-09T02:33:49.906789+00:00
1179558,1111,46672,"GARCIA LOPEZ, HECTOR",75,75,100,amarilla,False,https://www.rffm.es/acta-partido/1179558,2026-08-09T02:33:49.906789+00:00
1179558,1111,48111,"HERVIAS SEVILLA, FERNANDO",75,75,100,amarilla,False,https://www.rffm.es/acta-partido/1179558,2026-08-09T02:33:49.906789+00:00
1179558,1111,409940,"LOPEZ GARCIA, CARLOS",81,81,100,amarilla,False,https://www.rffm.es/acta-partido/1179558,2026-08-09T02:33:49.906789+00:00
1179558,1111,708283,"MELEO SAN SEGUNDO, AITOR",88,88,100,amarilla,False,https://www.rffm.es/acta-partido/1179558,2026-08-09T02:33:49.906789+00:00
1179559,1338,13661145,"ESPIN CALLEJA, RAFAEL",85,85,100,amarilla,False,https://www.rffm.es/acta-partido/1179559,2026-08-09T02:33:50.280208+00:00
1179559,1338,13661145,"ESPIN CALLEJA, RAFAEL",85,85,100,amarilla,False,https://www.rffm.es/acta-partido/1179559,2026-08-09T02:33:50.280208+00:00
1179563,1193,6376040,"VELASCO ARIAS, GUILLERMO",21,21,100,amarilla,False,https://www.rffm.es/acta-partido/1179563,2026-08-09T02:33:50.435934+00:00
1179563,1193,1072168,"RUIZ MARTINEZ, JULIO",52,52,100,amarilla,False,https://www.rffm.es/acta-partido/1179563,2026-08-09T02:33:50.435934+00:00
1179563,1193,185380,"DELGADO BARRERO, RUBEN",70,70,100,amarilla,False,https://www.rffm.es/acta-partido/1179563,2026-08-09T02:33:50.435934+00:00
1179563,1193,325949,"PLAZA DEL CAMPO, CARLOS",89,89,100,amarilla,False,https://www.rffm.es/acta-partido/1179563,2026-08-09T02:33:50.435934+00:00
1179563,1917,175253,"PALOMO GOMEZ, ANGEL",4,4,100,amarilla,False,https://www.rffm.es/acta-partido/1179563,2026-08-09T02:33:50.435934+00:00
1179563,1917,732947,"ESPIN ALONSO, JOSE MARIA",74,74,100,amarilla,False,https://www.rffm.es/acta-partido/1179563,2026-08-09T02:33:50.435934+00:00
1179566,748,47205,"QUESADA RODRIGUEZ, SERGIO",85,85,100,amarilla,False,https://www.rffm.es/acta-partido/1179566,2026-08-09T02:33:50.958058+00:00
1179566,1468,61499,"BARBERA BLANCO, RUBEN",60,60,100,amarilla,False,https://www.rffm.es/acta-partido/1179566,2026-08-09T02:33:50.958058+00:00
1179568,732,13208518,"CONTRERAS MORENO, AMERICO",26,26,100,amarilla,False,https://www.rffm.es/acta-partido/1179568,2026-08-09T02:33:51.314525+00:00
1179568,732,13208518,"CONTRERAS MORENO, AMERICO",32,32,100,amarilla,True,https://www.rffm.es/acta-partido/1179568,2026-08-09T02:33:51.314525+00:00
1179567,1111,242519,"COUTO IGLESIAS, JORGE JOAQUIN",30,30,100,amarilla,False,https://www.rffm.es/acta-partido/1179567,2026-08-09T02:33:51.387539+00:00
1179567,1111,2384525,"FERRER NTUTUMU, ALEJANDRO",32,32,100,amarilla,False,https://www.rffm.es/acta-partido/1179567,2026-08-09T02:33:51.387539+00:00
1179567,1111,708283,"MELEO SAN SEGUNDO, AITOR",62,62,100,amarilla,False,https://www.rffm.es/acta-partido/1179567,2026-08-09T02:33:51.387539+00:00
1179567,1338,241028,"GONZALEZ MHAIDI, OMAR",22,22,100,amarilla,False,https://www.rffm.es/acta-partido/1179567,2026-08-09T02:33:51.387539+00:00
1179567,1338,309986,"MENDEZ GONZALEZ, GUILLERMO",30,30,100,amarilla,False,https://www.rffm.es/acta-partido/1179567,2026-08-09T02:33:51.387539+00:00
1179567,1338,47650,"SOLERA LILLO, DAVID",70,70,100,amarilla,False,https://www.rffm.es/acta-partido/1179567,2026-08-09T02:33:51.387539+00:00
1179567,1338,236682,"PORCEL BURCIO, DANIEL",78,78,100,amarilla,False,https://www.rffm.es/acta-partido/1179567,2026-08-09T02:33:51.387539+00:00
1179567,1338,47649,"SOLERA LILLO, ROBERTO",87,87,100,amarilla,False,https://www.rffm.es/acta-partido/1179567,2026-08-09T02:33:51.387539+00:00
1179572,1962,571729,"FERNANDEZ HIJICOS PEREZ, DANIEL",41,41,100,amarilla,False,https://www.rffm.es/acta-partido/1179572,2026-08-09T02:33:51.451579+00:00
1179572,1962,571729,"FERNANDEZ HIJICOS PEREZ, DANIEL",89,89,100,amarilla,True,https://www.rffm.es/acta-partido/1179572,2026-08-09T02:33:51.451579+00:00
1179577,732,353218,"RASCOL, RADU IULIAN",30,30,101,roja,False,https://www.rffm.es/acta-partido/1179577,2026-08-09T02:33:51.768141+00:00
1179571,1278,239877,"SANCHEZ MONCAYO LOPEZ, IVAN",11,11,100,amarilla,False,https://www.rffm.es/acta-partido/1179571,2026-08-09T02:33:52.048164+00:00
1179571,1278,239877,"SANCHEZ MONCAYO LOPEZ, IVAN",44,44,100,amarilla,True,https://www.rffm.es/acta-partido/1179571,2026-08-09T02:33:52.048164+00:00
1179569,1166,391775,"MARIN MORALES, ALVARO",80,80,100,amarilla,False,https://www.rffm.es/acta-partido/1179569,2026-08-09T02:33:52.611153+00:00
1179569,1166,391775,"MARIN MORALES, ALVARO",90,90,100,amarilla,True,https://www.rffm.es/acta-partido/1179569,2026-08-09T02:33:52.611153+00:00
1179574,2628,5320304,"CARRASQUILLA TABORDA, ANDRES FELIPE",22,22,100,amarilla,False,https://www.rffm.es/acta-partido/1179574,2026-08-09T02:33:52.616086+00:00
1179574,2628,5320304,"CARRASQUILLA TABORDA, ANDRES FELIPE",52,52,100,amarilla,True,https://www.rffm.es/acta-partido/1179574,2026-08-09T02:33:52.616086+00:00
1179574,989,27729,"VEGA DE MARCOS, EDUARDO",62,62,100,amarilla,False,https://www.rffm.es/acta-partido/1179574,2026-08-09T02:33:52.616086+00:00
1179574,989,27729,"VEGA DE MARCOS, EDUARDO",82,82,100,amarilla,True,https://www.rffm.es/acta-partido/1179574,2026-08-09T02:33:52.616086+00:00
1179579,3356314,13457209,"PEREZ FRANCISCO, DAVID",75,75,100,amarilla,False,https://www.rffm.es/acta-partido/1179579,2026-08-09T02:33:53.151552+00:00
1179579,3356314,13457209,"PEREZ FRANCISCO, DAVID",89,89,100,amarilla,True,https://www.rffm.es/acta-partido/1179579,2026-08-09T02:33:53.151552+00:00
1179579,3356314,6390484,"VALERO COLLADO, ADRIAN",999,999,101,roja,False,https://www.rffm.es/acta-partido/1179579,2026-08-09T02:33:53.151552+00:00
1179579,1278,177943,"EXPOSITO MADERUELO, SERGIO",27,27,100,amarilla,False,https://www.rffm.es/acta-partido/1179579,2026-08-09T02:33:53.151552+00:00
1179579,1278,177943,"EXPOSITO MADERUELO, SERGIO",81,81,100,amarilla,True,https://www.rffm.es/acta-partido/1179579,2026-08-09T02:33:53.151552+00:00
1179584,1338,47018,"LOPEZ SANCHEZ, DAVID",31,31,100,amarilla,False,https://www.rffm.es/acta-partido/1179584,2026-08-09T02:33:53.183982+00:00
1179584,1338,45725,"RODRIGUEZ PIÑAS, DAVID",60,60,100,amarilla,False,https://www.rffm.es/acta-partido/1179584,2026-08-09T02:33:53.183982+00:00
1179584,1338,4118687,"THIOR, ABDOULAYE",60,60,100,amarilla,False,https://www.rffm.es/acta-partido/1179584,2026-08-09T02:33:53.183982+00:00
1179584,1338,47649,"SOLERA LILLO, ROBERTO",63,63,100,amarilla,False,https://www.rffm.es/acta-partido/1179584,2026-08-09T02:33:53.183982+00:00
1179584,1338,47018,"LOPEZ SANCHEZ, DAVID",79,79,100,amarilla,True,https://www.rffm.es/acta-partido/1179584,2026-08-09T02:33:53.183982+00:00
1179584,1338,45725,"RODRIGUEZ PIÑAS, DAVID",85,85,100,amarilla,True,https://www.rffm.es/acta-partido/1179584,2026-08-09T02:33:53.183982+00:00
1179584,1338,47649,"SOLERA LILLO, ROBERTO",87,87,100,amarilla,True,https://www.rffm.es/acta-partido/1179584,2026-08-09T02:33:53.183982+00:00
1179584,1338,4118687,"THIOR, ABDOULAYE",89,89,100,amarilla,True,https://www.rffm.es/acta-partido/1179584,2026-08-09T02:33:53.183982+00:00
1179580,1917,11079321,"MATEOS RODRIGUEZ, MANUEL",60,60,101,roja,False,https://www.rffm.es/acta-partido/1179580,2026-08-09T02:33:53.595789+00:00
1179582,1193,182815,"SANCHEZ MORILLAS, MANUEL",20,20,101,roja,False,https://www.rffm.es/acta-partido/1179582,2026-08-09T02:33:53.926620+00:00
1179582,1193,183125,"HIGUERAS ROSA, DIMAS",26,26,100,amarilla,False,https://www.rffm.es/acta-partido/1179582,2026-08-09T02:33:53.926620+00:00
1179582,1193,183125,"HIGUERAS ROSA, DIMAS",75,75,100,amarilla,True,https://www.rffm.es/acta-partido/1179582,2026-08-09T02:33:53.926620+00:00
1179591,2628,9439556,"TORRE CALVO, DIEGO",70,70,101,roja,False,https://www.rffm.es/acta-partido/1179591,2026-08-09T02:33:54.397011+00:00
1179586,1111,4028540,"TAPIA ORDOÑEZ, EDGAR FABIAN",56,56,100,amarilla,False,https://www.rffm.es/acta-partido/1179586,2026-08-09T02:33:54.561938+00:00
1179586,1111,4028540,"TAPIA ORDOÑEZ, EDGAR FABIAN",90,90,100,amarilla,True,https://www.rffm.es/acta-partido/1179586,2026-08-09T02:33:54.561938+00:00
1179588,885,2771091,"VILLANUEVA MARTIN, JUAN CARLOS",14,14,100,amarilla,False,https://www.rffm.es/acta-partido/1179588,2026-08-09T02:33:55.779490+00:00
1179588,885,2771091,"VILLANUEVA MARTIN, JUAN CARLOS",55,55,100,amarilla,True,https://www.rffm.es/acta-partido/1179588,2026-08-09T02:33:55.779490+00:00
1179588,885,13441136,"INIESTA SABROSO, ALEJANDRO",60,60,101,roja,False,https://www.rffm.es/acta-partido/1179588,2026-08-09T02:33:55.779490+00:00
1179588,885,2773358,"GONZALEZ POLO, ALEJANDRO",85,85,101,roja,False,https://www.rffm.es/acta-partido/1179588,2026-08-09T02:33:55.779490+00:00
1179594,732,3217578,"PANIAGUA PRIETO, ALEJANDRO",15,15,100,amarilla,False,https://www.rffm.es/acta-partido/1179594,2026-08-09T02:33:55.829945+00:00
1179594,732,608836,"RUEDA GARCIA, JAIME",81,81,100,amarilla,False,https://www.rffm.es/acta-partido/1179594,2026-08-09T02:33:55.829945+00:00
1179594,732,12473439,"ROKU NGUEMA, JOSE MARIA",83,83,100,amarilla,False,https://www.rffm.es/acta-partido/1179594,2026-08-09T02:33:55.829945+00:00
1179594,783,241186,"GIL RESINA, MIGUEL",59,59,100,amarilla,False,https://www.rffm.es/acta-partido/1179594,2026-08-09T02:33:55.829945+00:00
1179594,783,7295585,"MARTIN MARTINEZ, JOAQUIN YURI",75,75,100,amarilla,False,https://www.rffm.es/acta-partido/1179594,2026-08-09T02:33:55.829945+00:00
1179594,783,13447311,"AMADO NAJERA, CARLOS",83,83,100,amarilla,False,https://www.rffm.es/acta-partido/1179594,2026-08-09T02:33:55.829945+00:00
1179594,783,369398,"ROCA MONTESA, SERGIO",90,90,100,amarilla,False,https://www.rffm.es/acta-partido/1179594,2026-08-09T02:33:55.829945+00:00
1179595,748,47205,"QUESADA RODRIGUEZ, SERGIO",50,50,100,amarilla,False,https://www.rffm.es/acta-partido/1179595,2026-08-09T02:33:56.040820+00:00
1179595,748,47205,"QUESADA RODRIGUEZ, SERGIO",50,50,100,amarilla,False,https://www.rffm.es/acta-partido/1179595,2026-08-09T02:33:56.040820+00:00
1179589,1917,37247,"CARO RIVERO, DAVID",65,65,101,roja,False,https://www.rffm.es/acta-partido/1179589,2026-08-09T02:33:56.227054+00:00
1179589,3356314,177677,"PAVON GONZALEZ, EDUARDO",65,65,101,roja,False,https://www.rffm.es/acta-partido/1179589,2026-08-09T02:33:56.227054+00:00
1179599,2271939,33185,"REVILLA ALCARAZ, GUILLERMO",63,63,100,amarilla,False,https://www.rffm.es/acta-partido/1179599,2026-08-09T02:33:56.678839+00:00
1179599,2271939,33185,"REVILLA ALCARAZ, GUILLERMO",89,89,100,amarilla,True,https://www.rffm.es/acta-partido/1179599,2026-08-09T02:33:56.678839+00:00
1179604,1166,977814,"PEREZ SANCHIDRIAN, BORJA",31,31,100,amarilla,False,https://www.rffm.es/acta-partido/1179604,2026-08-09T02:33:56.864532+00:00
1179604,1166,2762115,"REDONDO HOLGADO, MIGUEL ANGEL",85,85,100,amarilla,False,https://www.rffm.es/acta-partido/1179604,2026-08-09T02:33:56.864532+00:00
1179604,1166,578351,"MATA PERIAÑEZ, MANUEL",86,86,100,amarilla,False,https://www.rffm.es/acta-partido/1179604,2026-08-09T02:33:56.864532+00:00
1179604,1166,20979881,"GALDRAN LORENZO, ALEJANDRO",88,88,100,amarilla,False,https://www.rffm.es/acta-partido/1179604,2026-08-09T02:33:56.864532+00:00
1179604,748,47471,"ALCAZAR SANCHEZ, IGNACIO",37,37,100,amarilla,False,https://www.rffm.es/acta-partido/1179604,2026-08-09T02:33:56.864532+00:00
1179604,748,226023,"LARENA GARCIA, PABLO ALONSO",88,88,100,amarilla,False,https://www.rffm.es/acta-partido/1179604,2026-08-09T02:33:56.864532+00:00
1179608,3356314,13457209,"PEREZ FRANCISCO, DAVID",40,40,100,amarilla,False,https://www.rffm.es/acta-partido/1179608,2026-08-09T02:33:57.715171+00:00
1179608,3356314,584223,"DE MIGUEL RODRIGUEZ, ABRAHAN",59,59,101,roja,False,https://www.rffm.es/acta-partido/1179608,2026-08-09T02:33:57.715171+00:00
1179608,3356314,13457209,"PEREZ FRANCISCO, DAVID",73,73,100,amarilla,True,https://www.rffm.es/acta-partido/1179608,2026-08-09T02:33:57.715171+00:00
1179605,1166,2762115,"REDONDO HOLGADO, MIGUEL ANGEL",45,45,100,amarilla,False,https://www.rffm.es/acta-partido/1179605,2026-08-09T02:33:57.991748+00:00
1179605,1166,2762115,"REDONDO HOLGADO, MIGUEL ANGEL",71,71,100,amarilla,True,https://www.rffm.es/acta-partido/1179605,2026-08-09T02:33:57.991748+00:00
1179606,1925,45549,"SEGUNDO RAMIREZ, DIEGO ARMANDO",15,15,100,amarilla,False,https://www.rffm.es/acta-partido/1179606,2026-08-09T02:33:58.315894+00:00
1179606,1925,45549,"SEGUNDO RAMIREZ, DIEGO ARMANDO",43,43,100,amarilla,True,https://www.rffm.es/acta-partido/1179606,2026-08-09T02:33:58.315894+00:00
1179610,1338,13661145,"ESPIN CALLEJA, RAFAEL",39,39,100,amarilla,False,https://www.rffm.es/acta-partido/1179610,2026-08-09T02:33:58.427760+00:00
1179610,1338,13661145,"ESPIN CALLEJA, RAFAEL",84,84,100,amarilla,True,https://www.rffm.es/acta-partido/1179610,2026-08-09T02:33:58.427760+00:00
1179612,1111,242519,"COUTO IGLESIAS, JORGE JOAQUIN",78,78,100,amarilla,False,https://www.rffm.es/acta-partido/1179612,2026-08-09T02:33:58.486659+00:00
1179612,1111,48111,"HERVIAS SEVILLA, FERNANDO",90,90,100,amarilla,False,https://www.rffm.es/acta-partido/1179612,2026-08-09T02:33:58.486659+00:00
1179612,1111,380563,"CAÑAL FERNANDEZ, JOSE DANIEL",90,90,100,amarilla,False,https://www.rffm.es/acta-partido/1179612,2026-08-09T02:33:58.486659+00:00
1179612,989,47779,"LUENGO HERNANDEZ, PABLO",19,19,100,amarilla,False,https://www.rffm.es/acta-partido/1179612,2026-08-09T02:33:58.486659+00:00
1179612,989,177023,"SERRANO VACA, PEDRO JOSE",20,20,100,amarilla,False,https://www.rffm.es/acta-partido/1179612,2026-08-09T02:33:58.486659+00:00
1179612,989,177434,"SERRANO VACA, ANDRES",70,70,100,amarilla,False,https://www.rffm.es/acta-partido/1179612,2026-08-09T02:33:58.486659+00:00
1179612,989,636433,"TORRES DEL MOLINO, SERGIO",70,70,100,amarilla,False,https://www.rffm.es/acta-partido/1179612,2026-08-09T02:33:58.486659+00:00
1179612,989,307048,"BORRAS GONZALEZ, SERGIO",90,90,100,amarilla,False,https://www.rffm.es/acta-partido/1179612,2026-08-09T02:33:58.486659+00:00
1179609,1468,153264,"VILLALON ORTEGA, GASPAR",50,50,100,amarilla,False,https://www.rffm.es/acta-partido/1179609,2026-08-09T02:33:58.631671+00:00
1179609,2271939,2323094,"FERNANDEZ GARRALDA, ALEJANDRO",75,75,100,amarilla,False,https://www.rffm.es/acta-partido/1179609,2026-08-09T02:33:58.631671+00:00
1179621,748,9019035,"ORTEGA FORONDA, CESAR",44,44,100,amarilla,False,https://www.rffm.es/acta-partido/1179621,2026-08-09T02:33:59.160811+00:00
1179621,748,9019035,"ORTEGA FORONDA, CESAR",44,44,100,amarilla,False,https://www.rffm.es/acta-partido/1179621,2026-08-09T02:33:59.160811+00:00
1179621,748,46890,"CASTILLO HERRERA, ROBERTO",73,73,100,amarilla,False,https://www.rffm.es/acta-partido/1179621,2026-08-09T02:33:59.160811+00:00
1179621,748,46890,"CASTILLO HERRERA, ROBERTO",89,89,100,amarilla,True,https://www.rffm.es/acta-partido/1179621,2026-08-09T02:33:59.160811+00:00
1179616,885,2764732,"BENITO FERNANDEZ, JESUS",26,26,100,amarilla,False,https://www.rffm.es/acta-partido/1179616,2026-08-09T02:33:59.339408+00:00
1179616,885,558301,"MORENO ESPADA, RAUL",35,35,100,amarilla,False,https://www.rffm.es/acta-partido/1179616,2026-08-09T02:33:59.339408+00:00
1179616,885,60795,"RODRIGUEZ GARCIA, OSCAR",40,40,100,amarilla,False,https://www.rffm.es/acta-partido/1179616,2026-08-09T02:33:59.339408+00:00
1179616,885,73736,"ENCINAS CALLEJO, GONZALO",45,45,100,amarilla,False,https://www.rffm.es/acta-partido/1179616,2026-08-09T02:33:59.339408+00:00
1179616,885,13441136,"INIESTA SABROSO, ALEJANDRO",70,70,100,amarilla,False,https://www.rffm.es/acta-partido/1179616,2026-08-09T02:33:59.339408+00:00
1179616,885,558301,"MORENO ESPADA, RAUL",999,999,101,roja,False,https://www.rffm.es/acta-partido/1179616,2026-08-09T02:33:59.339408+00:00
1179616,2628,403773,"SAEZ GUERRERO, RAUL",20,20,100,amarilla,False,https://www.rffm.es/acta-partido/1179616,2026-08-09T02:33:59.339408+00:00
1179616,2628,179991,"MATEOS GONZALEZ, DANIEL",28,28,100,amarilla,False,https://www.rffm.es/acta-partido/1179616,2026-08-09T02:33:59.339408+00:00
1179616,2628,13486938,"ZORRILLA BRAVO, GABRIEL",44,44,100,amarilla,False,https://www.rffm.es/acta-partido/1179616,2026-08-09T02:33:59.339408+00:00
1179616,2628,239876,"SIERRA SANZ, ADRIAN",999,999,101,roja,False,https://www.rffm.es/acta-partido/1179616,2026-08-09T02:33:59.339408+00:00
1179616,2628,403773,"SAEZ GUERRERO, RAUL",999,999,100,amarilla,True,https://www.rffm.es/acta-partido/1179616,2026-08-09T02:33:59.339408+00:00
1179618,1338,47018,"LOPEZ SANCHEZ, DAVID",90,90,101,roja,False,https://www.rffm.es/acta-partido/1179618,2026-08-09T02:33:59.495976+00:00
1304587,1278,239877,"SANCHEZ MONCAYO LOPEZ, IVAN",10,10,100,amarilla,False,https://www.rffm.es/acta-partido/1304587,2026-08-09T02:34:00.171277+00:00
1304587,1278,181923,"MACIAN MARTINEZ, ALVARO",22,22,100,amarilla,False,https://www.rffm.es/acta-partido/1304587,2026-08-09T02:34:00.171277+00:00
1304587,1278,177943,"EXPOSITO MADERUELO, SERGIO",33,33,100,amarilla,False,https://www.rffm.es/acta-partido/1304587,2026-08-09T02:34:00.171277+00:00
1304587,1278,575717,"GARCIA SANTIÑO, ADRIAN",40,40,100,amarilla,False,https://www.rffm.es/acta-partido/1304587,2026-08-09T02:34:00.171277+00:00
1304587,1917,132811,"GALAN MATARRUBIA, DAVID",40,40,100,amarilla,False,https://www.rffm.es/acta-partido/1304587,2026-08-09T02:34:00.171277+00:00
1179624,748,47225,"DONCEL GOMEZ, KEVIN",87,87,101,roja,False,https://www.rffm.es/acta-partido/1179624,2026-08-09T02:34:00.377128+00:00
1179628,885,2773358,"GONZALEZ POLO, ALEJANDRO",999,999,101,roja,False,https://www.rffm.es/acta-partido/1179628,2026-08-09T02:34:00.630817+00:00
1179627,1338,228172,"BUSTOS BORRALLO, IVAN",3,3,100,amarilla,False,https://www.rffm.es/acta-partido/1179627,2026-08-09T02:34:00.663187+00:00
1179627,1338,236682,"PORCEL BURCIO, DANIEL",57,57,100,amarilla,False,https://www.rffm.es/acta-partido/1179627,2026-08-09T02:34:00.663187+00:00
1179627,1338,228172,"BUSTOS BORRALLO, IVAN",73,73,100,amarilla,True,https://www.rffm.es/acta-partido/1179627,2026-08-09T02:34:00.663187+00:00
1179627,1338,236682,"PORCEL BURCIO, DANIEL",80,80,100,amarilla,True,https://www.rffm.es/acta-partido/1179627,2026-08-09T02:34:00.663187+00:00
1179638,1925,181949,"MARTINEZ SANZ, PABLO",83,83,101,roja,False,https://www.rffm.es/acta-partido/1179638,2026-08-09T02:34:01.941541+00:00
1179635,1111,242519,"COUTO IGLESIAS, JORGE JOAQUIN",71,71,100,amarilla,False,https://www.rffm.es/acta-partido/1179635,2026-08-09T02:34:02.642983+00:00
1179635,1111,242519,"COUTO IGLESIAS, JORGE JOAQUIN",75,75,100,amarilla,True,https://www.rffm.es/acta-partido/1179635,2026-08-09T02:34:02.642983+00:00
1179633,783,13447311,"AMADO NAJERA, CARLOS",92,92,100,amarilla,False,https://www.rffm.es/acta-partido/1179633,2026-08-09T02:34:02.727807+00:00
1179633,1193,375041,"MUDARRA BERNABE, ALEJANDRO",3,3,100,amarilla,False,https://www.rffm.es/acta-partido/1179633,2026-08-09T02:34:02.727807+00:00
1179633,1193,183125,"HIGUERAS ROSA, DIMAS",85,85,100,amarilla,False,https://www.rffm.es/acta-partido/1179633,2026-08-09T02:34:02.727807+00:00
1179636,732,13208518,"CONTRERAS MORENO, AMERICO",79,79,100,amarilla,False,https://www.rffm.es/acta-partido/1179636,2026-08-09T02:34:02.836676+00:00
1179636,732,13208518,"CONTRERAS MORENO, AMERICO",84,84,100,amarilla,True,https://www.rffm.es/acta-partido/1179636,2026-08-09T02:34:02.836676+00:00
1179636,732,12473439,"ROKU NGUEMA, JOSE MARIA",87,87,100,amarilla,False,https://www.rffm.es/acta-partido/1179636,2026-08-09T02:34:02.836676+00:00
1179636,732,12473439,"ROKU NGUEMA, JOSE MARIA",89,89,100,amarilla,True,https://www.rffm.es/acta-partido/1179636,2026-08-09T02:34:02.836676+00:00
1179636,3356314,661646,"RODRIGUEZ ESPADAS, GUILLERMO",54,54,100,amarilla,False,https://www.rffm.es/acta-partido/1179636,2026-08-09T02:34:02.836676+00:00
1179636,3356314,661646,"RODRIGUEZ ESPADAS, GUILLERMO",89,89,100,amarilla,True,https://www.rffm.es/acta-partido/1179636,2026-08-09T02:34:02.836676+00:00
1179646,1338,4118687,"THIOR, ABDOULAYE",38,38,100,amarilla,False,https://www.rffm.es/acta-partido/1179646,2026-08-09T02:34:03.271566+00:00
1179646,1338,4118687,"THIOR, ABDOULAYE",89,89,100,amarilla,True,https://www.rffm.es/acta-partido/1179646,2026-08-09T02:34:03.271566+00:00
1179646,1338,45725,"RODRIGUEZ PIÑAS, DAVID",89,89,101,roja,False,https://www.rffm.es/acta-partido/1179646,2026-08-09T02:34:03.271566+00:00
1179641,1193,179868,"MORERA DEL CASTILLO, MARCOS",89,89,101,roja,False,https://www.rffm.es/acta-partido/1179641,2026-08-09T02:34:03.499338+00:00
1179643,2271939,74142,"LIEBANA SANTALLA, RAFAEL",85,85,101,roja,False,https://www.rffm.es/acta-partido/1179643,2026-08-09T02:34:03.837861+00:00
1179643,748,46890,"CASTILLO HERRERA, ROBERTO",89,89,101,roja,False,https://www.rffm.es/acta-partido/1179643,2026-08-09T02:34:03.837861+00:00
1179648,1917,176232,"CAÑADAS GARCIA, MIGUEL ANGEL",52,52,100,amarilla,False,https://www.rffm.es/acta-partido/1179648,2026-08-09T02:34:03.993000+00:00
1179648,1917,176232,"CAÑADAS GARCIA, MIGUEL ANGEL",64,64,100,amarilla,True,https://www.rffm.es/acta-partido/1179648,2026-08-09T02:34:03.993000+00:00
1179648,2628,13436775,"GARRANCHO SAEZ, JOSE ANTONIO",60,60,100,amarilla,False,https://www.rffm.es/acta-partido/1179648,2026-08-09T02:34:03.993000+00:00
1179648,2628,612752,"GARCIA ARROBA, SANTIAGO",79,79,101,roja,False,https://www.rffm.es/acta-partido/1179648,2026-08-09T02:34:03.993000+00:00
1179648,2628,11943213,"HERNANDEZ SOTO, VICTOR MANUEL",89,89,101,roja,False,https://www.rffm.es/acta-partido/1179648,2026-08-09T02:34:03.993000+00:00
1179648,2628,13436775,"GARRANCHO SAEZ, JOSE ANTONIO",89,89,100,amarilla,True,https://www.rffm.es/acta-partido/1179648,2026-08-09T02:34:03.993000+00:00
1179653,3356314,6390484,"VALERO COLLADO, ADRIAN",999,999,101,roja,False,https://www.rffm.es/acta-partido/1179653,2026-08-09T02:34:04.727999+00:00
1179651,989,636433,"TORRES DEL MOLINO, SERGIO",46,46,100,amarilla,False,https://www.rffm.es/acta-partido/1179651,2026-08-09T02:34:05.413260+00:00
1179651,989,301034,"MORAGA FERNANDEZ, VICTOR",86,86,100,amarilla,False,https://www.rffm.es/acta-partido/1179651,2026-08-09T02:34:05.413260+00:00
1179651,1962,818267,"ROMAN BAEZA, LUIS CESAR",61,61,101,roja,False,https://www.rffm.es/acta-partido/1179651,2026-08-09T02:34:05.413260+00:00
1179667,2628,179991,"MATEOS GONZALEZ, DANIEL",43,43,101,roja,False,https://www.rffm.es/acta-partido/1179667,2026-08-09T02:34:06.423416+00:00
1179667,2628,9439556,"TORRE CALVO, DIEGO",43,43,101,roja,False,https://www.rffm.es/acta-partido/1179667,2026-08-09T02:34:06.423416+00:00
1179661,3356314,584223,"DE MIGUEL RODRIGUEZ, ABRAHAN",55,55,100,amarilla,False,https://www.rffm.es/acta-partido/1179661,2026-08-09T02:34:06.600042+00:00
1179661,3356314,584223,"DE MIGUEL RODRIGUEZ, ABRAHAN",64,64,100,amarilla,True,https://www.rffm.es/acta-partido/1179661,2026-08-09T02:34:06.600042+00:00
1179672,1925,11187137,"LOPEZ BORJA, MOISES",55,55,100,amarilla,False,https://www.rffm.es/acta-partido/1179672,2026-08-09T02:34:07.709179+00:00
1179672,1925,11187137,"LOPEZ BORJA, MOISES",90,90,100,amarilla,True,https://www.rffm.es/acta-partido/1179672,2026-08-09T02:34:07.709179+00:00
1179671,783,7295585,"MARTIN MARTINEZ, JOAQUIN YURI",54,54,100,amarilla,False,https://www.rffm.es/acta-partido/1179671,2026-08-09T02:34:07.734029+00:00
1179671,783,7295585,"MARTIN MARTINEZ, JOAQUIN YURI",82,82,100,amarilla,True,https://www.rffm.es/acta-partido/1179671,2026-08-09T02:34:07.734029+00:00
1179778,349685,27243,"GONZALEZ FERNANDEZ, JAVIER",52,52,101,roja,False,https://www.rffm.es/acta-partido/1179778,2026-08-09T02:34:11.238211+00:00
1179778,349685,571477,"GARCIA HERNANDEZ, ALEJANDRO",86,86,100,amarilla,False,https://www.rffm.es/acta-partido/1179778,2026-08-09T02:34:11.238211+00:00
1179778,349685,571477,"GARCIA HERNANDEZ, ALEJANDRO",87,87,100,amarilla,True,https://www.rffm.es/acta-partido/1179778,2026-08-09T02:34:11.238211+00:00
1179784,480,126359,"MORA CAÑAS, IGNACIO",22,22,100,amarilla,False,https://www.rffm.es/acta-partido/1179784,2026-08-09T02:34:11.242520+00:00
1179784,480,20903,"LOPEZ ALVAREZ, JAVIER",62,62,100,amarilla,False,https://www.rffm.es/acta-partido/1179784,2026-08-09T02:34:11.242520+00:00
1179784,480,28552,"IZQUIERDO MORA, VICTOR",89,89,100,amarilla,False,https://www.rffm.es/acta-partido/1179784,2026-08-09T02:34:11.242520+00:00
1179784,1685,142703,"TEJEDA GARCIA, ANGEL",28,28,100,amarilla,False,https://www.rffm.es/acta-partido/1179784,2026-08-09T02:34:11.242520+00:00
1179784,1685,369099,"MERODIO MERODIO, DANIEL",30,30,100,amarilla,False,https://www.rffm.es/acta-partido/1179784,2026-08-09T02:34:11.242520+00:00
1179784,1685,834304,"ADAMACHE, MARIUS",77,77,100,amarilla,False,https://www.rffm.es/acta-partido/1179784,2026-08-09T02:34:11.242520+00:00
1179777,231,8934426,"HERNANDEZ TARQUINI, FREDDY RAYDERS",89,89,101,roja,False,https://www.rffm.es/acta-partido/1179777,2026-08-09T02:34:11.651083+00:00
1179789,352985,227819,"SANCHEZ PANADERO TORRES, MIGUEL ANGEL",86,86,101,roja,False,https://www.rffm.es/acta-partido/1179789,2026-08-09T02:34:11.716445+00:00
1179787,4928629,568623,"MARTIN HERNANDEZ, FERNANDO",6,6,100,amarilla,False,https://www.rffm.es/acta-partido/1179787,2026-08-09T02:34:11.800532+00:00
1179787,4928629,568623,"MARTIN HERNANDEZ, FERNANDO",90,90,100,amarilla,True,https://www.rffm.es/acta-partido/1179787,2026-08-09T02:34:11.800532+00:00
1179790,300582,748804,"GALLARDO SANZ, DANIEL",10,10,100,amarilla,False,https://www.rffm.es/acta-partido/1179790,2026-08-09T02:34:12.012823+00:00
1179790,300582,118150,"GONZALEZ HORTAL, RAUL",28,28,100,amarilla,False,https://www.rffm.es/acta-partido/1179790,2026-08-09T02:34:12.012823+00:00
1179790,300582,141422,"GOMEZ GARCIA, MARIO",43,43,100,amarilla,False,https://www.rffm.es/acta-partido/1179790,2026-08-09T02:34:12.012823+00:00
1179790,300582,748804,"GALLARDO SANZ, DANIEL",60,60,100,amarilla,True,https://www.rffm.es/acta-partido/1179790,2026-08-09T02:34:12.012823+00:00
1179790,300582,8586951,"RODRIGUEZ UGARTE, DIEGO IVAN",67,67,100,amarilla,False,https://www.rffm.es/acta-partido/1179790,2026-08-09T02:34:12.012823+00:00
1179790,300582,8586951,"RODRIGUEZ UGARTE, DIEGO IVAN",75,75,100,amarilla,True,https://www.rffm.es/acta-partido/1179790,2026-08-09T02:34:12.012823+00:00
1179790,2157,11111480,"PERNE, RAUL GYORGY",37,37,100,amarilla,False,https://www.rffm.es/acta-partido/1179790,2026-08-09T02:34:12.012823+00:00
1179790,2157,330536,"SANCHEZ MARTINEZ, CARLOS",67,67,100,amarilla,False,https://www.rffm.es/acta-partido/1179790,2026-08-09T02:34:12.012823+00:00
1179790,2157,14132,"CARRASCO PEREZ, DANIEL",76,76,100,amarilla,False,https://www.rffm.es/acta-partido/1179790,2026-08-09T02:34:12.012823+00:00
1179792,739,313660,"MONTERO CUEVAS, ENRIQUE",84,84,100,amarilla,False,https://www.rffm.es/acta-partido/1179792,2026-08-09T02:34:12.021389+00:00
1179792,1139,915588,"PALAO GARCIA, CHRISTIAN",16,16,100,amarilla,False,https://www.rffm.es/acta-partido/1179792,2026-08-09T02:34:12.021389+00:00
1179792,1139,224424,"BLANCO MORALES, ALBERTO",19,19,100,amarilla,False,https://www.rffm.es/acta-partido/1179792,2026-08-09T02:34:12.021389+00:00
1179786,231,7073685,"TRAORE, THOMAS MAJORS",26,26,100,amarilla,False,https://www.rffm.es/acta-partido/1179786,2026-08-09T02:34:12.738494+00:00
1179786,231,569190,"LARA DIAZ, ADRIAN",27,27,100,amarilla,False,https://www.rffm.es/acta-partido/1179786,2026-08-09T02:34:12.738494+00:00
1179786,231,195274,"MASSAKI, DIMITRI",57,57,100,amarilla,False,https://www.rffm.es/acta-partido/1179786,2026-08-09T02:34:12.738494+00:00
1179786,231,3073528,"GHEZIELGHOLAIJ SAKHRAOUI, MOHAMED",62,62,100,amarilla,False,https://www.rffm.es/acta-partido/1179786,2026-08-09T02:34:12.738494+00:00
1179786,231,10668387,"BENITEZ RAMIREZ, NESTOR JAVIER",63,63,100,amarilla,False,https://www.rffm.es/acta-partido/1179786,2026-08-09T02:34:12.738494+00:00
1179786,231,3073528,"GHEZIELGHOLAIJ SAKHRAOUI, MOHAMED",69,69,100,amarilla,True,https://www.rffm.es/acta-partido/1179786,2026-08-09T02:34:12.738494+00:00
1179786,231,191742,"MINA BOLAÑOS, SHIRMAN RAMIRO",74,74,100,amarilla,False,https://www.rffm.es/acta-partido/1179786,2026-08-09T02:34:12.738494+00:00
1179786,300573,5836128,"CALERO DOMINGUEZ, DAVID",27,27,100,amarilla,False,https://www.rffm.es/acta-partido/1179786,2026-08-09T02:34:12.738494+00:00
1179786,300573,237654,"TEJADA GONZALEZ, FERNANDO",74,74,100,amarilla,False,https://www.rffm.es/acta-partido/1179786,2026-08-09T02:34:12.738494+00:00
1179786,300573,570442,"BELTRÁN BORRÁS, ANTONIO",89,89,100,amarilla,False,https://www.rffm.es/acta-partido/1179786,2026-08-09T02:34:12.738494+00:00
1179797,1147,228223,"REGIDOR CASTILLO, ALVARO",31,31,100,amarilla,False,https://www.rffm.es/acta-partido/1179797,2026-08-09T02:34:13.024757+00:00
1179797,1147,228223,"REGIDOR CASTILLO, ALVARO",31,31,100,amarilla,False,https://www.rffm.es/acta-partido/1179797,2026-08-09T02:34:13.024757+00:00
1179800,3359528,234181,"CANTARERO CASADO, RAUL",54,54,100,amarilla,False,https://www.rffm.es/acta-partido/1179800,2026-08-09T02:34:13.289938+00:00
1179800,3359528,328771,"LORENZO RODRIGUEZ, DANIEL",64,64,100,amarilla,False,https://www.rffm.es/acta-partido/1179800,2026-08-09T02:34:13.289938+00:00
1179800,3359528,234181,"CANTARERO CASADO, RAUL",68,68,100,amarilla,True,https://www.rffm.es/acta-partido/1179800,2026-08-09T02:34:13.289938+00:00
1179800,739,321819,"GONZALEZ MINGORANCE, JORGE",36,36,100,amarilla,False,https://www.rffm.es/acta-partido/1179800,2026-08-09T02:34:13.289938+00:00
1179800,739,619439,"CAMPO ZAMORANO, JUAN ADRIAN",51,51,100,amarilla,False,https://www.rffm.es/acta-partido/1179800,2026-08-09T02:34:13.289938+00:00
1179800,739,738250,"MATEO ALVAREZ, CESAR",62,62,100,amarilla,False,https://www.rffm.es/acta-partido/1179800,2026-08-09T02:34:13.289938+00:00
1179801,1139,226343,"GONZALEZ MOLINA, ALVARO",31,31,100,amarilla,False,https://www.rffm.es/acta-partido/1179801,2026-08-09T02:34:13.514140+00:00
1179801,1139,386272,"GONZALEZ ARIAS, LUIS MIGUEL",68,68,100,amarilla,False,https://www.rffm.es/acta-partido/1179801,2026-08-09T02:34:13.514140+00:00
1179801,1685,32746,"PERDIGON RUIZ, JORGE",9,9,100,amarilla,False,https://www.rffm.es/acta-partido/1179801,2026-08-09T02:34:13.514140+00:00
1179801,1685,142703,"TEJEDA GARCIA, ANGEL",73,73,100,amarilla,False,https://www.rffm.es/acta-partido/1179801,2026-08-09T02:34:13.514140+00:00
1179795,349685,402809,"FLORES PADIERNA, ROBERTO",43,43,100,amarilla,False,https://www.rffm.es/acta-partido/1179795,2026-08-09T02:34:13.532913+00:00
1179795,349685,402809,"FLORES PADIERNA, ROBERTO",78,78,100,amarilla,True,https://www.rffm.es/acta-partido/1179795,2026-08-09T02:34:13.532913+00:00
1179796,4928629,117066,"MORENO SANCHO, JORGE",17,17,100,amarilla,False,https://www.rffm.es/acta-partido/1179796,2026-08-09T02:34:13.853989+00:00
1179796,4928629,117066,"MORENO SANCHO, JORGE",32,32,100,amarilla,True,https://www.rffm.es/acta-partido/1179796,2026-08-09T02:34:13.853989+00:00
1179796,2523,530874,"MORALEDA GARCIA, DANIEL",30,30,100,amarilla,False,https://www.rffm.es/acta-partido/1179796,2026-08-09T02:34:13.853989+00:00
1179796,2523,530874,"MORALEDA GARCIA, DANIEL",61,61,100,amarilla,True,https://www.rffm.es/acta-partido/1179796,2026-08-09T02:34:13.853989+00:00
1179811,386,118741,"NEVADO SILES, ALEJANDRO",42,42,100,amarilla,False,https://www.rffm.es/acta-partido/1179811,2026-08-09T02:34:14.711236+00:00
1179811,386,329692,"BRAGADO CALVO, DIEGO",67,67,100,amarilla,False,https://www.rffm.es/acta-partido/1179811,2026-08-09T02:34:14.711236+00:00
1179811,1139,11212018,"ORTEGA COMEGNA, ANTONIO AUGUSTO",49,49,100,amarilla,False,https://www.rffm.es/acta-partido/1179811,2026-08-09T02:34:14.711236+00:00
1179811,1139,915588,"PALAO GARCIA, CHRISTIAN",60,60,100,amarilla,False,https://www.rffm.es/acta-partido/1179811,2026-08-09T02:34:14.711236+00:00
1179807,300582,127563,"TORRIJOS SANCHEZ, OSCAR",57,57,100,amarilla,False,https://www.rffm.es/acta-partido/1179807,2026-08-09T02:34:15.664252+00:00
1179807,300582,127563,"TORRIJOS SANCHEZ, OSCAR",79,79,100,amarilla,True,https://www.rffm.es/acta-partido/1179807,2026-08-09T02:34:15.664252+00:00
1179808,2721173,746962,"MUÑOZ ESPINOSA, CARLOS",89,89,101,roja,False,https://www.rffm.es/acta-partido/1179808,2026-08-09T02:34:15.893895+00:00
1179808,352985,569053,"CASTAÑOS REGUERA, DAVID",89,89,101,roja,False,https://www.rffm.es/acta-partido/1179808,2026-08-09T02:34:15.893895+00:00
1179817,739,122510,"PEREZ MIRON, EDUARDO",40,40,100,amarilla,False,https://www.rffm.es/acta-partido/1179817,2026-08-09T02:34:15.963368+00:00
1179817,739,122510,"PEREZ MIRON, EDUARDO",87,87,100,amarilla,True,https://www.rffm.es/acta-partido/1179817,2026-08-09T02:34:15.963368+00:00
1179813,466722,11047041,"LILLEY, ROBERT",24,24,100,amarilla,False,https://www.rffm.es/acta-partido/1179813,2026-08-09T02:34:16.532227+00:00
1179813,466722,11047041,"LILLEY, ROBERT",41,41,100,amarilla,True,https://www.rffm.es/acta-partido/1179813,2026-08-09T02:34:16.532227+00:00
1179813,466722,7084463,"STAFFORD, JOSHUA DAVID",78,78,100,amarilla,False,https://www.rffm.es/acta-partido/1179813,2026-08-09T02:34:16.532227+00:00
1179813,466722,7084463,"STAFFORD, JOSHUA DAVID",78,78,100,amarilla,False,https://www.rffm.es/acta-partido/1179813,2026-08-09T02:34:16.532227+00:00
1179818,2157,330536,"SANCHEZ MARTINEZ, CARLOS",60,60,101,roja,False,https://www.rffm.es/acta-partido/1179818,2026-08-09T02:34:16.640271+00:00
1179818,1685,735520,"VALLE GAUDIOSO, ALEJANDRO",80,80,100,amarilla,False,https://www.rffm.es/acta-partido/1179818,2026-08-09T02:34:16.640271+00:00
1179818,1685,735520,"VALLE GAUDIOSO, ALEJANDRO",87,87,100,amarilla,True,https://www.rffm.es/acta-partido/1179818,2026-08-09T02:34:16.640271+00:00
1179818,1685,369099,"MERODIO MERODIO, DANIEL",90,90,101,roja,False,https://www.rffm.es/acta-partido/1179818,2026-08-09T02:34:16.640271+00:00
1179820,1139,11212018,"ORTEGA COMEGNA, ANTONIO AUGUSTO",71,71,101,roja,False,https://www.rffm.es/acta-partido/1179820,2026-08-09T02:34:16.814830+00:00
1179822,231,10668387,"BENITEZ RAMIREZ, NESTOR JAVIER",89,89,100,amarilla,False,https://www.rffm.es/acta-partido/1179822,2026-08-09T02:34:17.227773+00:00
1179822,231,10668387,"BENITEZ RAMIREZ, NESTOR JAVIER",90,90,100,amarilla,True,https://www.rffm.es/acta-partido/1179822,2026-08-09T02:34:17.227773+00:00
1179821,480,72307,"PUIGBO MARTINEZ, SANTIAGO",42,42,100,amarilla,False,https://www.rffm.es/acta-partido/1179821,2026-08-09T02:34:17.774966+00:00
1179821,480,72307,"PUIGBO MARTINEZ, SANTIAGO",72,72,100,amarilla,True,https://www.rffm.es/acta-partido/1179821,2026-08-09T02:34:17.774966+00:00
1179829,1139,240098,"PEREZ SANCHEZ, FERNANDO",12,12,100,amarilla,False,https://www.rffm.es/acta-partido/1179829,2026-08-09T02:34:17.930246+00:00
1179829,1139,224424,"BLANCO MORALES, ALBERTO",27,27,100,amarilla,False,https://www.rffm.es/acta-partido/1179829,2026-08-09T02:34:17.930246+00:00
1179829,1139,1068968,"PLAZAS CHICO, JULIO",31,31,100,amarilla,False,https://www.rffm.es/acta-partido/1179829,2026-08-09T02:34:17.930246+00:00
1179829,1139,915588,"PALAO GARCIA, CHRISTIAN",37,37,100,amarilla,False,https://www.rffm.es/acta-partido/1179829,2026-08-09T02:34:17.930246+00:00
1179829,1139,228201,"MUÑOZ POLO, ADRIAN",68,68,100,amarilla,False,https://www.rffm.es/acta-partido/1179829,2026-08-09T02:34:17.930246+00:00
1179829,3359528,225918,"MILLS FERNANDEZ, ALBERTO",44,44,100,amarilla,False,https://www.rffm.es/acta-partido/1179829,2026-08-09T02:34:17.930246+00:00
1179829,3359528,917718,"ALONSO CAÑAS, ADRIAN",56,56,100,amarilla,False,https://www.rffm.es/acta-partido/1179829,2026-08-09T02:34:17.930246+00:00
1179829,3359528,328774,"PORTERO MOLINA, MARIO",65,65,100,amarilla,False,https://www.rffm.es/acta-partido/1179829,2026-08-09T02:34:17.930246+00:00
1179829,3359528,3101702,"ALCALDE ENCINAS, BORJA",73,73,100,amarilla,False,https://www.rffm.es/acta-partido/1179829,2026-08-09T02:34:17.930246+00:00
1179832,466722,9270693,"MORAN, NEIL DAVID",28,28,100,amarilla,False,https://www.rffm.es/acta-partido/1179832,2026-08-09T02:34:19.301145+00:00
1179832,466722,4845594,"TERCEROS PECHO, MATIAS SEBASTIAN",55,55,100,amarilla,False,https://www.rffm.es/acta-partido/1179832,2026-08-09T02:34:19.301145+00:00
1179832,466722,141009,"HIGUERO MARINA, NICOLAS",57,57,100,amarilla,False,https://www.rffm.es/acta-partido/1179832,2026-08-09T02:34:19.301145+00:00
1179832,300582,127563,"TORRIJOS SANCHEZ, OSCAR",42,42,100,amarilla,False,https://www.rffm.es/acta-partido/1179832,2026-08-09T02:34:19.301145+00:00
1179832,300582,8586951,"RODRIGUEZ UGARTE, DIEGO IVAN",58,58,100,amarilla,False,https://www.rffm.es/acta-partido/1179832,2026-08-09T02:34:19.301145+00:00
1179832,300582,13390250,"GARCIA JIMENEZ, ALVARO",63,63,100,amarilla,False,https://www.rffm.es/acta-partido/1179832,2026-08-09T02:34:19.301145+00:00
1179832,300582,8564293,"JIMENEZ LOPEZ, ADRIAN",68,68,100,amarilla,False,https://www.rffm.es/acta-partido/1179832,2026-08-09T02:34:19.301145+00:00
1179832,300582,8764987,"POSLIGUA SALVATIERRA, BRAYAN SEBASTIAN",78,78,100,amarilla,False,https://www.rffm.es/acta-partido/1179832,2026-08-09T02:34:19.301145+00:00
1179832,300582,310333,"GAREA SAAVEDRA, RUBEN ALEJANDRO",80,80,100,amarilla,False,https://www.rffm.es/acta-partido/1179832,2026-08-09T02:34:19.301145+00:00
1179831,1147,11018621,"BLANCO SANCHEZ, VICTOR",60,60,101,roja,False,https://www.rffm.es/acta-partido/1179831,2026-08-09T02:34:19.858495+00:00
1179838,480,28551,"IZQUIERDO MORA, JOSE MARIA",22,22,100,amarilla,False,https://www.rffm.es/acta-partido/1179838,2026-08-09T02:34:19.914860+00:00
1179838,480,587238,"SANCHEZ RAMOS, DIEGO",43,43,100,amarilla,False,https://www.rffm.es/acta-partido/1179838,2026-08-09T02:34:19.914860+00:00
1179838,480,28301,"RODRIGUEZ AREVALILLO, CARLOS",82,82,100,amarilla,False,https://www.rffm.es/acta-partido/1179838,2026-08-09T02:34:19.914860+00:00
1179838,480,28552,"IZQUIERDO MORA, VICTOR",89,89,100,amarilla,False,https://www.rffm.es/acta-partido/1179838,2026-08-09T02:34:19.914860+00:00
1179838,3359528,122748,"RAMIREZ DE ARELLANO ENCINAS, SERGIO",61,61,100,amarilla,False,https://www.rffm.es/acta-partido/1179838,2026-08-09T02:34:19.914860+00:00
1179838,3359528,127645,"SUAREZ PEREZ, LUIS",70,70,100,amarilla,False,https://www.rffm.es/acta-partido/1179838,2026-08-09T02:34:19.914860+00:00
1179834,4928629,29185,"CAÑAVERAS BLANCO, CARLOS",26,26,100,amarilla,False,https://www.rffm.es/acta-partido/1179834,2026-08-09T02:34:20.265076+00:00
1179834,4928629,568623,"MARTIN HERNANDEZ, FERNANDO",78,78,100,amarilla,False,https://www.rffm.es/acta-partido/1179834,2026-08-09T02:34:20.265076+00:00
1179834,739,1071989,"BAUDET VERA, RAFAEL",6,6,100,amarilla,False,https://www.rffm.es/acta-partido/1179834,2026-08-09T02:34:20.265076+00:00
1179834,739,619439,"CAMPO ZAMORANO, JUAN ADRIAN",32,32,100,amarilla,False,https://www.rffm.es/acta-partido/1179834,2026-08-09T02:34:20.265076+00:00
1179834,739,29094,"MONGE PASTOR, RUBEN",79,79,100,amarilla,False,https://www.rffm.es/acta-partido/1179834,2026-08-09T02:34:20.265076+00:00
1179834,739,421967,"MALCOCI, ALEHANDRU",80,80,100,amarilla,False,https://www.rffm.es/acta-partido/1179834,2026-08-09T02:34:20.265076+00:00
1179834,739,13415394,"GARCIA MONTERO, FRANCISCO JOSE",80,80,100,amarilla,False,https://www.rffm.es/acta-partido/1179834,2026-08-09T02:34:20.265076+00:00
1179834,739,1072001,"JIMENEZ GUEDE, DANIEL",85,85,100,amarilla,False,https://www.rffm.es/acta-partido/1179834,2026-08-09T02:34:20.265076+00:00
1179834,739,140698,"ESPINOSA ORTUBIA, ANGEL",88,88,100,amarilla,False,https://www.rffm.es/acta-partido/1179834,2026-08-09T02:34:20.265076+00:00
1179834,739,140698,"ESPINOSA ORTUBIA, ANGEL",88,88,101,roja,False,https://www.rffm.es/acta-partido/1179834,2026-08-09T02:34:20.265076+00:00
1179846,1139,2435842,"DUVAL ESTEBAN, ADRIAN",85,85,101,roja,False,https://www.rffm.es/acta-partido/1179846,2026-08-09T02:34:21.204891+00:00
1179848,1147,2400477,"RIOS ZORRILLA, ARAM",42,42,100,amarilla,False,https://www.rffm.es/acta-partido/1179848,2026-08-09T02:34:21.513284+00:00
1179848,1147,2400477,"RIOS ZORRILLA, ARAM",71,71,100,amarilla,True,https://www.rffm.es/acta-partido/1179848,2026-08-09T02:34:21.513284+00:00
1179854,1139,224424,"BLANCO MORALES, ALBERTO",54,54,101,roja,False,https://www.rffm.es/acta-partido/1179854,2026-08-09T02:34:22.399412+00:00
1179851,466722,10572719,"ALLNUTT, THOMAS EDWARD JOHN",61,61,100,amarilla,False,https://www.rffm.es/acta-partido/1179851,2026-08-09T02:34:22.405537+00:00
1179851,466722,345727,"JIMENEZ HERNANZ, MIGUEL",89,89,100,amarilla,False,https://www.rffm.es/acta-partido/1179851,2026-08-09T02:34:22.405537+00:00
1179851,466722,10932393,"QUINLAN, EVAN PETER",89,89,100,amarilla,False,https://www.rffm.es/acta-partido/1179851,2026-08-09T02:34:22.405537+00:00
1179851,739,2764934,"GOMEZ CALERO, DANIEL",44,44,100,amarilla,False,https://www.rffm.es/acta-partido/1179851,2026-08-09T02:34:22.405537+00:00
1179851,739,29094,"MONGE PASTOR, RUBEN",77,77,100,amarilla,False,https://www.rffm.es/acta-partido/1179851,2026-08-09T02:34:22.405537+00:00
1179851,739,13415394,"GARCIA MONTERO, FRANCISCO JOSE",77,77,100,amarilla,False,https://www.rffm.es/acta-partido/1179851,2026-08-09T02:34:22.405537+00:00
1179851,739,313660,"MONTERO CUEVAS, ENRIQUE",85,85,100,amarilla,False,https://www.rffm.es/acta-partido/1179851,2026-08-09T02:34:22.405537+00:00
1179860,739,122510,"PEREZ MIRON, EDUARDO",32,32,100,amarilla,False,https://www.rffm.es/acta-partido/1179860,2026-08-09T02:34:23.628063+00:00
1179860,739,122510,"PEREZ MIRON, EDUARDO",48,48,101,roja,False,https://www.rffm.es/acta-partido/1179860,2026-08-09T02:34:23.628063+00:00
1179860,739,619439,"CAMPO ZAMORANO, JUAN ADRIAN",55,55,100,amarilla,False,https://www.rffm.es/acta-partido/1179860,2026-08-09T02:34:23.628063+00:00
1179860,739,536796,"VALCARCEL CORBALAN, JOSE",70,70,100,amarilla,False,https://www.rffm.es/acta-partido/1179860,2026-08-09T02:34:23.628063+00:00
1179860,739,1071989,"BAUDET VERA, RAFAEL",85,85,100,amarilla,False,https://www.rffm.es/acta-partido/1179860,2026-08-09T02:34:23.628063+00:00
1179860,231,569190,"LARA DIAZ, ADRIAN",48,48,101,roja,False,https://www.rffm.es/acta-partido/1179860,2026-08-09T02:34:23.628063+00:00
1179860,231,195274,"MASSAKI, DIMITRI",88,88,100,amarilla,False,https://www.rffm.es/acta-partido/1179860,2026-08-09T02:34:23.628063+00:00
1179861,1685,2384351,"SIMON NEVADO, CARLOS",50,50,100,amarilla,False,https://www.rffm.es/acta-partido/1179861,2026-08-09T02:34:23.913143+00:00
1179861,1685,2384351,"SIMON NEVADO, CARLOS",72,72,101,roja,False,https://www.rffm.es/acta-partido/1179861,2026-08-09T02:34:23.913143+00:00
1179861,466722,10572719,"ALLNUTT, THOMAS EDWARD JOHN",89,89,101,roja,False,https://www.rffm.es/acta-partido/1179861,2026-08-09T02:34:23.913143+00:00
1179865,2157,193329,"RIOFRIO SILVA, MARCELO FERNANDO",89,89,100,amarilla,False,https://www.rffm.es/acta-partido/1179865,2026-08-09T02:34:24.016425+00:00
1179865,2157,193329,"RIOFRIO SILVA, MARCELO FERNANDO",89,89,100,amarilla,False,https://www.rffm.es/acta-partido/1179865,2026-08-09T02:34:24.016425+00:00
1179865,352985,118115,"FREIRE IBAÑEZ, CARLOS",35,35,100,amarilla,False,https://www.rffm.es/acta-partido/1179865,2026-08-09T02:34:24.016425+00:00
1179865,352985,118115,"FREIRE IBAÑEZ, CARLOS",65,65,100,amarilla,True,https://www.rffm.es/acta-partido/1179865,2026-08-09T02:34:24.016425+00:00
1179866,1147,330373,"GARCIA GONZALEZ, ALBERTO",10,10,100,amarilla,False,https://www.rffm.es/acta-partido/1179866,2026-08-09T02:34:24.311774+00:00
1179866,1147,330373,"GARCIA GONZALEZ, ALBERTO",70,70,100,amarilla,True,https://www.rffm.es/acta-partido/1179866,2026-08-09T02:34:24.311774+00:00
1179867,2721173,455103,"REVUELTA DE GUZMAN LOPEZ, RUBEN",55,55,101,roja,False,https://www.rffm.es/acta-partido/1179867,2026-08-09T02:34:24.943196+00:00
1179869,1685,243201,"SILVA FERRERO, JAVIER",75,75,101,roja,False,https://www.rffm.es/acta-partido/1179869,2026-08-09T02:34:25.383239+00:00
1179874,352985,142372,"RUBIO RUIZ, EMILIO RODOLFO",999,999,101,roja,False,https://www.rffm.es/acta-partido/1179874,2026-08-09T02:34:25.622537+00:00
1179877,739,142546,"SUAREZ SUALDEA, ALVARO",52,52,100,amarilla,False,https://www.rffm.es/acta-partido/1179877,2026-08-09T02:34:25.815372+00:00
1179877,739,142546,"SUAREZ SUALDEA, ALVARO",78,78,100,amarilla,True,https://www.rffm.es/acta-partido/1179877,2026-08-09T02:34:25.815372+00:00
1179877,2523,10941386,"RODRIGUEZ VALERA, RAUL",86,86,100,amarilla,False,https://www.rffm.es/acta-partido/1179877,2026-08-09T02:34:25.815372+00:00
1179879,386,11185013,"MUÑOZ PINO, JOSE ANTONIO",89,89,101,roja,False,https://www.rffm.es/acta-partido/1179879,2026-08-09T02:34:25.998450+00:00
1179879,231,155520,"MAYOR CASTELLANOS, JUAN JOSE",23,23,100,amarilla,False,https://www.rffm.es/acta-partido/1179879,2026-08-09T02:34:25.998450+00:00
1179879,231,155520,"MAYOR CASTELLANOS, JUAN JOSE",30,30,100,amarilla,True,https://www.rffm.es/acta-partido/1179879,2026-08-09T02:34:25.998450+00:00
1179883,1041,989419,"CALVO CHICA, ALFONSO",45,45,100,amarilla,False,https://www.rffm.es/acta-partido/1179883,2026-08-09T02:34:26.319249+00:00
1179883,1041,989419,"CALVO CHICA, ALFONSO",80,80,100,amarilla,True,https://www.rffm.es/acta-partido/1179883,2026-08-09T02:34:26.319249+00:00
1179880,1139,224424,"BLANCO MORALES, ALBERTO",30,30,100,amarilla,False,https://www.rffm.es/acta-partido/1179880,2026-08-09T02:34:26.556506+00:00
1179880,1139,11105338,"GRANADO MAYORAL, ROBERTO",35,35,100,amarilla,False,https://www.rffm.es/acta-partido/1179880,2026-08-09T02:34:26.556506+00:00
1179880,1139,5510650,"BALLEJOS SEJAS, ALEJANDRO JAIRO",50,50,100,amarilla,False,https://www.rffm.es/acta-partido/1179880,2026-08-09T02:34:26.556506+00:00
1179880,1139,7016158,"JI, XIANGQIAN",80,80,100,amarilla,False,https://www.rffm.es/acta-partido/1179880,2026-08-09T02:34:26.556506+00:00
1179880,466722,10932393,"QUINLAN, EVAN PETER",26,26,100,amarilla,False,https://www.rffm.es/acta-partido/1179880,2026-08-09T02:34:26.556506+00:00
1179880,466722,10932393,"QUINLAN, EVAN PETER",43,43,100,amarilla,True,https://www.rffm.es/acta-partido/1179880,2026-08-09T02:34:26.556506+00:00
1179882,2157,13891,"GARCIA GUADALUPE, CRISTIAN HERNAN",45,45,100,amarilla,False,https://www.rffm.es/acta-partido/1179882,2026-08-09T02:34:26.820163+00:00
1179882,2157,8919021,"FUENTES CHUMITA, DAVID MANUEL",64,64,100,amarilla,False,https://www.rffm.es/acta-partido/1179882,2026-08-09T02:34:26.820163+00:00
1179882,2157,242060,"GARCIA MUÑOZ, DAVID",74,74,100,amarilla,False,https://www.rffm.es/acta-partido/1179882,2026-08-09T02:34:26.820163+00:00
1179882,2157,10572086,"MORA CASTELLANOS, LENNIN GABRIEL",80,80,100,amarilla,False,https://www.rffm.es/acta-partido/1179882,2026-08-09T02:34:26.820163+00:00
1179882,4928629,117066,"MORENO SANCHO, JORGE",32,32,100,amarilla,False,https://www.rffm.es/acta-partido/1179882,2026-08-09T02:34:26.820163+00:00
1179882,4928629,725464,"JIMENEZ MARTINEZ, ALEJANDRO",90,90,100,amarilla,False,https://www.rffm.es/acta-partido/1179882,2026-08-09T02:34:26.820163+00:00
1179882,4928629,15821350,"EZZIANI, MOHAMMED",999,999,100,amarilla,False,https://www.rffm.es/acta-partido/1179882,2026-08-09T02:34:26.820163+00:00
1304252,2721173,153595,"HERNAIZ PEREZ, DAVID",55,55,100,amarilla,False,https://www.rffm.es/acta-partido/1304252,2026-08-09T02:34:27.187537+00:00
1304252,2721173,153595,"HERNAIZ PEREZ, DAVID",75,75,100,amarilla,True,https://www.rffm.es/acta-partido/1304252,2026-08-09T02:34:27.187537+00:00
1179886,2523,735807,"SALINERO LOPEZ, LUIS",57,57,100,amarilla,False,https://www.rffm.es/acta-partido/1179886,2026-08-09T02:34:27.348052+00:00
1179886,2523,735807,"SALINERO LOPEZ, LUIS",72,72,100,amarilla,True,https://www.rffm.es/acta-partido/1179886,2026-08-09T02:34:27.348052+00:00
1179892,480,28552,"IZQUIERDO MORA, VICTOR",7,7,100,amarilla,False,https://www.rffm.es/acta-partido/1179892,2026-08-09T02:34:28.076199+00:00
1179892,480,28552,"IZQUIERDO MORA, VICTOR",40,40,100,amarilla,True,https://www.rffm.es/acta-partido/1179892,2026-08-09T02:34:28.076199+00:00
1179894,739,237413,"SOLANA SUAREZ, FRANCISCO JAVIER",52,52,100,amarilla,False,https://www.rffm.es/acta-partido/1179894,2026-08-09T02:34:28.611928+00:00
1179894,739,237413,"SOLANA SUAREZ, FRANCISCO JAVIER",86,86,100,amarilla,True,https://www.rffm.es/acta-partido/1179894,2026-08-09T02:34:28.611928+00:00
1179896,2523,141464,"OULEFKI ARANDA, JAVIER",24,24,100,amarilla,False,https://www.rffm.es/acta-partido/1179896,2026-08-09T02:34:28.617851+00:00
1179896,2523,141464,"OULEFKI ARANDA, JAVIER",44,44,100,amarilla,True,https://www.rffm.es/acta-partido/1179896,2026-08-09T02:34:28.617851+00:00
1179898,231,10909800,"SYLLA, DJIME",17,17,100,amarilla,False,https://www.rffm.es/acta-partido/1179898,2026-08-09T02:34:29.077795+00:00
1179898,231,10909800,"SYLLA, DJIME",26,26,100,amarilla,True,https://www.rffm.es/acta-partido/1179898,2026-08-09T02:34:29.077795+00:00
1179897,1139,11212018,"ORTEGA COMEGNA, ANTONIO AUGUSTO",82,82,101,roja,False,https://www.rffm.es/acta-partido/1179897,2026-08-09T02:34:29.321172+00:00
1179904,386,11183465,"BEAMONTE GONZÁLEZ , JORGE",57,57,100,amarilla,False,https://www.rffm.es/acta-partido/1179904,2026-08-09T02:34:29.757605+00:00
1179904,386,13484806,"NEVADO SILES, CARLOS",58,58,100,amarilla,False,https://www.rffm.es/acta-partido/1179904,2026-08-09T02:34:29.757605+00:00
1179904,386,13484806,"NEVADO SILES, CARLOS",76,76,100,amarilla,True,https://www.rffm.es/acta-partido/1179904,2026-08-09T02:34:29.757605+00:00
1179904,386,11183465,"BEAMONTE GONZÁLEZ , JORGE",80,80,100,amarilla,True,https://www.rffm.es/acta-partido/1179904,2026-08-09T02:34:29.757605+00:00
1179908,352985,118115,"FREIRE IBAÑEZ, CARLOS",39,39,100,amarilla,False,https://www.rffm.es/acta-partido/1179908,2026-08-09T02:34:31.104019+00:00
1179908,352985,118115,"FREIRE IBAÑEZ, CARLOS",64,64,100,amarilla,True,https://www.rffm.es/acta-partido/1179908,2026-08-09T02:34:31.104019+00:00
1179917,231,12020124,"AFANASIEV, IVAN",56,56,100,amarilla,False,https://www.rffm.es/acta-partido/1179917,2026-08-09T02:34:32.129787+00:00
1179917,231,12020124,"AFANASIEV, IVAN",86,86,100,amarilla,True,https://www.rffm.es/acta-partido/1179917,2026-08-09T02:34:32.129787+00:00
1179918,1041,224546,"SANTOS RANGEL, JOSE ALBERTO",64,64,100,amarilla,False,https://www.rffm.es/acta-partido/1179918,2026-08-09T02:34:32.135084+00:00
1179918,1041,234017,"JIMENEZ MONTERO, ELIOT",73,73,100,amarilla,False,https://www.rffm.es/acta-partido/1179918,2026-08-09T02:34:32.135084+00:00
1179918,1041,13363981,"SANCHEZ MANZANO, SERGIO",89,89,100,amarilla,False,https://www.rffm.es/acta-partido/1179918,2026-08-09T02:34:32.135084+00:00
1179918,466722,10572719,"ALLNUTT, THOMAS EDWARD JOHN",64,64,100,amarilla,False,https://www.rffm.es/acta-partido/1179918,2026-08-09T02:34:32.135084+00:00
1179923,1147,241420,"YUSTE GUERRERO, AZAREL",49,49,100,amarilla,False,https://www.rffm.es/acta-partido/1179923,2026-08-09T02:34:32.697028+00:00
1179923,1147,241420,"YUSTE GUERRERO, AZAREL",81,81,100,amarilla,True,https://www.rffm.es/acta-partido/1179923,2026-08-09T02:34:32.697028+00:00
1179923,1147,410907,"HERMOSO JIMENEZ, ALVARO",86,86,101,roja,False,https://www.rffm.es/acta-partido/1179923,2026-08-09T02:34:32.697028+00:00
1179920,1685,2384351,"SIMON NEVADO, CARLOS",999,999,101,roja,False,https://www.rffm.es/acta-partido/1179920,2026-08-09T02:34:32.770079+00:00
1179919,300573,141400,"CARDONA GARCIA VAQUERO, RUBEN JESUS",83,83,101,roja,False,https://www.rffm.es/acta-partido/1179919,2026-08-09T02:34:32.816822+00:00
1179911,480,126358,"MORA CAÑAS, ALFONSO FRANCISCO",35,35,100,amarilla,False,https://www.rffm.es/acta-partido/1179911,2026-08-09T02:34:32.890877+00:00
1179911,480,126358,"MORA CAÑAS, ALFONSO FRANCISCO",35,35,100,amarilla,False,https://www.rffm.es/acta-partido/1179911,2026-08-09T02:34:32.890877+00:00
1179911,739,13415394,"GARCIA MONTERO, FRANCISCO JOSE",35,35,100,amarilla,False,https://www.rffm.es/acta-partido/1179911,2026-08-09T02:34:32.890877+00:00
1179911,739,13415394,"GARCIA MONTERO, FRANCISCO JOSE",84,84,100,amarilla,True,https://www.rffm.es/acta-partido/1179911,2026-08-09T02:34:32.890877+00:00
1179924,2523,328875,"PARRA FERNANDEZ, JORGE",55,55,100,amarilla,False,https://www.rffm.es/acta-partido/1179924,2026-08-09T02:34:32.964147+00:00
1179924,2523,328875,"PARRA FERNANDEZ, JORGE",57,57,100,amarilla,True,https://www.rffm.es/acta-partido/1179924,2026-08-09T02:34:32.964147+00:00
1179922,300582,141422,"GOMEZ GARCIA, MARIO",20,20,100,amarilla,False,https://www.rffm.es/acta-partido/1179922,2026-08-09T02:34:33.425994+00:00
1179922,300582,118150,"GONZALEZ HORTAL, RAUL",55,55,100,amarilla,False,https://www.rffm.es/acta-partido/1179922,2026-08-09T02:34:33.425994+00:00
1179922,300582,127563,"TORRIJOS SANCHEZ, OSCAR",73,73,100,amarilla,False,https://www.rffm.es/acta-partido/1179922,2026-08-09T02:34:33.425994+00:00
1179922,300582,127563,"TORRIJOS SANCHEZ, OSCAR",90,90,100,amarilla,True,https://www.rffm.es/acta-partido/1179922,2026-08-09T02:34:33.425994+00:00
1179922,1139,5510650,"BALLEJOS SEJAS, ALEJANDRO JAIRO",40,40,100,amarilla,False,https://www.rffm.es/acta-partido/1179922,2026-08-09T02:34:33.425994+00:00
1179922,1139,11212018,"ORTEGA COMEGNA, ANTONIO AUGUSTO",55,55,100,amarilla,False,https://www.rffm.es/acta-partido/1179922,2026-08-09T02:34:33.425994+00:00
1179922,1139,111389,"TIMON PINEDA, MIGUEL ANGEL",67,67,100,amarilla,False,https://www.rffm.es/acta-partido/1179922,2026-08-09T02:34:33.425994+00:00
1179926,1041,13363981,"SANCHEZ MANZANO, SERGIO",82,82,101,roja,False,https://www.rffm.es/acta-partido/1179926,2026-08-09T02:34:33.636233+00:00
1179932,352985,2342396,"TORIL CASTELLANOS, ALEJANDRO",90,90,100,amarilla,False,https://www.rffm.es/acta-partido/1179932,2026-08-09T02:34:33.680013+00:00
1179932,352985,2342396,"TORIL CASTELLANOS, ALEJANDRO",90,90,100,amarilla,False,https://www.rffm.es/acta-partido/1179932,2026-08-09T02:34:33.680013+00:00
1179928,300573,331532,"ADAN VAQUERO, DAVID",44,44,100,amarilla,False,https://www.rffm.es/acta-partido/1179928,2026-08-09T02:34:33.988250+00:00
1179928,300573,3882888,"RONCERO DELGADO, FRANCISCO JOSE",60,60,100,amarilla,False,https://www.rffm.es/acta-partido/1179928,2026-08-09T02:34:33.988250+00:00
1179928,300573,396003,"ROJAS SANZ, DANIEL",89,89,100,amarilla,False,https://www.rffm.es/acta-partido/1179928,2026-08-09T02:34:33.988250+00:00
1179928,480,28301,"RODRIGUEZ AREVALILLO, CARLOS",39,39,100,amarilla,False,https://www.rffm.es/acta-partido/1179928,2026-08-09T02:34:33.988250+00:00
1179928,480,72307,"PUIGBO MARTINEZ, SANTIAGO",63,63,100,amarilla,False,https://www.rffm.es/acta-partido/1179928,2026-08-09T02:34:33.988250+00:00
1179933,1147,2400477,"RIOS ZORRILLA, ARAM",40,40,100,amarilla,False,https://www.rffm.es/acta-partido/1179933,2026-08-09T02:34:34.218838+00:00
1179933,1147,2400477,"RIOS ZORRILLA, ARAM",50,50,100,amarilla,True,https://www.rffm.es/acta-partido/1179933,2026-08-09T02:34:34.218838+00:00
1179933,2157,193329,"RIOFRIO SILVA, MARCELO FERNANDO",61,61,101,roja,False,https://www.rffm.es/acta-partido/1179933,2026-08-09T02:34:34.218838+00:00
1179933,2157,12914,"RIVERA RODRIGUEZ, DANIEL",999,999,101,roja,False,https://www.rffm.es/acta-partido/1179933,2026-08-09T02:34:34.218838+00:00
1179936,739,421967,"MALCOCI, ALEHANDRU",55,55,100,amarilla,False,https://www.rffm.es/acta-partido/1179936,2026-08-09T02:34:34.223026+00:00
1179936,739,421967,"MALCOCI, ALEHANDRU",56,56,100,amarilla,True,https://www.rffm.es/acta-partido/1179936,2026-08-09T02:34:34.223026+00:00
1179937,1685,326616,"NARANJO CARRETERO, JAVIER",58,58,100,amarilla,False,https://www.rffm.es/acta-partido/1179937,2026-08-09T02:34:34.834219+00:00
1179937,1685,735520,"VALLE GAUDIOSO, ALEJANDRO",72,72,100,amarilla,False,https://www.rffm.es/acta-partido/1179937,2026-08-09T02:34:34.834219+00:00
1179937,1685,326616,"NARANJO CARRETERO, JAVIER",89,89,100,amarilla,True,https://www.rffm.es/acta-partido/1179937,2026-08-09T02:34:34.834219+00:00
1179937,1685,735520,"VALLE GAUDIOSO, ALEJANDRO",89,89,100,amarilla,True,https://www.rffm.es/acta-partido/1179937,2026-08-09T02:34:34.834219+00:00
1179937,1685,834304,"ADAMACHE, MARIUS",999,999,101,roja,False,https://www.rffm.es/acta-partido/1179937,2026-08-09T02:34:34.834219+00:00
1179929,466722,7084463,"STAFFORD, JOSHUA DAVID",35,35,101,roja,False,https://www.rffm.es/acta-partido/1179929,2026-08-09T02:34:35.049547+00:00
1179935,2721173,142530,"MARTINEZ FERNANDEZ, ALBERTO",75,75,101,roja,False,https://www.rffm.es/acta-partido/1179935,2026-08-09T02:34:35.253039+00:00
1179935,1139,230309,"ARROJO SOLANA, SERGIO",35,35,100,amarilla,False,https://www.rffm.es/acta-partido/1179935,2026-08-09T02:34:35.253039+00:00
1179935,1139,230309,"ARROJO SOLANA, SERGIO",56,56,100,amarilla,True,https://www.rffm.es/acta-partido/1179935,2026-08-09T02:34:35.253039+00:00
1179935,1139,11212018,"ORTEGA COMEGNA, ANTONIO AUGUSTO",75,75,101,roja,False,https://www.rffm.es/acta-partido/1179935,2026-08-09T02:34:35.253039+00:00
1179944,2721173,861716,"MARTINEZ RAMOS, CARLOS",20,20,101,roja,False,https://www.rffm.es/acta-partido/1179944,2026-08-09T02:34:35.426340+00:00
1179941,1041,73465,"REDONDO RODRIGUEZ, JOSE ANTONIO",40,40,100,amarilla,False,https://www.rffm.es/acta-partido/1179941,2026-08-09T02:34:36.380304+00:00
1179941,1041,2777991,"FERNANDEZ GONZALO, RAUL",57,57,100,amarilla,False,https://www.rffm.es/acta-partido/1179941,2026-08-09T02:34:36.380304+00:00
1179941,1041,13363882,"CUELLAR VALERO, ALBERTO",89,89,100,amarilla,False,https://www.rffm.es/acta-partido/1179941,2026-08-09T02:34:36.380304+00:00
1179941,2523,573078,"OREJON CAMACHO, ALVARO",60,60,100,amarilla,False,https://www.rffm.es/acta-partido/1179941,2026-08-09T02:34:36.380304+00:00
1179941,2523,367463,"MORENO GOMEZ DEL PULGAR, RUBEN",65,65,100,amarilla,False,https://www.rffm.es/acta-partido/1179941,2026-08-09T02:34:36.380304+00:00
1179941,2523,735807,"SALINERO LOPEZ, LUIS",83,83,100,amarilla,False,https://www.rffm.es/acta-partido/1179941,2026-08-09T02:34:36.380304+00:00
1179938,480,222759,"COLOM LUQUERO, JORGE JOSE",9,9,100,amarilla,False,https://www.rffm.es/acta-partido/1179938,2026-08-09T02:34:36.420034+00:00
1179938,480,28301,"RODRIGUEZ AREVALILLO, CARLOS",20,20,100,amarilla,False,https://www.rffm.es/acta-partido/1179938,2026-08-09T02:34:36.420034+00:00
1179938,480,603568,"GONZALEZ RODRIGUEZ, JAIME",30,30,100,amarilla,False,https://www.rffm.es/acta-partido/1179938,2026-08-09T02:34:36.420034+00:00
1179938,480,28301,"RODRIGUEZ AREVALILLO, CARLOS",39,39,100,amarilla,True,https://www.rffm.es/acta-partido/1179938,2026-08-09T02:34:36.420034+00:00
1179938,466722,2572966,"HANLEY, THOMAS MICHAEL",41,41,100,amarilla,False,https://www.rffm.es/acta-partido/1179938,2026-08-09T02:34:36.420034+00:00
1179938,466722,9490934,"PROSSER, MITCHELL GEORGE ALFRED",71,71,100,amarilla,False,https://www.rffm.es/acta-partido/1179938,2026-08-09T02:34:36.420034+00:00
1179938,466722,345727,"JIMENEZ HERNANZ, MIGUEL",78,78,100,amarilla,False,https://www.rffm.es/acta-partido/1179938,2026-08-09T02:34:36.420034+00:00
1179948,349685,590777,"BOUSBAA DAB, AMAR",50,50,100,amarilla,False,https://www.rffm.es/acta-partido/1179948,2026-08-09T02:34:37.109800+00:00
1179948,349685,590777,"BOUSBAA DAB, AMAR",89,89,100,amarilla,True,https://www.rffm.es/acta-partido/1179948,2026-08-09T02:34:37.109800+00:00
1179948,300573,3882888,"RONCERO DELGADO, FRANCISCO JOSE",76,76,100,amarilla,False,https://www.rffm.es/acta-partido/1179948,2026-08-09T02:34:37.109800+00:00
1179948,300573,3882888,"RONCERO DELGADO, FRANCISCO JOSE",87,87,100,amarilla,True,https://www.rffm.es/acta-partido/1179948,2026-08-09T02:34:37.109800+00:00
1179955,386,4925747,"ECOMO EDU, JOSE JAVIER",60,60,100,amarilla,False,https://www.rffm.es/acta-partido/1179955,2026-08-09T02:34:37.171465+00:00
1179955,386,576911,"MENENDEZ GRUESO, JOSÉ MANUEL",87,87,100,amarilla,False,https://www.rffm.es/acta-partido/1179955,2026-08-09T02:34:37.171465+00:00
1179955,480,424950,"GARCIA DE LA ROSA, JOSE MARIA",20,20,100,amarilla,False,https://www.rffm.es/acta-partido/1179955,2026-08-09T02:34:37.171465+00:00
1179955,480,603568,"GONZALEZ RODRIGUEZ, JAIME",36,36,100,amarilla,False,https://www.rffm.es/acta-partido/1179955,2026-08-09T02:34:37.171465+00:00
1179955,480,28552,"IZQUIERDO MORA, VICTOR",45,45,100,amarilla,False,https://www.rffm.es/acta-partido/1179955,2026-08-09T02:34:37.171465+00:00
1179955,480,222759,"COLOM LUQUERO, JORGE JOSE",75,75,100,amarilla,False,https://www.rffm.es/acta-partido/1179955,2026-08-09T02:34:37.171465+00:00
1179950,1147,102650,"LOSADA COMENDADOR, ANTONIO ",31,31,100,amarilla,False,https://www.rffm.es/acta-partido/1179950,2026-08-09T02:34:37.192832+00:00
1179950,1147,2405033,"BLANCO SANCHEZ, JAVIER",40,40,100,amarilla,False,https://www.rffm.es/acta-partido/1179950,2026-08-09T02:34:37.192832+00:00
1179950,1147,330373,"GARCIA GONZALEZ, ALBERTO",52,52,100,amarilla,False,https://www.rffm.es/acta-partido/1179950,2026-08-09T02:34:37.192832+00:00
1179950,1147,102650,"LOSADA COMENDADOR, ANTONIO ",90,90,100,amarilla,True,https://www.rffm.es/acta-partido/1179950,2026-08-09T02:34:37.192832+00:00
1179950,1147,330373,"GARCIA GONZALEZ, ALBERTO",90,90,100,amarilla,True,https://www.rffm.es/acta-partido/1179950,2026-08-09T02:34:37.192832+00:00
1179950,1147,2405033,"BLANCO SANCHEZ, JAVIER",90,90,100,amarilla,True,https://www.rffm.es/acta-partido/1179950,2026-08-09T02:34:37.192832+00:00
1179950,1041,122064,"TOME MENACHO, ISMAEL",90,90,101,roja,False,https://www.rffm.es/acta-partido/1179950,2026-08-09T02:34:37.192832+00:00
1179949,4928629,186318,"PEREZ SACRISTAN, CESAR",87,87,101,roja,False,https://www.rffm.es/acta-partido/1179949,2026-08-09T02:34:37.198457+00:00
1179951,300582,1063359,"MARTIN MENENDEZ, JUAN",61,61,101,roja,False,https://www.rffm.es/acta-partido/1179951,2026-08-09T02:34:37.705429+00:00
1179951,352985,118812,"IZAGA GARCIA, JAVIER",37,37,100,amarilla,False,https://www.rffm.es/acta-partido/1179951,2026-08-09T02:34:37.705429+00:00
1179951,352985,118812,"IZAGA GARCIA, JAVIER",37,37,100,amarilla,False,https://www.rffm.es/acta-partido/1179951,2026-08-09T02:34:37.705429+00:00
1179952,2157,11141468,"ROYO RODRIGUEZ, VICENTE",75,75,101,roja,False,https://www.rffm.es/acta-partido/1179952,2026-08-09T02:34:38.023787+00:00
1179963,3359528,1083216,"ALCALDE ENCINAS, JAVIER",78,78,100,amarilla,False,https://www.rffm.es/acta-partido/1179963,2026-08-09T02:34:38.340531+00:00
1179963,3359528,917718,"ALONSO CAÑAS, ADRIAN",82,82,101,roja,False,https://www.rffm.es/acta-partido/1179963,2026-08-09T02:34:38.340531+00:00
1179963,3359528,3101702,"ALCALDE ENCINAS, BORJA",82,82,101,roja,False,https://www.rffm.es/acta-partido/1179963,2026-08-09T02:34:38.340531+00:00
1179963,3359528,1083216,"ALCALDE ENCINAS, JAVIER",88,88,100,amarilla,True,https://www.rffm.es/acta-partido/1179963,2026-08-09T02:34:38.340531+00:00
1179963,3359528,3901504,"GARCIA DIAZ, JAVIER TARUN",88,88,101,roja,False,https://www.rffm.es/acta-partido/1179963,2026-08-09T02:34:38.340531+00:00
1179963,3359528,328774,"PORTERO MOLINA, MARIO",89,89,101,roja,False,https://www.rffm.es/acta-partido/1179963,2026-08-09T02:34:38.340531+00:00
1179963,1685,328483,"LOPEZ REY DIAZ, SERGIO",78,78,100,amarilla,False,https://www.rffm.es/acta-partido/1179963,2026-08-09T02:34:38.340531+00:00
1179963,1685,235521,"CONTRERAS PALOMARES, FERNANDO",89,89,100,amarilla,False,https://www.rffm.es/acta-partido/1179963,2026-08-09T02:34:38.340531+00:00
1179960,300582,5577696,"ORTEGA MARTINEZ, PATRICK HARTLETT",44,44,101,roja,False,https://www.rffm.es/acta-partido/1179960,2026-08-09T02:34:38.415232+00:00
1179956,480,28301,"RODRIGUEZ AREVALILLO, CARLOS",50,50,100,amarilla,False,https://www.rffm.es/acta-partido/1179956,2026-08-09T02:34:39.062593+00:00
1179956,480,28301,"RODRIGUEZ AREVALILLO, CARLOS",90,90,100,amarilla,True,https://www.rffm.es/acta-partido/1179956,2026-08-09T02:34:39.062593+00:00
1179959,4928629,65189,"FERNANDEZ MENDEZ, DANIEL",89,89,101,roja,False,https://www.rffm.es/acta-partido/1179959,2026-08-09T02:34:39.154276+00:00
1179962,2157,10923,"ALCARAZ ALCAZAR, RUBEN",89,89,101,roja,False,https://www.rffm.es/acta-partido/1179962,2026-08-09T02:34:39.213826+00:00
1179958,300573,91002,"DIAZ ROMERO, CHRISTIAN",53,53,100,amarilla,False,https://www.rffm.es/acta-partido/1179958,2026-08-09T02:34:39.566065+00:00
1179958,300573,237654,"TEJADA GONZALEZ, FERNANDO",63,63,100,amarilla,False,https://www.rffm.es/acta-partido/1179958,2026-08-09T02:34:39.566065+00:00
1179958,300573,141513,"RECUERO FONFRIA, JAVIER",65,65,100,amarilla,False,https://www.rffm.es/acta-partido/1179958,2026-08-09T02:34:39.566065+00:00
1179958,300573,192829,"SUAREZ OTEGUI, CAMILO",80,80,100,amarilla,False,https://www.rffm.es/acta-partido/1179958,2026-08-09T02:34:39.566065+00:00
1179958,300573,329641,"PULIDO DEL MORAL, ADRIAN",87,87,100,amarilla,False,https://www.rffm.es/acta-partido/1179958,2026-08-09T02:34:39.566065+00:00
1179958,300573,329641,"PULIDO DEL MORAL, ADRIAN",87,87,100,amarilla,False,https://www.rffm.es/acta-partido/1179958,2026-08-09T02:34:39.566065+00:00
1179958,300573,141400,"CARDONA GARCIA VAQUERO, RUBEN JESUS",88,88,100,amarilla,False,https://www.rffm.es/acta-partido/1179958,2026-08-09T02:34:39.566065+00:00
1179958,300573,369449,"DIAZ CASTAÑEDA, ALEJANDRO",999,999,100,amarilla,False,https://www.rffm.es/acta-partido/1179958,2026-08-09T02:34:39.566065+00:00
1179958,2523,328875,"PARRA FERNANDEZ, JORGE",43,43,100,amarilla,False,https://www.rffm.es/acta-partido/1179958,2026-08-09T02:34:39.566065+00:00
1179958,2523,367463,"MORENO GOMEZ DEL PULGAR, RUBEN",55,55,100,amarilla,False,https://www.rffm.es/acta-partido/1179958,2026-08-09T02:34:39.566065+00:00
1179958,2523,141464,"OULEFKI ARANDA, JAVIER",90,90,100,amarilla,False,https://www.rffm.es/acta-partido/1179958,2026-08-09T02:34:39.566065+00:00
1179965,231,13787335,"ESCOBAR FLOR, REINALDO JOSUE",74,74,100,amarilla,False,https://www.rffm.es/acta-partido/1179965,2026-08-09T02:34:40.377365+00:00
1179965,231,13787335,"ESCOBAR FLOR, REINALDO JOSUE",76,76,100,amarilla,True,https://www.rffm.es/acta-partido/1179965,2026-08-09T02:34:40.377365+00:00
1179971,1685,123262,"SANCHEZ MUÑOZ, CARLOS",48,48,100,amarilla,False,https://www.rffm.es/acta-partido/1179971,2026-08-09T02:34:40.813250+00:00
1179971,1685,142703,"TEJEDA GARCIA, ANGEL",54,54,100,amarilla,False,https://www.rffm.es/acta-partido/1179971,2026-08-09T02:34:40.813250+00:00
1179971,1685,809889,"OLCINA VALIENTE, IVAN",79,79,100,amarilla,False,https://www.rffm.es/acta-partido/1179971,2026-08-09T02:34:40.813250+00:00
1179971,2157,4269158,"PETEIRO RAMOS, IVAN",81,81,100,amarilla,False,https://www.rffm.es/acta-partido/1179971,2026-08-09T02:34:40.813250+00:00
1179971,2157,12914,"RIVERA RODRIGUEZ, DANIEL",87,87,100,amarilla,False,https://www.rffm.es/acta-partido/1179971,2026-08-09T02:34:40.813250+00:00
1179971,2157,126902,"YAGUE PEREZ, ALBERTO",89,89,100,amarilla,False,https://www.rffm.es/acta-partido/1179971,2026-08-09T02:34:40.813250+00:00
1179971,2157,126902,"YAGUE PEREZ, ALBERTO",89,89,100,amarilla,False,https://www.rffm.es/acta-partido/1179971,2026-08-09T02:34:40.813250+00:00
1179979,1041,3166352,"FERNANDEZ GONZALO, DAVID",72,72,101,roja,False,https://www.rffm.es/acta-partido/1179979,2026-08-09T02:34:41.788943+00:00
1179979,739,421967,"MALCOCI, ALEHANDRU",17,17,100,amarilla,False,https://www.rffm.es/acta-partido/1179979,2026-08-09T02:34:41.788943+00:00
1179979,739,118531,"MOYA GONZALEZ, JAVIER",42,42,101,roja,False,https://www.rffm.es/acta-partido/1179979,2026-08-09T02:34:41.788943+00:00
1179979,739,421967,"MALCOCI, ALEHANDRU",70,70,100,amarilla,True,https://www.rffm.es/acta-partido/1179979,2026-08-09T02:34:41.788943+00:00
1179980,352985,3205467,"FREIRE SANCHEZ, CARLOS",74,74,100,amarilla,False,https://www.rffm.es/acta-partido/1179980,2026-08-09T02:34:41.843044+00:00
1179980,352985,3205467,"FREIRE SANCHEZ, CARLOS",88,88,100,amarilla,True,https://www.rffm.es/acta-partido/1179980,2026-08-09T02:34:41.843044+00:00
1179974,480,306504,"GARCIA CANO, CARLOS",13,13,101,roja,False,https://www.rffm.es/acta-partido/1179974,2026-08-09T02:34:41.846773+00:00
1180088,802,14089,"LOPEZ CEJUDO, MARIO",90,90,101,roja,False,https://www.rffm.es/acta-partido/1180088,2026-08-09T02:34:43.010441+00:00
1180083,1493,141759,"GONZALEZ HUETE, JOSE ANTONIO",35,35,100,amarilla,False,https://www.rffm.es/acta-partido/1180083,2026-08-09T02:34:43.284759+00:00
1180083,1493,141759,"GONZALEZ HUETE, JOSE ANTONIO",64,64,100,amarilla,True,https://www.rffm.es/acta-partido/1180083,2026-08-09T02:34:43.284759+00:00
1180090,1036,107928,"SANCHEZ SANCHEZ, GERMAN",83,83,101,roja,False,https://www.rffm.es/acta-partido/1180090,2026-08-09T02:34:43.316484+00:00
1180082,334388,593485,"VELASQUEZ SARMIENTO, CAMILO ANDRES",58,58,100,amarilla,False,https://www.rffm.es/acta-partido/1180082,2026-08-09T02:34:43.329042+00:00
1180082,334388,593485,"VELASQUEZ SARMIENTO, CAMILO ANDRES",78,78,100,amarilla,True,https://www.rffm.es/acta-partido/1180082,2026-08-09T02:34:43.329042+00:00
1180082,2185,311499,"VIDAL COQUECO, JEFFERSON",21,21,100,amarilla,False,https://www.rffm.es/acta-partido/1180082,2026-08-09T02:34:43.329042+00:00
1180082,2185,311499,"VIDAL COQUECO, JEFFERSON",79,79,100,amarilla,True,https://www.rffm.es/acta-partido/1180082,2026-08-09T02:34:43.329042+00:00
1180086,8963608,898476,"ARAUZ SANZ, DANIEL",67,67,100,amarilla,False,https://www.rffm.es/acta-partido/1180086,2026-08-09T02:34:43.695220+00:00
1180086,8963608,107877,"CARPINTERO HERNANDEZ, RUBEN",76,76,100,amarilla,False,https://www.rffm.es/acta-partido/1180086,2026-08-09T02:34:43.695220+00:00
1180086,466796,613362,"LUQUE DEL AMO, JUAN",58,58,100,amarilla,False,https://www.rffm.es/acta-partido/1180086,2026-08-09T02:34:43.695220+00:00
1180092,334388,196499,"BEDOYA SANCLEMENTE, JUAN SEBASTIAN",59,59,100,amarilla,False,https://www.rffm.es/acta-partido/1180092,2026-08-09T02:34:43.972996+00:00
1180092,334388,196499,"BEDOYA SANCLEMENTE, JUAN SEBASTIAN",77,77,100,amarilla,True,https://www.rffm.es/acta-partido/1180092,2026-08-09T02:34:43.972996+00:00
1180087,1136,1088998,"HERRERO PIZARROSO, AITOR",33,33,100,amarilla,False,https://www.rffm.es/acta-partido/1180087,2026-08-09T02:34:44.031480+00:00
1180087,1136,184437,"DE LA TORRE CAÑAVERAS, FERNANDO",80,80,100,amarilla,False,https://www.rffm.es/acta-partido/1180087,2026-08-09T02:34:44.031480+00:00
1180087,1136,142124,"MARTINEZ HERNANDEZ, ANTONIO JESUS",82,82,100,amarilla,False,https://www.rffm.es/acta-partido/1180087,2026-08-09T02:34:44.031480+00:00
1180087,776,107578,"DE BLAS HERNANDEZ, FRANCISCO J",12,12,100,amarilla,False,https://www.rffm.es/acta-partido/1180087,2026-08-09T02:34:44.031480+00:00
1180087,776,107857,"MORATILLA ALONSO, VICTOR",24,24,100,amarilla,False,https://www.rffm.es/acta-partido/1180087,2026-08-09T02:34:44.031480+00:00
1180087,776,107097,"DOMINGO BUITRAGO, IVAN",45,45,100,amarilla,False,https://www.rffm.es/acta-partido/1180087,2026-08-09T02:34:44.031480+00:00
1180087,776,107857,"MORATILLA ALONSO, VICTOR",45,45,100,amarilla,True,https://www.rffm.es/acta-partido/1180087,2026-08-09T02:34:44.031480+00:00
1180087,776,2349627,"SANTANDER ALONSO, JAVIER",62,62,100,amarilla,False,https://www.rffm.es/acta-partido/1180087,2026-08-09T02:34:44.031480+00:00
1180087,776,234373,"CUESTA CABEZAS, PEDRO J",68,68,100,amarilla,False,https://www.rffm.es/acta-partido/1180087,2026-08-09T02:34:44.031480+00:00
1180098,2013,109487,"GONZALEZ ALONSO, ALVARO",34,34,100,amarilla,False,https://www.rffm.es/acta-partido/1180098,2026-08-09T02:34:44.408077+00:00
1180098,2013,109487,"GONZALEZ ALONSO, ALVARO",89,89,100,amarilla,True,https://www.rffm.es/acta-partido/1180098,2026-08-09T02:34:44.408077+00:00
1180094,334363,108065,"ARIAS LUCIO, CRISTIAN",45,45,100,amarilla,False,https://www.rffm.es/acta-partido/1180094,2026-08-09T02:34:44.704512+00:00
1180094,334363,108041,"HUETE DIAZ, RAUL",52,52,100,amarilla,False,https://www.rffm.es/acta-partido/1180094,2026-08-09T02:34:44.704512+00:00
1180094,334363,108041,"HUETE DIAZ, RAUL",54,54,100,amarilla,True,https://www.rffm.es/acta-partido/1180094,2026-08-09T02:34:44.704512+00:00
1180094,334363,108065,"ARIAS LUCIO, CRISTIAN",77,77,100,amarilla,True,https://www.rffm.es/acta-partido/1180094,2026-08-09T02:34:44.704512+00:00
1180096,8963608,9237681,"GONZALEZ ORTEGA, CHRISTIAN",73,73,100,amarilla,False,https://www.rffm.es/acta-partido/1180096,2026-08-09T02:34:45.119768+00:00
1180096,8963608,9237681,"GONZALEZ ORTEGA, CHRISTIAN",89,89,100,amarilla,True,https://www.rffm.es/acta-partido/1180096,2026-08-09T02:34:45.119768+00:00
1180100,2185,404479,"ANDRADE RAMALHO, RAUL",53,53,100,amarilla,False,https://www.rffm.es/acta-partido/1180100,2026-08-09T02:34:45.441489+00:00
1180100,2185,404479,"ANDRADE RAMALHO, RAUL",89,89,100,amarilla,True,https://www.rffm.es/acta-partido/1180100,2026-08-09T02:34:45.441489+00:00
1180100,6819476,304162,"SANCHEZ RODRIGUEZ, KEVIN RUBEN",86,86,100,amarilla,False,https://www.rffm.es/acta-partido/1180100,2026-08-09T02:34:45.441489+00:00
1180100,6819476,9288205,"VASQUEZ AGUDELO, IVAN DANIEL",86,86,100,amarilla,False,https://www.rffm.es/acta-partido/1180100,2026-08-09T02:34:45.441489+00:00
1180100,6819476,304162,"SANCHEZ RODRIGUEZ, KEVIN RUBEN",89,89,100,amarilla,True,https://www.rffm.es/acta-partido/1180100,2026-08-09T02:34:45.441489+00:00
1180100,6819476,9288205,"VASQUEZ AGUDELO, IVAN DANIEL",90,90,100,amarilla,True,https://www.rffm.es/acta-partido/1180100,2026-08-09T02:34:45.441489+00:00
1180103,1363,242079,"PULIDO BERRUGA, PABLO",39,39,101,roja,False,https://www.rffm.es/acta-partido/1180103,2026-08-09T02:34:45.637068+00:00
1180103,466796,2244548,"GARCIA MARTIN, ALVARO",88,88,101,roja,False,https://www.rffm.es/acta-partido/1180103,2026-08-09T02:34:45.637068+00:00
1180102,1493,232028,"QUESADA CEPEDA, DAVID",23,23,100,amarilla,False,https://www.rffm.es/acta-partido/1180102,2026-08-09T02:34:46.246987+00:00
1180102,1493,232028,"QUESADA CEPEDA, DAVID",32,32,100,amarilla,True,https://www.rffm.es/acta-partido/1180102,2026-08-09T02:34:46.246987+00:00
1180104,466694,574613,"RODRÍGUEZ VALLE, ÁLVARO",73,73,100,amarilla,False,https://www.rffm.es/acta-partido/1180104,2026-08-09T02:34:46.568043+00:00
1180104,466694,574613,"RODRÍGUEZ VALLE, ÁLVARO",86,86,100,amarilla,True,https://www.rffm.es/acta-partido/1180104,2026-08-09T02:34:46.568043+00:00
1180110,785,232300,"GARCIA VELASCO, MARCOS",55,55,100,amarilla,False,https://www.rffm.es/acta-partido/1180110,2026-08-09T02:34:46.767752+00:00
1180110,785,312874,"FERNANDEZ MOYA, ISRAEL",55,55,100,amarilla,False,https://www.rffm.es/acta-partido/1180110,2026-08-09T02:34:46.767752+00:00
1180110,785,3002986,"VICENTE RODRIGUEZ, JORGE",55,55,100,amarilla,False,https://www.rffm.es/acta-partido/1180110,2026-08-09T02:34:46.767752+00:00
1180110,2185,13356345,"NUÑEZ PICADO, VICTOR MANUEL",24,24,100,amarilla,False,https://www.rffm.es/acta-partido/1180110,2026-08-09T02:34:46.767752+00:00
1180110,2185,13145045,"CARDENAS HERNANDEZ, JOSE",42,42,100,amarilla,False,https://www.rffm.es/acta-partido/1180110,2026-08-09T02:34:46.767752+00:00
1180110,2185,53046,"MORENO LEAL, JOSE",60,60,100,amarilla,False,https://www.rffm.es/acta-partido/1180110,2026-08-09T02:34:46.767752+00:00
1180110,2185,106118,"GONZALEZ FIGUEIREDO, ADRIAN",70,70,100,amarilla,False,https://www.rffm.es/acta-partido/1180110,2026-08-09T02:34:46.767752+00:00
1180110,2185,230802,"ÁLVARO SAN JOSÉ, HÉCTOR",75,75,100,amarilla,False,https://www.rffm.es/acta-partido/1180110,2026-08-09T02:34:46.767752+00:00
1180109,1036,107443,"BARREJON CEDIEL, JAVIER",87,87,100,amarilla,False,https://www.rffm.es/acta-partido/1180109,2026-08-09T02:34:47.360927+00:00
1180109,1036,107443,"BARREJON CEDIEL, JAVIER",87,87,100,amarilla,False,https://www.rffm.es/acta-partido/1180109,2026-08-09T02:34:47.360927+00:00
1180115,2013,94964,"GARCIA PISONERO, JUAN ANGEL",58,58,101,roja,False,https://www.rffm.es/acta-partido/1180115,2026-08-09T02:34:47.525112+00:00
1180115,8963608,238706,"ALVAREZ APARICIO, CARLOS",33,33,100,amarilla,False,https://www.rffm.es/acta-partido/1180115,2026-08-09T02:34:47.525112+00:00
1180115,8963608,238706,"ALVAREZ APARICIO, CARLOS",82,82,100,amarilla,True,https://www.rffm.es/acta-partido/1180115,2026-08-09T02:34:47.525112+00:00
1180116,1136,13108785,"LOPEZ GARCIA, DANIEL",9,9,100,amarilla,False,https://www.rffm.es/acta-partido/1180116,2026-08-09T02:34:47.525778+00:00
1180116,1136,13108785,"LOPEZ GARCIA, DANIEL",50,50,100,amarilla,True,https://www.rffm.es/acta-partido/1180116,2026-08-09T02:34:47.525778+00:00
1180114,466694,389809,"RACIONERO RINCON, CRISTIAN",30,30,100,amarilla,False,https://www.rffm.es/acta-partido/1180114,2026-08-09T02:34:47.653351+00:00
1180114,466694,389809,"RACIONERO RINCON, CRISTIAN",34,34,100,amarilla,True,https://www.rffm.es/acta-partido/1180114,2026-08-09T02:34:47.653351+00:00
1180114,466694,574592,"VALDIVIESO DIAZ, ELIAS",41,41,100,amarilla,False,https://www.rffm.es/acta-partido/1180114,2026-08-09T02:34:47.653351+00:00
1180114,466694,574592,"VALDIVIESO DIAZ, ELIAS",88,88,100,amarilla,True,https://www.rffm.es/acta-partido/1180114,2026-08-09T02:34:47.653351+00:00
1180113,776,107705,"HERNANDEZ MARTIN, MIGUEL ANGEL",14,14,100,amarilla,False,https://www.rffm.es/acta-partido/1180113,2026-08-09T02:34:47.928623+00:00
1180113,776,107705,"HERNANDEZ MARTIN, MIGUEL ANGEL",89,89,100,amarilla,True,https://www.rffm.es/acta-partido/1180113,2026-08-09T02:34:47.928623+00:00
1180111,334363,116476,"ROMERO DOMINGO, JESUS ANGEL",23,23,100,amarilla,False,https://www.rffm.es/acta-partido/1180111,2026-08-09T02:34:48.023204+00:00
1180111,334388,2403840,"ZAIM RECHCHAD, AZIZ",53,53,100,amarilla,False,https://www.rffm.es/acta-partido/1180111,2026-08-09T02:34:48.023204+00:00
1180111,334388,324440,"PEREZ DE LA HIDALGA, SERGIO",75,75,100,amarilla,False,https://www.rffm.es/acta-partido/1180111,2026-08-09T02:34:48.023204+00:00
1180111,334388,324440,"PEREZ DE LA HIDALGA, SERGIO",84,84,100,amarilla,True,https://www.rffm.es/acta-partido/1180111,2026-08-09T02:34:48.023204+00:00
1180111,334388,719288,"CORREAS CABEZAS, UNAI",89,89,100,amarilla,False,https://www.rffm.es/acta-partido/1180111,2026-08-09T02:34:48.023204+00:00
1180118,6819476,353856,"HJIJ TEMIMI, JABER",88,88,101,roja,False,https://www.rffm.es/acta-partido/1180118,2026-08-09T02:34:48.073042+00:00
1180120,334388,668153,"RODRIGUEZ PEREZ, VICTOR",50,50,100,amarilla,False,https://www.rffm.es/acta-partido/1180120,2026-08-09T02:34:48.253598+00:00
1180120,466796,10415576,"FONKOUA, YANNICK",38,38,100,amarilla,False,https://www.rffm.es/acta-partido/1180120,2026-08-09T02:34:48.253598+00:00
1180120,466796,3030333,"TRUJILLO REDONDO, JESUS",64,64,100,amarilla,False,https://www.rffm.es/acta-partido/1180120,2026-08-09T02:34:48.253598+00:00
1180120,466796,5556128,"RAMOS BIDO, DARLING JOSE",73,73,100,amarilla,False,https://www.rffm.es/acta-partido/1180120,2026-08-09T02:34:48.253598+00:00
1180125,1136,2752709,"YAGUE DIAZ, RUBEN",33,33,100,amarilla,False,https://www.rffm.es/acta-partido/1180125,2026-08-09T02:34:48.537574+00:00
1180125,1136,2752709,"YAGUE DIAZ, RUBEN",60,60,100,amarilla,True,https://www.rffm.es/acta-partido/1180125,2026-08-09T02:34:48.537574+00:00
1180124,8963608,322267,"REVUELTA TORREJON, VICTOR",45,45,100,amarilla,False,https://www.rffm.es/acta-partido/1180124,2026-08-09T02:34:48.976871+00:00
1180124,8963608,322267,"REVUELTA TORREJON, VICTOR",45,45,100,amarilla,False,https://www.rffm.es/acta-partido/1180124,2026-08-09T02:34:48.976871+00:00
1180124,9031285,13461822,"BOUHIAOUI, MOHAMED",45,45,101,roja,False,https://www.rffm.es/acta-partido/1180124,2026-08-09T02:34:48.976871+00:00
1180124,9031285,13337644,"CARRERO MONTERO, RAUL DAVID",72,72,100,amarilla,False,https://www.rffm.es/acta-partido/1180124,2026-08-09T02:34:48.976871+00:00
1180124,9031285,13337644,"CARRERO MONTERO, RAUL DAVID",90,90,100,amarilla,True,https://www.rffm.es/acta-partido/1180124,2026-08-09T02:34:48.976871+00:00
1180119,2185,664623,"JOVAIR MOREIRA, RAFAEL",38,38,101,roja,False,https://www.rffm.es/acta-partido/1180119,2026-08-09T02:34:49.114862+00:00
1180131,4948840,525775,"LÓPEZ DOMÍNGUEZ, JAVIER",42,42,100,amarilla,False,https://www.rffm.es/acta-partido/1180131,2026-08-09T02:34:49.737602+00:00
1180131,4948840,13444427,"PAZ USEROS, DANIEL",69,69,100,amarilla,False,https://www.rffm.es/acta-partido/1180131,2026-08-09T02:34:49.737602+00:00
1180131,4948840,13114220,"NABAHIN AMMAR, ALI",73,73,100,amarilla,False,https://www.rffm.es/acta-partido/1180131,2026-08-09T02:34:49.737602+00:00
1180131,4948840,13444427,"PAZ USEROS, DANIEL",83,83,100,amarilla,True,https://www.rffm.es/acta-partido/1180131,2026-08-09T02:34:49.737602+00:00
1180131,4948840,13114220,"NABAHIN AMMAR, ALI",93,93,100,amarilla,True,https://www.rffm.es/acta-partido/1180131,2026-08-09T02:34:49.737602+00:00
1180135,1136,186148,"AVILES VELASCO, JAVIER",23,23,100,amarilla,False,https://www.rffm.es/acta-partido/1180135,2026-08-09T02:34:50.699126+00:00
1180135,1136,186148,"AVILES VELASCO, JAVIER",42,42,100,amarilla,True,https://www.rffm.es/acta-partido/1180135,2026-08-09T02:34:50.699126+00:00
1180135,1136,72642,"PEREZ IGLESIAS, ISRAEL",67,67,100,amarilla,False,https://www.rffm.es/acta-partido/1180135,2026-08-09T02:34:50.699126+00:00
1180135,1136,72642,"PEREZ IGLESIAS, ISRAEL",90,90,100,amarilla,True,https://www.rffm.es/acta-partido/1180135,2026-08-09T02:34:50.699126+00:00
1180130,776,13161640,"GOMEZ MAROTO, JAVIER",34,34,100,amarilla,False,https://www.rffm.es/acta-partido/1180130,2026-08-09T02:34:50.894965+00:00
1180130,776,7895649,"CALVO RUBIO, HECTOR",75,75,101,roja,False,https://www.rffm.es/acta-partido/1180130,2026-08-09T02:34:50.894965+00:00
1180130,776,13161640,"GOMEZ MAROTO, JAVIER",84,84,100,amarilla,True,https://www.rffm.es/acta-partido/1180130,2026-08-09T02:34:50.894965+00:00
1180130,776,748966,"ALONSO ALIA, AITOR",90,90,101,roja,False,https://www.rffm.es/acta-partido/1180130,2026-08-09T02:34:50.894965+00:00
1180130,334388,719288,"CORREAS CABEZAS, UNAI",44,44,100,amarilla,False,https://www.rffm.es/acta-partido/1180130,2026-08-09T02:34:50.894965+00:00
1180130,334388,719288,"CORREAS CABEZAS, UNAI",44,44,100,amarilla,False,https://www.rffm.es/acta-partido/1180130,2026-08-09T02:34:50.894965+00:00
1180141,9031285,3227394,"FERNANDEZ MARTIN, SERGIO",60,60,100,amarilla,False,https://www.rffm.es/acta-partido/1180141,2026-08-09T02:34:51.846451+00:00
1180141,9031285,3227394,"FERNANDEZ MARTIN, SERGIO",999,999,100,amarilla,True,https://www.rffm.es/acta-partido/1180141,2026-08-09T02:34:51.846451+00:00
1180143,802,13877,"CASATEJADA FERNANDEZ, VICTOR",38,38,100,amarilla,False,https://www.rffm.es/acta-partido/1180143,2026-08-09T02:34:52.186292+00:00
1180143,802,13877,"CASATEJADA FERNANDEZ, VICTOR",65,65,100,amarilla,True,https://www.rffm.es/acta-partido/1180143,2026-08-09T02:34:52.186292+00:00
1180139,334388,7343765,"LOPEZ JIMENEZ, FRANCISCO JAVIER",72,72,100,amarilla,False,https://www.rffm.es/acta-partido/1180139,2026-08-09T02:34:52.263345+00:00
1180139,334388,7343765,"LOPEZ JIMENEZ, FRANCISCO JAVIER",90,90,100,amarilla,True,https://www.rffm.es/acta-partido/1180139,2026-08-09T02:34:52.263345+00:00
1180144,1136,96390,"GARCIA SANCHEZ, LUIS",10,10,100,amarilla,False,https://www.rffm.es/acta-partido/1180144,2026-08-09T02:34:52.264329+00:00
1180144,1136,96390,"GARCIA SANCHEZ, LUIS",74,74,100,amarilla,True,https://www.rffm.es/acta-partido/1180144,2026-08-09T02:34:52.264329+00:00
1180144,1136,302382,"MARTIN MINGO, FRANCISCO",90,90,101,roja,False,https://www.rffm.es/acta-partido/1180144,2026-08-09T02:34:52.264329+00:00
1180138,2185,1054351,"HUANG WU, JIAQING",55,55,100,amarilla,False,https://www.rffm.es/acta-partido/1180138,2026-08-09T02:34:52.441164+00:00
1180138,2185,1054351,"HUANG WU, JIAQING",72,72,100,amarilla,True,https://www.rffm.es/acta-partido/1180138,2026-08-09T02:34:52.441164+00:00
1180149,2013,108536,"SALVADOR ESCUDERO, ALVARO",7,7,100,amarilla,False,https://www.rffm.es/acta-partido/1180149,2026-08-09T02:34:53.298305+00:00
1180149,2013,108640,"MARTINEZ RUIZ, BORJA",33,33,100,amarilla,False,https://www.rffm.es/acta-partido/1180149,2026-08-09T02:34:53.298305+00:00
1180149,334388,326633,"FERNANDEZ QUIROGA, PABLO",15,15,100,amarilla,False,https://www.rffm.es/acta-partido/1180149,2026-08-09T02:34:53.298305+00:00
1180149,334388,326574,"CRUZADO MELLADO, PABLO",85,85,100,amarilla,False,https://www.rffm.es/acta-partido/1180149,2026-08-09T02:34:53.298305+00:00
1180149,334388,9213153,"GARCIA CARMONA, JHON MARIO",86,86,100,amarilla,False,https://www.rffm.es/acta-partido/1180149,2026-08-09T02:34:53.298305+00:00
1180152,466694,726407,"DÍAZ GÓMEZ, JAVIER",46,46,101,roja,False,https://www.rffm.es/acta-partido/1180152,2026-08-09T02:34:53.414955+00:00
1180153,1136,1004349,"DE LAS HERAS ROLDAN, JOAQUIN",36,36,100,amarilla,False,https://www.rffm.es/acta-partido/1180153,2026-08-09T02:34:53.420124+00:00
1180153,1136,1004349,"DE LAS HERAS ROLDAN, JOAQUIN",63,63,100,amarilla,True,https://www.rffm.es/acta-partido/1180153,2026-08-09T02:34:53.420124+00:00
1180148,4948840,13114220,"NABAHIN AMMAR, ALI",61,61,100,amarilla,False,https://www.rffm.es/acta-partido/1180148,2026-08-09T02:34:53.455413+00:00
1180148,4948840,8569600,"ROS CASTEJON, FEDERICO",69,69,100,amarilla,False,https://www.rffm.es/acta-partido/1180148,2026-08-09T02:34:53.455413+00:00
1180148,4948840,321525,"GOMEZ NUÑEZ, DANIEL",94,94,100,amarilla,False,https://www.rffm.es/acta-partido/1180148,2026-08-09T02:34:53.455413+00:00
1180148,2185,52438,"MARTINEZ SANCHEZ, MARCO JAVIER",54,54,100,amarilla,False,https://www.rffm.es/acta-partido/1180148,2026-08-09T02:34:53.455413+00:00
1180148,2185,13653,"LORENZO MARTIN, DANIEL",58,58,100,amarilla,False,https://www.rffm.es/acta-partido/1180148,2026-08-09T02:34:53.455413+00:00
1180148,2185,94877,"BENITEZ SALAMANCA, ALBERTO",64,64,100,amarilla,False,https://www.rffm.es/acta-partido/1180148,2026-08-09T02:34:53.455413+00:00
1180148,2185,327126,"CABALLERO VILLARREAL, ALVARO",94,94,100,amarilla,False,https://www.rffm.es/acta-partido/1180148,2026-08-09T02:34:53.455413+00:00
1180145,1036,107928,"SANCHEZ SANCHEZ, GERMAN",67,67,100,amarilla,False,https://www.rffm.es/acta-partido/1180145,2026-08-09T02:34:53.626434+00:00
1180145,1036,107928,"SANCHEZ SANCHEZ, GERMAN",999,999,100,amarilla,True,https://www.rffm.es/acta-partido/1180145,2026-08-09T02:34:53.626434+00:00
1180158,9031285,238693,"PRIEGO BELLO, ALEJANDRO",65,65,101,roja,False,https://www.rffm.es/acta-partido/1180158,2026-08-09T02:34:53.815220+00:00
1180158,9031285,233812,"GAMALLO BURGOS, ALBERTO AMADOR",90,90,101,roja,False,https://www.rffm.es/acta-partido/1180158,2026-08-09T02:34:53.815220+00:00
1180162,8963608,232245,"CORDERO MARTINEZ, DAVID",8,8,100,amarilla,False,https://www.rffm.es/acta-partido/1180162,2026-08-09T02:34:54.475406+00:00
1180162,8963608,232245,"CORDERO MARTINEZ, DAVID",54,54,100,amarilla,True,https://www.rffm.es/acta-partido/1180162,2026-08-09T02:34:54.475406+00:00
1180154,466796,10415576,"FONKOUA, YANNICK",34,34,100,amarilla,False,https://www.rffm.es/acta-partido/1180154,2026-08-09T02:34:55.087287+00:00
1180154,466796,10415576,"FONKOUA, YANNICK",41,41,100,amarilla,True,https://www.rffm.es/acta-partido/1180154,2026-08-09T02:34:55.087287+00:00
1180156,6819476,30424,"JIMENEZ JIMENEZ, DANIEL",65,65,100,amarilla,False,https://www.rffm.es/acta-partido/1180156,2026-08-09T02:34:55.092621+00:00
1180156,6819476,30424,"JIMENEZ JIMENEZ, DANIEL",72,72,100,amarilla,True,https://www.rffm.es/acta-partido/1180156,2026-08-09T02:34:55.092621+00:00
1180160,1363,113753,"BANDERA MURIEL, MIGUEL",35,35,100,amarilla,False,https://www.rffm.es/acta-partido/1180160,2026-08-09T02:34:55.132787+00:00
1180160,1363,226461,"MERINO PELLIN, JUAN",53,53,100,amarilla,False,https://www.rffm.es/acta-partido/1180160,2026-08-09T02:34:55.132787+00:00
1180160,1363,195147,"PATIÑO PEREZ, HECTOR",66,66,100,amarilla,False,https://www.rffm.es/acta-partido/1180160,2026-08-09T02:34:55.132787+00:00
1180160,1363,10249946,"MARTINEZ MACIA, VICTOR",78,78,100,amarilla,False,https://www.rffm.es/acta-partido/1180160,2026-08-09T02:34:55.132787+00:00
1180160,1363,687886,"FERNANDEZ SAMPER, JAVIER CONSTANTIN",89,89,100,amarilla,False,https://www.rffm.es/acta-partido/1180160,2026-08-09T02:34:55.132787+00:00
1180160,802,4694721,"SIERRA DEL REY, CRISTIAN",11,11,100,amarilla,False,https://www.rffm.es/acta-partido/1180160,2026-08-09T02:34:55.132787+00:00
1180160,802,13759,"CANDELA SOLLA, ADRIAN",18,18,100,amarilla,False,https://www.rffm.es/acta-partido/1180160,2026-08-09T02:34:55.132787+00:00
1180160,802,238393,"LOPEZ PADILLA, DIEGO",32,32,100,amarilla,False,https://www.rffm.es/acta-partido/1180160,2026-08-09T02:34:55.132787+00:00
1180160,802,70923,"GOMEZ FERNANDEZ, JESUS",53,53,100,amarilla,False,https://www.rffm.es/acta-partido/1180160,2026-08-09T02:34:55.132787+00:00
1180160,802,236409,"DE LA LASTRA BLANCO, CARLOS",54,54,101,roja,False,https://www.rffm.es/acta-partido/1180160,2026-08-09T02:34:55.132787+00:00
1180160,802,12207,"PAREJO LOPEZ, SERGIO",59,59,100,amarilla,False,https://www.rffm.es/acta-partido/1180160,2026-08-09T02:34:55.132787+00:00
1180160,802,13877,"CASATEJADA FERNANDEZ, VICTOR",73,73,100,amarilla,False,https://www.rffm.es/acta-partido/1180160,2026-08-09T02:34:55.132787+00:00
1180160,802,230268,"VILLAVERDE MEDIAVILLA, PABLO",85,85,100,amarilla,False,https://www.rffm.es/acta-partido/1180160,2026-08-09T02:34:55.132787+00:00
1180167,9031285,3227394,"FERNANDEZ MARTIN, SERGIO",89,89,101,roja,False,https://www.rffm.es/acta-partido/1180167,2026-08-09T02:34:55.630612+00:00
1180165,4948840,13114220,"NABAHIN AMMAR, ALI",18,18,100,amarilla,False,https://www.rffm.es/acta-partido/1180165,2026-08-09T02:34:55.641443+00:00
1180165,4948840,13114220,"NABAHIN AMMAR, ALI",44,44,100,amarilla,True,https://www.rffm.es/acta-partido/1180165,2026-08-09T02:34:55.641443+00:00
1180171,466694,238892,"GANGUTIA HERNANDEZ, ALBERTO CARMELO",36,36,100,amarilla,False,https://www.rffm.es/acta-partido/1180171,2026-08-09T02:34:56.100798+00:00
1180171,466694,389809,"RACIONERO RINCON, CRISTIAN",73,73,101,roja,False,https://www.rffm.es/acta-partido/1180171,2026-08-09T02:34:56.100798+00:00
1180171,466694,306829,"INFANTE CAÑADA, BORJA",76,76,101,roja,False,https://www.rffm.es/acta-partido/1180171,2026-08-09T02:34:56.100798+00:00
1180171,466694,238892,"GANGUTIA HERNANDEZ, ALBERTO CARMELO",89,89,100,amarilla,True,https://www.rffm.es/acta-partido/1180171,2026-08-09T02:34:56.100798+00:00
1180166,2013,122758,"TORTOSA MARTIN, MARIO",83,83,101,roja,False,https://www.rffm.es/acta-partido/1180166,2026-08-09T02:34:56.324158+00:00
1180166,6819476,84978,"GARCIA AVILES, GONZALO",83,83,101,roja,False,https://www.rffm.es/acta-partido/1180166,2026-08-09T02:34:56.324158+00:00
1180170,1136,2349505,"SORIANO VAZQUEZ, BENJAMIN",33,33,100,amarilla,False,https://www.rffm.es/acta-partido/1180170,2026-08-09T02:34:56.326795+00:00
1180170,1136,2349505,"SORIANO VAZQUEZ, BENJAMIN",90,90,100,amarilla,True,https://www.rffm.es/acta-partido/1180170,2026-08-09T02:34:56.326795+00:00
1180164,776,183831,"ORDOÑEZ HERNANDEZ, JOSE A",31,31,100,amarilla,False,https://www.rffm.es/acta-partido/1180164,2026-08-09T02:34:56.725376+00:00
1180164,776,107097,"DOMINGO BUITRAGO, IVAN",57,57,100,amarilla,False,https://www.rffm.es/acta-partido/1180164,2026-08-09T02:34:56.725376+00:00
1180164,776,302116,"BRAVO CAMPOS, SERGIO",81,81,100,amarilla,False,https://www.rffm.es/acta-partido/1180164,2026-08-09T02:34:56.725376+00:00
1180164,334363,107582,"MANQUILLO GAITAN, VICTOR",45,45,100,amarilla,False,https://www.rffm.es/acta-partido/1180164,2026-08-09T02:34:56.725376+00:00
1180164,334363,605009,"GARCIA BARBA, LUIS CARLOS",72,72,100,amarilla,False,https://www.rffm.es/acta-partido/1180164,2026-08-09T02:34:56.725376+00:00
1180178,1136,72642,"PEREZ IGLESIAS, ISRAEL",35,35,101,roja,False,https://www.rffm.es/acta-partido/1180178,2026-08-09T02:34:56.827970+00:00
1180179,8963608,238706,"ALVAREZ APARICIO, CARLOS",19,19,101,roja,False,https://www.rffm.es/acta-partido/1180179,2026-08-09T02:34:56.909356+00:00
1180174,785,10917,"PEREZ SIMON, ADRIAN",40,40,100,amarilla,False,https://www.rffm.es/acta-partido/1180174,2026-08-09T02:34:57.418573+00:00
1180174,785,10917,"PEREZ SIMON, ADRIAN",80,80,100,amarilla,True,https://www.rffm.es/acta-partido/1180174,2026-08-09T02:34:57.418573+00:00
1180174,2013,106502,"GARCIA DE LA HOZ, SERGIO",50,50,100,amarilla,False,https://www.rffm.es/acta-partido/1180174,2026-08-09T02:34:57.418573+00:00
1180174,2013,106502,"GARCIA DE LA HOZ, SERGIO",67,67,100,amarilla,True,https://www.rffm.es/acta-partido/1180174,2026-08-09T02:34:57.418573+00:00
1180176,2185,327126,"CABALLERO VILLARREAL, ALVARO",58,58,101,roja,False,https://www.rffm.es/acta-partido/1180176,2026-08-09T02:34:57.477981+00:00
1180172,466796,324496,"MARTIN MARTINEZ, DAVID JUAN",84,84,100,amarilla,False,https://www.rffm.es/acta-partido/1180172,2026-08-09T02:34:57.484792+00:00
1180172,776,107094,"GOMEZ OREJA, MIGUEL ANGEL",58,58,100,amarilla,False,https://www.rffm.es/acta-partido/1180172,2026-08-09T02:34:57.484792+00:00
1180172,776,3603410,"ESTECHA GARCIA, VICTOR",63,63,101,roja,False,https://www.rffm.es/acta-partido/1180172,2026-08-09T02:34:57.484792+00:00
1180172,776,912137,"MANGUDO PLATAS, ALVARO",75,75,100,amarilla,False,https://www.rffm.es/acta-partido/1180172,2026-08-09T02:34:57.484792+00:00
1180172,776,584709,"GARCIA ROLDAN, RAUL",85,85,100,amarilla,False,https://www.rffm.es/acta-partido/1180172,2026-08-09T02:34:57.484792+00:00
1180172,776,584709,"GARCIA ROLDAN, RAUL",90,90,100,amarilla,True,https://www.rffm.es/acta-partido/1180172,2026-08-09T02:34:57.484792+00:00
1180172,776,13113012,"MARTIN PALACIOS, ANTONIO",999,999,101,roja,False,https://www.rffm.es/acta-partido/1180172,2026-08-09T02:34:57.484792+00:00
1180175,9031285,2545564,"QUINTANILLA CHAMON, FRANCISCO JOSE",72,72,100,amarilla,False,https://www.rffm.es/acta-partido/1180175,2026-08-09T02:34:57.930406+00:00
1180175,9031285,2545564,"QUINTANILLA CHAMON, FRANCISCO JOSE",75,75,100,amarilla,True,https://www.rffm.es/acta-partido/1180175,2026-08-09T02:34:57.930406+00:00
1180183,2013,108640,"MARTINEZ RUIZ, BORJA",59,59,100,amarilla,False,https://www.rffm.es/acta-partido/1180183,2026-08-09T02:34:58.151780+00:00
1180183,2013,108640,"MARTINEZ RUIZ, BORJA",65,65,100,amarilla,True,https://www.rffm.es/acta-partido/1180183,2026-08-09T02:34:58.151780+00:00
1180188,1493,141759,"GONZALEZ HUETE, JOSE ANTONIO",79,79,100,amarilla,False,https://www.rffm.es/acta-partido/1180188,2026-08-09T02:34:58.393438+00:00
1180188,1493,232720,"CORDERO VIVAR, JOSE IGNACIO",86,86,101,roja,False,https://www.rffm.es/acta-partido/1180188,2026-08-09T02:34:58.393438+00:00
1180188,1493,141759,"GONZALEZ HUETE, JOSE ANTONIO",90,90,100,amarilla,True,https://www.rffm.es/acta-partido/1180188,2026-08-09T02:34:58.393438+00:00
1180189,466694,574592,"VALDIVIESO DIAZ, ELIAS",31,31,100,amarilla,False,https://www.rffm.es/acta-partido/1180189,2026-08-09T02:34:58.727142+00:00
1180189,466694,1017439,"LOPEZ MIGUEL, SERGIO",36,36,100,amarilla,False,https://www.rffm.es/acta-partido/1180189,2026-08-09T02:34:58.727142+00:00
1180189,466694,2791265,"VELASCO IZQUIERDO, JAVIER",64,64,100,amarilla,False,https://www.rffm.es/acta-partido/1180189,2026-08-09T02:34:58.727142+00:00
1180189,466694,815217,"GUIJORRO MINGO, CESAR",88,88,100,amarilla,False,https://www.rffm.es/acta-partido/1180189,2026-08-09T02:34:58.727142+00:00
1180189,1363,195147,"PATIÑO PEREZ, HECTOR",38,38,100,amarilla,False,https://www.rffm.es/acta-partido/1180189,2026-08-09T02:34:58.727142+00:00
1180189,1363,687886,"FERNANDEZ SAMPER, JAVIER CONSTANTIN",66,66,100,amarilla,False,https://www.rffm.es/acta-partido/1180189,2026-08-09T02:34:58.727142+00:00
1180189,1363,32673,"MUÑOZ MEDINA, LUIS",89,89,100,amarilla,False,https://www.rffm.es/acta-partido/1180189,2026-08-09T02:34:58.727142+00:00
1180181,776,107705,"HERNANDEZ MARTIN, MIGUEL ANGEL",56,56,101,roja,False,https://www.rffm.es/acta-partido/1180181,2026-08-09T02:34:59.553627+00:00
1180193,785,13711,"NIETO PALOMAR, CRISTIAN",60,60,100,amarilla,False,https://www.rffm.es/acta-partido/1180193,2026-08-09T02:35:00.091136+00:00
1180193,785,13711,"NIETO PALOMAR, CRISTIAN",79,79,100,amarilla,True,https://www.rffm.es/acta-partido/1180193,2026-08-09T02:35:00.091136+00:00
1180193,785,4994523,"BALLESTEROS GARCIA, FERNANDO",80,80,101,roja,False,https://www.rffm.es/acta-partido/1180193,2026-08-09T02:35:00.091136+00:00
1180197,1493,243214,"MORALEDA PEREZ, JORGE ALBERTO",63,63,100,amarilla,False,https://www.rffm.es/acta-partido/1180197,2026-08-09T02:35:00.747668+00:00
1180197,1493,243214,"MORALEDA PEREZ, JORGE ALBERTO",65,65,100,amarilla,True,https://www.rffm.es/acta-partido/1180197,2026-08-09T02:35:00.747668+00:00
1180198,1036,145280,"GONZALEZ MARTINEZ, JOSE ALBERTO",69,69,101,roja,False,https://www.rffm.es/acta-partido/1180198,2026-08-09T02:35:01.332025+00:00
1180195,2185,311499,"VIDAL COQUECO, JEFFERSON",67,67,100,amarilla,False,https://www.rffm.es/acta-partido/1180195,2026-08-09T02:35:01.865361+00:00
1180195,2185,239560,"MARTINEZ ALCAÑIZ, MARTIN ALEJANDRO",84,84,100,amarilla,False,https://www.rffm.es/acta-partido/1180195,2026-08-09T02:35:01.865361+00:00
1180195,2185,11389920,"ESPINOZA ROMERO, NIXON JHOAN",88,88,100,amarilla,False,https://www.rffm.es/acta-partido/1180195,2026-08-09T02:35:01.865361+00:00
1180195,1136,13108737,"SALVADORES DIEZ, MARCOS",34,34,100,amarilla,False,https://www.rffm.es/acta-partido/1180195,2026-08-09T02:35:01.865361+00:00
1180195,1136,13108712,"AVILÉS VELASCO, JORGE",55,55,100,amarilla,False,https://www.rffm.es/acta-partido/1180195,2026-08-09T02:35:01.865361+00:00
1180195,1136,2763453,"BENITO SANCHEZ, JOSE ANTONIO",57,57,100,amarilla,False,https://www.rffm.es/acta-partido/1180195,2026-08-09T02:35:01.865361+00:00
1180195,1136,1088998,"HERRERO PIZARROSO, AITOR",64,64,100,amarilla,False,https://www.rffm.es/acta-partido/1180195,2026-08-09T02:35:01.865361+00:00
1180195,1136,2752709,"YAGUE DIAZ, RUBEN",68,68,100,amarilla,False,https://www.rffm.es/acta-partido/1180195,2026-08-09T02:35:01.865361+00:00
1180195,1136,3084176,"DIAZ DE LAS HERAS, AITOR",89,89,100,amarilla,False,https://www.rffm.es/acta-partido/1180195,2026-08-09T02:35:01.865361+00:00
1180199,1036,107950,"ESCALONA DIAZ, CANDIDO JOSE",29,29,100,amarilla,False,https://www.rffm.es/acta-partido/1180199,2026-08-09T02:35:02.456824+00:00
1180199,1036,107950,"ESCALONA DIAZ, CANDIDO JOSE",86,86,100,amarilla,True,https://www.rffm.es/acta-partido/1180199,2026-08-09T02:35:02.456824+00:00
1180207,1363,32673,"MUÑOZ MEDINA, LUIS",40,40,100,amarilla,False,https://www.rffm.es/acta-partido/1180207,2026-08-09T02:35:02.499309+00:00
1180207,1363,373195,"CAMPUZANO SANTAELLA, ENRIQUE",42,42,100,amarilla,False,https://www.rffm.es/acta-partido/1180207,2026-08-09T02:35:02.499309+00:00
1180207,1363,32673,"MUÑOZ MEDINA, LUIS",52,52,100,amarilla,True,https://www.rffm.es/acta-partido/1180207,2026-08-09T02:35:02.499309+00:00
1180207,1363,373195,"CAMPUZANO SANTAELLA, ENRIQUE",54,54,100,amarilla,True,https://www.rffm.es/acta-partido/1180207,2026-08-09T02:35:02.499309+00:00
1180207,1363,113753,"BANDERA MURIEL, MIGUEL",70,70,101,roja,False,https://www.rffm.es/acta-partido/1180207,2026-08-09T02:35:02.499309+00:00
1180205,2185,106118,"GONZALEZ FIGUEIREDO, ADRIAN",85,85,101,roja,False,https://www.rffm.es/acta-partido/1180205,2026-08-09T02:35:02.806307+00:00
1180206,334388,196499,"BEDOYA SANCLEMENTE, JUAN SEBASTIAN",999,999,101,roja,False,https://www.rffm.es/acta-partido/1180206,2026-08-09T02:35:02.903800+00:00
1180202,682365,222453,"TORRES FERNANDEZ, JUAN FRANCISCO",35,35,100,amarilla,False,https://www.rffm.es/acta-partido/1180202,2026-08-09T02:35:03.090182+00:00
1180202,334363,108190,"RODRIGUEZ VEGA, IGNACIO",51,51,100,amarilla,False,https://www.rffm.es/acta-partido/1180202,2026-08-09T02:35:03.090182+00:00
1180212,1136,1140710,"PARADA DE LA ROSA, ALVARO",70,70,101,roja,False,https://www.rffm.es/acta-partido/1180212,2026-08-09T02:35:03.853618+00:00
1180208,4948840,321525,"GOMEZ NUÑEZ, DANIEL",58,58,100,amarilla,False,https://www.rffm.es/acta-partido/1180208,2026-08-09T02:35:03.856064+00:00
1180208,4948840,233742,"BERBEL CALLES, SERGIO",77,77,100,amarilla,False,https://www.rffm.es/acta-partido/1180208,2026-08-09T02:35:03.856064+00:00
1180208,4948840,52786,"GIBAJA PALACIOS, JAVIER",87,87,100,amarilla,False,https://www.rffm.es/acta-partido/1180208,2026-08-09T02:35:03.856064+00:00
1180208,2013,94358,"SANZ LOPEZ, ALBERTO",84,84,100,amarilla,False,https://www.rffm.es/acta-partido/1180208,2026-08-09T02:35:03.856064+00:00
1180208,2013,109640,"CARMONA PEREZ, DAVID",84,84,100,amarilla,False,https://www.rffm.es/acta-partido/1180208,2026-08-09T02:35:03.856064+00:00
1180209,9031285,2545564,"QUINTANILLA CHAMON, FRANCISCO JOSE",67,67,100,amarilla,False,https://www.rffm.es/acta-partido/1180209,2026-08-09T02:35:03.924339+00:00
1180209,9031285,2545564,"QUINTANILLA CHAMON, FRANCISCO JOSE",68,68,100,amarilla,True,https://www.rffm.es/acta-partido/1180209,2026-08-09T02:35:03.924339+00:00
1180213,6819476,11956507,"CARBALLO VILLAVERDE, PEDRO MIGUEL",63,63,100,amarilla,False,https://www.rffm.es/acta-partido/1180213,2026-08-09T02:35:04.061299+00:00
1180213,6819476,11956507,"CARBALLO VILLAVERDE, PEDRO MIGUEL",63,63,100,amarilla,False,https://www.rffm.es/acta-partido/1180213,2026-08-09T02:35:04.061299+00:00
1180211,334363,107582,"MANQUILLO GAITAN, VICTOR",56,56,100,amarilla,False,https://www.rffm.es/acta-partido/1180211,2026-08-09T02:35:04.107458+00:00
1180211,334363,107582,"MANQUILLO GAITAN, VICTOR",90,90,100,amarilla,True,https://www.rffm.es/acta-partido/1180211,2026-08-09T02:35:04.107458+00:00
1180210,466796,746731,"RIESCO GOMEZ, JULIAN DANIEL",11,11,100,amarilla,False,https://www.rffm.es/acta-partido/1180210,2026-08-09T02:35:04.275115+00:00
1180210,466796,746731,"RIESCO GOMEZ, JULIAN DANIEL",28,28,100,amarilla,True,https://www.rffm.es/acta-partido/1180210,2026-08-09T02:35:04.275115+00:00
1180225,334388,2403840,"ZAIM RECHCHAD, AZIZ",44,44,100,amarilla,False,https://www.rffm.es/acta-partido/1180225,2026-08-09T02:35:05.112541+00:00
1180225,334388,2403840,"ZAIM RECHCHAD, AZIZ",49,49,100,amarilla,True,https://www.rffm.es/acta-partido/1180225,2026-08-09T02:35:05.112541+00:00
1180224,2185,5890,"COGOLLOR SANCHEZ, DAVID",22,22,100,amarilla,False,https://www.rffm.es/acta-partido/1180224,2026-08-09T02:35:05.336743+00:00
1180224,2185,327126,"CABALLERO VILLARREAL, ALVARO",27,27,100,amarilla,False,https://www.rffm.es/acta-partido/1180224,2026-08-09T02:35:05.336743+00:00
1180224,2185,327126,"CABALLERO VILLARREAL, ALVARO",42,42,100,amarilla,True,https://www.rffm.es/acta-partido/1180224,2026-08-09T02:35:05.336743+00:00
1180224,2185,94877,"BENITEZ SALAMANCA, ALBERTO",52,52,100,amarilla,False,https://www.rffm.es/acta-partido/1180224,2026-08-09T02:35:05.336743+00:00
1180224,2185,12498,"ESCOLANO CASAS, RUBEN",63,63,100,amarilla,False,https://www.rffm.es/acta-partido/1180224,2026-08-09T02:35:05.336743+00:00
1180224,2185,106118,"GONZALEZ FIGUEIREDO, ADRIAN",78,78,100,amarilla,False,https://www.rffm.es/acta-partido/1180224,2026-08-09T02:35:05.336743+00:00
1180227,4948840,13444427,"PAZ USEROS, DANIEL",90,90,101,roja,False,https://www.rffm.es/acta-partido/1180227,2026-08-09T02:35:05.826618+00:00
1180227,682365,118119,"CALDERON GONZALEZ, JORGE",90,90,101,roja,False,https://www.rffm.es/acta-partido/1180227,2026-08-09T02:35:05.826618+00:00
1304538,8963608,898476,"ARAUZ SANZ, DANIEL",22,22,100,amarilla,False,https://www.rffm.es/acta-partido/1304538,2026-08-09T02:35:06.166546+00:00
1304538,8963608,898476,"ARAUZ SANZ, DANIEL",69,69,100,amarilla,True,https://www.rffm.es/acta-partido/1304538,2026-08-09T02:35:06.166546+00:00
1304538,8963608,108013,"ASENSIO POLO, ALBERTO",90,90,101,roja,False,https://www.rffm.es/acta-partido/1304538,2026-08-09T02:35:06.166546+00:00
1304538,8963608,387743,"DE SANTIAGO DOMINGUEZ, DAVID",90,90,100,amarilla,False,https://www.rffm.es/acta-partido/1304538,2026-08-09T02:35:06.166546+00:00
1304538,8963608,387743,"DE SANTIAGO DOMINGUEZ, DAVID",90,90,100,amarilla,False,https://www.rffm.es/acta-partido/1304538,2026-08-09T02:35:06.166546+00:00
1304538,8963608,3067143,"GONZALEZ FONSECA, VICTOR",90,90,101,roja,False,https://www.rffm.es/acta-partido/1304538,2026-08-09T02:35:06.166546+00:00
1304538,785,388322,"UCETA MONTERO, ALEJANDRO",7,7,100,amarilla,False,https://www.rffm.es/acta-partido/1304538,2026-08-09T02:35:06.166546+00:00
1304538,785,11447,"ANGEL CAMPOS, RUBEN",31,31,100,amarilla,False,https://www.rffm.es/acta-partido/1304538,2026-08-09T02:35:06.166546+00:00
1304538,785,11447,"ANGEL CAMPOS, RUBEN",45,45,100,amarilla,True,https://www.rffm.es/acta-partido/1304538,2026-08-09T02:35:06.166546+00:00
1304538,785,388322,"UCETA MONTERO, ALEJANDRO",45,45,100,amarilla,True,https://www.rffm.es/acta-partido/1304538,2026-08-09T02:35:06.166546+00:00
1180232,6819476,585081,"TEJADO HERNANDEZ, ISMAEL",37,37,100,amarilla,False,https://www.rffm.es/acta-partido/1180232,2026-08-09T02:35:06.171428+00:00
1180232,6819476,585081,"TEJADO HERNANDEZ, ISMAEL",89,89,100,amarilla,True,https://www.rffm.es/acta-partido/1180232,2026-08-09T02:35:06.171428+00:00
1180232,1363,195147,"PATIÑO PEREZ, HECTOR",89,89,101,roja,False,https://www.rffm.es/acta-partido/1180232,2026-08-09T02:35:06.171428+00:00
1180231,466694,2791265,"VELASCO IZQUIERDO, JAVIER",84,84,101,roja,False,https://www.rffm.es/acta-partido/1180231,2026-08-09T02:35:06.642091+00:00
1180231,466694,1017439,"LOPEZ MIGUEL, SERGIO",84,84,100,amarilla,False,https://www.rffm.es/acta-partido/1180231,2026-08-09T02:35:06.642091+00:00
1180231,466694,1017439,"LOPEZ MIGUEL, SERGIO",85,85,100,amarilla,True,https://www.rffm.es/acta-partido/1180231,2026-08-09T02:35:06.642091+00:00
1180229,466796,4310425,"FERNANDEZ RUBIO, FRANCISCO",999,999,101,roja,False,https://www.rffm.es/acta-partido/1180229,2026-08-09T02:35:06.642421+00:00
1180230,334363,62988,"MINGO MINGO, FELIX",18,18,100,amarilla,False,https://www.rffm.es/acta-partido/1180230,2026-08-09T02:35:06.901071+00:00
1180230,334363,62988,"MINGO MINGO, FELIX",25,25,100,amarilla,True,https://www.rffm.es/acta-partido/1180230,2026-08-09T02:35:06.901071+00:00
1180230,8963608,709377,"GOMEZ CARBALLO, EDUARDO JOSE",58,58,100,amarilla,False,https://www.rffm.es/acta-partido/1180230,2026-08-09T02:35:06.901071+00:00
1180230,8963608,709377,"GOMEZ CARBALLO, EDUARDO JOSE",70,70,100,amarilla,True,https://www.rffm.es/acta-partido/1180230,2026-08-09T02:35:06.901071+00:00
1180239,8963608,233837,"CAMPAYA NIEVES, KEVIN",90,90,101,roja,False,https://www.rffm.es/acta-partido/1180239,2026-08-09T02:35:07.251425+00:00
1180228,776,107857,"MORATILLA ALONSO, VICTOR",55,55,100,amarilla,False,https://www.rffm.es/acta-partido/1180228,2026-08-09T02:35:07.427082+00:00
1180228,776,107857,"MORATILLA ALONSO, VICTOR",82,82,100,amarilla,True,https://www.rffm.es/acta-partido/1180228,2026-08-09T02:35:07.427082+00:00
1180236,6819476,84978,"GARCIA AVILES, GONZALO",8,8,100,amarilla,False,https://www.rffm.es/acta-partido/1180236,2026-08-09T02:35:07.512308+00:00
1180236,6819476,353856,"HJIJ TEMIMI, JABER",44,44,100,amarilla,False,https://www.rffm.es/acta-partido/1180236,2026-08-09T02:35:07.512308+00:00
1180236,6819476,224888,"VILLAR GONZALEZ, SAMUEL",60,60,100,amarilla,False,https://www.rffm.es/acta-partido/1180236,2026-08-09T02:35:07.512308+00:00
1180236,6819476,30424,"JIMENEZ JIMENEZ, DANIEL",75,75,100,amarilla,False,https://www.rffm.es/acta-partido/1180236,2026-08-09T02:35:07.512308+00:00
1180236,6819476,84864,"MARTINEZ BERROCAL, IVAN",81,81,100,amarilla,False,https://www.rffm.es/acta-partido/1180236,2026-08-09T02:35:07.512308+00:00
1180236,1493,232028,"QUESADA CEPEDA, DAVID",28,28,100,amarilla,False,https://www.rffm.es/acta-partido/1180236,2026-08-09T02:35:07.512308+00:00
1180236,1493,228951,"LUJAN PAEZ, DANIEL",45,45,100,amarilla,False,https://www.rffm.es/acta-partido/1180236,2026-08-09T02:35:07.512308+00:00
1180236,1493,113793,"LABORDE MELLADO, MIGUEL",90,90,100,amarilla,False,https://www.rffm.es/acta-partido/1180236,2026-08-09T02:35:07.512308+00:00
1180243,9031285,11150363,"FUENMAYOR CASTIBLANCO, DANIEL ANTONIO",21,21,100,amarilla,False,https://www.rffm.es/acta-partido/1180243,2026-08-09T02:35:08.194130+00:00
1180243,9031285,228075,"FAGUNDEZ COSTOYA, BRAIS",43,43,100,amarilla,False,https://www.rffm.es/acta-partido/1180243,2026-08-09T02:35:08.194130+00:00
1180243,9031285,6711543,"BUSCEMA, ISMAEL JOSUE",51,51,100,amarilla,False,https://www.rffm.es/acta-partido/1180243,2026-08-09T02:35:08.194130+00:00
1180243,9031285,233812,"GAMALLO BURGOS, ALBERTO AMADOR",89,89,100,amarilla,False,https://www.rffm.es/acta-partido/1180243,2026-08-09T02:35:08.194130+00:00
1180243,1036,309667,"ALVAREZ GARCIA, ANTONIO",55,55,100,amarilla,False,https://www.rffm.es/acta-partido/1180243,2026-08-09T02:35:08.194130+00:00
1180243,1036,395766,"BENAVENTE FERNANDEZ, ALBERTO",66,66,100,amarilla,False,https://www.rffm.es/acta-partido/1180243,2026-08-09T02:35:08.194130+00:00
1180243,1036,315777,"SANCHEZ DOMINGO, ALFONSO",86,86,100,amarilla,False,https://www.rffm.es/acta-partido/1180243,2026-08-09T02:35:08.194130+00:00
1180235,2185,94877,"BENITEZ SALAMANCA, ALBERTO",70,70,101,roja,False,https://www.rffm.es/acta-partido/1180235,2026-08-09T02:35:08.208781+00:00
1180238,334363,108190,"RODRIGUEZ VEGA, IGNACIO",90,90,101,roja,False,https://www.rffm.es/acta-partido/1180238,2026-08-09T02:35:08.724017+00:00
1180238,466694,922832,"COMPANY PACHON, ANGEL",80,80,101,roja,False,https://www.rffm.es/acta-partido/1180238,2026-08-09T02:35:08.724017+00:00
1180245,334388,2403840,"ZAIM RECHCHAD, AZIZ",21,21,100,amarilla,False,https://www.rffm.es/acta-partido/1180245,2026-08-09T02:35:08.799344+00:00
1180245,334388,326574,"CRUZADO MELLADO, PABLO",63,63,100,amarilla,False,https://www.rffm.es/acta-partido/1180245,2026-08-09T02:35:08.799344+00:00
1180245,6819476,585081,"TEJADO HERNANDEZ, ISMAEL",65,65,100,amarilla,False,https://www.rffm.es/acta-partido/1180245,2026-08-09T02:35:08.799344+00:00
1180245,6819476,224888,"VILLAR GONZALEZ, SAMUEL",78,78,100,amarilla,False,https://www.rffm.es/acta-partido/1180245,2026-08-09T02:35:08.799344+00:00
1180250,1136,2752709,"YAGUE DIAZ, RUBEN",20,20,100,amarilla,False,https://www.rffm.es/acta-partido/1180250,2026-08-09T02:35:09.435634+00:00
1180250,1136,2752709,"YAGUE DIAZ, RUBEN",42,42,100,amarilla,True,https://www.rffm.es/acta-partido/1180250,2026-08-09T02:35:09.435634+00:00
1180246,785,232300,"GARCIA VELASCO, MARCOS",53,53,100,amarilla,False,https://www.rffm.es/acta-partido/1180246,2026-08-09T02:35:09.540979+00:00
1180246,785,232300,"GARCIA VELASCO, MARCOS",99,99,100,amarilla,True,https://www.rffm.es/acta-partido/1180246,2026-08-09T02:35:09.540979+00:00
1180258,8963608,3067143,"GONZALEZ FONSECA, VICTOR",49,49,100,amarilla,False,https://www.rffm.es/acta-partido/1180258,2026-08-09T02:35:09.988296+00:00
1180258,8963608,3067143,"GONZALEZ FONSECA, VICTOR",49,49,100,amarilla,False,https://www.rffm.es/acta-partido/1180258,2026-08-09T02:35:09.988296+00:00
1180259,1136,13108712,"AVILÉS VELASCO, JORGE",49,49,101,roja,False,https://www.rffm.es/acta-partido/1180259,2026-08-09T02:35:10.577438+00:00
1180261,682365,28826,"SARDINERO PEÑALBA, SERGIO",31,31,100,amarilla,False,https://www.rffm.es/acta-partido/1180261,2026-08-09T02:35:11.161452+00:00
1180261,682365,1048729,"ONTIVEROS ROBLES, IVAN",50,50,100,amarilla,False,https://www.rffm.es/acta-partido/1180261,2026-08-09T02:35:11.161452+00:00
1180261,682365,1048729,"ONTIVEROS ROBLES, IVAN",88,88,100,amarilla,True,https://www.rffm.es/acta-partido/1180261,2026-08-09T02:35:11.161452+00:00
1180261,682365,1037853,"HERNÁNDEZ GÓMEZ, CÉSAR",90,90,100,amarilla,False,https://www.rffm.es/acta-partido/1180261,2026-08-09T02:35:11.161452+00:00
1180261,1036,108109,"TEMBLEQUE NEBREDA, MARCOS",70,70,100,amarilla,False,https://www.rffm.es/acta-partido/1180261,2026-08-09T02:35:11.161452+00:00
1180261,1036,746186,"ESCALONA ROLDAN, ALEJANDRO",81,81,100,amarilla,False,https://www.rffm.es/acta-partido/1180261,2026-08-09T02:35:11.161452+00:00
1180261,1036,230144,"OLIVAR TORRES, SERGIO",90,90,100,amarilla,False,https://www.rffm.es/acta-partido/1180261,2026-08-09T02:35:11.161452+00:00
1180270,802,13877,"CASATEJADA FERNANDEZ, VICTOR",44,44,100,amarilla,False,https://www.rffm.es/acta-partido/1180270,2026-08-09T02:35:12.137295+00:00
1180270,802,13877,"CASATEJADA FERNANDEZ, VICTOR",87,87,100,amarilla,True,https://www.rffm.es/acta-partido/1180270,2026-08-09T02:35:12.137295+00:00
1180262,1036,107443,"BARREJON CEDIEL, JAVIER",25,25,100,amarilla,False,https://www.rffm.es/acta-partido/1180262,2026-08-09T02:35:12.740682+00:00
1180262,6819476,84864,"MARTINEZ BERROCAL, IVAN",23,23,100,amarilla,False,https://www.rffm.es/acta-partido/1180262,2026-08-09T02:35:12.740682+00:00
1180262,6819476,232077,"MAQUIEIRA PECHARROMAN, JOEL",27,27,100,amarilla,False,https://www.rffm.es/acta-partido/1180262,2026-08-09T02:35:12.740682+00:00
1180262,6819476,226602,"BRAVO MORENO, JAVIER",45,45,100,amarilla,False,https://www.rffm.es/acta-partido/1180262,2026-08-09T02:35:12.740682+00:00
1180262,6819476,353856,"HJIJ TEMIMI, JABER",87,87,100,amarilla,False,https://www.rffm.es/acta-partido/1180262,2026-08-09T02:35:12.740682+00:00
1180269,1136,2763453,"BENITO SANCHEZ, JOSE ANTONIO",44,44,100,amarilla,False,https://www.rffm.es/acta-partido/1180269,2026-08-09T02:35:12.963284+00:00
1180269,1136,2752709,"YAGUE DIAZ, RUBEN",62,62,100,amarilla,False,https://www.rffm.es/acta-partido/1180269,2026-08-09T02:35:12.963284+00:00
1180269,9031285,771814,"BARRY AMMIBARI, MOHAMED MOUADE",44,44,100,amarilla,False,https://www.rffm.es/acta-partido/1180269,2026-08-09T02:35:12.963284+00:00
1180269,9031285,11150363,"FUENMAYOR CASTIBLANCO, DANIEL ANTONIO",56,56,100,amarilla,False,https://www.rffm.es/acta-partido/1180269,2026-08-09T02:35:12.963284+00:00
1180269,9031285,9433387,"MORA GARCIA, IRVYN NOE",84,84,100,amarilla,False,https://www.rffm.es/acta-partido/1180269,2026-08-09T02:35:12.963284+00:00
1180269,9031285,233812,"GAMALLO BURGOS, ALBERTO AMADOR",85,85,100,amarilla,False,https://www.rffm.es/acta-partido/1180269,2026-08-09T02:35:12.963284+00:00
1180263,2185,106118,"GONZALEZ FIGUEIREDO, ADRIAN",6,6,100,amarilla,False,https://www.rffm.es/acta-partido/1180263,2026-08-09T02:35:13.321895+00:00
1180263,2185,106118,"GONZALEZ FIGUEIREDO, ADRIAN",76,76,100,amarilla,True,https://www.rffm.es/acta-partido/1180263,2026-08-09T02:35:13.321895+00:00
1180265,466796,613247,"CABALLERO MARTIN, DANIEL",49,49,100,amarilla,False,https://www.rffm.es/acta-partido/1180265,2026-08-09T02:35:13.539953+00:00
1180265,466796,613247,"CABALLERO MARTIN, DANIEL",61,61,100,amarilla,True,https://www.rffm.es/acta-partido/1180265,2026-08-09T02:35:13.539953+00:00
1180265,466796,9563362,"SANTOS LOPEZ, JOSE MARIA",75,75,101,roja,False,https://www.rffm.es/acta-partido/1180265,2026-08-09T02:35:13.539953+00:00
1180249,8963608,9237589,"CARRILLO CUBERO, BORJA DAVID",65,65,100,amarilla,False,https://www.rffm.es/acta-partido/1180249,2026-08-09T02:35:15.218456+00:00
1180249,776,107857,"MORATILLA ALONSO, VICTOR",25,25,100,amarilla,False,https://www.rffm.es/acta-partido/1180249,2026-08-09T02:35:15.218456+00:00
1180249,776,107578,"DE BLAS HERNANDEZ, FRANCISCO J",33,33,100,amarilla,False,https://www.rffm.es/acta-partido/1180249,2026-08-09T02:35:15.218456+00:00
1180249,776,5289207,"REYEROS MARQUETA, RUBEN",44,44,100,amarilla,False,https://www.rffm.es/acta-partido/1180249,2026-08-09T02:35:15.218456+00:00
1180249,776,584709,"GARCIA ROLDAN, RAUL",45,45,101,roja,False,https://www.rffm.es/acta-partido/1180249,2026-08-09T02:35:15.218456+00:00
1180249,776,234373,"CUESTA CABEZAS, PEDRO J",72,72,100,amarilla,False,https://www.rffm.es/acta-partido/1180249,2026-08-09T02:35:15.218456+00:00
1180249,776,234373,"CUESTA CABEZAS, PEDRO J",73,73,100,amarilla,True,https://www.rffm.es/acta-partido/1180249,2026-08-09T02:35:15.218456+00:00
1180260,9031285,6711543,"BUSCEMA, ISMAEL JOSUE",39,39,100,amarilla,False,https://www.rffm.es/acta-partido/1180260,2026-08-09T02:35:15.307049+00:00
1180260,9031285,6711543,"BUSCEMA, ISMAEL JOSUE",80,80,100,amarilla,True,https://www.rffm.es/acta-partido/1180260,2026-08-09T02:35:15.307049+00:00
1180260,9031285,13856900,"CHECA PEREA, HECTOR",88,88,101,roja,False,https://www.rffm.es/acta-partido/1180260,2026-08-09T02:35:15.307049+00:00
1180266,1363,32673,"MUÑOZ MEDINA, LUIS",37,37,100,amarilla,False,https://www.rffm.es/acta-partido/1180266,2026-08-09T02:35:15.484995+00:00
1180266,1363,32673,"MUÑOZ MEDINA, LUIS",47,47,100,amarilla,True,https://www.rffm.es/acta-partido/1180266,2026-08-09T02:35:15.484995+00:00
1180266,1363,52735,"GARCIA ECIJA, ISAAC",49,49,100,amarilla,False,https://www.rffm.es/acta-partido/1180266,2026-08-09T02:35:15.484995+00:00
1180266,1363,52735,"GARCIA ECIJA, ISAAC",49,49,100,amarilla,False,https://www.rffm.es/acta-partido/1180266,2026-08-09T02:35:15.484995+00:00
1180266,1363,12129482,"GOMEZ CANO, FERNANDO",84,84,100,amarilla,False,https://www.rffm.es/acta-partido/1180266,2026-08-09T02:35:15.484995+00:00
1180266,1363,12129482,"GOMEZ CANO, FERNANDO",84,84,100,amarilla,False,https://www.rffm.es/acta-partido/1180266,2026-08-09T02:35:15.484995+00:00
1180266,1363,884861,"PASCUAL MAS, ISMAEL",86,86,101,roja,False,https://www.rffm.es/acta-partido/1180266,2026-08-09T02:35:15.484995+00:00
1180268,8963608,709377,"GOMEZ CARBALLO, EDUARDO JOSE",89,89,101,roja,False,https://www.rffm.es/acta-partido/1180268,2026-08-09T02:35:15.765306+00:00
1180268,2013,106502,"GARCIA DE LA HOZ, SERGIO",84,84,101,roja,False,https://www.rffm.es/acta-partido/1180268,2026-08-09T02:35:15.765306+00:00
1180273,334388,13220026,"BARRANCO DE LA HOZ, IGNACIO",32,32,100,amarilla,False,https://www.rffm.es/acta-partido/1180273,2026-08-09T02:35:16.691746+00:00
1180273,334388,13220026,"BARRANCO DE LA HOZ, IGNACIO",67,67,100,amarilla,True,https://www.rffm.es/acta-partido/1180273,2026-08-09T02:35:16.691746+00:00
1180271,6819476,585081,"TEJADO HERNANDEZ, ISMAEL",76,76,101,roja,False,https://www.rffm.es/acta-partido/1180271,2026-08-09T02:35:16.827659+00:00
1180276,466694,815217,"GUIJORRO MINGO, CESAR",8,8,100,amarilla,False,https://www.rffm.es/acta-partido/1180276,2026-08-09T02:35:17.042079+00:00
1180276,466694,815217,"GUIJORRO MINGO, CESAR",33,33,100,amarilla,True,https://www.rffm.es/acta-partido/1180276,2026-08-09T02:35:17.042079+00:00
1180272,334363,304883,"LOPEZ BUITRAGO, SERGIO",44,44,100,amarilla,False,https://www.rffm.es/acta-partido/1180272,2026-08-09T02:35:17.048440+00:00
1180272,334363,589810,"MOYA MARQUETA, ANDRES",89,89,100,amarilla,False,https://www.rffm.es/acta-partido/1180272,2026-08-09T02:35:17.048440+00:00
1180272,2185,311499,"VIDAL COQUECO, JEFFERSON",48,48,100,amarilla,False,https://www.rffm.es/acta-partido/1180272,2026-08-09T02:35:17.048440+00:00
1180272,2185,53046,"MORENO LEAL, JOSE",56,56,100,amarilla,False,https://www.rffm.es/acta-partido/1180272,2026-08-09T02:35:17.048440+00:00
1180272,2185,10869536,"CUELLO ROMERO, CARLOS DARIO",58,58,100,amarilla,False,https://www.rffm.es/acta-partido/1180272,2026-08-09T02:35:17.048440+00:00
1180272,2185,5890,"COGOLLOR SANCHEZ, DAVID",69,69,100,amarilla,False,https://www.rffm.es/acta-partido/1180272,2026-08-09T02:35:17.048440+00:00
1180272,2185,10869536,"CUELLO ROMERO, CARLOS DARIO",78,78,100,amarilla,True,https://www.rffm.es/acta-partido/1180272,2026-08-09T02:35:17.048440+00:00
1180272,2185,13356345,"NUÑEZ PICADO, VICTOR MANUEL",89,89,100,amarilla,False,https://www.rffm.es/acta-partido/1180272,2026-08-09T02:35:17.048440+00:00
1180288,1136,72642,"PEREZ IGLESIAS, ISRAEL",32,32,100,amarilla,False,https://www.rffm.es/acta-partido/1180288,2026-08-09T02:35:17.690442+00:00
1180288,1136,72642,"PEREZ IGLESIAS, ISRAEL",44,44,100,amarilla,True,https://www.rffm.es/acta-partido/1180288,2026-08-09T02:35:17.690442+00:00
1180288,1136,96390,"GARCIA SANCHEZ, LUIS",90,90,100,amarilla,False,https://www.rffm.es/acta-partido/1180288,2026-08-09T02:35:17.690442+00:00
1180288,1136,96390,"GARCIA SANCHEZ, LUIS",90,90,100,amarilla,False,https://www.rffm.es/acta-partido/1180288,2026-08-09T02:35:17.690442+00:00
1180282,2185,5890,"COGOLLOR SANCHEZ, DAVID",10,10,100,amarilla,False,https://www.rffm.es/acta-partido/1180282,2026-08-09T02:35:17.726796+00:00
1180282,2185,5890,"COGOLLOR SANCHEZ, DAVID",54,54,100,amarilla,True,https://www.rffm.es/acta-partido/1180282,2026-08-09T02:35:17.726796+00:00
1180282,2185,57656,"GUTIERREZ CIFUENTES, FEDERICO",55,55,101,roja,False,https://www.rffm.es/acta-partido/1180282,2026-08-09T02:35:17.726796+00:00
1180282,2185,106118,"GONZALEZ FIGUEIREDO, ADRIAN",87,87,101,roja,False,https://www.rffm.es/acta-partido/1180282,2026-08-09T02:35:17.726796+00:00
1180282,2185,12498,"ESCOLANO CASAS, RUBEN",999,999,101,roja,False,https://www.rffm.es/acta-partido/1180282,2026-08-09T02:35:17.726796+00:00
1180282,466796,3117914,"ARAVENA, EFRAIN AUGUSTO",67,67,100,amarilla,False,https://www.rffm.es/acta-partido/1180282,2026-08-09T02:35:17.726796+00:00
1180282,466796,3117914,"ARAVENA, EFRAIN AUGUSTO",81,81,100,amarilla,True,https://www.rffm.es/acta-partido/1180282,2026-08-09T02:35:17.726796+00:00
1180280,785,29421,"DE GABRIEL HIERRO, GONZALO",33,33,100,amarilla,False,https://www.rffm.es/acta-partido/1180280,2026-08-09T02:35:17.732160+00:00
1180280,785,29421,"DE GABRIEL HIERRO, GONZALO",41,41,100,amarilla,True,https://www.rffm.es/acta-partido/1180280,2026-08-09T02:35:17.732160+00:00
1180287,8963608,9237681,"GONZALEZ ORTEGA, CHRISTIAN",43,43,100,amarilla,False,https://www.rffm.es/acta-partido/1180287,2026-08-09T02:35:17.843450+00:00
1180287,8963608,9237681,"GONZALEZ ORTEGA, CHRISTIAN",44,44,100,amarilla,True,https://www.rffm.es/acta-partido/1180287,2026-08-09T02:35:17.843450+00:00
1180284,1493,226505,"BERMUDEZ LOPEZ, VICTOR",25,25,100,amarilla,False,https://www.rffm.es/acta-partido/1180284,2026-08-09T02:35:17.995109+00:00
1180284,1493,226505,"BERMUDEZ LOPEZ, VICTOR",42,42,100,amarilla,True,https://www.rffm.es/acta-partido/1180284,2026-08-09T02:35:17.995109+00:00
1180286,466694,389809,"RACIONERO RINCON, CRISTIAN",14,14,100,amarilla,False,https://www.rffm.es/acta-partido/1180286,2026-08-09T02:35:18.171733+00:00
1180286,466694,922832,"COMPANY PACHON, ANGEL",28,28,100,amarilla,False,https://www.rffm.es/acta-partido/1180286,2026-08-09T02:35:18.171733+00:00
1180286,466694,922832,"COMPANY PACHON, ANGEL",75,75,100,amarilla,True,https://www.rffm.es/acta-partido/1180286,2026-08-09T02:35:18.171733+00:00
1180286,466694,107775,"DEL MORAL DEL SAZ, IVAN",89,89,100,amarilla,False,https://www.rffm.es/acta-partido/1180286,2026-08-09T02:35:18.171733+00:00
1180286,466694,574592,"VALDIVIESO DIAZ, ELIAS",90,90,100,amarilla,False,https://www.rffm.es/acta-partido/1180286,2026-08-09T02:35:18.171733+00:00
1180286,9031285,1184136,"QUIÑONEZ GUALLI, EMERSON ARTURO",29,29,100,amarilla,False,https://www.rffm.es/acta-partido/1180286,2026-08-09T02:35:18.171733+00:00
1180286,9031285,228075,"FAGUNDEZ COSTOYA, BRAIS",65,65,100,amarilla,False,https://www.rffm.es/acta-partido/1180286,2026-08-09T02:35:18.171733+00:00
1180286,9031285,233812,"GAMALLO BURGOS, ALBERTO AMADOR",75,75,100,amarilla,False,https://www.rffm.es/acta-partido/1180286,2026-08-09T02:35:18.171733+00:00
1181004,763,587345,"DE MATOS ARAUJO, LUCAS",43,43,100,amarilla,False,https://www.rffm.es/acta-partido/1181004,2026-08-09T02:35:19.878787+00:00
1181004,763,10288748,"BENAVIDES CALVOPIÑA, LUIS MIGUEL",60,60,100,amarilla,False,https://www.rffm.es/acta-partido/1181004,2026-08-09T02:35:19.878787+00:00
1181004,466719,306988,"BLANCO DIAZ, DANIEL",54,54,100,amarilla,False,https://www.rffm.es/acta-partido/1181004,2026-08-09T02:35:19.878787+00:00
1181007,2946,140864,"MARTINEZ SANCHEZ, DAVID",38,38,100,amarilla,False,https://www.rffm.es/acta-partido/1181007,2026-08-09T02:35:19.948801+00:00
1181007,2946,140864,"MARTINEZ SANCHEZ, DAVID",44,44,100,amarilla,True,https://www.rffm.es/acta-partido/1181007,2026-08-09T02:35:19.948801+00:00
1181007,466843,71871,"GARRO PEREZ, JAVIER",49,49,100,amarilla,False,https://www.rffm.es/acta-partido/1181007,2026-08-09T02:35:19.948801+00:00
1181007,466843,71871,"GARRO PEREZ, JAVIER",82,82,100,amarilla,True,https://www.rffm.es/acta-partido/1181007,2026-08-09T02:35:19.948801+00:00
1181003,704,10620282,"CANO RUS, ALBERTO",75,75,100,amarilla,False,https://www.rffm.es/acta-partido/1181003,2026-08-09T02:35:19.952313+00:00
1181003,704,10620282,"CANO RUS, ALBERTO",88,88,100,amarilla,True,https://www.rffm.es/acta-partido/1181003,2026-08-09T02:35:19.952313+00:00
1181000,784,110470,"GOMEZ SURIA, PABLO",24,24,100,amarilla,False,https://www.rffm.es/acta-partido/1181000,2026-08-09T02:35:20.107507+00:00
1181000,784,324488,"RABANAL ALVAREZ, VICTOR",26,26,100,amarilla,False,https://www.rffm.es/acta-partido/1181000,2026-08-09T02:35:20.107507+00:00
1181000,496,382060,"HERNANDEZ PULIDO, ALVARO",37,37,100,amarilla,False,https://www.rffm.es/acta-partido/1181000,2026-08-09T02:35:20.107507+00:00
1181005,2613,227398,"SANCHEZ AYUSO, MIGUEL",75,75,101,roja,False,https://www.rffm.es/acta-partido/1181005,2026-08-09T02:35:20.117754+00:00
1181005,2613,398966,"GARCIA MACARENO, PABLO",89,89,101,roja,False,https://www.rffm.es/acta-partido/1181005,2026-08-09T02:35:20.117754+00:00
1181016,466843,71904,"SANCHEZ SERRANO, VICTOR",87,87,101,roja,False,https://www.rffm.es/acta-partido/1181016,2026-08-09T02:35:20.679484+00:00
1181016,8944219,77635,"HERZOG ORDUÑEZ, ALEJANDRO",87,87,101,roja,False,https://www.rffm.es/acta-partido/1181016,2026-08-09T02:35:20.679484+00:00
1181014,510,6775106,"SANOU, ADAMA",34,34,100,amarilla,False,https://www.rffm.es/acta-partido/1181014,2026-08-09T02:35:21.085819+00:00
1181014,510,6775106,"SANOU, ADAMA",62,62,100,amarilla,True,https://www.rffm.es/acta-partido/1181014,2026-08-09T02:35:21.085819+00:00
1181011,1828,215843,"PEREZ RAYA, VICTOR",47,47,100,amarilla,False,https://www.rffm.es/acta-partido/1181011,2026-08-09T02:35:21.121071+00:00
1181011,1828,215843,"PEREZ RAYA, VICTOR",69,69,100,amarilla,True,https://www.rffm.es/acta-partido/1181011,2026-08-09T02:35:21.121071+00:00
1181011,3277,77257,"FERNANDEZ DIEZMA, ABEL",16,16,100,amarilla,False,https://www.rffm.es/acta-partido/1181011,2026-08-09T02:35:21.121071+00:00
1181011,3277,77257,"FERNANDEZ DIEZMA, ABEL",29,29,100,amarilla,True,https://www.rffm.es/acta-partido/1181011,2026-08-09T02:35:21.121071+00:00
1181011,3277,77029,"MARTINEZ SANTOS MORENO, SERGIO",54,54,100,amarilla,False,https://www.rffm.es/acta-partido/1181011,2026-08-09T02:35:21.121071+00:00
1181011,3277,77029,"MARTINEZ SANTOS MORENO, SERGIO",90,90,100,amarilla,True,https://www.rffm.es/acta-partido/1181011,2026-08-09T02:35:21.121071+00:00
1181019,784,95298,"TORRES MORENO, RAUL",40,40,100,amarilla,False,https://www.rffm.es/acta-partido/1181019,2026-08-09T02:35:21.744338+00:00
1181019,784,95298,"TORRES MORENO, RAUL",42,42,100,amarilla,True,https://www.rffm.es/acta-partido/1181019,2026-08-09T02:35:21.744338+00:00
1181021,3058,100424,"SUAREZ MANZANO, SERGIO",71,71,101,roja,False,https://www.rffm.es/acta-partido/1181021,2026-08-09T02:35:22.283481+00:00
1181021,466719,543597,"GARCIA MATEOS, SANTIAGO",52,52,100,amarilla,False,https://www.rffm.es/acta-partido/1181021,2026-08-09T02:35:22.283481+00:00
1181021,466719,543597,"GARCIA MATEOS, SANTIAGO",84,84,100,amarilla,True,https://www.rffm.es/acta-partido/1181021,2026-08-09T02:35:22.283481+00:00
1181021,466719,100961,"IGLESIAS AGUSTO, JUAN PEDRO",86,86,101,roja,False,https://www.rffm.es/acta-partido/1181021,2026-08-09T02:35:22.283481+00:00
1181023,782,166213,"CABRERA SANCHEZ, IGNACIO",63,63,100,amarilla,False,https://www.rffm.es/acta-partido/1181023,2026-08-09T02:35:22.584185+00:00
1181023,782,172203,"RODRIGUEZ CORBACHO, MANUEL",63,63,100,amarilla,False,https://www.rffm.es/acta-partido/1181023,2026-08-09T02:35:22.584185+00:00
1181023,782,223414,"MARTIN CARCELES, ALBERTO",71,71,100,amarilla,False,https://www.rffm.es/acta-partido/1181023,2026-08-09T02:35:22.584185+00:00
1181018,1134,109114,"PEINADO CORONADO, MIGUEL",68,68,100,amarilla,False,https://www.rffm.es/acta-partido/1181018,2026-08-09T02:35:22.706395+00:00
1181018,1134,109114,"PEINADO CORONADO, MIGUEL",86,86,100,amarilla,True,https://www.rffm.es/acta-partido/1181018,2026-08-09T02:35:22.706395+00:00
1181020,3277,76916,"MARTINEZ SANTOS MORENO, DANIEL",49,49,100,amarilla,False,https://www.rffm.es/acta-partido/1181020,2026-08-09T02:35:22.964133+00:00
1181020,3277,76916,"MARTINEZ SANTOS MORENO, DANIEL",61,61,100,amarilla,True,https://www.rffm.es/acta-partido/1181020,2026-08-09T02:35:22.964133+00:00
1181035,8944219,636664,"LOPEZ DE LAS HAZAS OLEA, ALVARO",83,83,101,roja,False,https://www.rffm.es/acta-partido/1181035,2026-08-09T02:35:23.123769+00:00
1181034,4939332,310792,"SERRANO TORRERO, JUAN GABRIEL",35,35,100,amarilla,False,https://www.rffm.es/acta-partido/1181034,2026-08-09T02:35:24.079598+00:00
1181034,2613,318422,"GIRALT REY, ADRIAN",28,28,100,amarilla,False,https://www.rffm.es/acta-partido/1181034,2026-08-09T02:35:24.079598+00:00
1181029,992,378597,"ANGEL LOPEZ, ROBERTO",81,81,101,roja,False,https://www.rffm.es/acta-partido/1181029,2026-08-09T02:35:24.293926+00:00
1181036,1134,997629,"PEREIRA DEOLINDO BURANELLO, THIAGO RENAN",23,23,100,amarilla,False,https://www.rffm.es/acta-partido/1181036,2026-08-09T02:35:24.445150+00:00
1181036,1134,997629,"PEREIRA DEOLINDO BURANELLO, THIAGO RENAN",55,55,100,amarilla,True,https://www.rffm.es/acta-partido/1181036,2026-08-09T02:35:24.445150+00:00
1181036,1828,215843,"PEREZ RAYA, VICTOR",88,88,101,roja,False,https://www.rffm.es/acta-partido/1181036,2026-08-09T02:35:24.445150+00:00
1181040,782,166213,"CABRERA SANCHEZ, IGNACIO",14,14,101,roja,False,https://www.rffm.es/acta-partido/1181040,2026-08-09T02:35:25.463533+00:00
1181044,1031652,173500,"BARRAGAN APARICIO, HECTOR",44,44,100,amarilla,False,https://www.rffm.es/acta-partido/1181044,2026-08-09T02:35:26.220782+00:00
1181044,1031652,173500,"BARRAGAN APARICIO, HECTOR",87,87,100,amarilla,True,https://www.rffm.es/acta-partido/1181044,2026-08-09T02:35:26.220782+00:00
1181052,2946,402732,"CALO GARCES, CHRISTIAN",5,5,100,amarilla,False,https://www.rffm.es/acta-partido/1181052,2026-08-09T02:35:26.249984+00:00
1181052,2946,140864,"MARTINEZ SANCHEZ, DAVID",51,51,100,amarilla,False,https://www.rffm.es/acta-partido/1181052,2026-08-09T02:35:26.249984+00:00
1181052,2946,408366,"RABADAN MOLINERO, PABLO",70,70,100,amarilla,False,https://www.rffm.es/acta-partido/1181052,2026-08-09T02:35:26.249984+00:00
1181052,2946,168013,"AVALOS CAMUÑAS, VICTOR",80,80,100,amarilla,False,https://www.rffm.es/acta-partido/1181052,2026-08-09T02:35:26.249984+00:00
1181052,763,192245,"MONTOYA VILLA, JORDAN",24,24,100,amarilla,False,https://www.rffm.es/acta-partido/1181052,2026-08-09T02:35:26.249984+00:00
1181052,763,821514,"PALACIOS ROMAN, CARLOS ALEXANDER",58,58,100,amarilla,False,https://www.rffm.es/acta-partido/1181052,2026-08-09T02:35:26.249984+00:00
1181052,763,950544,"GARCIA MARTIN, JAVIER",85,85,100,amarilla,False,https://www.rffm.es/acta-partido/1181052,2026-08-09T02:35:26.249984+00:00
1181048,510,110349,"ARRANZ MARTIN, JULIAN",90,90,101,roja,False,https://www.rffm.es/acta-partido/1181048,2026-08-09T02:35:26.691447+00:00
1181048,784,6597316,"CANTERO MUJICA, FAUSTINO MIGUEL",48,48,100,amarilla,False,https://www.rffm.es/acta-partido/1181048,2026-08-09T02:35:26.691447+00:00
1181048,784,6597316,"CANTERO MUJICA, FAUSTINO MIGUEL",73,73,100,amarilla,True,https://www.rffm.es/acta-partido/1181048,2026-08-09T02:35:26.691447+00:00
1181048,784,95298,"TORRES MORENO, RAUL",86,86,101,roja,False,https://www.rffm.es/acta-partido/1181048,2026-08-09T02:35:26.691447+00:00
1181051,704,95128,"JIMENEZ ROBLES, SERGIO",15,15,100,amarilla,False,https://www.rffm.es/acta-partido/1181051,2026-08-09T02:35:26.774051+00:00
1181051,704,95128,"JIMENEZ ROBLES, SERGIO",77,77,100,amarilla,True,https://www.rffm.es/acta-partido/1181051,2026-08-09T02:35:26.774051+00:00
1181046,992,1086316,"DEL POZO FLORES, ENRIQUE",80,80,100,amarilla,False,https://www.rffm.es/acta-partido/1181046,2026-08-09T02:35:27.191222+00:00
1181046,992,1086316,"DEL POZO FLORES, ENRIQUE",89,89,100,amarilla,True,https://www.rffm.es/acta-partido/1181046,2026-08-09T02:35:27.191222+00:00
1181046,1134,11183850,"SAGUN ESCAÑO, IVÁN ",36,36,100,amarilla,False,https://www.rffm.es/acta-partido/1181046,2026-08-09T02:35:27.191222+00:00
1181046,1134,11183850,"SAGUN ESCAÑO, IVÁN ",80,80,100,amarilla,True,https://www.rffm.es/acta-partido/1181046,2026-08-09T02:35:27.191222+00:00
1181049,782,13779,"VAZQUEZ GARZAS, ALVARO",82,82,101,roja,False,https://www.rffm.es/acta-partido/1181049,2026-08-09T02:35:27.191656+00:00
1181049,3277,173682,"DIAZ JIMENEZ, JONATHAN",13,13,100,amarilla,False,https://www.rffm.es/acta-partido/1181049,2026-08-09T02:35:27.191656+00:00
1181049,3277,173682,"DIAZ JIMENEZ, JONATHAN",61,61,100,amarilla,True,https://www.rffm.es/acta-partido/1181049,2026-08-09T02:35:27.191656+00:00
1181056,496,229072,"PALMER LEO, RAUL",65,65,100,amarilla,False,https://www.rffm.es/acta-partido/1181056,2026-08-09T02:35:27.879985+00:00
1181056,496,229072,"PALMER LEO, RAUL",67,67,100,amarilla,True,https://www.rffm.es/acta-partido/1181056,2026-08-09T02:35:27.879985+00:00
1181061,8944219,307436,"MORILLO PEREZ, ADRIAN",51,51,100,amarilla,False,https://www.rffm.es/acta-partido/1181061,2026-08-09T02:35:27.962111+00:00
1181061,8944219,307436,"MORILLO PEREZ, ADRIAN",70,70,100,amarilla,True,https://www.rffm.es/acta-partido/1181061,2026-08-09T02:35:27.962111+00:00
1181054,1828,8741559,"GALLAIS, JONAS",83,83,100,amarilla,False,https://www.rffm.es/acta-partido/1181054,2026-08-09T02:35:28.741253+00:00
1181054,1828,321567,"GUEMES FERNANDEZ, DAVID",89,89,100,amarilla,False,https://www.rffm.es/acta-partido/1181054,2026-08-09T02:35:28.741253+00:00
1181054,992,378605,"LEON RABADAN, CRISTIAN",18,18,100,amarilla,False,https://www.rffm.es/acta-partido/1181054,2026-08-09T02:35:28.741253+00:00
1181054,992,378597,"ANGEL LOPEZ, ROBERTO",66,66,100,amarilla,False,https://www.rffm.es/acta-partido/1181054,2026-08-09T02:35:28.741253+00:00
1181054,992,428940,"HERNANDEZ VILLAHERMOSA, SERGIO",68,68,100,amarilla,False,https://www.rffm.es/acta-partido/1181054,2026-08-09T02:35:28.741253+00:00
1181057,784,110470,"GOMEZ SURIA, PABLO",23,23,100,amarilla,False,https://www.rffm.es/acta-partido/1181057,2026-08-09T02:35:28.812758+00:00
1181057,784,110470,"GOMEZ SURIA, PABLO",80,80,100,amarilla,True,https://www.rffm.es/acta-partido/1181057,2026-08-09T02:35:28.812758+00:00
1181057,784,126274,"MARTIN ASENSIO, HUGO",84,84,100,amarilla,False,https://www.rffm.es/acta-partido/1181057,2026-08-09T02:35:28.812758+00:00
1181057,784,126274,"MARTIN ASENSIO, HUGO",89,89,100,amarilla,True,https://www.rffm.es/acta-partido/1181057,2026-08-09T02:35:28.812758+00:00
1181057,782,192695,"ESTEVES DOMINGUES, ROBERTO",75,75,100,amarilla,False,https://www.rffm.es/acta-partido/1181057,2026-08-09T02:35:28.812758+00:00
1181057,782,192695,"ESTEVES DOMINGUES, ROBERTO",89,89,100,amarilla,True,https://www.rffm.es/acta-partido/1181057,2026-08-09T02:35:28.812758+00:00
1181055,1134,13456255,"CALZADILLA SANZ, JORGE",89,89,101,roja,False,https://www.rffm.es/acta-partido/1181055,2026-08-09T02:35:28.816433+00:00
1181071,763,192245,"MONTOYA VILLA, JORDAN",20,20,100,amarilla,False,https://www.rffm.es/acta-partido/1181071,2026-08-09T02:35:29.486341+00:00
1181071,763,192245,"MONTOYA VILLA, JORDAN",30,30,100,amarilla,True,https://www.rffm.es/acta-partido/1181071,2026-08-09T02:35:29.486341+00:00
1181069,2946,408366,"RABADAN MOLINERO, PABLO",37,37,100,amarilla,False,https://www.rffm.es/acta-partido/1181069,2026-08-09T02:35:29.560478+00:00
1181069,3058,100689,"SERRANO DE PAZ, IVAN",33,33,100,amarilla,False,https://www.rffm.es/acta-partido/1181069,2026-08-09T02:35:29.560478+00:00
1181068,3277,77257,"FERNANDEZ DIEZMA, ABEL",48,48,100,amarilla,False,https://www.rffm.es/acta-partido/1181068,2026-08-09T02:35:29.569671+00:00
1181068,3277,77257,"FERNANDEZ DIEZMA, ABEL",60,60,100,amarilla,True,https://www.rffm.es/acta-partido/1181068,2026-08-09T02:35:29.569671+00:00
1181063,1031652,76940,"DE DIOS ROSA, ISMAEL",25,25,100,amarilla,False,https://www.rffm.es/acta-partido/1181063,2026-08-09T02:35:29.677994+00:00
1181063,1031652,76940,"DE DIOS ROSA, ISMAEL",90,90,100,amarilla,True,https://www.rffm.es/acta-partido/1181063,2026-08-09T02:35:29.677994+00:00
1181066,782,223414,"MARTIN CARCELES, ALBERTO",46,46,100,amarilla,False,https://www.rffm.es/acta-partido/1181066,2026-08-09T02:35:29.787599+00:00
1181066,782,223414,"MARTIN CARCELES, ALBERTO",83,83,100,amarilla,True,https://www.rffm.es/acta-partido/1181066,2026-08-09T02:35:29.787599+00:00
1181066,496,902345,"DEMYANCHUK, PAVLO",2,2,101,roja,False,https://www.rffm.es/acta-partido/1181066,2026-08-09T02:35:29.787599+00:00
1181076,784,13283848,"ALONSO HERRERA, JONATAN",75,75,101,roja,False,https://www.rffm.es/acta-partido/1181076,2026-08-09T02:35:31.100239+00:00
1181075,496,10349044,"TAPULLIMA PEÑALOZA, YASSER ERNESTO",32,32,100,amarilla,False,https://www.rffm.es/acta-partido/1181075,2026-08-09T02:35:31.160766+00:00
1181075,496,928672,"YUCRA SARMIENTO, CESAR MANUEL",57,57,100,amarilla,False,https://www.rffm.es/acta-partido/1181075,2026-08-09T02:35:31.160766+00:00
1181075,496,902345,"DEMYANCHUK, PAVLO",85,85,100,amarilla,False,https://www.rffm.es/acta-partido/1181075,2026-08-09T02:35:31.160766+00:00
1181075,466843,171058,"TERESA SERRANO, ADRIAN",86,86,100,amarilla,False,https://www.rffm.es/acta-partido/1181075,2026-08-09T02:35:31.160766+00:00
1181081,466719,426743,"SOLANO CALVO, ALEJANDRO",21,21,100,amarilla,False,https://www.rffm.es/acta-partido/1181081,2026-08-09T02:35:32.161980+00:00
1181081,466719,1062365,"SAENZ DE LA ROSA, ROBERTO",60,60,100,amarilla,False,https://www.rffm.es/acta-partido/1181081,2026-08-09T02:35:32.161980+00:00
1181081,466719,100961,"IGLESIAS AGUSTO, JUAN PEDRO",75,75,100,amarilla,False,https://www.rffm.es/acta-partido/1181081,2026-08-09T02:35:32.161980+00:00
1181081,1031652,76940,"DE DIOS ROSA, ISMAEL",19,19,100,amarilla,False,https://www.rffm.es/acta-partido/1181081,2026-08-09T02:35:32.161980+00:00
1181081,1031652,174334,"RODRÍGUEZ POBLADOR, CRISTIAN",41,41,100,amarilla,False,https://www.rffm.es/acta-partido/1181081,2026-08-09T02:35:32.161980+00:00
1181081,1031652,241716,"VARA GARVIA, RAUL",50,50,100,amarilla,False,https://www.rffm.es/acta-partido/1181081,2026-08-09T02:35:32.161980+00:00
1181081,1031652,76940,"DE DIOS ROSA, ISMAEL",75,75,100,amarilla,True,https://www.rffm.es/acta-partido/1181081,2026-08-09T02:35:32.161980+00:00
1181081,1031652,10288723,"PALENCIA LOPEZ, ALVARO",80,80,100,amarilla,False,https://www.rffm.es/acta-partido/1181081,2026-08-09T02:35:32.161980+00:00
1181081,1031652,173500,"BARRAGAN APARICIO, HECTOR",90,90,100,amarilla,False,https://www.rffm.es/acta-partido/1181081,2026-08-09T02:35:32.161980+00:00
1181085,4939332,110290,"DE LARRIVA SERRANO, JAIME",22,22,100,amarilla,False,https://www.rffm.es/acta-partido/1181085,2026-08-09T02:35:32.461094+00:00
1181085,4939332,2347274,"RODRIGUEZ CONTRERAS, CARLOS",22,22,100,amarilla,False,https://www.rffm.es/acta-partido/1181085,2026-08-09T02:35:32.461094+00:00
1181085,4939332,3632551,"BELLO DAMAS, IGNACIO",70,70,100,amarilla,False,https://www.rffm.es/acta-partido/1181085,2026-08-09T02:35:32.461094+00:00
1181085,4939332,109609,"GAYO GARCIA, CARLOS ALBERTO",75,75,100,amarilla,False,https://www.rffm.es/acta-partido/1181085,2026-08-09T02:35:32.461094+00:00
1181085,496,229072,"PALMER LEO, RAUL",46,46,100,amarilla,False,https://www.rffm.es/acta-partido/1181085,2026-08-09T02:35:32.461094+00:00
1181085,496,133588,"BUENO MARTIN, DANIEL",75,75,100,amarilla,False,https://www.rffm.es/acta-partido/1181085,2026-08-09T02:35:32.461094+00:00
1181089,763,587345,"DE MATOS ARAUJO, LUCAS",50,50,100,amarilla,False,https://www.rffm.es/acta-partido/1181089,2026-08-09T02:35:33.056092+00:00
1181089,763,821514,"PALACIOS ROMAN, CARLOS ALEXANDER",54,54,100,amarilla,False,https://www.rffm.es/acta-partido/1181089,2026-08-09T02:35:33.056092+00:00
1181089,763,1045630,"CEVALLOS ELIZALDE, FRANCISCO JAVIER",54,54,100,amarilla,False,https://www.rffm.es/acta-partido/1181089,2026-08-09T02:35:33.056092+00:00
1181089,704,7399606,"BORGES SOARES DOS SANTOS, IGOR",21,21,100,amarilla,False,https://www.rffm.es/acta-partido/1181089,2026-08-09T02:35:33.056092+00:00
1181089,704,326592,"CARRION GUDIEL, OSCAR",46,46,100,amarilla,False,https://www.rffm.es/acta-partido/1181089,2026-08-09T02:35:33.056092+00:00
1181089,704,109945,"VILACIDES RAMIREZ, JOAQUIN",58,58,100,amarilla,False,https://www.rffm.es/acta-partido/1181089,2026-08-09T02:35:33.056092+00:00
1181089,704,95128,"JIMENEZ ROBLES, SERGIO",65,65,100,amarilla,False,https://www.rffm.es/acta-partido/1181089,2026-08-09T02:35:33.056092+00:00
1181089,704,9579328,"GIL MONTOYA, SANTIAGO",83,83,100,amarilla,False,https://www.rffm.es/acta-partido/1181089,2026-08-09T02:35:33.056092+00:00
1181089,704,109800,"TORAL GORINES, ALVARO",90,90,100,amarilla,False,https://www.rffm.es/acta-partido/1181089,2026-08-09T02:35:33.056092+00:00
1181087,8944219,2796623,"CLAVIJO CHALACAN, ERICK STALIN",55,55,101,roja,False,https://www.rffm.es/acta-partido/1181087,2026-08-09T02:35:33.421586+00:00
1181095,784,110470,"GOMEZ SURIA, PABLO",50,50,100,amarilla,False,https://www.rffm.es/acta-partido/1181095,2026-08-09T02:35:33.426674+00:00
1181095,784,110470,"GOMEZ SURIA, PABLO",59,59,100,amarilla,True,https://www.rffm.es/acta-partido/1181095,2026-08-09T02:35:33.426674+00:00
1181095,784,13283848,"ALONSO HERRERA, JONATAN",60,60,101,roja,False,https://www.rffm.es/acta-partido/1181095,2026-08-09T02:35:33.426674+00:00
1181094,496,110510,"MUÑOZ CANFRAN, SERGIO",61,61,100,amarilla,False,https://www.rffm.es/acta-partido/1181094,2026-08-09T02:35:33.463245+00:00
1181094,496,171986,"REBOLLO MARTIN, LUIS",63,63,100,amarilla,False,https://www.rffm.es/acta-partido/1181094,2026-08-09T02:35:33.463245+00:00
1181094,496,730087,"HERVAS GONZALEZ, AARON JOSE",73,73,100,amarilla,False,https://www.rffm.es/acta-partido/1181094,2026-08-09T02:35:33.463245+00:00
1181094,496,928672,"YUCRA SARMIENTO, CESAR MANUEL",80,80,100,amarilla,False,https://www.rffm.es/acta-partido/1181094,2026-08-09T02:35:33.463245+00:00
1181094,496,102798,"RODRIGUEZ LOPEZ, VICTOR",85,85,100,amarilla,False,https://www.rffm.es/acta-partido/1181094,2026-08-09T02:35:33.463245+00:00
1181094,2946,168013,"AVALOS CAMUÑAS, VICTOR",47,47,100,amarilla,False,https://www.rffm.es/acta-partido/1181094,2026-08-09T02:35:33.463245+00:00
1181094,2946,140864,"MARTINEZ SANCHEZ, DAVID",72,72,100,amarilla,False,https://www.rffm.es/acta-partido/1181094,2026-08-09T02:35:33.463245+00:00
1181094,2946,236765,"DE LUIS JIMENEZ, LUIS",83,83,100,amarilla,False,https://www.rffm.es/acta-partido/1181094,2026-08-09T02:35:33.463245+00:00
1181094,2946,183413,"SANCHEZ SANZ, SERGIO",95,95,100,amarilla,False,https://www.rffm.es/acta-partido/1181094,2026-08-09T02:35:33.463245+00:00
1181098,704,95128,"JIMENEZ ROBLES, SERGIO",81,81,100,amarilla,False,https://www.rffm.es/acta-partido/1181098,2026-08-09T02:35:33.640971+00:00
1181098,704,95128,"JIMENEZ ROBLES, SERGIO",90,90,100,amarilla,True,https://www.rffm.es/acta-partido/1181098,2026-08-09T02:35:33.640971+00:00
1181090,466719,11113834,"RABOSO MARTINEZ, IGNACIO",86,86,101,roja,False,https://www.rffm.es/acta-partido/1181090,2026-08-09T02:35:33.718486+00:00
1181090,466719,307039,"DE LA CRUZ DIAZ REGAÑON, ALBERTO",89,89,101,roja,False,https://www.rffm.es/acta-partido/1181090,2026-08-09T02:35:33.718486+00:00
1181090,510,109722,"MARTIN ANDRES, CARLOS",89,89,101,roja,False,https://www.rffm.es/acta-partido/1181090,2026-08-09T02:35:33.718486+00:00
1181101,992,389697,"GARCIA OLIVARES, DAVID",12,12,100,amarilla,False,https://www.rffm.es/acta-partido/1181101,2026-08-09T02:35:34.817195+00:00
1181101,992,389697,"GARCIA OLIVARES, DAVID",85,85,100,amarilla,True,https://www.rffm.es/acta-partido/1181101,2026-08-09T02:35:34.817195+00:00
1181101,992,378597,"ANGEL LOPEZ, ROBERTO",999,999,101,roja,False,https://www.rffm.es/acta-partido/1181101,2026-08-09T02:35:34.817195+00:00
1181107,704,109800,"TORAL GORINES, ALVARO",36,36,100,amarilla,False,https://www.rffm.es/acta-partido/1181107,2026-08-09T02:35:34.826439+00:00
1181107,704,109800,"TORAL GORINES, ALVARO",45,45,100,amarilla,True,https://www.rffm.es/acta-partido/1181107,2026-08-09T02:35:34.826439+00:00
1181107,704,109945,"VILACIDES RAMIREZ, JOAQUIN",47,47,100,amarilla,False,https://www.rffm.es/acta-partido/1181107,2026-08-09T02:35:34.826439+00:00
1181107,704,109945,"VILACIDES RAMIREZ, JOAQUIN",48,48,100,amarilla,True,https://www.rffm.es/acta-partido/1181107,2026-08-09T02:35:34.826439+00:00
1181107,704,317750,"ORBEGOZO CHANG KAU, BRYAN ESTEFANO",79,79,101,roja,False,https://www.rffm.es/acta-partido/1181107,2026-08-09T02:35:34.826439+00:00
1181099,510,373567,"MARTINEZ MARTINEZ, CRISTIAN",11,11,100,amarilla,False,https://www.rffm.es/acta-partido/1181099,2026-08-09T02:35:35.001687+00:00
1181099,510,373567,"MARTINEZ MARTINEZ, CRISTIAN",55,55,100,amarilla,True,https://www.rffm.es/acta-partido/1181099,2026-08-09T02:35:35.001687+00:00
1181106,3277,14022424,"QUIROS CULEBRAS, ÁLVARO",67,67,100,amarilla,False,https://www.rffm.es/acta-partido/1181106,2026-08-09T02:35:35.539528+00:00
1181106,3277,14022424,"QUIROS CULEBRAS, ÁLVARO",90,90,100,amarilla,True,https://www.rffm.es/acta-partido/1181106,2026-08-09T02:35:35.539528+00:00
1181103,1134,109046,"SAGUN ESCAÑO, IVAN",10,10,100,amarilla,False,https://www.rffm.es/acta-partido/1181103,2026-08-09T02:35:35.540102+00:00
1181103,1134,109046,"SAGUN ESCAÑO, IVAN",17,17,100,amarilla,True,https://www.rffm.es/acta-partido/1181103,2026-08-09T02:35:35.540102+00:00
1181103,1134,109114,"PEINADO CORONADO, MIGUEL",24,24,101,roja,False,https://www.rffm.es/acta-partido/1181103,2026-08-09T02:35:35.540102+00:00
1181113,496,8663013,"GUERRERO DUEÑAS, GREGORIO FRANKLIN",29,29,100,amarilla,False,https://www.rffm.es/acta-partido/1181113,2026-08-09T02:35:36.764853+00:00
1181113,496,902345,"DEMYANCHUK, PAVLO",44,44,100,amarilla,False,https://www.rffm.es/acta-partido/1181113,2026-08-09T02:35:36.764853+00:00
1181113,2613,78017,"GARCIA ROJO PALOMO, JORGE DANIEL",12,12,100,amarilla,False,https://www.rffm.es/acta-partido/1181113,2026-08-09T02:35:36.764853+00:00
1181113,2613,2352114,"MARTIN PORTUGUES GOMEZ LIMON, JESUS",63,63,100,amarilla,False,https://www.rffm.es/acta-partido/1181113,2026-08-09T02:35:36.764853+00:00
1181119,4939332,826215,"ALVAREZ PEREZ, JOSUE",39,39,100,amarilla,False,https://www.rffm.es/acta-partido/1181119,2026-08-09T02:35:38.059622+00:00
1181119,4939332,826215,"ALVAREZ PEREZ, JOSUE",47,47,100,amarilla,True,https://www.rffm.es/acta-partido/1181119,2026-08-09T02:35:38.059622+00:00
1181120,992,428940,"HERNANDEZ VILLAHERMOSA, SERGIO",38,38,100,amarilla,False,https://www.rffm.es/acta-partido/1181120,2026-08-09T02:35:38.122422+00:00
1181120,992,428940,"HERNANDEZ VILLAHERMOSA, SERGIO",58,58,100,amarilla,True,https://www.rffm.es/acta-partido/1181120,2026-08-09T02:35:38.122422+00:00
1181125,3277,229401,"CATALAN DE SALCEDO, JUAN DIEGO",34,34,100,amarilla,False,https://www.rffm.es/acta-partido/1181125,2026-08-09T02:35:38.126781+00:00
1181125,3277,229401,"CATALAN DE SALCEDO, JUAN DIEGO",50,50,100,amarilla,True,https://www.rffm.es/acta-partido/1181125,2026-08-09T02:35:38.126781+00:00
1181123,763,192245,"MONTOYA VILLA, JORDAN",20,20,100,amarilla,False,https://www.rffm.es/acta-partido/1181123,2026-08-09T02:35:38.251929+00:00
1181123,763,2351828,"MANBUENI LOPEZ, DIE MERCI",32,32,100,amarilla,False,https://www.rffm.es/acta-partido/1181123,2026-08-09T02:35:38.251929+00:00
1181123,763,821514,"PALACIOS ROMAN, CARLOS ALEXANDER",56,56,100,amarilla,False,https://www.rffm.es/acta-partido/1181123,2026-08-09T02:35:38.251929+00:00
1181128,466719,426743,"SOLANO CALVO, ALEJANDRO",34,34,100,amarilla,False,https://www.rffm.es/acta-partido/1181128,2026-08-09T02:35:38.434707+00:00
1181128,466719,543597,"GARCIA MATEOS, SANTIAGO",45,45,100,amarilla,False,https://www.rffm.es/acta-partido/1181128,2026-08-09T02:35:38.434707+00:00
1181128,466719,59246,"DOPACIO COTA, JUAN CARLOS",68,68,100,amarilla,False,https://www.rffm.es/acta-partido/1181128,2026-08-09T02:35:38.434707+00:00
1181128,466719,306988,"BLANCO DIAZ, DANIEL",83,83,100,amarilla,False,https://www.rffm.es/acta-partido/1181128,2026-08-09T02:35:38.434707+00:00
1181128,466719,101815,"MARTINEZ ALVAREZ, ALEJANDRO",85,85,100,amarilla,False,https://www.rffm.es/acta-partido/1181128,2026-08-09T02:35:38.434707+00:00
1181128,466719,328850,"MUÑOZ MARTIN, MIGUEL ",90,90,100,amarilla,False,https://www.rffm.es/acta-partido/1181128,2026-08-09T02:35:38.434707+00:00
1181128,2946,810156,"ALIAS LOPEZ, DANIEL",34,34,100,amarilla,False,https://www.rffm.es/acta-partido/1181128,2026-08-09T02:35:38.434707+00:00
1181128,2946,147552,"PARRA LORENZO, LUIS MIGUEL",45,45,100,amarilla,False,https://www.rffm.es/acta-partido/1181128,2026-08-09T02:35:38.434707+00:00
1304272,8944219,77635,"HERZOG ORDUÑEZ, ALEJANDRO",9,9,100,amarilla,False,https://www.rffm.es/acta-partido/1304272,2026-08-09T02:35:38.440411+00:00
1304272,8944219,77635,"HERZOG ORDUÑEZ, ALEJANDRO",9,9,101,roja,False,https://www.rffm.es/acta-partido/1304272,2026-08-09T02:35:38.440411+00:00
1181131,1134,362197,"SALVADOR MORENO, ADRIAN",26,26,100,amarilla,False,https://www.rffm.es/acta-partido/1181131,2026-08-09T02:35:39.124492+00:00
1181131,1134,362197,"SALVADOR MORENO, ADRIAN",31,31,100,amarilla,True,https://www.rffm.es/acta-partido/1181131,2026-08-09T02:35:39.124492+00:00
1181131,1134,109046,"SAGUN ESCAÑO, IVAN",32,32,100,amarilla,False,https://www.rffm.es/acta-partido/1181131,2026-08-09T02:35:39.124492+00:00
1181131,1134,109046,"SAGUN ESCAÑO, IVAN",33,33,100,amarilla,True,https://www.rffm.es/acta-partido/1181131,2026-08-09T02:35:39.124492+00:00
1181131,1134,100253,"ANDRES LOPEZ, CARLOS",43,43,100,amarilla,False,https://www.rffm.es/acta-partido/1181131,2026-08-09T02:35:39.124492+00:00
1181131,1134,100253,"ANDRES LOPEZ, CARLOS",47,47,100,amarilla,True,https://www.rffm.es/acta-partido/1181131,2026-08-09T02:35:39.124492+00:00
1181131,1134,225078,"BERZAL VIZCAINO, ABEL",48,48,101,roja,False,https://www.rffm.es/acta-partido/1181131,2026-08-09T02:35:39.124492+00:00
1181139,2613,72000,"GOMEZ ROJAS, JAIME",57,57,100,amarilla,False,https://www.rffm.es/acta-partido/1181139,2026-08-09T02:35:40.373112+00:00
1181139,2613,77595,"GOMEZ GARCIA, DIEGO",88,88,100,amarilla,False,https://www.rffm.es/acta-partido/1181139,2026-08-09T02:35:40.373112+00:00
1181139,992,87229,"SASTRE GARCIA, HECTOR",59,59,100,amarilla,False,https://www.rffm.es/acta-partido/1181139,2026-08-09T02:35:40.373112+00:00
1181139,992,78042,"TORRICO PESCUEZO, MANUEL",77,77,100,amarilla,False,https://www.rffm.es/acta-partido/1181139,2026-08-09T02:35:40.373112+00:00
1181143,3277,312297,"CORDERO BARREAL, ALFONSO",18,18,100,amarilla,False,https://www.rffm.es/acta-partido/1181143,2026-08-09T02:35:40.530949+00:00
1181143,3277,76916,"MARTINEZ SANTOS MORENO, DANIEL",21,21,100,amarilla,False,https://www.rffm.es/acta-partido/1181143,2026-08-09T02:35:40.530949+00:00
1181143,3277,77029,"MARTINEZ SANTOS MORENO, SERGIO",53,53,100,amarilla,False,https://www.rffm.es/acta-partido/1181143,2026-08-09T02:35:40.530949+00:00
1181143,3277,13768,"GONZÁLEZ GIL, MANUEL",68,68,100,amarilla,False,https://www.rffm.es/acta-partido/1181143,2026-08-09T02:35:40.530949+00:00
1181143,3277,10269137,"BENGALA PADILLA, VICTOR MANUEL",69,69,100,amarilla,False,https://www.rffm.es/acta-partido/1181143,2026-08-09T02:35:40.530949+00:00
1181143,3277,1047158,"LOPEZ DE LOS MOZOS PEREZ, MARIO",85,85,101,roja,False,https://www.rffm.es/acta-partido/1181143,2026-08-09T02:35:40.530949+00:00
1181143,784,329162,"LUCENA CABALLERO, FERNANDO",28,28,100,amarilla,False,https://www.rffm.es/acta-partido/1181143,2026-08-09T02:35:40.530949+00:00
1181143,784,229645,"BALLESTEROS VERDUGO, ROBERTO",68,68,100,amarilla,False,https://www.rffm.es/acta-partido/1181143,2026-08-09T02:35:40.530949+00:00
1181143,784,109703,"BERMUDEZ DEL POZO, PABLO",75,75,100,amarilla,False,https://www.rffm.es/acta-partido/1181143,2026-08-09T02:35:40.530949+00:00
1181143,784,6597316,"CANTERO MUJICA, FAUSTINO MIGUEL",81,81,100,amarilla,False,https://www.rffm.es/acta-partido/1181143,2026-08-09T02:35:40.530949+00:00
1181138,466719,122705,"RACIONERO SERRANO, JAVIER",26,26,100,amarilla,False,https://www.rffm.es/acta-partido/1181138,2026-08-09T02:35:40.575400+00:00
1181138,466719,101815,"MARTINEZ ALVAREZ, ALEJANDRO",34,34,100,amarilla,False,https://www.rffm.es/acta-partido/1181138,2026-08-09T02:35:40.575400+00:00
1181138,466719,101815,"MARTINEZ ALVAREZ, ALEJANDRO",58,58,100,amarilla,True,https://www.rffm.es/acta-partido/1181138,2026-08-09T02:35:40.575400+00:00
1181138,466719,122705,"RACIONERO SERRANO, JAVIER",65,65,100,amarilla,True,https://www.rffm.es/acta-partido/1181138,2026-08-09T02:35:40.575400+00:00
1181136,4939332,127925,"GARRIDO LOPEZ, RUBEN",65,65,100,amarilla,False,https://www.rffm.es/acta-partido/1181136,2026-08-09T02:35:40.895400+00:00
1181136,4939332,110147,"RUIZ SAURA, GONZALO",90,90,100,amarilla,False,https://www.rffm.es/acta-partido/1181136,2026-08-09T02:35:40.895400+00:00
1181136,4939332,3005986,"CALZADA HERVIAS, JORGE",90,90,100,amarilla,False,https://www.rffm.es/acta-partido/1181136,2026-08-09T02:35:40.895400+00:00
1181136,782,77888,"ORTIZ ALVAREZ, ALEJANDRO",26,26,100,amarilla,False,https://www.rffm.es/acta-partido/1181136,2026-08-09T02:35:40.895400+00:00
1181136,782,166213,"CABRERA SANCHEZ, IGNACIO",70,70,100,amarilla,False,https://www.rffm.es/acta-partido/1181136,2026-08-09T02:35:40.895400+00:00
1181136,782,77888,"ORTIZ ALVAREZ, ALEJANDRO",83,83,100,amarilla,True,https://www.rffm.es/acta-partido/1181136,2026-08-09T02:35:40.895400+00:00
1181140,763,1021470,"ALFARO PÉREZ, JOAQUÍN",30,30,100,amarilla,False,https://www.rffm.es/acta-partido/1181140,2026-08-09T02:35:40.911793+00:00
1181140,763,1021470,"ALFARO PÉREZ, JOAQUÍN",88,88,100,amarilla,True,https://www.rffm.es/acta-partido/1181140,2026-08-09T02:35:40.911793+00:00
1181140,1828,110097,"PEREZ RAYA, JUAN",70,70,100,amarilla,False,https://www.rffm.es/acta-partido/1181140,2026-08-09T02:35:40.911793+00:00
1181140,1828,110097,"PEREZ RAYA, JUAN",71,71,100,amarilla,True,https://www.rffm.es/acta-partido/1181140,2026-08-09T02:35:40.911793+00:00
1181140,1828,215843,"PEREZ RAYA, VICTOR",85,85,101,roja,False,https://www.rffm.es/acta-partido/1181140,2026-08-09T02:35:40.911793+00:00
1181147,2613,78017,"GARCIA ROJO PALOMO, JORGE DANIEL",43,43,100,amarilla,False,https://www.rffm.es/acta-partido/1181147,2026-08-09T02:35:41.685401+00:00
1181147,2613,78017,"GARCIA ROJO PALOMO, JORGE DANIEL",79,79,100,amarilla,True,https://www.rffm.es/acta-partido/1181147,2026-08-09T02:35:41.685401+00:00
1181150,1134,11183850,"SAGUN ESCAÑO, IVÁN ",81,81,101,roja,False,https://www.rffm.es/acta-partido/1181150,2026-08-09T02:35:42.076450+00:00
1181150,1134,997629,"PEREIRA DEOLINDO BURANELLO, THIAGO RENAN",89,89,101,roja,False,https://www.rffm.es/acta-partido/1181150,2026-08-09T02:35:42.076450+00:00
1181152,1031652,223181,"ESPINOSA SERRANO, DANIEL",27,27,101,roja,False,https://www.rffm.es/acta-partido/1181152,2026-08-09T02:35:42.109845+00:00
1181144,466843,95682,"PALACIOS SANTAMARIA, JORGE",11,11,101,roja,False,https://www.rffm.es/acta-partido/1181144,2026-08-09T02:35:42.163004+00:00
1181157,466719,100961,"IGLESIAS AGUSTO, JUAN PEDRO",90,90,101,roja,False,https://www.rffm.es/acta-partido/1181157,2026-08-09T02:35:43.008909+00:00
1181153,784,13122447,"MELGAR OLIVERA, CHRISTIAN",27,27,101,roja,False,https://www.rffm.es/acta-partido/1181153,2026-08-09T02:35:43.694431+00:00
1181153,784,13477483,"PASQUEL MACIAS, GABRIEL ANDRES",89,89,101,roja,False,https://www.rffm.es/acta-partido/1181153,2026-08-09T02:35:43.694431+00:00
1181160,2946,232214,"CORDERO FERNANDEZ, RUBEN",76,76,100,amarilla,False,https://www.rffm.es/acta-partido/1181160,2026-08-09T02:35:43.855006+00:00
1181160,2946,232214,"CORDERO FERNANDEZ, RUBEN",81,81,100,amarilla,True,https://www.rffm.es/acta-partido/1181160,2026-08-09T02:35:43.855006+00:00
1181156,992,119282,"LEBRON CHICA, VICTORIANO",10,10,100,amarilla,False,https://www.rffm.es/acta-partido/1181156,2026-08-09T02:35:44.060903+00:00
1181156,992,5815948,"SANCHEZ PITEL, EMMANUEL",19,19,100,amarilla,False,https://www.rffm.es/acta-partido/1181156,2026-08-09T02:35:44.060903+00:00
1181156,992,4734227,"GUTIERREZ GARCIA, MARIO",25,25,100,amarilla,False,https://www.rffm.es/acta-partido/1181156,2026-08-09T02:35:44.060903+00:00
1181156,992,119282,"LEBRON CHICA, VICTORIANO",68,68,100,amarilla,True,https://www.rffm.es/acta-partido/1181156,2026-08-09T02:35:44.060903+00:00
1181156,992,5815948,"SANCHEZ PITEL, EMMANUEL",78,78,100,amarilla,True,https://www.rffm.es/acta-partido/1181156,2026-08-09T02:35:44.060903+00:00
1181156,992,4734227,"GUTIERREZ GARCIA, MARIO",88,88,100,amarilla,True,https://www.rffm.es/acta-partido/1181156,2026-08-09T02:35:44.060903+00:00
1181159,782,77888,"ORTIZ ALVAREZ, ALEJANDRO",34,34,100,amarilla,False,https://www.rffm.es/acta-partido/1181159,2026-08-09T02:35:44.066053+00:00
1181159,782,223414,"MARTIN CARCELES, ALBERTO",43,43,100,amarilla,False,https://www.rffm.es/acta-partido/1181159,2026-08-09T02:35:44.066053+00:00
1181159,782,171856,"CEREZO BONILLA, ABEL",52,52,100,amarilla,False,https://www.rffm.es/acta-partido/1181159,2026-08-09T02:35:44.066053+00:00
1181159,8944219,7205614,"CUETO VELASCO, JUAN CARLOS",34,34,100,amarilla,False,https://www.rffm.es/acta-partido/1181159,2026-08-09T02:35:44.066053+00:00
1181159,8944219,7205614,"CUETO VELASCO, JUAN CARLOS",34,34,100,amarilla,False,https://www.rffm.es/acta-partido/1181159,2026-08-09T02:35:44.066053+00:00
1181155,1828,215843,"PEREZ RAYA, VICTOR",24,24,100,amarilla,False,https://www.rffm.es/acta-partido/1181155,2026-08-09T02:35:44.262200+00:00
1181155,1828,110309,"HERRANZ REVILLA, DAVID",31,31,100,amarilla,False,https://www.rffm.es/acta-partido/1181155,2026-08-09T02:35:44.262200+00:00
1181155,1828,215843,"PEREZ RAYA, VICTOR",60,60,100,amarilla,True,https://www.rffm.es/acta-partido/1181155,2026-08-09T02:35:44.262200+00:00
1181155,1828,10243002,"GONZALEZ DE LA PEÑA, ALVARO",60,60,100,amarilla,False,https://www.rffm.es/acta-partido/1181155,2026-08-09T02:35:44.262200+00:00
1181155,1828,110097,"PEREZ RAYA, JUAN",69,69,100,amarilla,False,https://www.rffm.es/acta-partido/1181155,2026-08-09T02:35:44.262200+00:00
1181155,1828,110574,"JAMBRINA MANSILLA, JAVIER",89,89,100,amarilla,False,https://www.rffm.es/acta-partido/1181155,2026-08-09T02:35:44.262200+00:00
1181155,1828,11252384,"AGUADO MENDEZ, ANGEL",90,90,100,amarilla,False,https://www.rffm.es/acta-partido/1181155,2026-08-09T02:35:44.262200+00:00
1181155,3058,100689,"SERRANO DE PAZ, IVAN",67,67,100,amarilla,False,https://www.rffm.es/acta-partido/1181155,2026-08-09T02:35:44.262200+00:00
1181155,3058,100424,"SUAREZ MANZANO, SERGIO",71,71,100,amarilla,False,https://www.rffm.es/acta-partido/1181155,2026-08-09T02:35:44.262200+00:00
1181155,3058,225654,"GREGORIO DIAZ, MANUEL ",76,76,100,amarilla,False,https://www.rffm.es/acta-partido/1181155,2026-08-09T02:35:44.262200+00:00
1181155,3058,329158,"VILLAGARCIA SALCEDO, ALVARO",86,86,100,amarilla,False,https://www.rffm.es/acta-partido/1181155,2026-08-09T02:35:44.262200+00:00
1181166,704,2606287,"DJANCO DIAS, FERNANDO ODAIR",30,30,101,roja,False,https://www.rffm.es/acta-partido/1181166,2026-08-09T02:35:44.303985+00:00
1181170,4939332,826215,"ALVAREZ PEREZ, JOSUE",43,43,100,amarilla,False,https://www.rffm.es/acta-partido/1181170,2026-08-09T02:35:44.418297+00:00
1181170,4939332,826215,"ALVAREZ PEREZ, JOSUE",90,90,100,amarilla,True,https://www.rffm.es/acta-partido/1181170,2026-08-09T02:35:44.418297+00:00
1181167,510,100174,"ROSA LOPEZ, ANDRES",25,25,101,roja,False,https://www.rffm.es/acta-partido/1181167,2026-08-09T02:35:44.483831+00:00
1181165,992,3141159,"CORZO RODRIGUEZ, AHARON",25,25,100,amarilla,False,https://www.rffm.es/acta-partido/1181165,2026-08-09T02:35:44.619102+00:00
1181165,992,389697,"GARCIA OLIVARES, DAVID",27,27,100,amarilla,False,https://www.rffm.es/acta-partido/1181165,2026-08-09T02:35:44.619102+00:00
1181165,992,389697,"GARCIA OLIVARES, DAVID",57,57,100,amarilla,True,https://www.rffm.es/acta-partido/1181165,2026-08-09T02:35:44.619102+00:00
1181165,992,3141159,"CORZO RODRIGUEZ, AHARON",57,57,100,amarilla,True,https://www.rffm.es/acta-partido/1181165,2026-08-09T02:35:44.619102+00:00
1181169,8944219,10667545,"DONOSO GARCIA, JOSE MIGUEL",60,60,100,amarilla,False,https://www.rffm.es/acta-partido/1181169,2026-08-09T02:35:45.329296+00:00
1181169,8944219,10667545,"DONOSO GARCIA, JOSE MIGUEL",90,90,101,roja,False,https://www.rffm.es/acta-partido/1181169,2026-08-09T02:35:45.329296+00:00
1181169,466843,878505,"ALONSO SANTAMARIA, MARIO",999,999,101,roja,False,https://www.rffm.es/acta-partido/1181169,2026-08-09T02:35:45.329296+00:00
1181177,2613,77932,"MARTIN CORDON, JESUS",21,21,100,amarilla,False,https://www.rffm.es/acta-partido/1181177,2026-08-09T02:35:46.098083+00:00
1181177,2613,77932,"MARTIN CORDON, JESUS",42,42,100,amarilla,True,https://www.rffm.es/acta-partido/1181177,2026-08-09T02:35:46.098083+00:00
1181176,782,223414,"MARTIN CARCELES, ALBERTO",79,79,101,roja,False,https://www.rffm.es/acta-partido/1181176,2026-08-09T02:35:46.730903+00:00
1181172,1828,664353,"CASADO VELASCO, JESUS",8,8,100,amarilla,False,https://www.rffm.es/acta-partido/1181172,2026-08-09T02:35:46.913966+00:00
1181172,1828,664353,"CASADO VELASCO, JESUS",53,53,100,amarilla,True,https://www.rffm.es/acta-partido/1181172,2026-08-09T02:35:46.913966+00:00
1181185,782,171738,"GUIJARRO HERNANDO, MARIO",57,57,101,roja,False,https://www.rffm.es/acta-partido/1181185,2026-08-09T02:35:46.974133+00:00
1181186,763,2351828,"MANBUENI LOPEZ, DIE MERCI",63,63,100,amarilla,False,https://www.rffm.es/acta-partido/1181186,2026-08-09T02:35:46.981046+00:00
1181186,763,5625510,"CLAROS VASQUEZ, HECTOR JOSUE",75,75,100,amarilla,False,https://www.rffm.es/acta-partido/1181186,2026-08-09T02:35:46.981046+00:00
1181186,763,10288748,"BENAVIDES CALVOPIÑA, LUIS MIGUEL",88,88,100,amarilla,False,https://www.rffm.es/acta-partido/1181186,2026-08-09T02:35:46.981046+00:00
1181186,466843,13227,"TRIGUEROS MARTINEZ, VICTOR",75,75,100,amarilla,False,https://www.rffm.es/acta-partido/1181186,2026-08-09T02:35:46.981046+00:00
1181186,466843,193757,"TAMAYO LOPEZ, LUIS FELIPE",75,75,100,amarilla,False,https://www.rffm.es/acta-partido/1181186,2026-08-09T02:35:46.981046+00:00
1181186,466843,14088,"LOPEZ MANSILLA, DANIEL",88,88,100,amarilla,False,https://www.rffm.es/acta-partido/1181186,2026-08-09T02:35:46.981046+00:00
1181186,466843,13227,"TRIGUEROS MARTINEZ, VICTOR",91,91,100,amarilla,True,https://www.rffm.es/acta-partido/1181186,2026-08-09T02:35:46.981046+00:00
1181182,992,378553,"GONZALEZ ABAD, DANIEL",89,89,101,roja,False,https://www.rffm.es/acta-partido/1181182,2026-08-09T02:35:47.211494+00:00
1181190,992,308537,"ESCUDERO MARTIN, JAIME",67,67,100,amarilla,False,https://www.rffm.es/acta-partido/1181190,2026-08-09T02:35:48.131564+00:00
1181190,992,308537,"ESCUDERO MARTIN, JAIME",88,88,100,amarilla,True,https://www.rffm.es/acta-partido/1181190,2026-08-09T02:35:48.131564+00:00
1181190,496,77632,"LEON MONTERO, IVAN",60,60,100,amarilla,False,https://www.rffm.es/acta-partido/1181190,2026-08-09T02:35:48.131564+00:00
1181190,496,77632,"LEON MONTERO, IVAN",64,64,100,amarilla,True,https://www.rffm.es/acta-partido/1181190,2026-08-09T02:35:48.131564+00:00
1181190,496,229072,"PALMER LEO, RAUL",64,64,100,amarilla,False,https://www.rffm.es/acta-partido/1181190,2026-08-09T02:35:48.131564+00:00
1181190,496,229072,"PALMER LEO, RAUL",71,71,100,amarilla,True,https://www.rffm.es/acta-partido/1181190,2026-08-09T02:35:48.131564+00:00
1181191,784,11437987,"CASTRO FERNANDEZ, RAUL",64,64,101,roja,False,https://www.rffm.es/acta-partido/1181191,2026-08-09T02:35:48.455409+00:00
1181206,2613,77595,"GOMEZ GARCIA, DIEGO",88,88,100,amarilla,False,https://www.rffm.es/acta-partido/1181206,2026-08-09T02:35:49.368866+00:00
1181206,2613,77595,"GOMEZ GARCIA, DIEGO",999,999,100,amarilla,True,https://www.rffm.es/acta-partido/1181206,2026-08-09T02:35:49.368866+00:00
1181189,1828,110309,"HERRANZ REVILLA, DAVID",75,75,100,amarilla,False,https://www.rffm.es/acta-partido/1181189,2026-08-09T02:35:49.712387+00:00
1181189,1134,239528,"ILLESCAS MAROTO, JUAN",32,32,100,amarilla,False,https://www.rffm.es/acta-partido/1181189,2026-08-09T02:35:49.712387+00:00
1181189,1134,225078,"BERZAL VIZCAINO, ABEL",35,35,100,amarilla,False,https://www.rffm.es/acta-partido/1181189,2026-08-09T02:35:49.712387+00:00
1181189,1134,13208336,"ALVES FERNANDEZ, OSCAR",81,81,101,roja,False,https://www.rffm.es/acta-partido/1181189,2026-08-09T02:35:49.712387+00:00
1181202,3277,229401,"CATALAN DE SALCEDO, JUAN DIEGO",50,50,100,amarilla,False,https://www.rffm.es/acta-partido/1181202,2026-08-09T02:35:50.731389+00:00
1181202,3277,229401,"CATALAN DE SALCEDO, JUAN DIEGO",76,76,100,amarilla,True,https://www.rffm.es/acta-partido/1181202,2026-08-09T02:35:50.731389+00:00
1181202,782,166213,"CABRERA SANCHEZ, IGNACIO",38,38,100,amarilla,False,https://www.rffm.es/acta-partido/1181202,2026-08-09T02:35:50.731389+00:00
1181202,782,166213,"CABRERA SANCHEZ, IGNACIO",89,89,101,roja,False,https://www.rffm.es/acta-partido/1181202,2026-08-09T02:35:50.731389+00:00
1180694,2729713,53003,"LOBO LOPO, MARCOS",40,40,100,amarilla,False,https://www.rffm.es/acta-partido/1180694,2026-08-09T02:35:51.536380+00:00
1180694,2729713,53003,"LOBO LOPO, MARCOS",90,90,100,amarilla,True,https://www.rffm.es/acta-partido/1180694,2026-08-09T02:35:51.536380+00:00
1180695,3363841,66447,"VIOSQUE CALDERON, OSCAR",38,38,100,amarilla,False,https://www.rffm.es/acta-partido/1180695,2026-08-09T02:35:51.649584+00:00
1180695,3363841,66447,"VIOSQUE CALDERON, OSCAR",49,49,100,amarilla,True,https://www.rffm.es/acta-partido/1180695,2026-08-09T02:35:51.649584+00:00
1180698,334286,3795808,"ACASO CASTRO, JOSE IGNACIO",86,86,101,roja,False,https://www.rffm.es/acta-partido/1180698,2026-08-09T02:35:51.801450+00:00
1180699,2273414,80172,"ARRANZ NODARSE, ALEXANDER",92,92,101,roja,False,https://www.rffm.es/acta-partido/1180699,2026-08-09T02:35:52.040784+00:00
1180705,1309,13498483,"MUNICIO SANCHEZ, JOSE IGNACIO",48,48,100,amarilla,False,https://www.rffm.es/acta-partido/1180705,2026-08-09T02:35:53.054032+00:00
1180705,1309,79881,"TORCHIA FERNANDEZ, JOSUE",60,60,100,amarilla,False,https://www.rffm.es/acta-partido/1180705,2026-08-09T02:35:53.054032+00:00
1180705,1309,80184,"GONZALEZ MOLERO, ALVARO",69,69,100,amarilla,False,https://www.rffm.es/acta-partido/1180705,2026-08-09T02:35:53.054032+00:00
1180705,1309,79935,"SANCHEZ BLAZQUEZ, DAVID",86,86,100,amarilla,False,https://www.rffm.es/acta-partido/1180705,2026-08-09T02:35:53.054032+00:00
1180705,1309,79697,"DE DIOS ESCRIBANO, EDUARDO",90,90,100,amarilla,False,https://www.rffm.es/acta-partido/1180705,2026-08-09T02:35:53.054032+00:00
1180705,2729806,238620,"LAPIDO SANCHEZ, CARLOS",83,83,100,amarilla,False,https://www.rffm.es/acta-partido/1180705,2026-08-09T02:35:53.054032+00:00
1180705,2729806,90003,"ROMERO GÓMEZ, IKER",89,89,100,amarilla,False,https://www.rffm.es/acta-partido/1180705,2026-08-09T02:35:53.054032+00:00
1180710,2424,230769,"LABRACA MELO, ALEJANDRO",56,56,100,amarilla,False,https://www.rffm.es/acta-partido/1180710,2026-08-09T02:35:53.782934+00:00
1180710,2424,230769,"LABRACA MELO, ALEJANDRO",67,67,100,amarilla,True,https://www.rffm.es/acta-partido/1180710,2026-08-09T02:35:53.782934+00:00
1180718,2273414,24939,"RUBIO QUIROS, RUBEN",13,13,100,amarilla,False,https://www.rffm.es/acta-partido/1180718,2026-08-09T02:35:54.126804+00:00
1180718,2273414,5402187,"DE MIGUEL TERAN, DIEGO",58,58,100,amarilla,False,https://www.rffm.es/acta-partido/1180718,2026-08-09T02:35:54.126804+00:00
1180718,2273414,530492,"GONZALEZ GARROTE, JOSE ANTONIO",64,64,100,amarilla,False,https://www.rffm.es/acta-partido/1180718,2026-08-09T02:35:54.126804+00:00
1180718,2424,335186,"NOGALES DORADO, BORJA",24,24,100,amarilla,False,https://www.rffm.es/acta-partido/1180718,2026-08-09T02:35:54.126804+00:00
1180718,2424,236075,"TROYANO REDONDO, LUIS ",39,39,100,amarilla,False,https://www.rffm.es/acta-partido/1180718,2026-08-09T02:35:54.126804+00:00
1180718,2424,322059,"TERRON LOPEZ, MARCOS",68,68,100,amarilla,False,https://www.rffm.es/acta-partido/1180718,2026-08-09T02:35:54.126804+00:00
1180718,2424,91100,"FERNANDEZ GOMEZ, BORJA",80,80,100,amarilla,False,https://www.rffm.es/acta-partido/1180718,2026-08-09T02:35:54.126804+00:00
1180718,2424,10550,"DE JULIAN GARCIA, DANIEL",82,82,100,amarilla,False,https://www.rffm.es/acta-partido/1180718,2026-08-09T02:35:54.126804+00:00
1180718,2424,173264,"GARCIA DELGADO, JOSE CARLOS",85,85,100,amarilla,False,https://www.rffm.es/acta-partido/1180718,2026-08-09T02:35:54.126804+00:00
1180715,2717,8167,"NUÑEZ VECINO, MIGUEL ANGEL",90,90,101,roja,False,https://www.rffm.es/acta-partido/1180715,2026-08-09T02:35:55.465230+00:00
1180723,1940,89627,"JIMENEZ MELCHOR, ANGEL",0,0,101,roja,False,https://www.rffm.es/acta-partido/1180723,2026-08-09T02:35:55.762112+00:00
1180727,334286,1107597,"MORENO RODRIGUEZ, JOSE IGNACIO",69,69,101,roja,False,https://www.rffm.es/acta-partido/1180727,2026-08-09T02:35:56.018991+00:00
1180728,2273414,79914,"SANCHEZ COLMENERO, FERNANDO",45,45,101,roja,False,https://www.rffm.es/acta-partido/1180728,2026-08-09T02:35:56.773801+00:00
1180737,10677651,10057257,"SANCHEZ CIPITRIA, DAMIAN ANDRES",80,80,100,amarilla,False,https://www.rffm.es/acta-partido/1180737,2026-08-09T02:35:56.803982+00:00
1180737,10677651,10057257,"SANCHEZ CIPITRIA, DAMIAN ANDRES",80,80,100,amarilla,False,https://www.rffm.es/acta-partido/1180737,2026-08-09T02:35:56.803982+00:00
1180734,2729012,90152,"GARCIA VARA, RAUL",60,60,101,roja,False,https://www.rffm.es/acta-partido/1180734,2026-08-09T02:35:56.873201+00:00
1180736,334286,309407,"GOMEZ RODRIGUEZ, JAIME",13,13,100,amarilla,False,https://www.rffm.es/acta-partido/1180736,2026-08-09T02:35:57.813824+00:00
1180736,334286,8868786,"RIOS CARMONA, EVER WILLIAM",33,33,100,amarilla,False,https://www.rffm.es/acta-partido/1180736,2026-08-09T02:35:57.813824+00:00
1180736,334286,763167,"ALCANTARA RECIO, ISMAEL",42,42,100,amarilla,False,https://www.rffm.es/acta-partido/1180736,2026-08-09T02:35:57.813824+00:00
1180736,334286,439925,"ALONSO SERRANO, GONZALO",44,44,100,amarilla,False,https://www.rffm.es/acta-partido/1180736,2026-08-09T02:35:57.813824+00:00
1180736,334286,306790,"MARTINEZ GIL, ALVARO",53,53,100,amarilla,False,https://www.rffm.es/acta-partido/1180736,2026-08-09T02:35:57.813824+00:00
1180736,334286,322516,"DE LOS SANTOS SANTOS, CARLOS",55,55,101,roja,False,https://www.rffm.es/acta-partido/1180736,2026-08-09T02:35:57.813824+00:00
1180736,334286,7298569,"GONZALEZ JIMENEZ, JORGE",87,87,100,amarilla,False,https://www.rffm.es/acta-partido/1180736,2026-08-09T02:35:57.813824+00:00
1180736,334286,3795808,"ACASO CASTRO, JOSE IGNACIO",89,89,100,amarilla,False,https://www.rffm.es/acta-partido/1180736,2026-08-09T02:35:57.813824+00:00
1180736,421,580879,"ASSAKOUR, ABDELOUAHAD",10,10,100,amarilla,False,https://www.rffm.es/acta-partido/1180736,2026-08-09T02:35:57.813824+00:00
1180736,421,725391,"ALVAREZ GONZALEZ, CARLOS",35,35,100,amarilla,False,https://www.rffm.es/acta-partido/1180736,2026-08-09T02:35:57.813824+00:00
1180736,421,914295,"GONZALEZ HERRERO, ENRIQUE",71,71,100,amarilla,False,https://www.rffm.es/acta-partido/1180736,2026-08-09T02:35:57.813824+00:00
1180736,421,725385,"CORRAL ALONSO, ISMAEL",77,77,100,amarilla,False,https://www.rffm.es/acta-partido/1180736,2026-08-09T02:35:57.813824+00:00
1180736,421,928438,"DIEZ GORDO, LUIS",89,89,100,amarilla,False,https://www.rffm.es/acta-partido/1180736,2026-08-09T02:35:57.813824+00:00
1180724,1516,228240,"GONZALEZ MARTINEZ, LUIS",34,34,100,amarilla,False,https://www.rffm.es/acta-partido/1180724,2026-08-09T02:35:58.446084+00:00
1180724,1516,228240,"GONZALEZ MARTINEZ, LUIS",43,43,100,amarilla,True,https://www.rffm.es/acta-partido/1180724,2026-08-09T02:35:58.446084+00:00
1180735,349789,231083,"GARCÍA BERMÚDEZ, DANIEL",36,36,100,amarilla,False,https://www.rffm.es/acta-partido/1180735,2026-08-09T02:35:58.525686+00:00
1180735,349789,231083,"GARCÍA BERMÚDEZ, DANIEL",74,74,100,amarilla,True,https://www.rffm.es/acta-partido/1180735,2026-08-09T02:35:58.525686+00:00
1180735,2424,745507,"ONTALBA MALAGON, VICTOR",48,48,100,amarilla,False,https://www.rffm.es/acta-partido/1180735,2026-08-09T02:35:58.525686+00:00
1180735,2424,745507,"ONTALBA MALAGON, VICTOR",56,56,100,amarilla,True,https://www.rffm.es/acta-partido/1180735,2026-08-09T02:35:58.525686+00:00
1180735,2424,241916,"BARROCAL MONTERO, JAVIER",70,70,100,amarilla,False,https://www.rffm.es/acta-partido/1180735,2026-08-09T02:35:58.525686+00:00
1180735,2424,241916,"BARROCAL MONTERO, JAVIER",87,87,100,amarilla,True,https://www.rffm.es/acta-partido/1180735,2026-08-09T02:35:58.525686+00:00
1180742,1940,9879591,"GRANDE PEREZ, ALVARO",70,70,100,amarilla,False,https://www.rffm.es/acta-partido/1180742,2026-08-09T02:35:58.946674+00:00
1180742,1940,9879591,"GRANDE PEREZ, ALVARO",71,71,100,amarilla,True,https://www.rffm.es/acta-partido/1180742,2026-08-09T02:35:58.946674+00:00
1180743,2729806,82694,"PEREZ DE LAS HERAS, AARON",40,40,100,amarilla,False,https://www.rffm.es/acta-partido/1180743,2026-08-09T02:35:59.137409+00:00
1180743,2729806,82694,"PEREZ DE LAS HERAS, AARON",80,80,100,amarilla,True,https://www.rffm.es/acta-partido/1180743,2026-08-09T02:35:59.137409+00:00
1180752,2424,241928,"SIMBAÑA LINCANGO, PATRICIO JAVIER",53,53,100,amarilla,False,https://www.rffm.es/acta-partido/1180752,2026-08-09T02:35:59.562639+00:00
1180752,2424,241928,"SIMBAÑA LINCANGO, PATRICIO JAVIER",73,73,100,amarilla,True,https://www.rffm.es/acta-partido/1180752,2026-08-09T02:35:59.562639+00:00
1180755,3157,11462085,"CORONADO GUTIERREZ, MIGUEL",54,54,101,roja,False,https://www.rffm.es/acta-partido/1180755,2026-08-09T02:36:00.386909+00:00
1180754,10677651,89912,"POUSO POZAS, JAVIER",90,90,101,roja,False,https://www.rffm.es/acta-partido/1180754,2026-08-09T02:36:00.639547+00:00
1180749,3363841,88534,"PINELAS BUENO, OMAR",42,42,100,amarilla,False,https://www.rffm.es/acta-partido/1180749,2026-08-09T02:36:00.640564+00:00
1180749,3363841,88534,"PINELAS BUENO, OMAR",42,42,100,amarilla,False,https://www.rffm.es/acta-partido/1180749,2026-08-09T02:36:00.640564+00:00
1180748,1309,79697,"DE DIOS ESCRIBANO, EDUARDO",999,999,101,roja,False,https://www.rffm.es/acta-partido/1180748,2026-08-09T02:36:01.124052+00:00
1180750,2729713,572633,"EDDAHMANI ABELLA, ANDRES",67,67,100,amarilla,False,https://www.rffm.es/acta-partido/1180750,2026-08-09T02:36:01.224252+00:00
1180750,2729713,572633,"EDDAHMANI ABELLA, ANDRES",89,89,100,amarilla,True,https://www.rffm.es/acta-partido/1180750,2026-08-09T02:36:01.224252+00:00
1180756,8962938,11082514,"FERNANDES, BRUNO RAFAEL",46,46,100,amarilla,False,https://www.rffm.es/acta-partido/1180756,2026-08-09T02:36:01.377917+00:00
1180756,8962938,11082514,"FERNANDES, BRUNO RAFAEL",89,89,100,amarilla,True,https://www.rffm.es/acta-partido/1180756,2026-08-09T02:36:01.377917+00:00
1180761,1940,192188,"DIALLO, ABDOULAYE",55,55,101,roja,False,https://www.rffm.es/acta-partido/1180761,2026-08-09T02:36:02.492365+00:00
1180765,334286,7298569,"GONZALEZ JIMENEZ, JORGE",83,83,100,amarilla,False,https://www.rffm.es/acta-partido/1180765,2026-08-09T02:36:02.535413+00:00
1180765,334286,7298569,"GONZALEZ JIMENEZ, JORGE",85,85,100,amarilla,True,https://www.rffm.es/acta-partido/1180765,2026-08-09T02:36:02.535413+00:00
1180759,3363841,66909,"LOPEZ GONZALEZ, TOMAS",89,89,100,amarilla,False,https://www.rffm.es/acta-partido/1180759,2026-08-09T02:36:02.540572+00:00
1180759,3363841,66909,"LOPEZ GONZALEZ, TOMAS",89,89,100,amarilla,False,https://www.rffm.es/acta-partido/1180759,2026-08-09T02:36:02.540572+00:00
1180762,2729806,10902200,"PELAEZ VALDERRAMA, FELIPE",86,86,100,amarilla,False,https://www.rffm.es/acta-partido/1180762,2026-08-09T02:36:02.658929+00:00
1180762,2729806,10902200,"PELAEZ VALDERRAMA, FELIPE",88,88,100,amarilla,True,https://www.rffm.es/acta-partido/1180762,2026-08-09T02:36:02.658929+00:00
1180760,2729012,6539731,"LOPEZ CAÑADAS, AARON",90,90,101,roja,False,https://www.rffm.es/acta-partido/1180760,2026-08-09T02:36:02.795561+00:00
1180757,8962938,1151368,"SALAZAR JIMENEZ, NATANAEL",88,88,100,amarilla,False,https://www.rffm.es/acta-partido/1180757,2026-08-09T02:36:02.842379+00:00
1180757,8962938,1151368,"SALAZAR JIMENEZ, NATANAEL",89,89,100,amarilla,True,https://www.rffm.es/acta-partido/1180757,2026-08-09T02:36:02.842379+00:00
1180758,1516,90630,"MURILLO LAZARO, RUBEN",27,27,100,amarilla,False,https://www.rffm.es/acta-partido/1180758,2026-08-09T02:36:03.418428+00:00
1180758,1516,90630,"MURILLO LAZARO, RUBEN",74,74,100,amarilla,True,https://www.rffm.es/acta-partido/1180758,2026-08-09T02:36:03.418428+00:00
1180767,2413,13767859,"JIMENEZ APARICIO, JOSE L",89,89,101,roja,False,https://www.rffm.es/acta-partido/1180767,2026-08-09T02:36:03.812216+00:00
1180769,2729713,1065356,"ELISSAOUI CHETOUAN, HICHAM",74,74,100,amarilla,False,https://www.rffm.es/acta-partido/1180769,2026-08-09T02:36:03.816607+00:00
1180769,2729713,1065356,"ELISSAOUI CHETOUAN, HICHAM",90,90,100,amarilla,True,https://www.rffm.es/acta-partido/1180769,2026-08-09T02:36:03.816607+00:00
1180782,2273414,1071553,"GUZMAN RODRIGUEZ, MANUEL",36,36,100,amarilla,False,https://www.rffm.es/acta-partido/1180782,2026-08-09T02:36:04.830823+00:00
1180782,2273414,1071553,"GUZMAN RODRIGUEZ, MANUEL",60,60,100,amarilla,True,https://www.rffm.es/acta-partido/1180782,2026-08-09T02:36:04.830823+00:00
1180776,1583,110286,"VAZQUEZ BOLAÑO, ADRIAN",28,28,100,amarilla,False,https://www.rffm.es/acta-partido/1180776,2026-08-09T02:36:05.348690+00:00
1180776,1583,8980249,"GERMAN PALOMO, AITOR",53,53,100,amarilla,False,https://www.rffm.es/acta-partido/1180776,2026-08-09T02:36:05.348690+00:00
1180776,1583,110286,"VAZQUEZ BOLAÑO, ADRIAN",80,80,100,amarilla,True,https://www.rffm.es/acta-partido/1180776,2026-08-09T02:36:05.348690+00:00
1180776,1583,8980249,"GERMAN PALOMO, AITOR",999,999,100,amarilla,True,https://www.rffm.es/acta-partido/1180776,2026-08-09T02:36:05.348690+00:00
1180777,2729012,84859,"FERNANDEZ LOPEZ, ALEJANDRO",71,71,100,amarilla,False,https://www.rffm.es/acta-partido/1180777,2026-08-09T02:36:05.628682+00:00
1180777,2729012,84859,"FERNANDEZ LOPEZ, ALEJANDRO",86,86,100,amarilla,True,https://www.rffm.es/acta-partido/1180777,2026-08-09T02:36:05.628682+00:00
1180777,1309,79881,"TORCHIA FERNANDEZ, JOSUE",36,36,100,amarilla,False,https://www.rffm.es/acta-partido/1180777,2026-08-09T02:36:05.628682+00:00
1180777,1309,79881,"TORCHIA FERNANDEZ, JOSUE",86,86,100,amarilla,True,https://www.rffm.es/acta-partido/1180777,2026-08-09T02:36:05.628682+00:00
1180781,3157,358566,"REDONDO ESCUDERO, ALEJANDRO",48,48,101,roja,False,https://www.rffm.es/acta-partido/1180781,2026-08-09T02:36:05.632890+00:00
1180781,3157,7207536,"CASTREJON LOPEZ, VICTOR",63,63,101,roja,False,https://www.rffm.es/acta-partido/1180781,2026-08-09T02:36:05.632890+00:00
1180778,2424,10550,"DE JULIAN GARCIA, DANIEL",44,44,100,amarilla,False,https://www.rffm.es/acta-partido/1180778,2026-08-09T02:36:05.711232+00:00
1180778,2424,10550,"DE JULIAN GARCIA, DANIEL",89,89,100,amarilla,True,https://www.rffm.es/acta-partido/1180778,2026-08-09T02:36:05.711232+00:00
1180779,421,2786948,"SANCHEZ MORENO, RAMIRO",77,77,101,roja,False,https://www.rffm.es/acta-partido/1180779,2026-08-09T02:36:05.831988+00:00
1180779,2729713,2519730,"GARCIA DE CASTRO, BORJA",79,79,100,amarilla,False,https://www.rffm.es/acta-partido/1180779,2026-08-09T02:36:05.831988+00:00
1180779,2729713,2519730,"GARCIA DE CASTRO, BORJA",89,89,100,amarilla,True,https://www.rffm.es/acta-partido/1180779,2026-08-09T02:36:05.831988+00:00
1180787,3363841,66447,"VIOSQUE CALDERON, OSCAR",47,47,100,amarilla,False,https://www.rffm.es/acta-partido/1180787,2026-08-09T02:36:06.916336+00:00
1180787,3363841,66447,"VIOSQUE CALDERON, OSCAR",70,70,100,amarilla,True,https://www.rffm.es/acta-partido/1180787,2026-08-09T02:36:06.916336+00:00
1180787,3363841,88766,"PLEITE VIGARAY, JAVIER",70,70,101,roja,False,https://www.rffm.es/acta-partido/1180787,2026-08-09T02:36:06.916336+00:00
1180786,2424,745507,"ONTALBA MALAGON, VICTOR",54,54,100,amarilla,False,https://www.rffm.es/acta-partido/1180786,2026-08-09T02:36:06.951971+00:00
1180786,2424,745507,"ONTALBA MALAGON, VICTOR",54,54,100,amarilla,False,https://www.rffm.es/acta-partido/1180786,2026-08-09T02:36:06.951971+00:00
1180792,349789,745660,"GODINO CRUZ, RAUL",60,60,101,roja,False,https://www.rffm.es/acta-partido/1180792,2026-08-09T02:36:07.129770+00:00
1180788,10677651,7023156,"GUERRERO MOLINA, JEISSON ALEXANDER",81,81,100,amarilla,False,https://www.rffm.es/acta-partido/1180788,2026-08-09T02:36:07.144493+00:00
1180788,10677651,7023156,"GUERRERO MOLINA, JEISSON ALEXANDER",83,83,100,amarilla,True,https://www.rffm.es/acta-partido/1180788,2026-08-09T02:36:07.144493+00:00
1180794,2729012,84859,"FERNANDEZ LOPEZ, ALEJANDRO",75,75,100,amarilla,False,https://www.rffm.es/acta-partido/1180794,2026-08-09T02:36:07.772091+00:00
1180794,2729012,84859,"FERNANDEZ LOPEZ, ALEJANDRO",77,77,100,amarilla,True,https://www.rffm.es/acta-partido/1180794,2026-08-09T02:36:07.772091+00:00
1180800,334286,397165,"SERRANO ZAMBRANO, JUAN CARLOS",18,18,100,amarilla,False,https://www.rffm.es/acta-partido/1180800,2026-08-09T02:36:08.456120+00:00
1180800,334286,763167,"ALCANTARA RECIO, ISMAEL",53,53,100,amarilla,False,https://www.rffm.es/acta-partido/1180800,2026-08-09T02:36:08.456120+00:00
1180800,334286,3005435,"RUBIO SANCHEZ, GONZALO",60,60,100,amarilla,False,https://www.rffm.es/acta-partido/1180800,2026-08-09T02:36:08.456120+00:00
1180800,334286,96133,"GASPAR MILLAN, DANIEL",82,82,100,amarilla,False,https://www.rffm.es/acta-partido/1180800,2026-08-09T02:36:08.456120+00:00
1180800,334286,7298569,"GONZALEZ JIMENEZ, JORGE",85,85,100,amarilla,False,https://www.rffm.es/acta-partido/1180800,2026-08-09T02:36:08.456120+00:00
1180800,2729806,927611,"EZZARHOUNI, OTMANE",17,17,100,amarilla,False,https://www.rffm.es/acta-partido/1180800,2026-08-09T02:36:08.456120+00:00
1180800,2729806,82694,"PEREZ DE LAS HERAS, AARON",48,48,100,amarilla,False,https://www.rffm.es/acta-partido/1180800,2026-08-09T02:36:08.456120+00:00
1180800,2729806,233829,"SANABRIA CORTES, JOSE ANTONIO",60,60,100,amarilla,False,https://www.rffm.es/acta-partido/1180800,2026-08-09T02:36:08.456120+00:00
1180800,2729806,234974,"ARJONA REYES, JOSE",81,81,100,amarilla,False,https://www.rffm.es/acta-partido/1180800,2026-08-09T02:36:08.456120+00:00
1180797,3363841,13472634,"BENITO MORAN, JUAN MANUEL",89,89,101,roja,False,https://www.rffm.es/acta-partido/1180797,2026-08-09T02:36:08.600912+00:00
1180798,3157,13393781,"CABALLERO ROMERO, FRANCISCO",81,81,101,roja,False,https://www.rffm.es/acta-partido/1180798,2026-08-09T02:36:08.726886+00:00
1180798,2729713,2519730,"GARCIA DE CASTRO, BORJA",76,76,100,amarilla,False,https://www.rffm.es/acta-partido/1180798,2026-08-09T02:36:08.726886+00:00
1180798,2729713,2519730,"GARCIA DE CASTRO, BORJA",89,89,100,amarilla,True,https://www.rffm.es/acta-partido/1180798,2026-08-09T02:36:08.726886+00:00
1180801,349789,681496,"GARCIA MORENO, JESUS",88,88,101,roja,False,https://www.rffm.es/acta-partido/1180801,2026-08-09T02:36:09.177943+00:00
1180801,2717,80181,"MANZANO DEL AMO, ERIC",10,10,100,amarilla,False,https://www.rffm.es/acta-partido/1180801,2026-08-09T02:36:09.177943+00:00
1180801,2717,80181,"MANZANO DEL AMO, ERIC",75,75,100,amarilla,True,https://www.rffm.es/acta-partido/1180801,2026-08-09T02:36:09.177943+00:00
1180804,421,725391,"ALVAREZ GONZALEZ, CARLOS",46,46,100,amarilla,False,https://www.rffm.es/acta-partido/1180804,2026-08-09T02:36:09.189080+00:00
1180804,421,725391,"ALVAREZ GONZALEZ, CARLOS",46,46,101,roja,False,https://www.rffm.es/acta-partido/1180804,2026-08-09T02:36:09.189080+00:00
1180807,2729713,572633,"EDDAHMANI ABELLA, ANDRES",67,67,100,amarilla,False,https://www.rffm.es/acta-partido/1180807,2026-08-09T02:36:09.821629+00:00
1180807,2729713,1065356,"ELISSAOUI CHETOUAN, HICHAM",74,74,100,amarilla,False,https://www.rffm.es/acta-partido/1180807,2026-08-09T02:36:09.821629+00:00
1180807,2729713,53003,"LOBO LOPO, MARCOS",79,79,100,amarilla,False,https://www.rffm.es/acta-partido/1180807,2026-08-09T02:36:09.821629+00:00
1180807,2729713,190451,"AHOMIR, HAMZA",80,80,100,amarilla,False,https://www.rffm.es/acta-partido/1180807,2026-08-09T02:36:09.821629+00:00
1180807,2729713,190464,"KALLOU, ABDELKARIM",85,85,100,amarilla,False,https://www.rffm.es/acta-partido/1180807,2026-08-09T02:36:09.821629+00:00
1180807,2273414,235997,"LUQUE GUZMAN, ALVARO",67,67,100,amarilla,False,https://www.rffm.es/acta-partido/1180807,2026-08-09T02:36:09.821629+00:00
1180807,2273414,3100712,"RODERO MONTERO, JAVIER",70,70,100,amarilla,False,https://www.rffm.es/acta-partido/1180807,2026-08-09T02:36:09.821629+00:00
1180807,2273414,80172,"ARRANZ NODARSE, ALEXANDER",85,85,100,amarilla,False,https://www.rffm.es/acta-partido/1180807,2026-08-09T02:36:09.821629+00:00
1180807,2273414,24939,"RUBIO QUIROS, RUBEN",89,89,100,amarilla,False,https://www.rffm.es/acta-partido/1180807,2026-08-09T02:36:09.821629+00:00
1180807,2273414,48182,"AREVALO LOPEZ SERRANO, ALEJANDRO",89,89,100,amarilla,False,https://www.rffm.es/acta-partido/1180807,2026-08-09T02:36:09.821629+00:00
1180803,1516,583458,"MUÑOZ GOMEZ, AITOR",42,42,100,amarilla,False,https://www.rffm.es/acta-partido/1180803,2026-08-09T02:36:10.062943+00:00
1180803,1516,583458,"MUÑOZ GOMEZ, AITOR",89,89,100,amarilla,True,https://www.rffm.es/acta-partido/1180803,2026-08-09T02:36:10.062943+00:00
1180813,1516,583245,"LUCENA AGUILAR, JOSE JAVIER",30,30,100,amarilla,False,https://www.rffm.es/acta-partido/1180813,2026-08-09T02:36:11.366534+00:00
1180820,2729012,90152,"GARCIA VARA, RAUL",35,35,100,amarilla,False,https://www.rffm.es/acta-partido/1180820,2026-08-09T02:36:11.444451+00:00
1180820,2424,241916,"BARROCAL MONTERO, JAVIER",72,72,100,amarilla,False,https://www.rffm.es/acta-partido/1180820,2026-08-09T02:36:11.444451+00:00
1180820,2424,89496,"SANCHEZ VEGA, PABLO ALEJANDRO",80,80,100,amarilla,False,https://www.rffm.es/acta-partido/1180820,2026-08-09T02:36:11.444451+00:00
1180820,2424,241916,"BARROCAL MONTERO, JAVIER",88,88,100,amarilla,True,https://www.rffm.es/acta-partido/1180820,2026-08-09T02:36:11.444451+00:00
1180818,349789,10119275,"LOPEZ PORTILLO, JUAN ANTONIO",61,61,100,amarilla,False,https://www.rffm.es/acta-partido/1180818,2026-08-09T02:36:11.521031+00:00
1180818,349789,10119275,"LOPEZ PORTILLO, JUAN ANTONIO",61,61,100,amarilla,False,https://www.rffm.es/acta-partido/1180818,2026-08-09T02:36:11.521031+00:00
1180818,1940,192188,"DIALLO, ABDOULAYE",29,29,101,roja,False,https://www.rffm.es/acta-partido/1180818,2026-08-09T02:36:11.521031+00:00
1180818,1940,9879591,"GRANDE PEREZ, ALVARO",35,35,100,amarilla,False,https://www.rffm.es/acta-partido/1180818,2026-08-09T02:36:11.521031+00:00
1180818,1940,90044,"SANCHEZ FERNANDEZ, DAVID",55,55,100,amarilla,False,https://www.rffm.es/acta-partido/1180818,2026-08-09T02:36:11.521031+00:00
1180818,1940,9879591,"GRANDE PEREZ, ALVARO",75,75,100,amarilla,True,https://www.rffm.es/acta-partido/1180818,2026-08-09T02:36:11.521031+00:00
1180818,1940,90044,"SANCHEZ FERNANDEZ, DAVID",80,80,100,amarilla,True,https://www.rffm.es/acta-partido/1180818,2026-08-09T02:36:11.521031+00:00
1180823,3157,4842261,"EL JAOUHARI AAZZOUZ, MHAMED",70,70,101,roja,False,https://www.rffm.es/acta-partido/1180823,2026-08-09T02:36:12.053249+00:00
1180824,1309,67555,"CARNERO FUENTE, IGNACIO",25,25,100,amarilla,False,https://www.rffm.es/acta-partido/1180824,2026-08-09T02:36:12.323406+00:00
1180824,1309,67555,"CARNERO FUENTE, IGNACIO",85,85,100,amarilla,True,https://www.rffm.es/acta-partido/1180824,2026-08-09T02:36:12.323406+00:00
1180822,1516,90982,"CORBALAN MORENO, JOSE LUIS",52,52,100,amarilla,False,https://www.rffm.es/acta-partido/1180822,2026-08-09T02:36:12.647076+00:00
1180822,1516,814688,"CARDENAS COLOMA, LUIS",61,61,100,amarilla,False,https://www.rffm.es/acta-partido/1180822,2026-08-09T02:36:12.647076+00:00
1180822,1516,90630,"MURILLO LAZARO, RUBEN",64,64,100,amarilla,False,https://www.rffm.es/acta-partido/1180822,2026-08-09T02:36:12.647076+00:00
1180822,1516,90630,"MURILLO LAZARO, RUBEN",65,65,100,amarilla,True,https://www.rffm.es/acta-partido/1180822,2026-08-09T02:36:12.647076+00:00
1180822,1516,814688,"CARDENAS COLOMA, LUIS",82,82,100,amarilla,True,https://www.rffm.es/acta-partido/1180822,2026-08-09T02:36:12.647076+00:00
1180822,1516,90982,"CORBALAN MORENO, JOSE LUIS",90,90,100,amarilla,True,https://www.rffm.es/acta-partido/1180822,2026-08-09T02:36:12.647076+00:00
1180825,3363841,90155,"GARVIN MAROTO, LUIS MANUEL",65,65,100,amarilla,False,https://www.rffm.es/acta-partido/1180825,2026-08-09T02:36:12.716310+00:00
1180825,3363841,88766,"PLEITE VIGARAY, JAVIER",75,75,100,amarilla,False,https://www.rffm.es/acta-partido/1180825,2026-08-09T02:36:12.716310+00:00
1180825,3363841,13472634,"BENITO MORAN, JUAN MANUEL",85,85,100,amarilla,False,https://www.rffm.es/acta-partido/1180825,2026-08-09T02:36:12.716310+00:00
1180825,334286,322516,"DE LOS SANTOS SANTOS, CARLOS",60,60,100,amarilla,False,https://www.rffm.es/acta-partido/1180825,2026-08-09T02:36:12.716310+00:00
1180829,2424,173250,"HERRAIZ FERNANDEZ, BRUNO",44,44,100,amarilla,False,https://www.rffm.es/acta-partido/1180829,2026-08-09T02:36:13.377823+00:00
1180829,2424,173250,"HERRAIZ FERNANDEZ, BRUNO",77,77,100,amarilla,True,https://www.rffm.es/acta-partido/1180829,2026-08-09T02:36:13.377823+00:00
1180837,2729806,83268,"CARBONELL RAMOS, ADAM",54,54,100,amarilla,False,https://www.rffm.es/acta-partido/1180837,2026-08-09T02:36:13.561879+00:00
1180837,2729806,83268,"CARBONELL RAMOS, ADAM",89,89,100,amarilla,True,https://www.rffm.es/acta-partido/1180837,2026-08-09T02:36:13.561879+00:00
1180837,1940,89426,"SIPPI SOBE, JUAN JOSÉ",44,44,100,amarilla,False,https://www.rffm.es/acta-partido/1180837,2026-08-09T02:36:13.561879+00:00
1180837,1940,89426,"SIPPI SOBE, JUAN JOSÉ",81,81,100,amarilla,True,https://www.rffm.es/acta-partido/1180837,2026-08-09T02:36:13.561879+00:00
1180831,2413,560666,"LENDINEZ SACRISTAN, JAVIER ",85,85,100,amarilla,False,https://www.rffm.es/acta-partido/1180831,2026-08-09T02:36:13.824060+00:00
1180831,2413,560666,"LENDINEZ SACRISTAN, JAVIER ",90,90,100,amarilla,True,https://www.rffm.es/acta-partido/1180831,2026-08-09T02:36:13.824060+00:00
1180832,3157,411736,"BUGARIN, DENIS CRISTIAN",50,50,100,amarilla,False,https://www.rffm.es/acta-partido/1180832,2026-08-09T02:36:13.824549+00:00
1180832,3157,411736,"BUGARIN, DENIS CRISTIAN",57,57,100,amarilla,True,https://www.rffm.es/acta-partido/1180832,2026-08-09T02:36:13.824549+00:00
1180830,2729012,330339,"TRUJILLO BAYAN, GONZALO",77,77,100,amarilla,False,https://www.rffm.es/acta-partido/1180830,2026-08-09T02:36:14.078563+00:00
1180830,2729012,330339,"TRUJILLO BAYAN, GONZALO",82,82,100,amarilla,True,https://www.rffm.es/acta-partido/1180830,2026-08-09T02:36:14.078563+00:00
1180830,2729012,425507,"BOLAÑOS SANCHEZ, DAVID",83,83,101,roja,False,https://www.rffm.es/acta-partido/1180830,2026-08-09T02:36:14.078563+00:00
1180838,2424,370877,"RIVERA DIAZ, ADRIAN",59,59,100,amarilla,False,https://www.rffm.es/acta-partido/1180838,2026-08-09T02:36:14.417247+00:00
1180838,2424,370877,"RIVERA DIAZ, ADRIAN",70,70,100,amarilla,True,https://www.rffm.es/acta-partido/1180838,2026-08-09T02:36:14.417247+00:00
1180842,1583,132338,"CASTRO LLORENTE, ALBERTO",73,73,100,amarilla,False,https://www.rffm.es/acta-partido/1180842,2026-08-09T02:36:14.883430+00:00
1180842,1583,132338,"CASTRO LLORENTE, ALBERTO",999,999,100,amarilla,True,https://www.rffm.es/acta-partido/1180842,2026-08-09T02:36:14.883430+00:00
1180842,334286,8868786,"RIOS CARMONA, EVER WILLIAM",23,23,100,amarilla,False,https://www.rffm.es/acta-partido/1180842,2026-08-09T02:36:14.883430+00:00
1180842,334286,8868786,"RIOS CARMONA, EVER WILLIAM",63,63,100,amarilla,True,https://www.rffm.es/acta-partido/1180842,2026-08-09T02:36:14.883430+00:00
1180843,1309,79881,"TORCHIA FERNANDEZ, JOSUE",45,45,100,amarilla,False,https://www.rffm.es/acta-partido/1180843,2026-08-09T02:36:15.369207+00:00
1180843,1309,79881,"TORCHIA FERNANDEZ, JOSUE",45,45,100,amarilla,False,https://www.rffm.es/acta-partido/1180843,2026-08-09T02:36:15.369207+00:00
1180843,349789,230407,"AGUILAR SANTOS, FERNANDO",50,50,101,roja,False,https://www.rffm.es/acta-partido/1180843,2026-08-09T02:36:15.369207+00:00
1180841,1516,91083,"FREIRE FERNANDEZ, ADRIAN",48,48,101,roja,False,https://www.rffm.es/acta-partido/1180841,2026-08-09T02:36:15.600344+00:00
1180841,1516,565685,"RODRIGUEZ NOTARIO, MIGUEL",89,89,101,roja,False,https://www.rffm.es/acta-partido/1180841,2026-08-09T02:36:15.600344+00:00
1180845,2729713,557735,"HANIN, ADEL",40,40,100,amarilla,False,https://www.rffm.es/acta-partido/1180845,2026-08-09T02:36:15.800643+00:00
1180845,2729713,557735,"HANIN, ADEL",65,65,100,amarilla,True,https://www.rffm.es/acta-partido/1180845,2026-08-09T02:36:15.800643+00:00
1180849,1309,13498483,"MUNICIO SANCHEZ, JOSE IGNACIO",10,10,100,amarilla,False,https://www.rffm.es/acta-partido/1180849,2026-08-09T02:36:16.412274+00:00
1180849,1309,79697,"DE DIOS ESCRIBANO, EDUARDO",20,20,100,amarilla,False,https://www.rffm.es/acta-partido/1180849,2026-08-09T02:36:16.412274+00:00
1180849,1309,38935,"PEREZ ZARZA, FERNANDO",31,31,100,amarilla,False,https://www.rffm.es/acta-partido/1180849,2026-08-09T02:36:16.412274+00:00
1180849,1309,79580,"GONZALEZ DEL RIO, VICTOR",38,38,100,amarilla,False,https://www.rffm.es/acta-partido/1180849,2026-08-09T02:36:16.412274+00:00
1180849,1309,79822,"ESTEBAN SERRANO, JAVIER",44,44,100,amarilla,False,https://www.rffm.es/acta-partido/1180849,2026-08-09T02:36:16.412274+00:00
1180849,1309,79822,"ESTEBAN SERRANO, JAVIER",63,63,100,amarilla,True,https://www.rffm.es/acta-partido/1180849,2026-08-09T02:36:16.412274+00:00
1180849,1309,13498483,"MUNICIO SANCHEZ, JOSE IGNACIO",80,80,100,amarilla,True,https://www.rffm.es/acta-partido/1180849,2026-08-09T02:36:16.412274+00:00
1180849,2717,2374114,"GONZALEZ NAVARRO, IVAN",14,14,100,amarilla,False,https://www.rffm.es/acta-partido/1180849,2026-08-09T02:36:16.412274+00:00
1180849,2717,383584,"FAJARDO CEDEÑO, DIEGO MAURICIO",41,41,100,amarilla,False,https://www.rffm.es/acta-partido/1180849,2026-08-09T02:36:16.412274+00:00
1180849,2717,242416,"GASTELUT ESPINOSA, ALVARO",47,47,100,amarilla,False,https://www.rffm.es/acta-partido/1180849,2026-08-09T02:36:16.412274+00:00
1180849,2717,10250501,"ERIBO BOLEKIA, MARTIN",55,55,100,amarilla,False,https://www.rffm.es/acta-partido/1180849,2026-08-09T02:36:16.412274+00:00
1180849,2717,236415,"CASADO PEREZ, EDUARDO",80,80,101,roja,False,https://www.rffm.es/acta-partido/1180849,2026-08-09T02:36:16.412274+00:00
1180849,2717,330414,"DE CASTRO AYUSO, MIGUEL",81,81,100,amarilla,False,https://www.rffm.es/acta-partido/1180849,2026-08-09T02:36:16.412274+00:00
1180852,2273414,80085,"LEBRERO PEREZ, ADRIAN",50,50,100,amarilla,False,https://www.rffm.es/acta-partido/1180852,2026-08-09T02:36:16.415287+00:00
1180852,2273414,80085,"LEBRERO PEREZ, ADRIAN",56,56,100,amarilla,True,https://www.rffm.es/acta-partido/1180852,2026-08-09T02:36:16.415287+00:00
1180852,2273414,727546,"SANABRIA RUBIA, ALEJANDRO",70,70,101,roja,False,https://www.rffm.es/acta-partido/1180852,2026-08-09T02:36:16.415287+00:00
1180852,2273414,235997,"LUQUE GUZMAN, ALVARO",85,85,101,roja,False,https://www.rffm.es/acta-partido/1180852,2026-08-09T02:36:16.415287+00:00
1180854,2424,227636,"GARCIA DE LA SOTA, ROBERTO",33,33,100,amarilla,False,https://www.rffm.es/acta-partido/1180854,2026-08-09T02:36:16.419768+00:00
1180854,2424,227122,"ABAD FERNANDEZ, JORGE",56,56,100,amarilla,False,https://www.rffm.es/acta-partido/1180854,2026-08-09T02:36:16.419768+00:00
1180854,2424,230769,"LABRACA MELO, ALEJANDRO",56,56,100,amarilla,False,https://www.rffm.es/acta-partido/1180854,2026-08-09T02:36:16.419768+00:00
1180854,2424,173466,"HERNANDEZ RODRIGUEZ, DAVID",70,70,100,amarilla,False,https://www.rffm.es/acta-partido/1180854,2026-08-09T02:36:16.419768+00:00
1180854,2424,335186,"NOGALES DORADO, BORJA",77,77,100,amarilla,False,https://www.rffm.es/acta-partido/1180854,2026-08-09T02:36:16.419768+00:00
1180854,2424,173250,"HERRAIZ FERNANDEZ, BRUNO",81,81,100,amarilla,False,https://www.rffm.es/acta-partido/1180854,2026-08-09T02:36:16.419768+00:00
1180854,10677651,325462,"RAMIREZ BALANTA, JORDI SIMON",44,44,100,amarilla,False,https://www.rffm.es/acta-partido/1180854,2026-08-09T02:36:16.419768+00:00
1180854,10677651,90210,"FERNANDEZ GONZALEZ, ALEJANDRO",86,86,100,amarilla,False,https://www.rffm.es/acta-partido/1180854,2026-08-09T02:36:16.419768+00:00
1180854,10677651,11474555,"FERNANDEZ CARBONELL, SERGIO",87,87,100,amarilla,False,https://www.rffm.es/acta-partido/1180854,2026-08-09T02:36:16.419768+00:00
1180848,2729806,82694,"PEREZ DE LAS HERAS, AARON",32,32,100,amarilla,False,https://www.rffm.es/acta-partido/1180848,2026-08-09T02:36:16.564636+00:00
1180848,2729806,82694,"PEREZ DE LAS HERAS, AARON",32,32,100,amarilla,False,https://www.rffm.es/acta-partido/1180848,2026-08-09T02:36:16.564636+00:00
1180847,1940,6553483,"HARRAK, HAMZA",48,48,101,roja,False,https://www.rffm.es/acta-partido/1180847,2026-08-09T02:36:17.096179+00:00
1180847,1940,3837320,"MARTINEZ MARTINEZ, JOSE LUIS",80,80,101,roja,False,https://www.rffm.es/acta-partido/1180847,2026-08-09T02:36:17.096179+00:00
1180862,2273414,1101992,"SANCHEZ COLMENERO, PABLO",43,43,100,amarilla,False,https://www.rffm.es/acta-partido/1180862,2026-08-09T02:36:17.494225+00:00
1180862,2273414,1101992,"SANCHEZ COLMENERO, PABLO",52,52,100,amarilla,True,https://www.rffm.es/acta-partido/1180862,2026-08-09T02:36:17.494225+00:00
1180861,334286,8908569,"MENDOZA RODRIGUEZ, ALEJANDRO",84,84,100,amarilla,False,https://www.rffm.es/acta-partido/1180861,2026-08-09T02:36:17.544852+00:00
1180861,334286,8908569,"MENDOZA RODRIGUEZ, ALEJANDRO",90,90,100,amarilla,True,https://www.rffm.es/acta-partido/1180861,2026-08-09T02:36:17.544852+00:00
1180859,1583,330676,"RIVAS VIONDI, JOEL",31,31,100,amarilla,False,https://www.rffm.es/acta-partido/1180859,2026-08-09T02:36:17.761196+00:00
1180859,1583,330676,"RIVAS VIONDI, JOEL",67,67,100,amarilla,True,https://www.rffm.es/acta-partido/1180859,2026-08-09T02:36:17.761196+00:00
1180864,421,580975,"GALVEZ GORDO, JORGE",31,31,100,amarilla,False,https://www.rffm.es/acta-partido/1180864,2026-08-09T02:36:17.794900+00:00
1180864,421,580975,"GALVEZ GORDO, JORGE",53,53,100,amarilla,True,https://www.rffm.es/acta-partido/1180864,2026-08-09T02:36:17.794900+00:00
1180864,421,913915,"SÁNCHEZ GONZÁLEZ, ROBERTO",83,83,101,roja,False,https://www.rffm.es/acta-partido/1180864,2026-08-09T02:36:17.794900+00:00
1180860,349789,321146,"GOMEZ RODRIGUEZ, SERGIO",27,27,100,amarilla,False,https://www.rffm.es/acta-partido/1180860,2026-08-09T02:36:18.183289+00:00
1180860,349789,321146,"GOMEZ RODRIGUEZ, SERGIO",54,54,100,amarilla,True,https://www.rffm.es/acta-partido/1180860,2026-08-09T02:36:18.183289+00:00
1180860,349789,4445018,"ABAN ESCRIBANO, JOSE DANIEL",54,54,101,roja,False,https://www.rffm.es/acta-partido/1180860,2026-08-09T02:36:18.183289+00:00
1180860,349789,13499588,"LOPEZ MORENO, DIEGO",89,89,101,roja,False,https://www.rffm.es/acta-partido/1180860,2026-08-09T02:36:18.183289+00:00
1180860,1516,814705,"SUÁREZ CALERO, EDUARDO",65,65,100,amarilla,False,https://www.rffm.es/acta-partido/1180860,2026-08-09T02:36:18.183289+00:00
1180860,1516,814705,"SUÁREZ CALERO, EDUARDO",79,79,100,amarilla,True,https://www.rffm.es/acta-partido/1180860,2026-08-09T02:36:18.183289+00:00
1180857,1940,615002,"IGLESIAS GARCIA, MARIO",40,40,100,amarilla,False,https://www.rffm.es/acta-partido/1180857,2026-08-09T02:36:18.326365+00:00
1180857,1940,615002,"IGLESIAS GARCIA, MARIO",65,65,100,amarilla,True,https://www.rffm.es/acta-partido/1180857,2026-08-09T02:36:18.326365+00:00
1180856,8962938,7359478,"OSHANA, DANIEL ROBERT",32,32,100,amarilla,False,https://www.rffm.es/acta-partido/1180856,2026-08-09T02:36:18.685899+00:00
1180856,8962938,10866015,"YOKOBORI, GENKI",49,49,100,amarilla,False,https://www.rffm.es/acta-partido/1180856,2026-08-09T02:36:18.685899+00:00
1180856,8962938,10866015,"YOKOBORI, GENKI",85,85,100,amarilla,True,https://www.rffm.es/acta-partido/1180856,2026-08-09T02:36:18.685899+00:00
1180856,2729713,13366395,"EDDAHMANI ETTAKHCHI, MOHAMMED",24,24,100,amarilla,False,https://www.rffm.es/acta-partido/1180856,2026-08-09T02:36:18.685899+00:00
1180856,2729713,240538,"MERA ANDRINO, ROBERTO",73,73,100,amarilla,False,https://www.rffm.es/acta-partido/1180856,2026-08-09T02:36:18.685899+00:00
1180856,2729713,53003,"LOBO LOPO, MARCOS",90,90,100,amarilla,False,https://www.rffm.es/acta-partido/1180856,2026-08-09T02:36:18.685899+00:00
1180856,2729713,190451,"AHOMIR, HAMZA",90,90,100,amarilla,False,https://www.rffm.es/acta-partido/1180856,2026-08-09T02:36:18.685899+00:00
1180871,2424,230769,"LABRACA MELO, ALEJANDRO",36,36,100,amarilla,False,https://www.rffm.es/acta-partido/1180871,2026-08-09T02:36:18.783561+00:00
1180871,2424,230769,"LABRACA MELO, ALEJANDRO",67,67,100,amarilla,True,https://www.rffm.es/acta-partido/1180871,2026-08-09T02:36:18.783561+00:00
1180873,8962938,583146,"ENRIQUEZ SANTOS, ERICK SEBASTIAN",59,59,100,amarilla,False,https://www.rffm.es/acta-partido/1180873,2026-08-09T02:36:19.350871+00:00
1180873,8962938,583146,"ENRIQUEZ SANTOS, ERICK SEBASTIAN",62,62,100,amarilla,True,https://www.rffm.es/acta-partido/1180873,2026-08-09T02:36:19.350871+00:00
1180870,2729012,2754361,"JIMENEZ BARBA, SERGIO",44,44,101,roja,False,https://www.rffm.es/acta-partido/1180870,2026-08-09T02:36:19.531679+00:00
1180865,3363841,566921,"CHANNA LABRADOR, SERGIO",73,73,100,amarilla,False,https://www.rffm.es/acta-partido/1180865,2026-08-09T02:36:19.714448+00:00
1180865,3363841,80253,"ESPADA PEREZ CASTILLA, OSCAR",75,75,100,amarilla,False,https://www.rffm.es/acta-partido/1180865,2026-08-09T02:36:19.714448+00:00
1180865,2729713,572633,"EDDAHMANI ABELLA, ANDRES",15,15,100,amarilla,False,https://www.rffm.es/acta-partido/1180865,2026-08-09T02:36:19.714448+00:00
1180865,2729713,310713,"RENERO TODOROVICH, ADRIAN",51,51,100,amarilla,False,https://www.rffm.es/acta-partido/1180865,2026-08-09T02:36:19.714448+00:00
1180865,2729713,557735,"HANIN, ADEL",73,73,100,amarilla,False,https://www.rffm.es/acta-partido/1180865,2026-08-09T02:36:19.714448+00:00
1180865,2729713,1065356,"ELISSAOUI CHETOUAN, HICHAM",87,87,100,amarilla,False,https://www.rffm.es/acta-partido/1180865,2026-08-09T02:36:19.714448+00:00
1180881,421,580879,"ASSAKOUR, ABDELOUAHAD",77,77,100,amarilla,False,https://www.rffm.es/acta-partido/1180881,2026-08-09T02:36:20.438105+00:00
1180881,421,580879,"ASSAKOUR, ABDELOUAHAD",87,87,100,amarilla,True,https://www.rffm.es/acta-partido/1180881,2026-08-09T02:36:20.438105+00:00
1180880,334286,322516,"DE LOS SANTOS SANTOS, CARLOS",40,40,100,amarilla,False,https://www.rffm.es/acta-partido/1180880,2026-08-09T02:36:20.656819+00:00
1180880,334286,322516,"DE LOS SANTOS SANTOS, CARLOS",63,63,100,amarilla,True,https://www.rffm.es/acta-partido/1180880,2026-08-09T02:36:20.656819+00:00
1180872,421,913915,"SÁNCHEZ GONZÁLEZ, ROBERTO",31,31,100,amarilla,False,https://www.rffm.es/acta-partido/1180872,2026-08-09T02:36:20.704824+00:00
1180872,421,580879,"ASSAKOUR, ABDELOUAHAD",83,83,100,amarilla,False,https://www.rffm.es/acta-partido/1180872,2026-08-09T02:36:20.704824+00:00
1180872,3157,240594,"RUIZ MARTINEZ, SAMUEL",14,14,100,amarilla,False,https://www.rffm.es/acta-partido/1180872,2026-08-09T02:36:20.704824+00:00
1180872,3157,358566,"REDONDO ESCUDERO, ALEJANDRO",31,31,100,amarilla,False,https://www.rffm.es/acta-partido/1180872,2026-08-09T02:36:20.704824+00:00
1180872,3157,2786947,"SANCHEZ MORENO, AGUSTIN",45,45,100,amarilla,False,https://www.rffm.es/acta-partido/1180872,2026-08-09T02:36:20.704824+00:00
1180872,3157,363877,"CABALLERO ROMERO, ISMAEL",55,55,100,amarilla,False,https://www.rffm.es/acta-partido/1180872,2026-08-09T02:36:20.704824+00:00
1180872,3157,411736,"BUGARIN, DENIS CRISTIAN",61,61,100,amarilla,False,https://www.rffm.es/acta-partido/1180872,2026-08-09T02:36:20.704824+00:00
1180872,3157,13393781,"CABALLERO ROMERO, FRANCISCO",89,89,100,amarilla,False,https://www.rffm.es/acta-partido/1180872,2026-08-09T02:36:20.704824+00:00
1180888,2424,335186,"NOGALES DORADO, BORJA",80,80,101,roja,False,https://www.rffm.es/acta-partido/1180888,2026-08-09T02:36:21.341707+00:00
1180888,349789,230407,"AGUILAR SANTOS, FERNANDO",41,41,101,roja,False,https://www.rffm.es/acta-partido/1180888,2026-08-09T02:36:21.341707+00:00
1180886,2413,913753,"ALVAREZ DEL SAZ, VICTOR",35,35,100,amarilla,False,https://www.rffm.es/acta-partido/1180886,2026-08-09T02:36:22.039513+00:00
1180886,2413,913753,"ALVAREZ DEL SAZ, VICTOR",40,40,100,amarilla,True,https://www.rffm.es/acta-partido/1180886,2026-08-09T02:36:22.039513+00:00
1180885,1516,1067816,"CALDERON RODRIGUEZ, JAVIER",60,60,100,amarilla,False,https://www.rffm.es/acta-partido/1180885,2026-08-09T02:36:22.476017+00:00
1180885,1516,1067816,"CALDERON RODRIGUEZ, JAVIER",85,85,100,amarilla,True,https://www.rffm.es/acta-partido/1180885,2026-08-09T02:36:22.476017+00:00
1180891,3157,13393781,"CABALLERO ROMERO, FRANCISCO",33,33,100,amarilla,False,https://www.rffm.es/acta-partido/1180891,2026-08-09T02:36:22.543507+00:00
1180891,3157,389881,"BAJAÑA BAJAÑA, BYRON ERNESTO",68,68,101,roja,False,https://www.rffm.es/acta-partido/1180891,2026-08-09T02:36:22.543507+00:00
1180891,3157,13393781,"CABALLERO ROMERO, FRANCISCO",70,70,100,amarilla,True,https://www.rffm.es/acta-partido/1180891,2026-08-09T02:36:22.543507+00:00
1180896,2729806,80973,"SALCES LOPEZ, SERGIO",28,28,100,amarilla,False,https://www.rffm.es/acta-partido/1180896,2026-08-09T02:36:23.216474+00:00
1180896,2729806,10320071,"SALDARRIAGA FIGUEROA, JUAN PABLO",44,44,100,amarilla,False,https://www.rffm.es/acta-partido/1180896,2026-08-09T02:36:23.216474+00:00
1180896,2729806,224286,"MEDRANO ALCALA, JONATAN",46,46,100,amarilla,False,https://www.rffm.es/acta-partido/1180896,2026-08-09T02:36:23.216474+00:00
1180896,2729806,233829,"SANABRIA CORTES, JOSE ANTONIO",56,56,100,amarilla,False,https://www.rffm.es/acta-partido/1180896,2026-08-09T02:36:23.216474+00:00
1180896,2729806,234974,"ARJONA REYES, JOSE",78,78,100,amarilla,False,https://www.rffm.es/acta-partido/1180896,2026-08-09T02:36:23.216474+00:00
1180896,2729012,2754361,"JIMENEZ BARBA, SERGIO",25,25,100,amarilla,False,https://www.rffm.es/acta-partido/1180896,2026-08-09T02:36:23.216474+00:00
1180896,2729012,307310,"FERNANDEZ BARQUERO, FRANCISCO JAVIER",29,29,100,amarilla,False,https://www.rffm.es/acta-partido/1180896,2026-08-09T02:36:23.216474+00:00
1180896,2729012,13482787,"TORO MOLINA, JORGE",35,35,100,amarilla,False,https://www.rffm.es/acta-partido/1180896,2026-08-09T02:36:23.216474+00:00
1180896,2729012,235442,"LLORENTE GAMITO, MIGUEL",47,47,100,amarilla,False,https://www.rffm.es/acta-partido/1180896,2026-08-09T02:36:23.216474+00:00
1180896,2729012,90770,"BLANCO DEL HIERRO, CESAR",55,55,100,amarilla,False,https://www.rffm.es/acta-partido/1180896,2026-08-09T02:36:23.216474+00:00
1180896,2729012,13498593,"ROJAS RUIZ, ROGELIO",70,70,100,amarilla,False,https://www.rffm.es/acta-partido/1180896,2026-08-09T02:36:23.216474+00:00
1180892,8962938,10866015,"YOKOBORI, GENKI",50,50,100,amarilla,False,https://www.rffm.es/acta-partido/1180892,2026-08-09T02:36:23.738172+00:00
1180892,8962938,10866015,"YOKOBORI, GENKI",55,55,100,amarilla,True,https://www.rffm.es/acta-partido/1180892,2026-08-09T02:36:23.738172+00:00
1180892,1309,6391,"VALENZUELA CONTRERAS, COSME",48,48,100,amarilla,False,https://www.rffm.es/acta-partido/1180892,2026-08-09T02:36:23.738172+00:00
1180892,1309,6391,"VALENZUELA CONTRERAS, COSME",86,86,100,amarilla,True,https://www.rffm.es/acta-partido/1180892,2026-08-09T02:36:23.738172+00:00
1180893,3363841,88535,"PINELAS BUENO, KILIAN",45,45,101,roja,False,https://www.rffm.es/acta-partido/1180893,2026-08-09T02:36:23.772614+00:00
1180893,1583,84680,"FERNANDEZ ESSAKEN, BADER",45,45,101,roja,False,https://www.rffm.es/acta-partido/1180893,2026-08-09T02:36:23.772614+00:00
1180895,1940,72122,"NUÑEZ ALONSO, VICTOR",34,34,100,amarilla,False,https://www.rffm.es/acta-partido/1180895,2026-08-09T02:36:24.499990+00:00
1180895,1940,72122,"NUÑEZ ALONSO, VICTOR",69,69,100,amarilla,True,https://www.rffm.es/acta-partido/1180895,2026-08-09T02:36:24.499990+00:00
1183455,2729408,1098446,"BURBANO PEÑA, CHRISTIAN JOHAN",54,54,100,amarilla,False,https://www.rffm.es/acta-partido/1183455,2026-08-09T02:36:24.796609+00:00
1183455,2729408,1098446,"BURBANO PEÑA, CHRISTIAN JOHAN",88,88,100,amarilla,True,https://www.rffm.es/acta-partido/1183455,2026-08-09T02:36:24.796609+00:00
1183453,1071,788887,"RODRIGUEZ FRANCO, MIGUEL ALEJANDRO",52,52,100,amarilla,False,https://www.rffm.es/acta-partido/1183453,2026-08-09T02:36:25.290528+00:00
1183453,1071,233397,"BERMEJO MONTERO, JORGE",87,87,100,amarilla,False,https://www.rffm.es/acta-partido/1183453,2026-08-09T02:36:25.290528+00:00
1183453,10646381,240084,"HERNAN GOMEZ GARCIA, ALBERTO",18,18,100,amarilla,False,https://www.rffm.es/acta-partido/1183453,2026-08-09T02:36:25.290528+00:00
1183453,10646381,304253,"URBANO CALLE, ELTON RAINER",48,48,100,amarilla,False,https://www.rffm.es/acta-partido/1183453,2026-08-09T02:36:25.290528+00:00
1183453,10646381,186008,"AGUIRRE REDECILLA, EDUARDO ARMANDO",87,87,100,amarilla,False,https://www.rffm.es/acta-partido/1183453,2026-08-09T02:36:25.290528+00:00
1183452,3150,321901,"GARCIA LORENZO, SERGIO",69,69,100,amarilla,False,https://www.rffm.es/acta-partido/1183452,2026-08-09T02:36:25.361534+00:00
1183452,291,3006181,"PLIEGO GARCIA, JAVIER",66,66,100,amarilla,False,https://www.rffm.es/acta-partido/1183452,2026-08-09T02:36:25.361534+00:00
1183452,291,183988,"SEVILLANO MARTIN, HECTOR",85,85,100,amarilla,False,https://www.rffm.es/acta-partido/1183452,2026-08-09T02:36:25.361534+00:00
1183460,10667288,3007095,"RODRIGUEZ GASCON, JAVIER",40,40,100,amarilla,False,https://www.rffm.es/acta-partido/1183460,2026-08-09T02:36:25.901970+00:00
1183460,10667288,3007095,"RODRIGUEZ GASCON, JAVIER",64,64,100,amarilla,True,https://www.rffm.es/acta-partido/1183460,2026-08-09T02:36:25.901970+00:00
1183464,2729408,231908,"ARRANZ JIMENEZ, MARCOS",68,68,100,amarilla,False,https://www.rffm.es/acta-partido/1183464,2026-08-09T02:36:26.456250+00:00
1183464,2729408,231908,"ARRANZ JIMENEZ, MARCOS",90,90,100,amarilla,True,https://www.rffm.es/acta-partido/1183464,2026-08-09T02:36:26.456250+00:00
1183463,5080774,410465,"FERNANDEZ PATO, JAVIER",82,82,100,amarilla,False,https://www.rffm.es/acta-partido/1183463,2026-08-09T02:36:26.461088+00:00
1183463,5080774,777768,"RODRIGUEZ MONTERO, ALEJANDRO JOSE",85,85,100,amarilla,False,https://www.rffm.es/acta-partido/1183463,2026-08-09T02:36:26.461088+00:00
1183463,1071,893647,"DEL CAMPO ROJO, FRANCISCO JOSE",27,27,100,amarilla,False,https://www.rffm.es/acta-partido/1183463,2026-08-09T02:36:26.461088+00:00
1183463,1071,893647,"DEL CAMPO ROJO, FRANCISCO JOSE",32,32,100,amarilla,True,https://www.rffm.es/acta-partido/1183463,2026-08-09T02:36:26.461088+00:00
1183463,1071,163686,"SCHIAVON RAINERI, AGUSTIN ROBERTO",44,44,100,amarilla,False,https://www.rffm.es/acta-partido/1183463,2026-08-09T02:36:26.461088+00:00
1183463,1071,624522,"BARRACCHINI FERNANDEZ, OSCAR IGNACIO",72,72,100,amarilla,False,https://www.rffm.es/acta-partido/1183463,2026-08-09T02:36:26.461088+00:00
1183463,1071,3777956,"LOPEZ GONZALEZ, VICTOR MANUEL",88,88,100,amarilla,False,https://www.rffm.es/acta-partido/1183463,2026-08-09T02:36:26.461088+00:00
1183469,443,5522220,"MORALES SANCHEZ, JAVIER",65,65,101,roja,False,https://www.rffm.es/acta-partido/1183469,2026-08-09T02:36:27.441011+00:00
1183472,1071,918051,"MORALES GIMENEZ, ADRIAN",85,85,101,roja,False,https://www.rffm.es/acta-partido/1183472,2026-08-09T02:36:27.492532+00:00
1183466,4933445,243747,"MONTERO JIMENEZ, JOSE",55,55,101,roja,False,https://www.rffm.es/acta-partido/1183466,2026-08-09T02:36:27.497208+00:00
1183471,3150,577623,"MARQUEZ BOLLO, HECTOR",67,67,100,amarilla,False,https://www.rffm.es/acta-partido/1183471,2026-08-09T02:36:28.275805+00:00
1183471,3150,577623,"MARQUEZ BOLLO, HECTOR",73,73,100,amarilla,True,https://www.rffm.es/acta-partido/1183471,2026-08-09T02:36:28.275805+00:00
1183480,8971600,243910,"NAVALON MARQUEZ, CESAR",34,34,101,roja,False,https://www.rffm.es/acta-partido/1183480,2026-08-09T02:36:29.094572+00:00
1183475,10657143,3858993,"RAPOSO TRAMONT, ADRIAN",26,26,101,roja,False,https://www.rffm.es/acta-partido/1183475,2026-08-09T02:36:29.194246+00:00
1183476,4933445,740780,"ALONSO AYENSA, ALEJANDRO",21,21,100,amarilla,False,https://www.rffm.es/acta-partido/1183476,2026-08-09T02:36:29.440231+00:00
1183476,4933445,740780,"ALONSO AYENSA, ALEJANDRO",60,60,100,amarilla,True,https://www.rffm.es/acta-partido/1183476,2026-08-09T02:36:29.440231+00:00
1183482,1071,1203863,"BEL HADJ, MOHAMED",62,62,100,amarilla,False,https://www.rffm.es/acta-partido/1183482,2026-08-09T02:36:29.504483+00:00
1183482,1071,1203863,"BEL HADJ, MOHAMED",87,87,100,amarilla,True,https://www.rffm.es/acta-partido/1183482,2026-08-09T02:36:29.504483+00:00
1183492,1620,28851,"CASARIS PAZ, EDUARDO NICOLAS",66,66,100,amarilla,False,https://www.rffm.es/acta-partido/1183492,2026-08-09T02:36:30.198697+00:00
1183492,1620,28851,"CASARIS PAZ, EDUARDO NICOLAS",89,89,100,amarilla,True,https://www.rffm.es/acta-partido/1183492,2026-08-09T02:36:30.198697+00:00
1183492,10652438,12864040,"RECUENCO PABLOS, DIEGO",87,87,100,amarilla,False,https://www.rffm.es/acta-partido/1183492,2026-08-09T02:36:30.198697+00:00
1183492,10652438,12864040,"RECUENCO PABLOS, DIEGO",87,87,100,amarilla,False,https://www.rffm.es/acta-partido/1183492,2026-08-09T02:36:30.198697+00:00
1183481,3150,243639,"CUARESMA MAQUIEIRA, CRISTIAN",17,17,100,amarilla,False,https://www.rffm.es/acta-partido/1183481,2026-08-09T02:36:30.205356+00:00
1183481,3150,615282,"SEPULVEDA JIMENEZ, JOSE LUIS",18,18,100,amarilla,False,https://www.rffm.es/acta-partido/1183481,2026-08-09T02:36:30.205356+00:00
1183481,3150,243639,"CUARESMA MAQUIEIRA, CRISTIAN",53,53,100,amarilla,True,https://www.rffm.es/acta-partido/1183481,2026-08-09T02:36:30.205356+00:00
1183481,3150,615282,"SEPULVEDA JIMENEZ, JOSE LUIS",82,82,100,amarilla,True,https://www.rffm.es/acta-partido/1183481,2026-08-09T02:36:30.205356+00:00
1183487,699,9429947,"PEREZ CAMARA, ALBERTO",42,42,100,amarilla,False,https://www.rffm.es/acta-partido/1183487,2026-08-09T02:36:31.221869+00:00
1183487,699,7587460,"ESSALHI, ABDELLAH",49,49,100,amarilla,False,https://www.rffm.es/acta-partido/1183487,2026-08-09T02:36:31.221869+00:00
1183487,699,5338987,"JIMENEZ MARTIN, FRANCISCO",69,69,100,amarilla,False,https://www.rffm.es/acta-partido/1183487,2026-08-09T02:36:31.221869+00:00
1183487,699,1199176,"SALMERON FERNÁNDEZ, DAVID",81,81,100,amarilla,False,https://www.rffm.es/acta-partido/1183487,2026-08-09T02:36:31.221869+00:00
1183487,699,9352757,"ANDONOV, DANIEL DIMITROV",89,89,101,roja,False,https://www.rffm.es/acta-partido/1183487,2026-08-09T02:36:31.221869+00:00
1183487,699,9429947,"PEREZ CAMARA, ALBERTO",89,89,100,amarilla,True,https://www.rffm.es/acta-partido/1183487,2026-08-09T02:36:31.221869+00:00
1183487,10646381,324086,"VALVERDE MARTINEZ, ALVARO",56,56,100,amarilla,False,https://www.rffm.es/acta-partido/1183487,2026-08-09T02:36:31.221869+00:00
1183487,10646381,11009831,"CARRASCO GASCON, ALEJANDRO",64,64,100,amarilla,False,https://www.rffm.es/acta-partido/1183487,2026-08-09T02:36:31.221869+00:00
1183487,10646381,6534818,"GOMEZ TUBERQUIA, KEVIN DANIEL",80,80,100,amarilla,False,https://www.rffm.es/acta-partido/1183487,2026-08-09T02:36:31.221869+00:00
1183500,10659243,739627,"ORTIZ HOYO, JAVIER",20,20,100,amarilla,False,https://www.rffm.es/acta-partido/1183500,2026-08-09T02:36:31.226859+00:00
1183500,10659243,739627,"ORTIZ HOYO, JAVIER",30,30,100,amarilla,True,https://www.rffm.es/acta-partido/1183500,2026-08-09T02:36:31.226859+00:00
1183500,3150,91104,"DEL ALAMO PALLERO, JAVIER",56,56,100,amarilla,False,https://www.rffm.es/acta-partido/1183500,2026-08-09T02:36:31.226859+00:00
1183500,3150,91104,"DEL ALAMO PALLERO, JAVIER",58,58,101,roja,False,https://www.rffm.es/acta-partido/1183500,2026-08-09T02:36:31.226859+00:00
1183495,4933445,11014566,"SANCHEZ PELAEZ, JULIAN MAURICIO",45,45,100,amarilla,False,https://www.rffm.es/acta-partido/1183495,2026-08-09T02:36:31.405850+00:00
1183495,4933445,11014566,"SANCHEZ PELAEZ, JULIAN MAURICIO",79,79,100,amarilla,True,https://www.rffm.es/acta-partido/1183495,2026-08-09T02:36:31.405850+00:00
1183499,8964164,328801,"MUÑOZ VALENCIA, IGNACIO JOSE",42,42,100,amarilla,False,https://www.rffm.es/acta-partido/1183499,2026-08-09T02:36:32.425535+00:00
1183499,8964164,328801,"MUÑOZ VALENCIA, IGNACIO JOSE",66,66,100,amarilla,True,https://www.rffm.es/acta-partido/1183499,2026-08-09T02:36:32.425535+00:00
1183499,8971600,10384419,"CARCAÑO MARTIN, ANTONIO",87,87,101,roja,False,https://www.rffm.es/acta-partido/1183499,2026-08-09T02:36:32.425535+00:00
1183498,2729408,9580520,"COZA, DAN EUGEN",30,30,100,amarilla,False,https://www.rffm.es/acta-partido/1183498,2026-08-09T02:36:32.531591+00:00
1183498,2729408,869172,"VALERA NAVARRO, PEDRO",34,34,100,amarilla,False,https://www.rffm.es/acta-partido/1183498,2026-08-09T02:36:32.531591+00:00
1183498,2729408,869172,"VALERA NAVARRO, PEDRO",79,79,100,amarilla,True,https://www.rffm.es/acta-partido/1183498,2026-08-09T02:36:32.531591+00:00
1183498,2729408,9580520,"COZA, DAN EUGEN",90,90,100,amarilla,True,https://www.rffm.es/acta-partido/1183498,2026-08-09T02:36:32.531591+00:00
1183498,443,180291,"MATA DE LA IGLESIA, ROBERTO",74,74,100,amarilla,False,https://www.rffm.es/acta-partido/1183498,2026-08-09T02:36:32.531591+00:00
1183498,443,180291,"MATA DE LA IGLESIA, ROBERTO",90,90,100,amarilla,True,https://www.rffm.es/acta-partido/1183498,2026-08-09T02:36:32.531591+00:00
1183498,443,185278,"AYUSO GONZALEZ, PEDRO",90,90,101,roja,False,https://www.rffm.es/acta-partido/1183498,2026-08-09T02:36:32.531591+00:00
1183506,699,1199176,"SALMERON FERNÁNDEZ, DAVID",24,24,100,amarilla,False,https://www.rffm.es/acta-partido/1183506,2026-08-09T02:36:33.816220+00:00
1183506,699,1199176,"SALMERON FERNÁNDEZ, DAVID",25,25,100,amarilla,True,https://www.rffm.es/acta-partido/1183506,2026-08-09T02:36:33.816220+00:00
1183506,699,2425049,"HIDALGO LOPEZ, DANIEL",73,73,101,roja,False,https://www.rffm.es/acta-partido/1183506,2026-08-09T02:36:33.816220+00:00
1183506,699,7587460,"ESSALHI, ABDELLAH",78,78,101,roja,False,https://www.rffm.es/acta-partido/1183506,2026-08-09T02:36:33.816220+00:00
1183505,4941431,186245,"HIDALGO ALCALA, FELIPE",67,67,101,roja,False,https://www.rffm.es/acta-partido/1183505,2026-08-09T02:36:33.948334+00:00
1183514,4933445,740780,"ALONSO AYENSA, ALEJANDRO",24,24,100,amarilla,False,https://www.rffm.es/acta-partido/1183514,2026-08-09T02:36:34.798899+00:00
1183514,4933445,774458,"BERROCAL AGUIRRE, PABLO",72,72,100,amarilla,False,https://www.rffm.es/acta-partido/1183514,2026-08-09T02:36:34.798899+00:00
1183514,4933445,774458,"BERROCAL AGUIRRE, PABLO",87,87,100,amarilla,True,https://www.rffm.es/acta-partido/1183514,2026-08-09T02:36:34.798899+00:00
1183514,4933445,740780,"ALONSO AYENSA, ALEJANDRO",999,999,100,amarilla,True,https://www.rffm.es/acta-partido/1183514,2026-08-09T02:36:34.798899+00:00
1183515,2729408,4406225,"LE FICHER GARCIA DE LEONARDO, YANN ALFREDO",65,65,100,amarilla,False,https://www.rffm.es/acta-partido/1183515,2026-08-09T02:36:35.244142+00:00
1183515,2729408,4406225,"LE FICHER GARCIA DE LEONARDO, YANN ALFREDO",80,80,100,amarilla,True,https://www.rffm.es/acta-partido/1183515,2026-08-09T02:36:35.244142+00:00
1183516,699,922542,"MORENO FERNANDEZ, ALEJANDRO",15,15,100,amarilla,False,https://www.rffm.es/acta-partido/1183516,2026-08-09T02:36:36.029096+00:00
1183516,699,671549,"RAMOS CRIADO, JAIME",37,37,100,amarilla,False,https://www.rffm.es/acta-partido/1183516,2026-08-09T02:36:36.029096+00:00
1183516,699,671549,"RAMOS CRIADO, JAIME",65,65,100,amarilla,True,https://www.rffm.es/acta-partido/1183516,2026-08-09T02:36:36.029096+00:00
1183516,699,922542,"MORENO FERNANDEZ, ALEJANDRO",85,85,100,amarilla,True,https://www.rffm.es/acta-partido/1183516,2026-08-09T02:36:36.029096+00:00
1183521,2303320,751418,"GALLEGO ORTEGA, SERGIO",52,52,100,amarilla,False,https://www.rffm.es/acta-partido/1183521,2026-08-09T02:36:36.034060+00:00
1183521,2303320,751418,"GALLEGO ORTEGA, SERGIO",88,88,100,amarilla,True,https://www.rffm.es/acta-partido/1183521,2026-08-09T02:36:36.034060+00:00
1183527,8971600,325742,"FERNÁNDEZ PARADA, JAIME",58,58,101,roja,False,https://www.rffm.es/acta-partido/1183527,2026-08-09T02:36:36.248054+00:00
1183527,1071,181776,"CONDE DE LA CUEVA, BORJA",58,58,101,roja,False,https://www.rffm.es/acta-partido/1183527,2026-08-09T02:36:36.248054+00:00
1183527,1071,233397,"BERMEJO MONTERO, JORGE",85,85,101,roja,False,https://www.rffm.es/acta-partido/1183527,2026-08-09T02:36:36.248054+00:00
1183529,1620,429548,"EL HACHLAF, FAYSAL",16,16,100,amarilla,False,https://www.rffm.es/acta-partido/1183529,2026-08-09T02:36:37.404545+00:00
1183529,1620,429548,"EL HACHLAF, FAYSAL",22,22,100,amarilla,True,https://www.rffm.es/acta-partido/1183529,2026-08-09T02:36:37.404545+00:00
1183530,10667288,11765993,"RODRIGUEZ FRANCO, VICTOR",28,28,101,roja,False,https://www.rffm.es/acta-partido/1183530,2026-08-09T02:36:37.687109+00:00
1183541,10657143,428594,"NECHAEV, SERGEY",85,85,100,amarilla,False,https://www.rffm.es/acta-partido/1183541,2026-08-09T02:36:38.165767+00:00
1183541,10657143,11011075,"INNOCENT, GRAIGY ADAMS",86,86,100,amarilla,False,https://www.rffm.es/acta-partido/1183541,2026-08-09T02:36:38.165767+00:00
1183541,10657143,3858993,"RAPOSO TRAMONT, ADRIAN",89,89,100,amarilla,False,https://www.rffm.es/acta-partido/1183541,2026-08-09T02:36:38.165767+00:00
1183537,3150,321901,"GARCIA LORENZO, SERGIO",24,24,100,amarilla,False,https://www.rffm.es/acta-partido/1183537,2026-08-09T02:36:38.411424+00:00
1183537,3150,577623,"MARQUEZ BOLLO, HECTOR",52,52,100,amarilla,False,https://www.rffm.es/acta-partido/1183537,2026-08-09T02:36:38.411424+00:00
1183537,3150,186435,"LAGAR LUENGO, LUIS VENTURA",85,85,100,amarilla,False,https://www.rffm.es/acta-partido/1183537,2026-08-09T02:36:38.411424+00:00
1183537,3150,186435,"LAGAR LUENGO, LUIS VENTURA",86,86,100,amarilla,True,https://www.rffm.es/acta-partido/1183537,2026-08-09T02:36:38.411424+00:00
1183537,3150,243639,"CUARESMA MAQUIEIRA, CRISTIAN",87,87,100,amarilla,False,https://www.rffm.es/acta-partido/1183537,2026-08-09T02:36:38.411424+00:00
1183537,3150,321901,"GARCIA LORENZO, SERGIO",87,87,100,amarilla,True,https://www.rffm.es/acta-partido/1183537,2026-08-09T02:36:38.411424+00:00
1183535,10652438,3093012,"CASTILLO DE LOS REYES, CARLOS",27,27,100,amarilla,False,https://www.rffm.es/acta-partido/1183535,2026-08-09T02:36:38.503745+00:00
1183535,10652438,5818668,"ALCOBA SEBASTIAN, PABLO",77,77,100,amarilla,False,https://www.rffm.es/acta-partido/1183535,2026-08-09T02:36:38.503745+00:00
1183538,10646381,304253,"URBANO CALLE, ELTON RAINER",53,53,100,amarilla,False,https://www.rffm.es/acta-partido/1183538,2026-08-09T02:36:38.747221+00:00
1183538,10646381,304253,"URBANO CALLE, ELTON RAINER",53,53,100,amarilla,False,https://www.rffm.es/acta-partido/1183538,2026-08-09T02:36:38.747221+00:00
1183540,2303320,185395,"DEL RIO MURADAS, NICOLAS",34,34,100,amarilla,False,https://www.rffm.es/acta-partido/1183540,2026-08-09T02:36:38.898547+00:00
1183540,2303320,185395,"DEL RIO MURADAS, NICOLAS",89,89,100,amarilla,True,https://www.rffm.es/acta-partido/1183540,2026-08-09T02:36:38.898547+00:00
1183540,2729408,869172,"VALERA NAVARRO, PEDRO",17,17,100,amarilla,False,https://www.rffm.es/acta-partido/1183540,2026-08-09T02:36:38.898547+00:00
1183540,2729408,869172,"VALERA NAVARRO, PEDRO",89,89,100,amarilla,True,https://www.rffm.es/acta-partido/1183540,2026-08-09T02:36:38.898547+00:00
