run_id,timestamp,stage,entity_type,entity_id,source_url,http_status,success,retry_count,parser_type,raw_saved_path,message,elapsed_seconds
78779790cae2,2026-08-03T20:33:55.869053+00:00,discovery,seasons,,https://www.rffm.es/api/seasons,200,True,0,json_api,,,0.6143542209999993
78779790cae2,2026-08-03T20:33:56.100906+00:00,discovery,game_types,,https://www.rffm.es/api/game-types,200,True,0,json_api,,,0.23176642900000388
78779790cae2,2026-08-03T20:33:56.852067+00:00,discovery,competitions,temporada=16&tipojuego=1,https://www.rffm.es/api/competitions?temporada=16&tipojuego=1,200,True,0,json_api,,,0.750948944000001
78779790cae2,2026-08-03T20:33:57.918050+00:00,discovery,competitions,temporada=16&tipojuego=2,https://www.rffm.es/api/competitions?temporada=16&tipojuego=2,200,True,0,json_api,,,1.0649369530000001
78779790cae2,2026-08-03T20:33:58.467480+00:00,discovery,competitions,temporada=16&tipojuego=3,https://www.rffm.es/api/competitions?temporada=16&tipojuego=3,200,True,0,json_api,,,0.5489021100000002
78779790cae2,2026-08-03T20:33:59.267216+00:00,discovery,competitions,temporada=16&tipojuego=4,https://www.rffm.es/api/competitions?temporada=16&tipojuego=4,200,True,0,json_api,,,0.7986420659999993
78779790cae2,2026-08-03T20:33:59.902209+00:00,discovery,competitions,temporada=16&tipojuego=5,https://www.rffm.es/api/competitions?temporada=16&tipojuego=5,200,True,0,json_api,,,0.6349097860000086
78779790cae2,2026-08-03T20:34:00.664305+00:00,discovery,groups,12236026,https://www.rffm.es/api/groups?competicion=12236026,200,True,0,json_api,,,0.7620325479999934
78779790cae2,2026-08-03T20:34:01.812212+00:00,discovery,groups,13531058,https://www.rffm.es/api/groups?competicion=13531058,200,True,0,json_api,,,1.1474264349999999
78779790cae2,2026-08-03T20:34:02.174059+00:00,discovery,groups,13502209,https://www.rffm.es/api/groups?competicion=13502209,200,True,0,json_api,,,0.3616351559999913
78779790cae2,2026-08-03T20:34:02.976017+00:00,discovery,groups,12236062,https://www.rffm.es/api/groups?competicion=12236062,200,True,0,json_api,,,0.8016232389999942
78779790cae2,2026-08-03T20:34:03.674173+00:00,discovery,groups,13489293,https://www.rffm.es/api/groups?competicion=13489293,200,True,0,json_api,,,0.6975755980000002
78779790cae2,2026-08-03T20:34:04.427481+00:00,discovery,groups,13533925,https://www.rffm.es/api/groups?competicion=13533925,200,True,0,json_api,,,0.7526922809999945
78779790cae2,2026-08-03T20:34:05.152257+00:00,discovery,groups,18876491,https://www.rffm.es/api/groups?competicion=18876491,200,True,0,json_api,,,0.724574165000007
78779790cae2,2026-08-03T20:34:05.910055+00:00,discovery,groups,18876670,https://www.rffm.es/api/groups?competicion=18876670,200,True,0,json_api,,,0.757698891000004
78779790cae2,2026-08-03T20:34:06.685537+00:00,discovery,groups,18872980,https://www.rffm.es/api/groups?competicion=18872980,200,True,0,json_api,,,0.775375866999994
78779790cae2,2026-08-03T20:34:07.402882+00:00,discovery,groups,18717045,https://www.rffm.es/api/groups?competicion=18717045,200,True,0,json_api,,,0.7171845080000026
78779790cae2,2026-08-03T20:34:08.151731+00:00,discovery,groups,18832577,https://www.rffm.es/api/groups?competicion=18832577,200,True,0,json_api,,,0.7487239980000027
78779790cae2,2026-08-03T20:34:08.900515+00:00,discovery,groups,18876478,https://www.rffm.es/api/groups?competicion=18876478,200,True,0,json_api,,,0.748681886
78779790cae2,2026-08-03T20:34:10.106356+00:00,fetch_page,group_calendario,12814835,https://www.rffm.es/competicion/calendario?temporada=16&competicion=12236026&grupo=12814835&jornada=1&tipojuego=2,200,True,0,html_next_data,,,1.2012686300000013
78779790cae2,2026-08-03T20:34:11.100375+00:00,fetch_page,group_clasificaciones,12814835,https://www.rffm.es/competicion/clasificaciones?temporada=16&competicion=12236026&grupo=12814835&tipojuego=2,200,True,0,html_next_data,,,0.9888156199999969
78779790cae2,2026-08-03T20:34:12.095008+00:00,fetch_page,group_goleadores,12814835,https://www.rffm.es/competicion/goleadores?temporada=16&competicion=12236026&grupo=12814835&tipojuego=2,200,True,0,html_next_data,,,0.9901996589999982
78779790cae2,2026-08-03T20:34:12.836144+00:00,fetch_page,group_calendario,12814864,https://www.rffm.es/competicion/calendario?temporada=16&competicion=12236026&grupo=12814864&jornada=1&tipojuego=2,200,True,0,html_next_data,,,0.7331913539999988
78779790cae2,2026-08-03T20:34:13.358044+00:00,fetch_page,group_clasificaciones,12814864,https://www.rffm.es/competicion/clasificaciones?temporada=16&competicion=12236026&grupo=12814864&tipojuego=2,200,True,0,html_next_data,,,0.5177155880000015
78779790cae2,2026-08-03T20:34:14.752354+00:00,fetch_page,group_goleadores,12814864,https://www.rffm.es/competicion/goleadores?temporada=16&competicion=12236026&grupo=12814864&tipojuego=2,200,True,0,html_next_data,,,1.3900970530000052
78779790cae2,2026-08-03T20:34:15.696817+00:00,fetch_page,group_calendario,12814875,https://www.rffm.es/competicion/calendario?temporada=16&competicion=12236026&grupo=12814875&jornada=1&tipojuego=2,200,True,0,html_next_data,,,0.9359152040000112
78779790cae2,2026-08-03T20:34:16.137922+00:00,fetch_page,group_clasificaciones,12814875,https://www.rffm.es/competicion/clasificaciones?temporada=16&competicion=12236026&grupo=12814875&tipojuego=2,200,True,0,html_next_data,,,0.4374646729999938
78779790cae2,2026-08-03T20:34:17.925824+00:00,fetch_page,group_goleadores,12814875,https://www.rffm.es/competicion/goleadores?temporada=16&competicion=12236026&grupo=12814875&tipojuego=2,200,True,0,html_next_data,,,1.7843148830000075
78779790cae2,2026-08-03T20:34:18.564161+00:00,fetch_page,group_calendario,12814894,https://www.rffm.es/competicion/calendario?temporada=16&competicion=12236026&grupo=12814894&jornada=1&tipojuego=2,200,True,0,html_next_data,,,0.6318670449999928
78779790cae2,2026-08-03T20:34:19.118589+00:00,fetch_page,group_clasificaciones,12814894,https://www.rffm.es/competicion/clasificaciones?temporada=16&competicion=12236026&grupo=12814894&tipojuego=2,200,True,0,html_next_data,,,0.5507887750000009
78779790cae2,2026-08-03T20:34:20.192945+00:00,fetch_page,group_goleadores,12814894,https://www.rffm.es/competicion/goleadores?temporada=16&competicion=12236026&grupo=12814894&tipojuego=2,200,True,0,html_next_data,,,1.070637332000004
78779790cae2,2026-08-03T20:34:21.020199+00:00,fetch_page,group_calendario,13093489,https://www.rffm.es/competicion/calendario?temporada=16&competicion=12236026&grupo=13093489&jornada=1&tipojuego=2,200,True,0,html_next_data,,,0.8196283049999948
78779790cae2,2026-08-03T20:34:21.855411+00:00,fetch_page,group_clasificaciones,13093489,https://www.rffm.es/competicion/clasificaciones?temporada=16&competicion=12236026&grupo=13093489&tipojuego=2,200,True,0,html_next_data,,,0.8312607119999882
78779790cae2,2026-08-03T20:34:22.865117+00:00,fetch_page,group_goleadores,13093489,https://www.rffm.es/competicion/goleadores?temporada=16&competicion=12236026&grupo=13093489&tipojuego=2,200,True,0,html_next_data,,,1.0055202350000059
78779790cae2,2026-08-03T20:34:23.614682+00:00,fetch_page,group_calendario,13093508,https://www.rffm.es/competicion/calendario?temporada=16&competicion=12236026&grupo=13093508&jornada=1&tipojuego=2,200,True,0,html_next_data,,,0.7415637690000096
78779790cae2,2026-08-03T20:34:24.057181+00:00,fetch_page,group_clasificaciones,13093508,https://www.rffm.es/competicion/clasificaciones?temporada=16&competicion=12236026&grupo=13093508&tipojuego=2,200,True,0,html_next_data,,,0.4383012600000029
78779790cae2,2026-08-03T20:34:25.274714+00:00,fetch_page,group_goleadores,13093508,https://www.rffm.es/competicion/goleadores?temporada=16&competicion=12236026&grupo=13093508&tipojuego=2,200,True,0,html_next_data,,,1.2132092150000062
78779790cae2,2026-08-03T20:34:25.892691+00:00,fetch_page,group_calendario,12814948,https://www.rffm.es/competicion/calendario?temporada=16&competicion=12236026&grupo=12814948&jornada=1&tipojuego=2,200,True,0,html_next_data,,,0.6093151990000081
78779790cae2,2026-08-03T20:34:26.467659+00:00,fetch_page,group_clasificaciones,12814948,https://www.rffm.es/competicion/clasificaciones?temporada=16&competicion=12236026&grupo=12814948&tipojuego=2,200,True,0,html_next_data,,,0.5711300350000101
78779790cae2,2026-08-03T20:34:27.748911+00:00,fetch_page,group_goleadores,12814948,https://www.rffm.es/competicion/goleadores?temporada=16&competicion=12236026&grupo=12814948&tipojuego=2,200,True,0,html_next_data,,,1.2776012089999966
78779790cae2,2026-08-03T20:34:28.764990+00:00,fetch_page,group_calendario,13133248,https://www.rffm.es/competicion/calendario?temporada=16&competicion=12236026&grupo=13133248&jornada=1&tipojuego=2,200,True,0,html_next_data,,,1.0093704740000078
78779790cae2,2026-08-03T20:34:29.285226+00:00,fetch_page,group_clasificaciones,13133248,https://www.rffm.es/competicion/clasificaciones?temporada=16&competicion=12236026&grupo=13133248&tipojuego=2,200,True,0,html_next_data,,,0.5164139679999948
78779790cae2,2026-08-03T20:34:30.475496+00:00,fetch_page,group_goleadores,13133248,https://www.rffm.es/competicion/goleadores?temporada=16&competicion=12236026&grupo=13133248&tipojuego=2,200,True,0,html_next_data,,,1.1865992430000034
78779790cae2,2026-08-03T20:34:32.229428+00:00,fetch_page,group_calendario,13133257,https://www.rffm.es/competicion/calendario?temporada=16&competicion=12236026&grupo=13133257&jornada=1&tipojuego=2,200,True,0,html_next_data,,,1.747127999
78779790cae2,2026-08-03T20:34:32.703728+00:00,fetch_page,group_clasificaciones,13133257,https://www.rffm.es/competicion/clasificaciones?temporada=16&competicion=12236026&grupo=13133257&tipojuego=2,200,True,0,html_next_data,,,0.47051021499999024
78779790cae2,2026-08-03T20:34:34.290357+00:00,fetch_page,group_goleadores,13133257,https://www.rffm.es/competicion/goleadores?temporada=16&competicion=12236026&grupo=13133257&tipojuego=2,200,True,0,html_next_data,,,1.5829544470000059
78779790cae2,2026-08-03T20:34:35.257261+00:00,fetch_page,group_calendario,12814984,https://www.rffm.es/competicion/calendario?temporada=16&competicion=12236026&grupo=12814984&jornada=1&tipojuego=2,200,True,0,html_next_data,,,0.9578614609999931
78779790cae2,2026-08-03T20:34:35.681179+00:00,fetch_page,group_clasificaciones,12814984,https://www.rffm.es/competicion/clasificaciones?temporada=16&competicion=12236026&grupo=12814984&tipojuego=2,200,True,0,html_next_data,,,0.4201718329999977
78779790cae2,2026-08-03T20:34:36.919680+00:00,fetch_page,group_goleadores,12814984,https://www.rffm.es/competicion/goleadores?temporada=16&competicion=12236026&grupo=12814984&tipojuego=2,200,True,0,html_next_data,,,1.2348055949999974
78779790cae2,2026-08-03T20:34:37.534277+00:00,fetch_page,group_calendario,12814993,https://www.rffm.es/competicion/calendario?temporada=16&competicion=12236026&grupo=12814993&jornada=1&tipojuego=2,200,True,0,html_next_data,,,0.6060619640000056
78779790cae2,2026-08-03T20:34:38.208033+00:00,fetch_page,group_clasificaciones,12814993,https://www.rffm.es/competicion/clasificaciones?temporada=16&competicion=12236026&grupo=12814993&tipojuego=2,200,True,0,html_next_data,,,0.6699982279999972
78779790cae2,2026-08-03T20:34:39.735750+00:00,fetch_page,group_goleadores,12814993,https://www.rffm.es/competicion/goleadores?temporada=16&competicion=12236026&grupo=12814993&tipojuego=2,200,True,0,html_next_data,,,1.5239689029999965
78779790cae2,2026-08-03T20:34:40.320353+00:00,fetch_page,group_calendario,12815002,https://www.rffm.es/competicion/calendario?temporada=16&competicion=12236026&grupo=12815002&jornada=1&tipojuego=2,200,True,0,html_next_data,,,0.5776889440000019
78779790cae2,2026-08-03T20:34:40.939388+00:00,fetch_page,group_clasificaciones,12815002,https://www.rffm.es/competicion/clasificaciones?temporada=16&competicion=12236026&grupo=12815002&tipojuego=2,200,True,0,html_next_data,,,0.6152715489999991
78779790cae2,2026-08-03T20:34:42.238592+00:00,fetch_page,group_goleadores,12815002,https://www.rffm.es/competicion/goleadores?temporada=16&competicion=12236026&grupo=12815002&tipojuego=2,200,True,0,html_next_data,,,1.295498637999998
78779790cae2,2026-08-03T20:34:43.235690+00:00,fetch_page,group_calendario,12815010,https://www.rffm.es/competicion/calendario?temporada=16&competicion=12236026&grupo=12815010&jornada=1&tipojuego=2,200,True,0,html_next_data,,,0.990411507999994
78779790cae2,2026-08-03T20:34:43.679596+00:00,fetch_page,group_clasificaciones,12815010,https://www.rffm.es/competicion/clasificaciones?temporada=16&competicion=12236026&grupo=12815010&tipojuego=2,200,True,0,html_next_data,,,0.44020858700000076
78779790cae2,2026-08-03T20:34:44.997381+00:00,fetch_page,group_goleadores,12815010,https://www.rffm.es/competicion/goleadores?temporada=16&competicion=12236026&grupo=12815010&tipojuego=2,200,True,0,html_next_data,,,1.3140694580000059
78779790cae2,2026-08-03T20:34:45.646303+00:00,fetch_page,group_calendario,12815033,https://www.rffm.es/competicion/calendario?temporada=16&competicion=12236026&grupo=12815033&jornada=1&tipojuego=2,200,True,0,html_next_data,,,0.6420018689999978
78779790cae2,2026-08-03T20:34:46.228125+00:00,fetch_page,group_clasificaciones,12815033,https://www.rffm.es/competicion/clasificaciones?temporada=16&competicion=12236026&grupo=12815033&tipojuego=2,200,True,0,html_next_data,,,0.5780489050000028
78779790cae2,2026-08-03T20:34:47.537693+00:00,fetch_page,group_goleadores,12815033,https://www.rffm.es/competicion/goleadores?temporada=16&competicion=12236026&grupo=12815033&tipojuego=2,200,True,0,html_next_data,,,1.3058086360000232
78779790cae2,2026-08-03T20:34:48.131353+00:00,fetch_page,group_calendario,12815044,https://www.rffm.es/competicion/calendario?temporada=16&competicion=12236026&grupo=12815044&jornada=1&tipojuego=2,200,True,0,html_next_data,,,0.5847028819999878
78779790cae2,2026-08-03T20:34:49.232747+00:00,fetch_page,group_clasificaciones,12815044,https://www.rffm.es/competicion/clasificaciones?temporada=16&competicion=12236026&grupo=12815044&tipojuego=2,200,True,0,html_next_data,,,1.0976541119999865
78779790cae2,2026-08-03T20:34:50.249361+00:00,fetch_page,group_goleadores,12815044,https://www.rffm.es/competicion/goleadores?temporada=16&competicion=12236026&grupo=12815044&tipojuego=2,200,True,0,html_next_data,,,1.0129630170000041
78779790cae2,2026-08-03T20:34:50.855837+00:00,fetch_page,group_calendario,12815062,https://www.rffm.es/competicion/calendario?temporada=16&competicion=12236026&grupo=12815062&jornada=1&tipojuego=2,200,True,0,html_next_data,,,0.5996670109999798
78779790cae2,2026-08-03T20:34:51.428876+00:00,fetch_page,group_clasificaciones,12815062,https://www.rffm.es/competicion/clasificaciones?temporada=16&competicion=12236026&grupo=12815062&tipojuego=2,200,True,0,html_next_data,,,0.5691991590000214
78779790cae2,2026-08-03T20:34:52.734419+00:00,fetch_page,group_goleadores,12815062,https://www.rffm.es/competicion/goleadores?temporada=16&competicion=12236026&grupo=12815062&tipojuego=2,200,True,0,html_next_data,,,1.3018534520000173
78779790cae2,2026-08-03T20:34:53.890375+00:00,fetch_page,group_calendario,12815078,https://www.rffm.es/competicion/calendario?temporada=16&competicion=12236026&grupo=12815078&jornada=1&tipojuego=2,200,True,0,html_next_data,,,1.1491614539999944
78779790cae2,2026-08-03T20:34:54.326802+00:00,fetch_page,group_clasificaciones,12815078,https://www.rffm.es/competicion/clasificaciones?temporada=16&competicion=12236026&grupo=12815078&tipojuego=2,200,True,0,html_next_data,,,0.43268834599999195
78779790cae2,2026-08-03T20:34:56.543660+00:00,fetch_page,group_goleadores,12815078,https://www.rffm.es/competicion/goleadores?temporada=16&competicion=12236026&grupo=12815078&tipojuego=2,200,True,0,html_next_data,,,2.213086725000011
78779790cae2,2026-08-03T20:34:57.186019+00:00,fetch_page,group_calendario,12815086,https://www.rffm.es/competicion/calendario?temporada=16&competicion=12236026&grupo=12815086&jornada=1&tipojuego=2,200,True,0,html_next_data,,,0.6349567169999943
78779790cae2,2026-08-03T20:34:57.750363+00:00,fetch_page,group_clasificaciones,12815086,https://www.rffm.es/competicion/clasificaciones?temporada=16&competicion=12236026&grupo=12815086&tipojuego=2,200,True,0,html_next_data,,,0.560577684000009
78779790cae2,2026-08-03T20:34:59.093467+00:00,fetch_page,group_goleadores,12815086,https://www.rffm.es/competicion/goleadores?temporada=16&competicion=12236026&grupo=12815086&tipojuego=2,200,True,0,html_next_data,,,1.3390891410000165
78779790cae2,2026-08-03T20:34:59.712381+00:00,fetch_page,group_calendario,12815118,https://www.rffm.es/competicion/calendario?temporada=16&competicion=12236026&grupo=12815118&jornada=1&tipojuego=2,200,True,0,html_next_data,,,0.6102255330000048
78779790cae2,2026-08-03T20:35:00.362405+00:00,fetch_page,group_clasificaciones,12815118,https://www.rffm.es/competicion/clasificaciones?temporada=16&competicion=12236026&grupo=12815118&tipojuego=2,200,True,0,html_next_data,,,0.6462590760000069
78779790cae2,2026-08-03T20:35:01.559198+00:00,fetch_page,group_goleadores,12815118,https://www.rffm.es/competicion/goleadores?temporada=16&competicion=12236026&grupo=12815118&tipojuego=2,200,True,0,html_next_data,,,1.1929953879999857
78779790cae2,2026-08-03T20:35:03.134084+00:00,fetch_page,group_calendario,12815165,https://www.rffm.es/competicion/calendario?temporada=16&competicion=12236026&grupo=12815165&jornada=1&tipojuego=2,200,True,0,html_next_data,,,1.5680079189999958
78779790cae2,2026-08-03T20:35:03.837216+00:00,fetch_page,group_clasificaciones,12815165,https://www.rffm.es/competicion/clasificaciones?temporada=16&competicion=12236026&grupo=12815165&tipojuego=2,200,True,0,html_next_data,,,0.6993363599999896
78779790cae2,2026-08-03T20:35:04.990454+00:00,fetch_page,group_goleadores,12815165,https://www.rffm.es/competicion/goleadores?temporada=16&competicion=12236026&grupo=12815165&tipojuego=2,200,True,0,html_next_data,,,1.1495609160000129
78779790cae2,2026-08-03T20:35:05.958591+00:00,fetch_page,group_calendario,12815166,https://www.rffm.es/competicion/calendario?temporada=16&competicion=12236026&grupo=12815166&jornada=1&tipojuego=2,200,True,0,html_next_data,,,0.961413298999986
78779790cae2,2026-08-03T20:35:06.458077+00:00,fetch_page,group_clasificaciones,12815166,https://www.rffm.es/competicion/clasificaciones?temporada=16&competicion=12236026&grupo=12815166&tipojuego=2,200,True,0,html_next_data,,,0.49562114600001905
78779790cae2,2026-08-03T20:35:07.987716+00:00,fetch_page,group_goleadores,12815166,https://www.rffm.es/competicion/goleadores?temporada=16&competicion=12236026&grupo=12815166&tipojuego=2,200,True,0,html_next_data,,,1.5258861049999837
78779790cae2,2026-08-03T20:35:09.215880+00:00,fetch_page,group_calendario,12815167,https://www.rffm.es/competicion/calendario?temporada=16&competicion=12236026&grupo=12815167&jornada=1&tipojuego=2,200,True,0,html_next_data,,,1.2212177950000012
78779790cae2,2026-08-03T20:35:09.668352+00:00,fetch_page,group_clasificaciones,12815167,https://www.rffm.es/competicion/clasificaciones?temporada=16&competicion=12236026&grupo=12815167&tipojuego=2,200,True,0,html_next_data,,,0.44878594200000066
78779790cae2,2026-08-03T20:35:10.947330+00:00,fetch_page,group_goleadores,12815167,https://www.rffm.es/competicion/goleadores?temporada=16&competicion=12236026&grupo=12815167&tipojuego=2,200,True,0,html_next_data,,,1.2752875870000082
78779790cae2,2026-08-03T20:35:11.589663+00:00,fetch_page,group_calendario,12815168,https://www.rffm.es/competicion/calendario?temporada=16&competicion=12236026&grupo=12815168&jornada=1&tipojuego=2,200,True,0,html_next_data,,,0.6333743269999843
78779790cae2,2026-08-03T20:35:12.424176+00:00,fetch_page,group_clasificaciones,12815168,https://www.rffm.es/competicion/clasificaciones?temporada=16&competicion=12236026&grupo=12815168&tipojuego=2,200,True,0,html_next_data,,,0.830681468999984
78779790cae2,2026-08-03T20:35:13.415557+00:00,fetch_page,group_goleadores,12815168,https://www.rffm.es/competicion/goleadores?temporada=16&competicion=12236026&grupo=12815168&tipojuego=2,200,True,0,html_next_data,,,0.9877308679999999
78779790cae2,2026-08-03T20:35:13.918987+00:00,fetch_page,group_calendario,13532229,https://www.rffm.es/competicion/calendario?temporada=16&competicion=13531058&grupo=13532229&jornada=1&tipojuego=2,200,True,0,html_next_data,,,0.49656983599999194
78779790cae2,2026-08-03T20:35:15.254023+00:00,fetch_page,group_clasificaciones,13532229,https://www.rffm.es/competicion/clasificaciones?temporada=16&competicion=13531058&grupo=13532229&tipojuego=2,200,True,0,html_next_data,,,1.3316553940000233
78779790cae2,2026-08-03T20:35:15.914635+00:00,fetch_page,group_goleadores,13532229,https://www.rffm.es/competicion/goleadores?temporada=16&competicion=13531058&grupo=13532229&tipojuego=2,200,True,0,html_next_data,,,0.6570074910000017
78779790cae2,2026-08-03T20:35:16.714733+00:00,fetch_page,group_calendario,13532244,https://www.rffm.es/competicion/calendario?temporada=16&competicion=13531058&grupo=13532244&jornada=1&tipojuego=2,200,True,0,html_next_data,,,0.7943976720000023
78779790cae2,2026-08-03T20:35:17.535229+00:00,fetch_page,group_clasificaciones,13532244,https://www.rffm.es/competicion/clasificaciones?temporada=16&competicion=13531058&grupo=13532244&tipojuego=2,200,True,0,html_next_data,,,0.817066337
78779790cae2,2026-08-03T20:35:18.009452+00:00,fetch_page,group_goleadores,13532244,https://www.rffm.es/competicion/goleadores?temporada=16&competicion=13531058&grupo=13532244&tipojuego=2,200,True,0,html_next_data,,,0.47067025600000534
78779790cae2,2026-08-03T20:35:18.808147+00:00,fetch_page,group_calendario,13532254,https://www.rffm.es/competicion/calendario?temporada=16&competicion=13531058&grupo=13532254&jornada=1&tipojuego=2,200,True,0,html_next_data,,,0.7928684640000085
78779790cae2,2026-08-03T20:35:19.482720+00:00,fetch_page,group_clasificaciones,13532254,https://www.rffm.es/competicion/clasificaciones?temporada=16&competicion=13531058&grupo=13532254&tipojuego=2,200,True,0,html_next_data,,,0.6711522669999965
78779790cae2,2026-08-03T20:35:20.271630+00:00,fetch_page,group_goleadores,13532254,https://www.rffm.es/competicion/goleadores?temporada=16&competicion=13531058&grupo=13532254&tipojuego=2,200,True,0,html_next_data,,,0.7853143490000036
78779790cae2,2026-08-03T20:35:21.022773+00:00,fetch_page,group_calendario,13532259,https://www.rffm.es/competicion/calendario?temporada=16&competicion=13531058&grupo=13532259&jornada=1&tipojuego=2,200,True,0,html_next_data,,,0.7442982370000095
78779790cae2,2026-08-03T20:35:21.732877+00:00,fetch_page,group_clasificaciones,13532259,https://www.rffm.es/competicion/clasificaciones?temporada=16&competicion=13531058&grupo=13532259&tipojuego=2,200,True,0,html_next_data,,,0.7067127130000017
78779790cae2,2026-08-03T20:35:22.571198+00:00,fetch_page,group_goleadores,13532259,https://www.rffm.es/competicion/goleadores?temporada=16&competicion=13531058&grupo=13532259&tipojuego=2,200,True,0,html_next_data,,,0.8347074620000114
78779790cae2,2026-08-03T20:35:23.737875+00:00,fetch_page,group_calendario,13532264,https://www.rffm.es/competicion/calendario?temporada=16&competicion=13531058&grupo=13532264&jornada=1&tipojuego=2,200,True,0,html_next_data,,,1.160070141999995
78779790cae2,2026-08-03T20:35:24.167810+00:00,fetch_page,group_clasificaciones,13532264,https://www.rffm.es/competicion/clasificaciones?temporada=16&competicion=13531058&grupo=13532264&tipojuego=2,200,True,0,html_next_data,,,0.42648048600000266
78779790cae2,2026-08-03T20:35:24.931905+00:00,fetch_page,group_goleadores,13532264,https://www.rffm.es/competicion/goleadores?temporada=16&competicion=13531058&grupo=13532264&tipojuego=2,200,True,0,html_next_data,,,0.7605018050000183
78779790cae2,2026-08-03T20:35:25.739396+00:00,fetch_page,group_calendario,13532269,https://www.rffm.es/competicion/calendario?temporada=16&competicion=13531058&grupo=13532269&jornada=1&tipojuego=2,200,True,0,html_next_data,,,0.8017006130000084
78779790cae2,2026-08-03T20:35:26.480060+00:00,fetch_page,group_clasificaciones,13532269,https://www.rffm.es/competicion/clasificaciones?temporada=16&competicion=13531058&grupo=13532269&tipojuego=2,200,True,0,html_next_data,,,0.7373101980000172
78779790cae2,2026-08-03T20:35:27.292949+00:00,fetch_page,group_goleadores,13532269,https://www.rffm.es/competicion/goleadores?temporada=16&competicion=13531058&grupo=13532269&tipojuego=2,200,True,0,html_next_data,,,0.8093041700000185
78779790cae2,2026-08-03T20:35:27.999952+00:00,fetch_page,group_calendario,13532274,https://www.rffm.es/competicion/calendario?temporada=16&competicion=13531058&grupo=13532274&jornada=1&tipojuego=2,200,True,0,html_next_data,,,0.7012710810000158
78779790cae2,2026-08-03T20:35:28.655820+00:00,fetch_page,group_clasificaciones,13532274,https://www.rffm.es/competicion/clasificaciones?temporada=16&competicion=13531058&grupo=13532274&tipojuego=2,200,True,0,html_next_data,,,0.6524821739999993
78779790cae2,2026-08-03T20:35:29.456996+00:00,fetch_page,group_goleadores,13532274,https://www.rffm.es/competicion/goleadores?temporada=16&competicion=13531058&grupo=13532274&tipojuego=2,200,True,0,html_next_data,,,0.7975315730000148
78779790cae2,2026-08-03T20:35:30.248636+00:00,fetch_page,group_calendario,13532345,https://www.rffm.es/competicion/calendario?temporada=16&competicion=13531058&grupo=13532345&jornada=1&tipojuego=2,200,True,0,html_next_data,,,0.7858079689999897
78779790cae2,2026-08-03T20:35:31.147170+00:00,fetch_page,group_clasificaciones,13532345,https://www.rffm.es/competicion/clasificaciones?temporada=16&competicion=13531058&grupo=13532345&tipojuego=2,200,True,0,html_next_data,,,0.8952103550000174
78779790cae2,2026-08-03T20:35:32.058992+00:00,fetch_page,group_goleadores,13532345,https://www.rffm.es/competicion/goleadores?temporada=16&competicion=13531058&grupo=13532345&tipojuego=2,200,True,0,html_next_data,,,0.9083389040000043
78779790cae2,2026-08-03T20:35:32.873616+00:00,fetch_page,group_calendario,13532348,https://www.rffm.es/competicion/calendario?temporada=16&competicion=13531058&grupo=13532348&jornada=1&tipojuego=2,200,True,0,html_next_data,,,0.8088285890000009
78779790cae2,2026-08-03T20:35:33.300413+00:00,fetch_page,group_clasificaciones,13532348,https://www.rffm.es/competicion/clasificaciones?temporada=16&competicion=13531058&grupo=13532348&tipojuego=2,200,True,0,html_next_data,,,0.4234707409999885
78779790cae2,2026-08-03T20:35:34.160916+00:00,fetch_page,group_goleadores,13532348,https://www.rffm.es/competicion/goleadores?temporada=16&competicion=13531058&grupo=13532348&tipojuego=2,200,True,0,html_next_data,,,0.8569296230000134
78779790cae2,2026-08-03T20:35:34.891323+00:00,fetch_page,group_calendario,13532354,https://www.rffm.es/competicion/calendario?temporada=16&competicion=13531058&grupo=13532354&jornada=1&tipojuego=2,200,True,0,html_next_data,,,0.7223813140000175
78779790cae2,2026-08-03T20:35:35.555033+00:00,fetch_page,group_clasificaciones,13532354,https://www.rffm.es/competicion/clasificaciones?temporada=16&competicion=13531058&grupo=13532354&tipojuego=2,200,True,0,html_next_data,,,0.6603842280000265
78779790cae2,2026-08-03T20:35:36.312627+00:00,fetch_page,group_goleadores,13532354,https://www.rffm.es/competicion/goleadores?temporada=16&competicion=13531058&grupo=13532354&tipojuego=2,200,True,0,html_next_data,,,0.7540256030000023
78779790cae2,2026-08-03T20:35:37.134768+00:00,fetch_page,group_calendario,13502210,https://www.rffm.es/competicion/calendario?temporada=16&competicion=13502209&grupo=13502210&jornada=1&tipojuego=2,200,True,0,html_next_data,,,0.8161313409999877
78779790cae2,2026-08-03T20:35:38.656351+00:00,fetch_page,group_clasificaciones,13502210,https://www.rffm.es/competicion/clasificaciones?temporada=16&competicion=13502209&grupo=13502210&tipojuego=2,200,True,0,html_next_data,,,1.5179473830000063
78779790cae2,2026-08-03T20:35:39.242852+00:00,fetch_page,group_goleadores,13502210,https://www.rffm.es/competicion/goleadores?temporada=16&competicion=13502209&grupo=13502210&tipojuego=2,200,True,0,html_next_data,,,0.5828126309999959
78779790cae2,2026-08-03T20:35:39.933448+00:00,fetch_page,group_calendario,13502211,https://www.rffm.es/competicion/calendario?temporada=16&competicion=13502209&grupo=13502211&jornada=1&tipojuego=2,200,True,0,html_next_data,,,0.6843701669999973
78779790cae2,2026-08-03T20:35:40.598274+00:00,fetch_page,group_clasificaciones,13502211,https://www.rffm.es/competicion/clasificaciones?temporada=16&competicion=13502209&grupo=13502211&tipojuego=2,200,True,0,html_next_data,,,0.6603270559999999
78779790cae2,2026-08-03T20:35:41.993323+00:00,fetch_page,group_goleadores,13502211,https://www.rffm.es/competicion/goleadores?temporada=16&competicion=13502209&grupo=13502211&tipojuego=2,200,True,0,html_next_data,,,1.3912990520000221
78779790cae2,2026-08-03T20:35:42.521579+00:00,fetch_page,group_calendario,13502212,https://www.rffm.es/competicion/calendario?temporada=16&competicion=13502209&grupo=13502212&jornada=1&tipojuego=2,200,True,0,html_next_data,,,0.522013917999999
78779790cae2,2026-08-03T20:35:43.354967+00:00,fetch_page,group_clasificaciones,13502212,https://www.rffm.es/competicion/clasificaciones?temporada=16&competicion=13502209&grupo=13502212&tipojuego=2,200,True,0,html_next_data,,,0.8298042619999819
78779790cae2,2026-08-03T20:35:44.020574+00:00,fetch_page,group_goleadores,13502212,https://www.rffm.es/competicion/goleadores?temporada=16&competicion=13502209&grupo=13502212&tipojuego=2,200,True,0,html_next_data,,,0.6615400770000122
78779790cae2,2026-08-03T20:35:45.296002+00:00,fetch_page,group_calendario,13502213,https://www.rffm.es/competicion/calendario?temporada=16&competicion=13502209&grupo=13502213&jornada=1&tipojuego=2,200,True,0,html_next_data,,,1.2691380130000027
78779790cae2,2026-08-03T20:35:45.735736+00:00,fetch_page,group_clasificaciones,13502213,https://www.rffm.es/competicion/clasificaciones?temporada=16&competicion=13502209&grupo=13502213&tipojuego=2,200,True,0,html_next_data,,,0.4360833629999945
78779790cae2,2026-08-03T20:35:46.670847+00:00,fetch_page,group_goleadores,13502213,https://www.rffm.es/competicion/goleadores?temporada=16&competicion=13502209&grupo=13502213&tipojuego=2,200,True,0,html_next_data,,,0.9313771860000202
78779790cae2,2026-08-03T20:35:47.300906+00:00,fetch_page,group_calendario,13502229,https://www.rffm.es/competicion/calendario?temporada=16&competicion=13502209&grupo=13502229&jornada=1&tipojuego=2,200,True,0,html_next_data,,,0.6237750880000021
78779790cae2,2026-08-03T20:35:47.941556+00:00,fetch_page,group_clasificaciones,13502229,https://www.rffm.es/competicion/clasificaciones?temporada=16&competicion=13502209&grupo=13502229&tipojuego=2,200,True,0,html_next_data,,,0.6371163940000031
78779790cae2,2026-08-03T20:35:48.821796+00:00,fetch_page,group_goleadores,13502229,https://www.rffm.es/competicion/goleadores?temporada=16&competicion=13502209&grupo=13502229&tipojuego=2,200,True,0,html_next_data,,,0.8764093359999947
78779790cae2,2026-08-03T20:35:49.603757+00:00,fetch_page,group_calendario,13502230,https://www.rffm.es/competicion/calendario?temporada=16&competicion=13502209&grupo=13502230&jornada=1&tipojuego=2,200,True,0,html_next_data,,,0.7754869810000002
78779790cae2,2026-08-03T20:35:50.641294+00:00,fetch_page,group_clasificaciones,13502230,https://www.rffm.es/competicion/clasificaciones?temporada=16&competicion=13502209&grupo=13502230&tipojuego=2,200,True,0,html_next_data,,,1.032820221999998
78779790cae2,2026-08-03T20:35:51.189973+00:00,fetch_page,group_goleadores,13502230,https://www.rffm.es/competicion/goleadores?temporada=16&competicion=13502209&grupo=13502230&tipojuego=2,200,True,0,html_next_data,,,0.5446969489999844
78779790cae2,2026-08-03T20:35:51.932290+00:00,fetch_page,group_calendario,13502214,https://www.rffm.es/competicion/calendario?temporada=16&competicion=13502209&grupo=13502214&jornada=1&tipojuego=2,200,True,0,html_next_data,,,0.7361209010000209
78779790cae2,2026-08-03T20:35:52.559190+00:00,fetch_page,group_clasificaciones,13502214,https://www.rffm.es/competicion/clasificaciones?temporada=16&competicion=13502209&grupo=13502214&tipojuego=2,200,True,0,html_next_data,,,0.6233442859999911
78779790cae2,2026-08-03T20:35:53.462949+00:00,fetch_page,group_goleadores,13502214,https://www.rffm.es/competicion/goleadores?temporada=16&competicion=13502209&grupo=13502214&tipojuego=2,200,True,0,html_next_data,,,0.8999940049999964
78779790cae2,2026-08-03T20:35:54.221005+00:00,fetch_page,group_calendario,13502231,https://www.rffm.es/competicion/calendario?temporada=16&competicion=13502209&grupo=13502231&jornada=1&tipojuego=2,200,True,0,html_next_data,,,0.7516163110000207
78779790cae2,2026-08-03T20:35:55.011088+00:00,fetch_page,group_clasificaciones,13502231,https://www.rffm.es/competicion/clasificaciones?temporada=16&competicion=13502209&grupo=13502231&tipojuego=2,200,True,0,html_next_data,,,0.786560148999996
78779790cae2,2026-08-03T20:35:56.276905+00:00,fetch_page,group_goleadores,13502231,https://www.rffm.es/competicion/goleadores?temporada=16&competicion=13502209&grupo=13502231&tipojuego=2,200,True,0,html_next_data,,,1.2620770270000037
78779790cae2,2026-08-03T20:35:57.207744+00:00,fetch_page,group_calendario,13502232,https://www.rffm.es/competicion/calendario?temporada=16&competicion=13502209&grupo=13502232&jornada=1&tipojuego=2,200,True,0,html_next_data,,,0.9245160570000053
78779790cae2,2026-08-03T20:35:57.747919+00:00,fetch_page,group_clasificaciones,13502232,https://www.rffm.es/competicion/clasificaciones?temporada=16&competicion=13502209&grupo=13502232&tipojuego=2,200,True,0,html_next_data,,,0.5366882470000007
78779790cae2,2026-08-03T20:35:58.501588+00:00,fetch_page,group_goleadores,13502232,https://www.rffm.es/competicion/goleadores?temporada=16&competicion=13502209&grupo=13502232&tipojuego=2,200,True,0,html_next_data,,,0.7498962349999942
78779790cae2,2026-08-03T20:35:59.224934+00:00,fetch_page,group_calendario,13502215,https://www.rffm.es/competicion/calendario?temporada=16&competicion=13502209&grupo=13502215&jornada=1&tipojuego=2,200,True,0,html_next_data,,,0.7162284860000057
78779790cae2,2026-08-03T20:36:00.324861+00:00,fetch_page,group_clasificaciones,13502215,https://www.rffm.es/competicion/clasificaciones?temporada=16&competicion=13502209&grupo=13502215&tipojuego=2,200,True,0,html_next_data,,,1.0952354839999998
78779790cae2,2026-08-03T20:36:01.103007+00:00,fetch_page,group_goleadores,13502215,https://www.rffm.es/competicion/goleadores?temporada=16&competicion=13502209&grupo=13502215&tipojuego=2,200,True,0,html_next_data,,,0.7743057349999845
78779790cae2,2026-08-03T20:36:02.204091+00:00,fetch_page,group_calendario,13502216,https://www.rffm.es/competicion/calendario?temporada=16&competicion=13502209&grupo=13502216&jornada=1&tipojuego=2,200,True,0,html_next_data,,,1.0942302809999944
78779790cae2,2026-08-03T20:36:03.083656+00:00,fetch_page,group_clasificaciones,13502216,https://www.rffm.es/competicion/clasificaciones?temporada=16&competicion=13502209&grupo=13502216&tipojuego=2,200,True,0,html_next_data,,,0.8759987420000073
78779790cae2,2026-08-03T20:36:04.029758+00:00,fetch_page,group_goleadores,13502216,https://www.rffm.es/competicion/goleadores?temporada=16&competicion=13502209&grupo=13502216&tipojuego=2,200,True,0,html_next_data,,,0.9424734279999996
78779790cae2,2026-08-03T20:36:04.670128+00:00,fetch_page,group_calendario,13502217,https://www.rffm.es/competicion/calendario?temporada=16&competicion=13502209&grupo=13502217&jornada=1&tipojuego=2,200,True,0,html_next_data,,,0.6341380450000145
78779790cae2,2026-08-03T20:36:05.264125+00:00,fetch_page,group_clasificaciones,13502217,https://www.rffm.es/competicion/clasificaciones?temporada=16&competicion=13502209&grupo=13502217&tipojuego=2,200,True,0,html_next_data,,,0.5904017869999905
78779790cae2,2026-08-03T20:36:06.206694+00:00,fetch_page,group_goleadores,13502217,https://www.rffm.es/competicion/goleadores?temporada=16&competicion=13502209&grupo=13502217&tipojuego=2,200,True,0,html_next_data,,,0.9387195049999946
78779790cae2,2026-08-03T20:36:06.956140+00:00,fetch_page,group_calendario,13502218,https://www.rffm.es/competicion/calendario?temporada=16&competicion=13502209&grupo=13502218&jornada=1&tipojuego=2,200,True,0,html_next_data,,,0.7424584320000065
78779790cae2,2026-08-03T20:36:07.459169+00:00,fetch_page,group_clasificaciones,13502218,https://www.rffm.es/competicion/clasificaciones?temporada=16&competicion=13502209&grupo=13502218&tipojuego=2,200,True,0,html_next_data,,,0.49925497300000643
78779790cae2,2026-08-03T20:36:08.322234+00:00,fetch_page,group_goleadores,13502218,https://www.rffm.es/competicion/goleadores?temporada=16&competicion=13502209&grupo=13502218&tipojuego=2,200,True,0,html_next_data,,,0.8590326650000009
78779790cae2,2026-08-03T20:36:09.502087+00:00,fetch_page,group_calendario,13502219,https://www.rffm.es/competicion/calendario?temporada=16&competicion=13502209&grupo=13502219&jornada=1&tipojuego=2,200,True,0,html_next_data,,,1.1723945109999931
78779790cae2,2026-08-03T20:36:09.959005+00:00,fetch_page,group_clasificaciones,13502219,https://www.rffm.es/competicion/clasificaciones?temporada=16&competicion=13502209&grupo=13502219&tipojuego=2,200,True,0,html_next_data,,,0.4519143070000098
78779790cae2,2026-08-03T20:36:10.899879+00:00,fetch_page,group_goleadores,13502219,https://www.rffm.es/competicion/goleadores?temporada=16&competicion=13502209&grupo=13502219&tipojuego=2,200,True,0,html_next_data,,,0.9371351550000213
78779790cae2,2026-08-03T20:36:11.526679+00:00,fetch_page,group_calendario,13502220,https://www.rffm.es/competicion/calendario?temporada=16&competicion=13502209&grupo=13502220&jornada=1&tipojuego=2,200,True,0,html_next_data,,,0.6204485469999952
78779790cae2,2026-08-03T20:36:12.174451+00:00,fetch_page,group_clasificaciones,13502220,https://www.rffm.es/competicion/clasificaciones?temporada=16&competicion=13502209&grupo=13502220&tipojuego=2,200,True,0,html_next_data,,,0.6441363449999926
78779790cae2,2026-08-03T20:36:13.056934+00:00,fetch_page,group_goleadores,13502220,https://www.rffm.es/competicion/goleadores?temporada=16&competicion=13502209&grupo=13502220&tipojuego=2,200,True,0,html_next_data,,,0.8786948350000046
78779790cae2,2026-08-03T20:36:13.784360+00:00,fetch_page,group_calendario,13502221,https://www.rffm.es/competicion/calendario?temporada=16&competicion=13502209&grupo=13502221&jornada=1&tipojuego=2,200,True,0,html_next_data,,,0.7210951790000024
78779790cae2,2026-08-03T20:36:14.425905+00:00,fetch_page,group_clasificaciones,13502221,https://www.rffm.es/competicion/clasificaciones?temporada=16&competicion=13502209&grupo=13502221&tipojuego=2,200,True,0,html_next_data,,,0.6380180969999856
78779790cae2,2026-08-03T20:36:15.709575+00:00,fetch_page,group_goleadores,13502221,https://www.rffm.es/competicion/goleadores?temporada=16&competicion=13502209&grupo=13502221&tipojuego=2,200,True,0,html_next_data,,,1.2799840950000032
78779790cae2,2026-08-03T20:36:16.229448+00:00,fetch_page,group_calendario,13502222,https://www.rffm.es/competicion/calendario?temporada=16&competicion=13502209&grupo=13502222&jornada=1&tipojuego=2,200,True,0,html_next_data,,,0.5129862010000181
78779790cae2,2026-08-03T20:36:16.874540+00:00,fetch_page,group_clasificaciones,13502222,https://www.rffm.es/competicion/clasificaciones?temporada=16&competicion=13502209&grupo=13502222&tipojuego=2,200,True,0,html_next_data,,,0.641479540000006
78779790cae2,2026-08-03T20:36:17.777084+00:00,fetch_page,group_goleadores,13502222,https://www.rffm.es/competicion/goleadores?temporada=16&competicion=13502209&grupo=13502222&tipojuego=2,200,True,0,html_next_data,,,0.8987848840000083
78779790cae2,2026-08-03T20:36:18.522021+00:00,fetch_page,group_calendario,13502223,https://www.rffm.es/competicion/calendario?temporada=16&competicion=13502209&grupo=13502223&jornada=1&tipojuego=2,200,True,0,html_next_data,,,0.7378656470000067
78779790cae2,2026-08-03T20:36:19.187433+00:00,fetch_page,group_clasificaciones,13502223,https://www.rffm.es/competicion/clasificaciones?temporada=16&competicion=13502209&grupo=13502223&tipojuego=2,200,True,0,html_next_data,,,0.6603228080000179
78779790cae2,2026-08-03T20:36:19.982438+00:00,fetch_page,group_goleadores,13502223,https://www.rffm.es/competicion/goleadores?temporada=16&competicion=13502209&grupo=13502223&tipojuego=2,200,True,0,html_next_data,,,0.7913042860000132
78779790cae2,2026-08-03T20:36:20.720254+00:00,fetch_page,group_calendario,13502224,https://www.rffm.es/competicion/calendario?temporada=16&competicion=13502209&grupo=13502224&jornada=1&tipojuego=2,200,True,0,html_next_data,,,0.7316204089999871
78779790cae2,2026-08-03T20:36:21.661030+00:00,fetch_page,group_clasificaciones,13502224,https://www.rffm.es/competicion/clasificaciones?temporada=16&competicion=13502209&grupo=13502224&tipojuego=2,200,True,0,html_next_data,,,0.9371753290000129
78779790cae2,2026-08-03T20:36:22.642910+00:00,fetch_page,group_goleadores,13502224,https://www.rffm.es/competicion/goleadores?temporada=16&competicion=13502209&grupo=13502224&tipojuego=2,200,True,0,html_next_data,,,0.9781403759999989
78779790cae2,2026-08-03T20:36:23.664273+00:00,fetch_page,group_calendario,13502225,https://www.rffm.es/competicion/calendario?temporada=16&competicion=13502209&grupo=13502225&jornada=1&tipojuego=2,200,True,0,html_next_data,,,1.014972881999995
78779790cae2,2026-08-03T20:36:24.284565+00:00,fetch_page,group_clasificaciones,13502225,https://www.rffm.es/competicion/clasificaciones?temporada=16&competicion=13502209&grupo=13502225&tipojuego=2,200,True,0,html_next_data,,,0.6167620570000167
78779790cae2,2026-08-03T20:36:24.960297+00:00,fetch_page,group_goleadores,13502225,https://www.rffm.es/competicion/goleadores?temporada=16&competicion=13502209&grupo=13502225&tipojuego=2,200,True,0,html_next_data,,,0.6720060620000083
78779790cae2,2026-08-03T20:36:25.662745+00:00,fetch_page,group_calendario,13502226,https://www.rffm.es/competicion/calendario?temporada=16&competicion=13502209&grupo=13502226&jornada=1&tipojuego=2,200,True,0,html_next_data,,,0.6961610329999814
78779790cae2,2026-08-03T20:36:26.322574+00:00,fetch_page,group_clasificaciones,13502226,https://www.rffm.es/competicion/clasificaciones?temporada=16&competicion=13502209&grupo=13502226&tipojuego=2,200,True,0,html_next_data,,,0.6563000050000198
78779790cae2,2026-08-03T20:36:27.700503+00:00,fetch_page,group_goleadores,13502226,https://www.rffm.es/competicion/goleadores?temporada=16&competicion=13502209&grupo=13502226&tipojuego=2,200,True,0,html_next_data,,,1.3739176990000033
78779790cae2,2026-08-03T20:36:28.833628+00:00,fetch_page,group_calendario,13502227,https://www.rffm.es/competicion/calendario?temporada=16&competicion=13502209&grupo=13502227&jornada=1&tipojuego=2,200,True,0,html_next_data,,,1.1253015300000015
78779790cae2,2026-08-03T20:36:29.241191+00:00,fetch_page,group_clasificaciones,13502227,https://www.rffm.es/competicion/clasificaciones?temporada=16&competicion=13502209&grupo=13502227&tipojuego=2,200,True,0,html_next_data,,,0.40266962100000114
78779790cae2,2026-08-03T20:36:30.159089+00:00,fetch_page,group_goleadores,13502227,https://www.rffm.es/competicion/goleadores?temporada=16&competicion=13502209&grupo=13502227&tipojuego=2,200,True,0,html_next_data,,,0.9141754070000161
78779790cae2,2026-08-03T20:36:30.883575+00:00,fetch_page,group_calendario,13502228,https://www.rffm.es/competicion/calendario?temporada=16&competicion=13502209&grupo=13502228&jornada=1&tipojuego=2,200,True,0,html_next_data,,,0.7182005979999815
78779790cae2,2026-08-03T20:36:32.071951+00:00,fetch_page,group_clasificaciones,13502228,https://www.rffm.es/competicion/clasificaciones?temporada=16&competicion=13502209&grupo=13502228&tipojuego=2,200,True,0,html_next_data,,,1.1848307030000171
78779790cae2,2026-08-03T20:36:32.699156+00:00,fetch_page,group_goleadores,13502228,https://www.rffm.es/competicion/goleadores?temporada=16&competicion=13502209&grupo=13502228&tipojuego=2,200,True,0,html_next_data,,,0.6234634690000007
78779790cae2,2026-08-03T20:36:33.465133+00:00,fetch_page,group_calendario,12815936,https://www.rffm.es/competicion/calendario?temporada=16&competicion=12236062&grupo=12815936&jornada=1&tipojuego=2,200,True,0,html_next_data,,,0.7594285799999909
78779790cae2,2026-08-03T20:36:34.059259+00:00,fetch_page,group_clasificaciones,12815936,https://www.rffm.es/competicion/clasificaciones?temporada=16&competicion=12236062&grupo=12815936&tipojuego=2,200,True,0,html_next_data,,,0.5899224979999929
78779790cae2,2026-08-03T20:36:36.295389+00:00,fetch_page,group_goleadores,12815936,https://www.rffm.es/competicion/goleadores?temporada=16&competicion=12236062&grupo=12815936&tipojuego=2,200,True,0,html_next_data,,,2.2322564430000114
78779790cae2,2026-08-03T20:36:36.954582+00:00,fetch_page,group_calendario,12816025,https://www.rffm.es/competicion/calendario?temporada=16&competicion=12236062&grupo=12816025&jornada=1&tipojuego=2,200,True,0,html_next_data,,,0.6518846860000167
78779790cae2,2026-08-03T20:36:37.551826+00:00,fetch_page,group_clasificaciones,12816025,https://www.rffm.es/competicion/clasificaciones?temporada=16&competicion=12236062&grupo=12816025&tipojuego=2,200,True,0,html_next_data,,,0.5935627579999903
78779790cae2,2026-08-03T20:36:38.434142+00:00,fetch_page,group_goleadores,12816025,https://www.rffm.es/competicion/goleadores?temporada=16&competicion=12236062&grupo=12816025&tipojuego=2,200,True,0,html_next_data,,,0.8785000480000065
78779790cae2,2026-08-03T20:36:39.287689+00:00,fetch_page,group_calendario,12816048,https://www.rffm.es/competicion/calendario?temporada=16&competicion=12236062&grupo=12816048&jornada=1&tipojuego=2,200,True,0,html_next_data,,,0.8454724510000062
78779790cae2,2026-08-03T20:36:39.743264+00:00,fetch_page,group_clasificaciones,12816048,https://www.rffm.es/competicion/clasificaciones?temporada=16&competicion=12236062&grupo=12816048&tipojuego=2,200,True,0,html_next_data,,,0.4502892980000013
78779790cae2,2026-08-03T20:36:40.990869+00:00,fetch_page,group_goleadores,12816048,https://www.rffm.es/competicion/goleadores?temporada=16&competicion=12236062&grupo=12816048&tipojuego=2,200,True,0,html_next_data,,,1.2437792679999973
78779790cae2,2026-08-03T20:36:41.575007+00:00,fetch_page,group_calendario,12816118,https://www.rffm.es/competicion/calendario?temporada=16&competicion=12236062&grupo=12816118&jornada=1&tipojuego=2,200,True,0,html_next_data,,,0.5773074550000103
78779790cae2,2026-08-03T20:36:42.600711+00:00,fetch_page,group_clasificaciones,12816118,https://www.rffm.es/competicion/clasificaciones?temporada=16&competicion=12236062&grupo=12816118&tipojuego=2,200,True,0,html_next_data,,,1.0218348329999856
78779790cae2,2026-08-03T20:36:43.241615+00:00,fetch_page,group_goleadores,12816118,https://www.rffm.es/competicion/goleadores?temporada=16&competicion=12236062&grupo=12816118&tipojuego=2,200,True,0,html_next_data,,,0.6371381129999918
78779790cae2,2026-08-03T20:36:43.940453+00:00,fetch_page,group_calendario,12816188,https://www.rffm.es/competicion/calendario?temporada=16&competicion=12236062&grupo=12816188&jornada=1&tipojuego=2,200,True,0,html_next_data,,,0.6908537120000062
78779790cae2,2026-08-03T20:36:44.942889+00:00,fetch_page,group_clasificaciones,12816188,https://www.rffm.es/competicion/clasificaciones?temporada=16&competicion=12236062&grupo=12816188&tipojuego=2,200,True,0,html_next_data,,,0.9978330149999977
78779790cae2,2026-08-03T20:36:45.583781+00:00,fetch_page,group_goleadores,12816188,https://www.rffm.es/competicion/goleadores?temporada=16&competicion=12236062&grupo=12816188&tipojuego=2,200,True,0,html_next_data,,,0.6365596480000022
78779790cae2,2026-08-03T20:36:46.263005+00:00,fetch_page,group_calendario,12816249,https://www.rffm.es/competicion/calendario?temporada=16&competicion=12236062&grupo=12816249&jornada=1&tipojuego=2,200,True,0,html_next_data,,,0.6709953699999858
78779790cae2,2026-08-03T20:36:46.857680+00:00,fetch_page,group_clasificaciones,12816249,https://www.rffm.es/competicion/clasificaciones?temporada=16&competicion=12236062&grupo=12816249&tipojuego=2,200,True,0,html_next_data,,,0.5910116260000109
78779790cae2,2026-08-03T20:36:47.747614+00:00,fetch_page,group_goleadores,12816249,https://www.rffm.es/competicion/goleadores?temporada=16&competicion=12236062&grupo=12816249&tipojuego=2,200,True,0,html_next_data,,,0.8858109750000267
78779790cae2,2026-08-03T20:36:48.958126+00:00,fetch_page,group_calendario,12857127,https://www.rffm.es/competicion/calendario?temporada=16&competicion=12236062&grupo=12857127&jornada=1&tipojuego=2,200,True,0,html_next_data,,,1.2028098060000048
78779790cae2,2026-08-03T20:36:49.408321+00:00,fetch_page,group_clasificaciones,12857127,https://www.rffm.es/competicion/clasificaciones?temporada=16&competicion=12236062&grupo=12857127&tipojuego=2,200,True,0,html_next_data,,,0.44496742200001904
78779790cae2,2026-08-03T20:36:50.333410+00:00,fetch_page,group_goleadores,12857127,https://www.rffm.es/competicion/goleadores?temporada=16&competicion=12236062&grupo=12857127&tipojuego=2,200,True,0,html_next_data,,,0.9211584330000164
78779790cae2,2026-08-03T20:36:51.191849+00:00,fetch_page,group_calendario,12857130,https://www.rffm.es/competicion/calendario?temporada=16&competicion=12236062&grupo=12857130&jornada=1&tipojuego=2,200,True,0,html_next_data,,,0.8515220479999925
78779790cae2,2026-08-03T20:36:52.064075+00:00,fetch_page,group_clasificaciones,12857130,https://www.rffm.es/competicion/clasificaciones?temporada=16&competicion=12236062&grupo=12857130&tipojuego=2,200,True,0,html_next_data,,,0.8683390090000103
78779790cae2,2026-08-03T20:36:52.915994+00:00,fetch_page,group_goleadores,12857130,https://www.rffm.es/competicion/goleadores?temporada=16&competicion=12236062&grupo=12857130&tipojuego=2,200,True,0,html_next_data,,,0.8480807869999865
78779790cae2,2026-08-03T20:36:54.593934+00:00,fetch_page,group_calendario,12857131,https://www.rffm.es/competicion/calendario?temporada=16&competicion=12236062&grupo=12857131&jornada=1&tipojuego=2,200,True,0,html_next_data,,,1.6709880930000054
78779790cae2,2026-08-03T20:36:55.051690+00:00,fetch_page,group_clasificaciones,12857131,https://www.rffm.es/competicion/clasificaciones?temporada=16&competicion=12236062&grupo=12857131&tipojuego=2,200,True,0,html_next_data,,,0.45415031900000713
78779790cae2,2026-08-03T20:36:56.292235+00:00,fetch_page,group_goleadores,12857131,https://www.rffm.es/competicion/goleadores?temporada=16&competicion=12236062&grupo=12857131&tipojuego=2,200,True,0,html_next_data,,,1.2366894639999941
78779790cae2,2026-08-03T20:36:56.919546+00:00,fetch_page,group_calendario,12857155,https://www.rffm.es/competicion/calendario?temporada=16&competicion=12236062&grupo=12857155&jornada=1&tipojuego=2,200,True,0,html_next_data,,,0.6205832830000304
78779790cae2,2026-08-03T20:36:57.489003+00:00,fetch_page,group_clasificaciones,12857155,https://www.rffm.es/competicion/clasificaciones?temporada=16&competicion=12236062&grupo=12857155&tipojuego=2,200,True,0,html_next_data,,,0.5657288599999788
78779790cae2,2026-08-03T20:36:58.677939+00:00,fetch_page,group_goleadores,12857155,https://www.rffm.es/competicion/goleadores?temporada=16&competicion=12236062&grupo=12857155&tipojuego=2,200,True,0,html_next_data,,,1.1846798540000236
78779790cae2,2026-08-03T20:36:59.416517+00:00,fetch_page,group_calendario,12857158,https://www.rffm.es/competicion/calendario?temporada=16&competicion=12236062&grupo=12857158&jornada=1&tipojuego=2,200,True,0,html_next_data,,,0.7306971299999532
78779790cae2,2026-08-03T20:36:59.907567+00:00,fetch_page,group_clasificaciones,12857158,https://www.rffm.es/competicion/clasificaciones?temporada=16&competicion=12236062&grupo=12857158&tipojuego=2,200,True,0,html_next_data,,,0.485594352000021
78779790cae2,2026-08-03T20:37:01.331671+00:00,fetch_page,group_goleadores,12857158,https://www.rffm.es/competicion/goleadores?temporada=16&competicion=12236062&grupo=12857158&tipojuego=2,200,True,0,html_next_data,,,1.420265035
78779790cae2,2026-08-03T20:37:01.970401+00:00,fetch_page,group_calendario,12857163,https://www.rffm.es/competicion/calendario?temporada=16&competicion=12236062&grupo=12857163&jornada=1&tipojuego=2,200,True,0,html_next_data,,,0.6319478600000252
78779790cae2,2026-08-03T20:37:02.549144+00:00,fetch_page,group_clasificaciones,12857163,https://www.rffm.es/competicion/clasificaciones?temporada=16&competicion=12236062&grupo=12857163&tipojuego=2,200,True,0,html_next_data,,,0.5749610970000276
78779790cae2,2026-08-03T20:37:03.495701+00:00,fetch_page,group_goleadores,12857163,https://www.rffm.es/competicion/goleadores?temporada=16&competicion=12236062&grupo=12857163&tipojuego=2,200,True,0,html_next_data,,,0.9427464340000142
78779790cae2,2026-08-03T20:37:04.238918+00:00,fetch_page,group_calendario,12857178,https://www.rffm.es/competicion/calendario?temporada=16&competicion=12236062&grupo=12857178&jornada=1&tipojuego=2,200,True,0,html_next_data,,,0.7365920060000235
78779790cae2,2026-08-03T20:37:04.761481+00:00,fetch_page,group_clasificaciones,12857178,https://www.rffm.es/competicion/clasificaciones?temporada=16&competicion=12236062&grupo=12857178&tipojuego=2,200,True,0,html_next_data,,,0.5189152140000033
78779790cae2,2026-08-03T20:37:05.719719+00:00,fetch_page,group_goleadores,12857178,https://www.rffm.es/competicion/goleadores?temporada=16&competicion=12236062&grupo=12857178&tipojuego=2,200,True,0,html_next_data,,,0.9543772219999482
78779790cae2,2026-08-03T20:37:06.773121+00:00,fetch_page,group_calendario,12919627,https://www.rffm.es/competicion/calendario?temporada=16&competicion=12236062&grupo=12919627&jornada=1&tipojuego=2,200,True,0,html_next_data,,,1.0459419279999906
78779790cae2,2026-08-03T20:37:07.213280+00:00,fetch_page,group_clasificaciones,12919627,https://www.rffm.es/competicion/clasificaciones?temporada=16&competicion=12236062&grupo=12919627&tipojuego=2,200,True,0,html_next_data,,,0.4363007769999854
78779790cae2,2026-08-03T20:37:08.350202+00:00,fetch_page,group_goleadores,12919627,https://www.rffm.es/competicion/goleadores?temporada=16&competicion=12236062&grupo=12919627&tipojuego=2,200,True,0,html_next_data,,,1.1329044880000083
78779790cae2,2026-08-03T20:37:08.950451+00:00,fetch_page,group_calendario,12919869,https://www.rffm.es/competicion/calendario?temporada=16&competicion=12236062&grupo=12919869&jornada=1&tipojuego=2,200,True,0,html_next_data,,,0.592296948000012
78779790cae2,2026-08-03T20:37:09.544193+00:00,fetch_page,group_clasificaciones,12919869,https://www.rffm.es/competicion/clasificaciones?temporada=16&competicion=12236062&grupo=12919869&tipojuego=2,200,True,0,html_next_data,,,0.5868400109999925
78779790cae2,2026-08-03T20:37:10.959513+00:00,fetch_page,group_goleadores,12919869,https://www.rffm.es/competicion/goleadores?temporada=16&competicion=12236062&grupo=12919869&tipojuego=2,200,True,0,html_next_data,,,1.4114668439999605
78779790cae2,2026-08-03T20:37:11.891180+00:00,fetch_page,group_calendario,12920007,https://www.rffm.es/competicion/calendario?temporada=16&competicion=12236062&grupo=12920007&jornada=1&tipojuego=2,200,True,0,html_next_data,,,0.9249057470000253
78779790cae2,2026-08-03T20:37:12.305684+00:00,fetch_page,group_clasificaciones,12920007,https://www.rffm.es/competicion/clasificaciones?temporada=16&competicion=12236062&grupo=12920007&tipojuego=2,200,True,0,html_next_data,,,0.4107546689999708
78779790cae2,2026-08-03T20:37:13.503213+00:00,fetch_page,group_goleadores,12920007,https://www.rffm.es/competicion/goleadores?temporada=16&competicion=12236062&grupo=12920007&tipojuego=2,200,True,0,html_next_data,,,1.1936630189999846
78779790cae2,2026-08-03T20:37:14.256411+00:00,fetch_page,group_calendario,12920154,https://www.rffm.es/competicion/calendario?temporada=16&competicion=12236062&grupo=12920154&jornada=1&tipojuego=2,200,True,0,html_next_data,,,0.7457608470000423
78779790cae2,2026-08-03T20:37:14.792410+00:00,fetch_page,group_clasificaciones,12920154,https://www.rffm.es/competicion/clasificaciones?temporada=16&competicion=12236062&grupo=12920154&tipojuego=2,200,True,0,html_next_data,,,0.5319652700000006
78779790cae2,2026-08-03T20:37:15.612700+00:00,fetch_page,group_goleadores,12920154,https://www.rffm.es/competicion/goleadores?temporada=16&competicion=12236062&grupo=12920154&tipojuego=2,200,True,0,html_next_data,,,0.8161322579999819
78779790cae2,2026-08-03T20:37:16.333693+00:00,fetch_page,group_calendario,12920357,https://www.rffm.es/competicion/calendario?temporada=16&competicion=12236062&grupo=12920357&jornada=1&tipojuego=2,200,True,0,html_next_data,,,0.7127182570000059
78779790cae2,2026-08-03T20:37:16.922068+00:00,fetch_page,group_clasificaciones,12920357,https://www.rffm.es/competicion/clasificaciones?temporada=16&competicion=12236062&grupo=12920357&tipojuego=2,200,True,0,html_next_data,,,0.5846203070000229
78779790cae2,2026-08-03T20:37:18.044707+00:00,fetch_page,group_goleadores,12920357,https://www.rffm.es/competicion/goleadores?temporada=16&competicion=12236062&grupo=12920357&tipojuego=2,200,True,0,html_next_data,,,1.1182040940000206
78779790cae2,2026-08-03T20:37:19.587169+00:00,fetch_page,group_calendario,13110244,https://www.rffm.es/competicion/calendario?temporada=16&competicion=12236062&grupo=13110244&jornada=1&tipojuego=2,200,True,0,html_next_data,,,1.533826113000032
78779790cae2,2026-08-03T20:37:20.036325+00:00,fetch_page,group_clasificaciones,13110244,https://www.rffm.es/competicion/clasificaciones?temporada=16&competicion=12236062&grupo=13110244&tipojuego=2,200,True,0,html_next_data,,,0.44415785099999994
78779790cae2,2026-08-03T20:37:21.201675+00:00,fetch_page,group_goleadores,13110244,https://www.rffm.es/competicion/goleadores?temporada=16&competicion=12236062&grupo=13110244&tipojuego=2,200,True,0,html_next_data,,,1.1614405949999878
78779790cae2,2026-08-03T20:37:21.921040+00:00,fetch_page,group_calendario,12924010,https://www.rffm.es/competicion/calendario?temporada=16&competicion=12236062&grupo=12924010&jornada=1&tipojuego=2,200,True,0,html_next_data,,,0.7122855019999861
78779790cae2,2026-08-03T20:37:22.419265+00:00,fetch_page,group_clasificaciones,12924010,https://www.rffm.es/competicion/clasificaciones?temporada=16&competicion=12236062&grupo=12924010&tipojuego=2,200,True,0,html_next_data,,,0.4944882899999925
78779790cae2,2026-08-03T20:37:23.364317+00:00,fetch_page,group_goleadores,12924010,https://www.rffm.es/competicion/goleadores?temporada=16&competicion=12236062&grupo=12924010&tipojuego=2,200,True,0,html_next_data,,,0.9412215670000137
78779790cae2,2026-08-03T20:37:24.128691+00:00,fetch_page,group_calendario,12924074,https://www.rffm.es/competicion/calendario?temporada=16&competicion=12236062&grupo=12924074&jornada=1&tipojuego=2,200,True,0,html_next_data,,,0.7573822340000333
78779790cae2,2026-08-03T20:37:25.430136+00:00,fetch_page,group_clasificaciones,12924074,https://www.rffm.es/competicion/clasificaciones?temporada=16&competicion=12236062&grupo=12924074&tipojuego=2,200,True,0,html_next_data,,,1.2978578809999703
78779790cae2,2026-08-03T20:37:26.243008+00:00,fetch_page,group_goleadores,12924074,https://www.rffm.es/competicion/goleadores?temporada=16&competicion=12236062&grupo=12924074&tipojuego=2,200,True,0,html_next_data,,,0.8090554510000061
78779790cae2,2026-08-03T20:37:27.327940+00:00,fetch_page,group_calendario,12924096,https://www.rffm.es/competicion/calendario?temporada=16&competicion=12236062&grupo=12924096&jornada=1&tipojuego=2,200,True,0,html_next_data,,,1.0782375869999896
78779790cae2,2026-08-03T20:37:27.760350+00:00,fetch_page,group_clasificaciones,12924096,https://www.rffm.es/competicion/clasificaciones?temporada=16&competicion=12236062&grupo=12924096&tipojuego=2,200,True,0,html_next_data,,,0.4286808090000136
78779790cae2,2026-08-03T20:37:28.981161+00:00,fetch_page,group_goleadores,12924096,https://www.rffm.es/competicion/goleadores?temporada=16&competicion=12236062&grupo=12924096&tipojuego=2,200,True,0,html_next_data,,,1.2169546100000161
78779790cae2,2026-08-03T20:37:29.765217+00:00,fetch_page,group_calendario,12924174,https://www.rffm.es/competicion/calendario?temporada=16&competicion=12236062&grupo=12924174&jornada=1&tipojuego=2,200,True,0,html_next_data,,,0.7759327150000104
78779790cae2,2026-08-03T20:37:30.229220+00:00,fetch_page,group_clasificaciones,12924174,https://www.rffm.es/competicion/clasificaciones?temporada=16&competicion=12236062&grupo=12924174&tipojuego=2,200,True,0,html_next_data,,,0.455240660999948
78779790cae2,2026-08-03T20:37:31.543176+00:00,fetch_page,group_goleadores,12924174,https://www.rffm.es/competicion/goleadores?temporada=16&competicion=12236062&grupo=12924174&tipojuego=2,200,True,0,html_next_data,,,1.310091538999984
78779790cae2,2026-08-03T20:37:32.446920+00:00,fetch_page,group_calendario,12924267,https://www.rffm.es/competicion/calendario?temporada=16&competicion=12236062&grupo=12924267&jornada=1&tipojuego=2,200,True,0,html_next_data,,,0.8966322710000441
78779790cae2,2026-08-03T20:37:33.183250+00:00,fetch_page,group_clasificaciones,12924267,https://www.rffm.es/competicion/clasificaciones?temporada=16&competicion=12236062&grupo=12924267&tipojuego=2,200,True,0,html_next_data,,,0.7323493399999847
78779790cae2,2026-08-03T20:37:34.116014+00:00,fetch_page,group_goleadores,12924267,https://www.rffm.es/competicion/goleadores?temporada=16&competicion=12236062&grupo=12924267&tipojuego=2,200,True,0,html_next_data,,,0.9289396370000418
78779790cae2,2026-08-03T20:37:34.728834+00:00,fetch_page,group_calendario,12924346,https://www.rffm.es/competicion/calendario?temporada=16&competicion=12236062&grupo=12924346&jornada=1&tipojuego=2,200,True,0,html_next_data,,,0.6055182299999728
78779790cae2,2026-08-03T20:37:35.292784+00:00,fetch_page,group_clasificaciones,12924346,https://www.rffm.es/competicion/clasificaciones?temporada=16&competicion=12236062&grupo=12924346&tipojuego=2,200,True,0,html_next_data,,,0.5601329659999692
78779790cae2,2026-08-03T20:37:36.542984+00:00,fetch_page,group_goleadores,12924346,https://www.rffm.es/competicion/goleadores?temporada=16&competicion=12236062&grupo=12924346&tipojuego=2,200,True,0,html_next_data,,,1.2463626910000016
78779790cae2,2026-08-03T20:37:37.206404+00:00,fetch_page,group_calendario,12924421,https://www.rffm.es/competicion/calendario?temporada=16&competicion=12236062&grupo=12924421&jornada=1&tipojuego=2,200,True,0,html_next_data,,,0.6543970590000185
78779790cae2,2026-08-03T20:37:37.742956+00:00,fetch_page,group_clasificaciones,12924421,https://www.rffm.es/competicion/clasificaciones?temporada=16&competicion=12236062&grupo=12924421&tipojuego=2,200,True,0,html_next_data,,,0.5327886320000061
78779790cae2,2026-08-03T20:37:39.689812+00:00,fetch_page,group_goleadores,12924421,https://www.rffm.es/competicion/goleadores?temporada=16&competicion=12236062&grupo=12924421&tipojuego=2,200,True,0,html_next_data,,,1.9427335949999929
78779790cae2,2026-08-03T20:37:40.293262+00:00,fetch_page,group_calendario,12924513,https://www.rffm.es/competicion/calendario?temporada=16&competicion=12236062&grupo=12924513&jornada=1&tipojuego=2,200,True,0,html_next_data,,,0.5948549210000351
78779790cae2,2026-08-03T20:37:41.251911+00:00,fetch_page,group_clasificaciones,12924513,https://www.rffm.es/competicion/clasificaciones?temporada=16&competicion=12236062&grupo=12924513&tipojuego=2,200,True,0,html_next_data,,,0.9534676719999879
78779790cae2,2026-08-03T20:37:41.843049+00:00,fetch_page,group_goleadores,12924513,https://www.rffm.es/competicion/goleadores?temporada=16&competicion=12236062&grupo=12924513&tipojuego=2,200,True,0,html_next_data,,,0.5872281799999541
78779790cae2,2026-08-03T20:37:42.642798+00:00,fetch_page,group_calendario,12924582,https://www.rffm.es/competicion/calendario?temporada=16&competicion=12236062&grupo=12924582&jornada=1&tipojuego=2,200,True,0,html_next_data,,,0.7930837840000322
78779790cae2,2026-08-03T20:37:43.210818+00:00,fetch_page,group_clasificaciones,12924582,https://www.rffm.es/competicion/clasificaciones?temporada=16&competicion=12236062&grupo=12924582&tipojuego=2,200,True,0,html_next_data,,,0.564199986999995
78779790cae2,2026-08-03T20:37:44.453072+00:00,fetch_page,group_goleadores,12924582,https://www.rffm.es/competicion/goleadores?temporada=16&competicion=12236062&grupo=12924582&tipojuego=2,200,True,0,html_next_data,,,1.2383558479999692
78779790cae2,2026-08-03T20:37:45.084764+00:00,fetch_page,group_calendario,12924615,https://www.rffm.es/competicion/calendario?temporada=16&competicion=12236062&grupo=12924615&jornada=1&tipojuego=2,200,True,0,html_next_data,,,0.6247151889999714
78779790cae2,2026-08-03T20:37:46.410372+00:00,fetch_page,group_clasificaciones,12924615,https://www.rffm.es/competicion/clasificaciones?temporada=16&competicion=12236062&grupo=12924615&tipojuego=2,200,True,0,html_next_data,,,1.3219225789999882
78779790cae2,2026-08-03T20:37:47.203067+00:00,fetch_page,group_goleadores,12924615,https://www.rffm.es/competicion/goleadores?temporada=16&competicion=12236062&grupo=12924615&tipojuego=2,200,True,0,html_next_data,,,0.7888962819999961
78779790cae2,2026-08-03T20:37:47.853058+00:00,fetch_page,group_calendario,12925074,https://www.rffm.es/competicion/calendario?temporada=16&competicion=12236062&grupo=12925074&jornada=1&tipojuego=2,200,True,0,html_next_data,,,0.6428434789999642
78779790cae2,2026-08-03T20:37:48.404935+00:00,fetch_page,group_clasificaciones,12925074,https://www.rffm.es/competicion/clasificaciones?temporada=16&competicion=12236062&grupo=12925074&tipojuego=2,200,True,0,html_next_data,,,0.547786675999987
78779790cae2,2026-08-03T20:37:49.749803+00:00,fetch_page,group_goleadores,12925074,https://www.rffm.es/competicion/goleadores?temporada=16&competicion=12236062&grupo=12925074&tipojuego=2,200,True,0,html_next_data,,,1.341030556000021
78779790cae2,2026-08-03T20:37:50.851681+00:00,fetch_page,group_calendario,12925100,https://www.rffm.es/competicion/calendario?temporada=16&competicion=12236062&grupo=12925100&jornada=1&tipojuego=2,200,True,0,html_next_data,,,1.093830885999978
78779790cae2,2026-08-03T20:37:51.316365+00:00,fetch_page,group_clasificaciones,12925100,https://www.rffm.es/competicion/clasificaciones?temporada=16&competicion=12236062&grupo=12925100&tipojuego=2,200,True,0,html_next_data,,,0.45934039500002655
78779790cae2,2026-08-03T20:37:52.722631+00:00,fetch_page,group_goleadores,12925100,https://www.rffm.es/competicion/goleadores?temporada=16&competicion=12236062&grupo=12925100&tipojuego=2,200,True,0,html_next_data,,,1.4022880230000396
78779790cae2,2026-08-03T20:37:54.187837+00:00,fetch_page,group_calendario,12925183,https://www.rffm.es/competicion/calendario?temporada=16&competicion=12236062&grupo=12925183&jornada=1&tipojuego=2,200,True,0,html_next_data,,,1.4578926249999995
78779790cae2,2026-08-03T20:37:54.613822+00:00,fetch_page,group_clasificaciones,12925183,https://www.rffm.es/competicion/clasificaciones?temporada=16&competicion=12236062&grupo=12925183&tipojuego=2,200,True,0,html_next_data,,,0.4202463840000519
78779790cae2,2026-08-03T20:37:55.530857+00:00,fetch_page,group_goleadores,12925183,https://www.rffm.es/competicion/goleadores?temporada=16&competicion=12236062&grupo=12925183&tipojuego=2,200,True,0,html_next_data,,,0.9131351510000059
78779790cae2,2026-08-03T20:37:56.766812+00:00,fetch_page,group_calendario,12925245,https://www.rffm.es/competicion/calendario?temporada=16&competicion=12236062&grupo=12925245&jornada=1&tipojuego=2,200,True,0,html_next_data,,,1.2290998139999942
78779790cae2,2026-08-03T20:37:57.183234+00:00,fetch_page,group_clasificaciones,12925245,https://www.rffm.es/competicion/clasificaciones?temporada=16&competicion=12236062&grupo=12925245&tipojuego=2,200,True,0,html_next_data,,,0.4127285019999931
78779790cae2,2026-08-03T20:37:58.263220+00:00,fetch_page,group_goleadores,12925245,https://www.rffm.es/competicion/goleadores?temporada=16&competicion=12236062&grupo=12925245&tipojuego=2,200,True,0,html_next_data,,,1.0761690310000063
78779790cae2,2026-08-03T20:37:58.859129+00:00,fetch_page,group_calendario,12925259,https://www.rffm.es/competicion/calendario?temporada=16&competicion=12236062&grupo=12925259&jornada=1&tipojuego=2,200,True,0,html_next_data,,,0.5886044200000242
78779790cae2,2026-08-03T20:37:59.830314+00:00,fetch_page,group_clasificaciones,12925259,https://www.rffm.es/competicion/clasificaciones?temporada=16&competicion=12236062&grupo=12925259&tipojuego=2,200,True,0,html_next_data,,,0.9672175390000461
78779790cae2,2026-08-03T20:38:01.079164+00:00,fetch_page,group_goleadores,12925259,https://www.rffm.es/competicion/goleadores?temporada=16&competicion=12236062&grupo=12925259&tipojuego=2,200,True,0,html_next_data,,,1.2448145239999917
78779790cae2,2026-08-03T20:38:02.289755+00:00,fetch_page,group_calendario,12925326,https://www.rffm.es/competicion/calendario?temporada=16&competicion=12236062&grupo=12925326&jornada=1&tipojuego=2,200,True,0,html_next_data,,,1.2022616809999818
78779790cae2,2026-08-03T20:38:03.017210+00:00,fetch_page,group_clasificaciones,12925326,https://www.rffm.es/competicion/clasificaciones?temporada=16&competicion=12236062&grupo=12925326&tipojuego=2,200,True,0,html_next_data,,,0.7211723870000242
78779790cae2,2026-08-03T20:38:04.333890+00:00,fetch_page,group_goleadores,12925326,https://www.rffm.es/competicion/goleadores?temporada=16&competicion=12236062&grupo=12925326&tipojuego=2,200,True,0,html_next_data,,,1.312799962999975
78779790cae2,2026-08-03T20:38:05.799098+00:00,fetch_page,group_calendario,12925386,https://www.rffm.es/competicion/calendario?temporada=16&competicion=12236062&grupo=12925386&jornada=1&tipojuego=2,200,True,0,html_next_data,,,1.458386505999954
78779790cae2,2026-08-03T20:38:06.238002+00:00,fetch_page,group_clasificaciones,12925386,https://www.rffm.es/competicion/clasificaciones?temporada=16&competicion=12236062&grupo=12925386&tipojuego=2,200,True,0,html_next_data,,,0.4350898060000077
78779790cae2,2026-08-03T20:38:07.391674+00:00,fetch_page,group_goleadores,12925386,https://www.rffm.es/competicion/goleadores?temporada=16&competicion=12236062&grupo=12925386&tipojuego=2,200,True,0,html_next_data,,,1.149826376999954
78779790cae2,2026-08-03T20:38:08.036474+00:00,fetch_page,group_calendario,12925450,https://www.rffm.es/competicion/calendario?temporada=16&competicion=12236062&grupo=12925450&jornada=1&tipojuego=2,200,True,0,html_next_data,,,0.637431083000024
78779790cae2,2026-08-03T20:38:08.628401+00:00,fetch_page,group_clasificaciones,12925450,https://www.rffm.es/competicion/clasificaciones?temporada=16&competicion=12236062&grupo=12925450&tipojuego=2,200,True,0,html_next_data,,,0.5881978880000247
78779790cae2,2026-08-03T20:38:09.760089+00:00,fetch_page,group_goleadores,12925450,https://www.rffm.es/competicion/goleadores?temporada=16&competicion=12236062&grupo=12925450&tipojuego=2,200,True,0,html_next_data,,,1.1278689789999703
78779790cae2,2026-08-03T20:38:10.398923+00:00,fetch_page,group_calendario,12925505,https://www.rffm.es/competicion/calendario?temporada=16&competicion=12236062&grupo=12925505&jornada=1&tipojuego=2,200,True,0,html_next_data,,,0.6308195899999873
78779790cae2,2026-08-03T20:38:11.252866+00:00,fetch_page,group_clasificaciones,12925505,https://www.rffm.es/competicion/clasificaciones?temporada=16&competicion=12236062&grupo=12925505&tipojuego=2,200,True,0,html_next_data,,,0.8502502580000169
78779790cae2,2026-08-03T20:38:12.990987+00:00,fetch_page,group_goleadores,12925505,https://www.rffm.es/competicion/goleadores?temporada=16&competicion=12236062&grupo=12925505&tipojuego=2,200,True,0,html_next_data,,,1.7327705259999675
78779790cae2,2026-08-03T20:38:13.541846+00:00,fetch_page,group_calendario,12925568,https://www.rffm.es/competicion/calendario?temporada=16&competicion=12236062&grupo=12925568&jornada=1&tipojuego=2,200,True,0,html_next_data,,,0.5428465670000264
78779790cae2,2026-08-03T20:38:14.564110+00:00,fetch_page,group_clasificaciones,12925568,https://www.rffm.es/competicion/clasificaciones?temporada=16&competicion=12236062&grupo=12925568&tipojuego=2,200,True,0,html_next_data,,,1.017013416999987
78779790cae2,2026-08-03T20:38:15.531237+00:00,fetch_page,group_goleadores,12925568,https://www.rffm.es/competicion/goleadores?temporada=16&competicion=12236062&grupo=12925568&tipojuego=2,200,True,0,html_next_data,,,0.9633116349999682
78779790cae2,2026-08-03T20:38:17.114117+00:00,fetch_page,group_calendario,12925611,https://www.rffm.es/competicion/calendario?temporada=16&competicion=12236062&grupo=12925611&jornada=1&tipojuego=2,200,True,0,html_next_data,,,1.5760909390000393
78779790cae2,2026-08-03T20:38:17.889774+00:00,fetch_page,group_clasificaciones,12925611,https://www.rffm.es/competicion/clasificaciones?temporada=16&competicion=12236062&grupo=12925611&tipojuego=2,200,True,0,html_next_data,,,0.7718764020000322
78779790cae2,2026-08-03T20:38:19.277800+00:00,fetch_page,group_goleadores,12925611,https://www.rffm.es/competicion/goleadores?temporada=16&competicion=12236062&grupo=12925611&tipojuego=2,200,True,0,html_next_data,,,1.3842436169999814
78779790cae2,2026-08-03T20:38:20.179812+00:00,fetch_page,group_calendario,12925728,https://www.rffm.es/competicion/calendario?temporada=16&competicion=12236062&grupo=12925728&jornada=1&tipojuego=2,200,True,0,html_next_data,,,0.8952580249999755
78779790cae2,2026-08-03T20:38:20.663238+00:00,fetch_page,group_clasificaciones,12925728,https://www.rffm.es/competicion/clasificaciones?temporada=16&competicion=12236062&grupo=12925728&tipojuego=2,200,True,0,html_next_data,,,0.47973876700001483
78779790cae2,2026-08-03T20:38:22.185378+00:00,fetch_page,group_goleadores,12925728,https://www.rffm.es/competicion/goleadores?temporada=16&competicion=12236062&grupo=12925728&tipojuego=2,200,True,0,html_next_data,,,1.5183485299999688
78779790cae2,2026-08-03T20:38:23.030943+00:00,fetch_page,group_calendario,12925755,https://www.rffm.es/competicion/calendario?temporada=16&competicion=12236062&grupo=12925755&jornada=1&tipojuego=2,200,True,0,html_next_data,,,0.8383842970000046
78779790cae2,2026-08-03T20:38:23.937164+00:00,fetch_page,group_clasificaciones,12925755,https://www.rffm.es/competicion/clasificaciones?temporada=16&competicion=12236062&grupo=12925755&tipojuego=2,200,True,0,html_next_data,,,0.9022713040000099
78779790cae2,2026-08-03T20:38:25.157394+00:00,fetch_page,group_goleadores,12925755,https://www.rffm.es/competicion/goleadores?temporada=16&competicion=12236062&grupo=12925755&tipojuego=2,200,True,0,html_next_data,,,1.216109481999979
78779790cae2,2026-08-03T20:38:26.567274+00:00,fetch_page,group_calendario,12925832,https://www.rffm.es/competicion/calendario?temporada=16&competicion=12236062&grupo=12925832&jornada=1&tipojuego=2,200,True,0,html_next_data,,,1.40184100700003
78779790cae2,2026-08-03T20:38:27.007247+00:00,fetch_page,group_clasificaciones,12925832,https://www.rffm.es/competicion/clasificaciones?temporada=16&competicion=12236062&grupo=12925832&tipojuego=2,200,True,0,html_next_data,,,0.4347770079999691
78779790cae2,2026-08-03T20:38:28.890654+00:00,fetch_page,group_goleadores,12925832,https://www.rffm.es/competicion/goleadores?temporada=16&competicion=12236062&grupo=12925832&tipojuego=2,200,True,0,html_next_data,,,1.8794879859999583
78779790cae2,2026-08-03T20:38:29.870866+00:00,fetch_page,group_calendario,12925859,https://www.rffm.es/competicion/calendario?temporada=16&competicion=12236062&grupo=12925859&jornada=1&tipojuego=2,200,True,0,html_next_data,,,0.9732364960000268
78779790cae2,2026-08-03T20:38:30.448434+00:00,fetch_page,group_clasificaciones,12925859,https://www.rffm.es/competicion/clasificaciones?temporada=16&competicion=12236062&grupo=12925859&tipojuego=2,200,True,0,html_next_data,,,0.5735205800000358
78779790cae2,2026-08-03T20:38:32.161169+00:00,fetch_page,group_goleadores,12925859,https://www.rffm.es/competicion/goleadores?temporada=16&competicion=12236062&grupo=12925859&tipojuego=2,200,True,0,html_next_data,,,1.708875622999983
78779790cae2,2026-08-03T20:38:33.108653+00:00,fetch_page,group_calendario,12925882,https://www.rffm.es/competicion/calendario?temporada=16&competicion=12236062&grupo=12925882&jornada=1&tipojuego=2,200,True,0,html_next_data,,,0.9402132640000218
78779790cae2,2026-08-03T20:38:34.851652+00:00,fetch_page,group_clasificaciones,12925882,https://www.rffm.es/competicion/clasificaciones?temporada=16&competicion=12236062&grupo=12925882&tipojuego=2,200,True,0,html_next_data,,,1.7393548339999825
78779790cae2,2026-08-03T20:38:35.679682+00:00,fetch_page,group_goleadores,12925882,https://www.rffm.es/competicion/goleadores?temporada=16&competicion=12236062&grupo=12925882&tipojuego=2,200,True,0,html_next_data,,,0.8242231759999754
78779790cae2,2026-08-03T20:38:36.420717+00:00,fetch_page,group_calendario,12925900,https://www.rffm.es/competicion/calendario?temporada=16&competicion=12236062&grupo=12925900&jornada=1&tipojuego=2,200,True,0,html_next_data,,,0.7337659259999896
78779790cae2,2026-08-03T20:38:36.912901+00:00,fetch_page,group_clasificaciones,12925900,https://www.rffm.es/competicion/clasificaciones?temporada=16&competicion=12236062&grupo=12925900&tipojuego=2,200,True,0,html_next_data,,,0.48848719599999413
78779790cae2,2026-08-03T20:38:38.393359+00:00,fetch_page,group_goleadores,12925900,https://www.rffm.es/competicion/goleadores?temporada=16&competicion=12236062&grupo=12925900&tipojuego=2,200,True,0,html_next_data,,,1.4764019680000047
78779790cae2,2026-08-03T20:38:39.499103+00:00,fetch_page,group_calendario,12925921,https://www.rffm.es/competicion/calendario?temporada=16&competicion=12236062&grupo=12925921&jornada=1&tipojuego=2,200,True,0,html_next_data,,,1.0976877430000513
78779790cae2,2026-08-03T20:38:39.943049+00:00,fetch_page,group_clasificaciones,12925921,https://www.rffm.es/competicion/clasificaciones?temporada=16&competicion=12236062&grupo=12925921&tipojuego=2,200,True,0,html_next_data,,,0.4388521770000011
78779790cae2,2026-08-03T20:38:40.902403+00:00,fetch_page,group_goleadores,12925921,https://www.rffm.es/competicion/goleadores?temporada=16&competicion=12236062&grupo=12925921&tipojuego=2,200,True,0,html_next_data,,,0.9554828980000138
78779790cae2,2026-08-03T20:38:41.573169+00:00,fetch_page,group_calendario,12925946,https://www.rffm.es/competicion/calendario?temporada=16&competicion=12236062&grupo=12925946&jornada=1&tipojuego=2,200,True,0,html_next_data,,,0.6640664420000348
78779790cae2,2026-08-03T20:38:42.211172+00:00,fetch_page,group_clasificaciones,12925946,https://www.rffm.es/competicion/clasificaciones?temporada=16&competicion=12236062&grupo=12925946&tipojuego=2,200,True,0,html_next_data,,,0.634291361999999
78779790cae2,2026-08-03T20:38:43.686678+00:00,fetch_page,group_goleadores,12925946,https://www.rffm.es/competicion/goleadores?temporada=16&competicion=12236062&grupo=12925946&tipojuego=2,200,True,0,html_next_data,,,1.4716334270000289
78779790cae2,2026-08-03T20:38:44.289199+00:00,fetch_page,group_calendario,12925964,https://www.rffm.es/competicion/calendario?temporada=16&competicion=12236062&grupo=12925964&jornada=1&tipojuego=2,200,True,0,html_next_data,,,0.5953142980000052
78779790cae2,2026-08-03T20:38:44.882755+00:00,fetch_page,group_clasificaciones,12925964,https://www.rffm.es/competicion/clasificaciones?temporada=16&competicion=12236062&grupo=12925964&tipojuego=2,200,True,0,html_next_data,,,0.5896688100000347
78779790cae2,2026-08-03T20:38:46.463840+00:00,fetch_page,group_goleadores,12925964,https://www.rffm.es/competicion/goleadores?temporada=16&competicion=12236062&grupo=12925964&tipojuego=2,200,True,0,html_next_data,,,1.5771732590000056
78779790cae2,2026-08-03T20:38:47.128450+00:00,fetch_page,group_calendario,13250195,https://www.rffm.es/competicion/calendario?temporada=16&competicion=12236062&grupo=13250195&jornada=1&tipojuego=2,200,True,0,html_next_data,,,0.6565026769999918
78779790cae2,2026-08-03T20:38:47.766043+00:00,fetch_page,group_clasificaciones,13250195,https://www.rffm.es/competicion/clasificaciones?temporada=16&competicion=12236062&grupo=13250195&tipojuego=2,200,True,0,html_next_data,,,0.6335965190000366
78779790cae2,2026-08-03T20:38:48.593543+00:00,fetch_page,group_goleadores,13250195,https://www.rffm.es/competicion/goleadores?temporada=16&competicion=12236062&grupo=13250195&tipojuego=2,200,True,0,html_next_data,,,0.8231524010000157
78779790cae2,2026-08-03T20:38:49.814759+00:00,fetch_page,group_calendario,12928775,https://www.rffm.es/competicion/calendario?temporada=16&competicion=12236062&grupo=12928775&jornada=1&tipojuego=2,200,True,0,html_next_data,,,1.2129679729999907
78779790cae2,2026-08-03T20:38:50.241285+00:00,fetch_page,group_clasificaciones,12928775,https://www.rffm.es/competicion/clasificaciones?temporada=16&competicion=12236062&grupo=12928775&tipojuego=2,200,True,0,html_next_data,,,0.42139927499999885
78779790cae2,2026-08-03T20:38:51.516491+00:00,fetch_page,group_goleadores,12928775,https://www.rffm.es/competicion/goleadores?temporada=16&competicion=12236062&grupo=12928775&tipojuego=2,200,True,0,html_next_data,,,1.2712971569999922
78779790cae2,2026-08-03T20:38:52.169501+00:00,fetch_page,group_calendario,12928783,https://www.rffm.es/competicion/calendario?temporada=16&competicion=12236062&grupo=12928783&jornada=1&tipojuego=2,200,True,0,html_next_data,,,0.6460049629999958
78779790cae2,2026-08-03T20:38:53.069526+00:00,fetch_page,group_clasificaciones,12928783,https://www.rffm.es/competicion/clasificaciones?temporada=16&competicion=12236062&grupo=12928783&tipojuego=2,200,True,0,html_next_data,,,0.8962390080000091
78779790cae2,2026-08-03T20:38:53.887341+00:00,fetch_page,group_goleadores,12928783,https://www.rffm.es/competicion/goleadores?temporada=16&competicion=12236062&grupo=12928783&tipojuego=2,200,True,0,html_next_data,,,0.8138667909999526
78779790cae2,2026-08-03T20:38:54.494534+00:00,fetch_page,group_calendario,12928784,https://www.rffm.es/competicion/calendario?temporada=16&competicion=12236062&grupo=12928784&jornada=1&tipojuego=2,200,True,0,html_next_data,,,0.6004186470000263
78779790cae2,2026-08-03T20:38:55.065141+00:00,fetch_page,group_clasificaciones,12928784,https://www.rffm.es/competicion/clasificaciones?temporada=16&competicion=12236062&grupo=12928784&tipojuego=2,200,True,0,html_next_data,,,0.5669007449999981
78779790cae2,2026-08-03T20:38:56.025777+00:00,fetch_page,group_goleadores,12928784,https://www.rffm.es/competicion/goleadores?temporada=16&competicion=12236062&grupo=12928784&tipojuego=2,200,True,0,html_next_data,,,0.9567747509999549
78779790cae2,2026-08-03T20:38:56.737029+00:00,fetch_page,group_calendario,12928807,https://www.rffm.es/competicion/calendario?temporada=16&competicion=12236062&grupo=12928807&jornada=1&tipojuego=2,200,True,0,html_next_data,,,0.7029814449999776
78779790cae2,2026-08-03T20:38:57.760736+00:00,fetch_page,group_clasificaciones,12928807,https://www.rffm.es/competicion/clasificaciones?temporada=16&competicion=12236062&grupo=12928807&tipojuego=2,200,True,0,html_next_data,,,1.0199913000000151
78779790cae2,2026-08-03T20:38:58.539194+00:00,fetch_page,group_goleadores,12928807,https://www.rffm.es/competicion/goleadores?temporada=16&competicion=12236062&grupo=12928807&tipojuego=2,200,True,0,html_next_data,,,0.7744436069999665
78779790cae2,2026-08-03T20:38:59.118726+00:00,fetch_page,group_calendario,12928885,https://www.rffm.es/competicion/calendario?temporada=16&competicion=12236062&grupo=12928885&jornada=1&tipojuego=2,200,True,0,html_next_data,,,0.5714570019999883
78779790cae2,2026-08-03T20:39:00.058628+00:00,fetch_page,group_clasificaciones,12928885,https://www.rffm.es/competicion/clasificaciones?temporada=16&competicion=12236062&grupo=12928885&tipojuego=2,200,True,0,html_next_data,,,0.9348926179999921
78779790cae2,2026-08-03T20:39:00.694867+00:00,fetch_page,group_goleadores,12928885,https://www.rffm.es/competicion/goleadores?temporada=16&competicion=12236062&grupo=12928885&tipojuego=2,200,True,0,html_next_data,,,0.6323803590000239
78779790cae2,2026-08-03T20:39:01.870743+00:00,fetch_page,group_calendario,12929090,https://www.rffm.es/competicion/calendario?temporada=16&competicion=12236062&grupo=12929090&jornada=1&tipojuego=2,200,True,0,html_next_data,,,1.1693547909999893
78779790cae2,2026-08-03T20:39:02.369518+00:00,fetch_page,group_clasificaciones,12929090,https://www.rffm.es/competicion/clasificaciones?temporada=16&competicion=12236062&grupo=12929090&tipojuego=2,200,True,0,html_next_data,,,0.4948400700000093
78779790cae2,2026-08-03T20:39:03.653699+00:00,fetch_page,group_goleadores,12929090,https://www.rffm.es/competicion/goleadores?temporada=16&competicion=12236062&grupo=12929090&tipojuego=2,200,True,0,html_next_data,,,1.2803248429999599
78779790cae2,2026-08-03T20:39:04.286032+00:00,fetch_page,group_calendario,12929156,https://www.rffm.es/competicion/calendario?temporada=16&competicion=12236062&grupo=12929156&jornada=1&tipojuego=2,200,True,0,html_next_data,,,0.6238710069999911
78779790cae2,2026-08-03T20:39:04.845094+00:00,fetch_page,group_clasificaciones,12929156,https://www.rffm.es/competicion/clasificaciones?temporada=16&competicion=12236062&grupo=12929156&tipojuego=2,200,True,0,html_next_data,,,0.5552833560000181
78779790cae2,2026-08-03T20:39:06.062715+00:00,fetch_page,group_goleadores,12929156,https://www.rffm.es/competicion/goleadores?temporada=16&competicion=12236062&grupo=12929156&tipojuego=2,200,True,0,html_next_data,,,1.2137974280000208
78779790cae2,2026-08-03T20:39:06.779463+00:00,fetch_page,group_calendario,12929171,https://www.rffm.es/competicion/calendario?temporada=16&competicion=12236062&grupo=12929171&jornada=1&tipojuego=2,200,True,0,html_next_data,,,0.7085603769999693
78779790cae2,2026-08-03T20:39:07.252009+00:00,fetch_page,group_clasificaciones,12929171,https://www.rffm.es/competicion/clasificaciones?temporada=16&competicion=12236062&grupo=12929171&tipojuego=2,200,True,0,html_next_data,,,0.46870387100000244
78779790cae2,2026-08-03T20:39:09.030258+00:00,fetch_page,group_goleadores,12929171,https://www.rffm.es/competicion/goleadores?temporada=16&competicion=12236062&grupo=12929171&tipojuego=2,200,True,0,html_next_data,,,1.7741109429999824
78779790cae2,2026-08-03T20:39:09.937150+00:00,fetch_page,group_calendario,12929194,https://www.rffm.es/competicion/calendario?temporada=16&competicion=12236062&grupo=12929194&jornada=1&tipojuego=2,200,True,0,html_next_data,,,0.8984557210000048
78779790cae2,2026-08-03T20:39:10.468360+00:00,fetch_page,group_clasificaciones,12929194,https://www.rffm.es/competicion/clasificaciones?temporada=16&competicion=12236062&grupo=12929194&tipojuego=2,200,True,0,html_next_data,,,0.5262499469999966
78779790cae2,2026-08-03T20:39:11.564736+00:00,fetch_page,group_goleadores,12929194,https://www.rffm.es/competicion/goleadores?temporada=16&competicion=12236062&grupo=12929194&tipojuego=2,200,True,0,html_next_data,,,1.092255157000011
78779790cae2,2026-08-03T20:39:12.251481+00:00,fetch_page,group_calendario,12929220,https://www.rffm.es/competicion/calendario?temporada=16&competicion=12236062&grupo=12929220&jornada=1&tipojuego=2,200,True,0,html_next_data,,,0.679857845000015
78779790cae2,2026-08-03T20:39:12.729792+00:00,fetch_page,group_clasificaciones,12929220,https://www.rffm.es/competicion/clasificaciones?temporada=16&competicion=12236062&grupo=12929220&tipojuego=2,200,True,0,html_next_data,,,0.47461263200000303
78779790cae2,2026-08-03T20:39:13.869936+00:00,fetch_page,group_goleadores,12929220,https://www.rffm.es/competicion/goleadores?temporada=16&competicion=12236062&grupo=12929220&tipojuego=2,200,True,0,html_next_data,,,1.1363528610000344
78779790cae2,2026-08-03T20:39:14.464498+00:00,fetch_page,group_calendario,12929259,https://www.rffm.es/competicion/calendario?temporada=16&competicion=12236062&grupo=12929259&jornada=1&tipojuego=2,200,True,0,html_next_data,,,0.587904409000032
78779790cae2,2026-08-03T20:39:15.797823+00:00,fetch_page,group_clasificaciones,12929259,https://www.rffm.es/competicion/clasificaciones?temporada=16&competicion=12236062&grupo=12929259&tipojuego=2,200,True,0,html_next_data,,,1.3295599840000136
78779790cae2,2026-08-03T20:39:16.628553+00:00,fetch_page,group_goleadores,12929259,https://www.rffm.es/competicion/goleadores?temporada=16&competicion=12236062&grupo=12929259&tipojuego=2,200,True,0,html_next_data,,,0.8269275239999843
78779790cae2,2026-08-03T20:39:17.325009+00:00,fetch_page,group_calendario,12929289,https://www.rffm.es/competicion/calendario?temporada=16&competicion=12236062&grupo=12929289&jornada=1&tipojuego=2,200,True,0,html_next_data,,,0.6888645550000092
78779790cae2,2026-08-03T20:39:17.878552+00:00,fetch_page,group_clasificaciones,12929289,https://www.rffm.es/competicion/clasificaciones?temporada=16&competicion=12236062&grupo=12929289&tipojuego=2,200,True,0,html_next_data,,,0.5494360160000156
78779790cae2,2026-08-03T20:39:19.165009+00:00,fetch_page,group_goleadores,12929289,https://www.rffm.es/competicion/goleadores?temporada=16&competicion=12236062&grupo=12929289&tipojuego=2,200,True,0,html_next_data,,,1.2823045680000291
78779790cae2,2026-08-03T20:39:19.703714+00:00,fetch_page,group_calendario,12929613,https://www.rffm.es/competicion/calendario?temporada=16&competicion=12236062&grupo=12929613&jornada=1&tipojuego=2,200,True,0,html_next_data,,,0.529548372000022
78779790cae2,2026-08-03T20:39:20.788362+00:00,fetch_page,group_clasificaciones,12929613,https://www.rffm.es/competicion/clasificaciones?temporada=16&competicion=12236062&grupo=12929613&tipojuego=2,200,True,0,html_next_data,,,1.0796141829999897
78779790cae2,2026-08-03T20:39:21.333858+00:00,fetch_page,group_goleadores,12929613,https://www.rffm.es/competicion/goleadores?temporada=16&competicion=12236062&grupo=12929613&tipojuego=2,200,True,0,html_next_data,,,0.5417113940000036
78779790cae2,2026-08-03T20:39:22.123305+00:00,fetch_page,group_calendario,12929632,https://www.rffm.es/competicion/calendario?temporada=16&competicion=12236062&grupo=12929632&jornada=1&tipojuego=2,200,True,0,html_next_data,,,0.782761091999987
78779790cae2,2026-08-03T20:39:22.710363+00:00,fetch_page,group_clasificaciones,12929632,https://www.rffm.es/competicion/clasificaciones?temporada=16&competicion=12236062&grupo=12929632&tipojuego=2,200,True,0,html_next_data,,,0.5832457909999675
78779790cae2,2026-08-03T20:39:24.328689+00:00,fetch_page,group_goleadores,12929632,https://www.rffm.es/competicion/goleadores?temporada=16&competicion=12236062&grupo=12929632&tipojuego=2,200,True,0,html_next_data,,,1.6145368540000504
78779790cae2,2026-08-03T20:39:24.824652+00:00,fetch_page,group_calendario,13489294,https://www.rffm.es/competicion/calendario?temporada=16&competicion=13489293&grupo=13489294&jornada=1&tipojuego=2,200,True,0,html_next_data,,,0.4885316399999624
78779790cae2,2026-08-03T20:39:25.525205+00:00,fetch_page,group_clasificaciones,13489294,https://www.rffm.es/competicion/clasificaciones?temporada=16&competicion=13489293&grupo=13489294&tipojuego=2,200,True,0,html_next_data,,,0.6970632620000288
78779790cae2,2026-08-03T20:39:26.481269+00:00,fetch_page,group_goleadores,13489294,https://www.rffm.es/competicion/goleadores?temporada=16&competicion=13489293&grupo=13489294&tipojuego=2,200,True,0,html_next_data,,,0.952314771000033
78779790cae2,2026-08-03T20:39:27.129838+00:00,fetch_page,group_calendario,13489296,https://www.rffm.es/competicion/calendario?temporada=16&competicion=13489293&grupo=13489296&jornada=1&tipojuego=2,200,True,0,html_next_data,,,0.6401814549999472
78779790cae2,2026-08-03T20:39:27.777538+00:00,fetch_page,group_clasificaciones,13489296,https://www.rffm.es/competicion/clasificaciones?temporada=16&competicion=13489293&grupo=13489296&tipojuego=2,200,True,0,html_next_data,,,0.6441519130000302
78779790cae2,2026-08-03T20:39:28.691196+00:00,fetch_page,group_goleadores,13489296,https://www.rffm.es/competicion/goleadores?temporada=16&competicion=13489293&grupo=13489296&tipojuego=2,200,True,0,html_next_data,,,0.9098544789999892
78779790cae2,2026-08-03T20:39:29.479526+00:00,fetch_page,group_calendario,13489297,https://www.rffm.es/competicion/calendario?temporada=16&competicion=13489293&grupo=13489297&jornada=1&tipojuego=2,200,True,0,html_next_data,,,0.781949118
78779790cae2,2026-08-03T20:39:30.556835+00:00,fetch_page,group_clasificaciones,13489297,https://www.rffm.es/competicion/clasificaciones?temporada=16&competicion=13489293&grupo=13489297&tipojuego=2,200,True,0,html_next_data,,,1.072488830999987
78779790cae2,2026-08-03T20:39:31.193090+00:00,fetch_page,group_goleadores,13489297,https://www.rffm.es/competicion/goleadores?temporada=16&competicion=13489293&grupo=13489297&tipojuego=2,200,True,0,html_next_data,,,0.6324968459999809
78779790cae2,2026-08-03T20:39:32.151755+00:00,fetch_page,group_calendario,13489298,https://www.rffm.es/competicion/calendario?temporada=16&competicion=13489293&grupo=13489298&jornada=1&tipojuego=2,200,True,0,html_next_data,,,0.9519800580000037
78779790cae2,2026-08-03T20:39:32.645732+00:00,fetch_page,group_clasificaciones,13489298,https://www.rffm.es/competicion/clasificaciones?temporada=16&competicion=13489293&grupo=13489298&tipojuego=2,200,True,0,html_next_data,,,0.49040344500002675
78779790cae2,2026-08-03T20:39:33.437976+00:00,fetch_page,group_goleadores,13489298,https://www.rffm.es/competicion/goleadores?temporada=16&competicion=13489293&grupo=13489298&tipojuego=2,200,True,0,html_next_data,,,0.7884694980000404
78779790cae2,2026-08-03T20:39:34.191791+00:00,fetch_page,group_calendario,13489299,https://www.rffm.es/competicion/calendario?temporada=16&competicion=13489293&grupo=13489299&jornada=1&tipojuego=2,200,True,0,html_next_data,,,0.7474436599999876
78779790cae2,2026-08-03T20:39:34.845967+00:00,fetch_page,group_clasificaciones,13489299,https://www.rffm.es/competicion/clasificaciones?temporada=16&competicion=13489293&grupo=13489299&tipojuego=2,200,True,0,html_next_data,,,0.6506944660000045
78779790cae2,2026-08-03T20:39:36.339846+00:00,fetch_page,group_goleadores,13489299,https://www.rffm.es/competicion/goleadores?temporada=16&competicion=13489293&grupo=13489299&tipojuego=2,200,True,0,html_next_data,,,1.4901312399999824
78779790cae2,2026-08-03T20:39:36.925768+00:00,fetch_page,group_calendario,13489300,https://www.rffm.es/competicion/calendario?temporada=16&competicion=13489293&grupo=13489300&jornada=1&tipojuego=2,200,True,0,html_next_data,,,0.5791803630000345
78779790cae2,2026-08-03T20:39:37.527814+00:00,fetch_page,group_clasificaciones,13489300,https://www.rffm.es/competicion/clasificaciones?temporada=16&competicion=13489293&grupo=13489300&tipojuego=2,200,True,0,html_next_data,,,0.5984902540000121
78779790cae2,2026-08-03T20:39:38.597494+00:00,fetch_page,group_goleadores,13489300,https://www.rffm.es/competicion/goleadores?temporada=16&competicion=13489293&grupo=13489300&tipojuego=2,200,True,0,html_next_data,,,1.0657213799999568
78779790cae2,2026-08-03T20:39:39.158714+00:00,fetch_page,group_calendario,13489301,https://www.rffm.es/competicion/calendario?temporada=16&competicion=13489293&grupo=13489301&jornada=1&tipojuego=2,200,True,0,html_next_data,,,0.5540496259999941
78779790cae2,2026-08-03T20:39:40.289633+00:00,fetch_page,group_clasificaciones,13489301,https://www.rffm.es/competicion/clasificaciones?temporada=16&competicion=13489293&grupo=13489301&tipojuego=2,200,True,0,html_next_data,,,1.1259820500000046
78779790cae2,2026-08-03T20:39:40.964488+00:00,fetch_page,group_goleadores,13489301,https://www.rffm.es/competicion/goleadores?temporada=16&competicion=13489293&grupo=13489301&tipojuego=2,200,True,0,html_next_data,,,0.6474717300000066
78779790cae2,2026-08-03T20:39:42.066051+00:00,fetch_page,group_calendario,13489302,https://www.rffm.es/competicion/calendario?temporada=16&competicion=13489293&grupo=13489302&jornada=1&tipojuego=2,200,True,0,html_next_data,,,1.0944198720000031
78779790cae2,2026-08-03T20:39:42.991234+00:00,fetch_page,group_clasificaciones,13489302,https://www.rffm.es/competicion/clasificaciones?temporada=16&competicion=13489293&grupo=13489302&tipojuego=2,200,True,0,html_next_data,,,0.9216385510000009
78779790cae2,2026-08-03T20:39:43.596302+00:00,fetch_page,group_goleadores,13489302,https://www.rffm.es/competicion/goleadores?temporada=16&competicion=13489293&grupo=13489302&tipojuego=2,200,True,0,html_next_data,,,0.6012298209999472
78779790cae2,2026-08-03T20:39:44.672223+00:00,fetch_page,group_calendario,13489303,https://www.rffm.es/competicion/calendario?temporada=16&competicion=13489293&grupo=13489303&jornada=1&tipojuego=2,200,True,0,html_next_data,,,1.0695403779999992
78779790cae2,2026-08-03T20:39:45.112857+00:00,fetch_page,group_clasificaciones,13489303,https://www.rffm.es/competicion/clasificaciones?temporada=16&competicion=13489293&grupo=13489303&tipojuego=2,200,True,0,html_next_data,,,0.4370810929999607
78779790cae2,2026-08-03T20:39:45.968670+00:00,fetch_page,group_goleadores,13489303,https://www.rffm.es/competicion/goleadores?temporada=16&competicion=13489293&grupo=13489303&tipojuego=2,200,True,0,html_next_data,,,0.8520710120000103
78779790cae2,2026-08-03T20:39:47.253526+00:00,fetch_page,group_calendario,13489304,https://www.rffm.es/competicion/calendario?temporada=16&competicion=13489293&grupo=13489304&jornada=1&tipojuego=2,200,True,0,html_next_data,,,1.278433425000003
78779790cae2,2026-08-03T20:39:47.688655+00:00,fetch_page,group_clasificaciones,13489304,https://www.rffm.es/competicion/clasificaciones?temporada=16&competicion=13489293&grupo=13489304&tipojuego=2,200,True,0,html_next_data,,,0.43143419299997277
78779790cae2,2026-08-03T20:39:48.642248+00:00,fetch_page,group_goleadores,13489304,https://www.rffm.es/competicion/goleadores?temporada=16&competicion=13489293&grupo=13489304&tipojuego=2,200,True,0,html_next_data,,,0.9498134140000047
78779790cae2,2026-08-03T20:39:50.719154+00:00,fetch_page,group_calendario,13489305,https://www.rffm.es/competicion/calendario?temporada=16&competicion=13489293&grupo=13489305&jornada=1&tipojuego=2,200,True,0,html_next_data,,,2.0703903499999683
78779790cae2,2026-08-03T20:39:51.374161+00:00,fetch_page,group_clasificaciones,13489305,https://www.rffm.es/competicion/clasificaciones?temporada=16&competicion=13489293&grupo=13489305&tipojuego=2,200,True,0,html_next_data,,,0.6514019330000451
78779790cae2,2026-08-03T20:39:52.157105+00:00,fetch_page,group_goleadores,13489305,https://www.rffm.es/competicion/goleadores?temporada=16&competicion=13489293&grupo=13489305&tipojuego=2,200,True,0,html_next_data,,,0.7778831900000114
78779790cae2,2026-08-03T20:39:52.814193+00:00,fetch_page,group_calendario,13489306,https://www.rffm.es/competicion/calendario?temporada=16&competicion=13489293&grupo=13489306&jornada=1&tipojuego=2,200,True,0,html_next_data,,,0.650594070000011
78779790cae2,2026-08-03T20:39:53.453682+00:00,fetch_page,group_clasificaciones,13489306,https://www.rffm.es/competicion/clasificaciones?temporada=16&competicion=13489293&grupo=13489306&tipojuego=2,200,True,0,html_next_data,,,0.6358647150000252
78779790cae2,2026-08-03T20:39:54.762756+00:00,fetch_page,group_goleadores,13489306,https://www.rffm.es/competicion/goleadores?temporada=16&competicion=13489293&grupo=13489306&tipojuego=2,200,True,0,html_next_data,,,1.305293330999973
78779790cae2,2026-08-03T20:39:55.358662+00:00,fetch_page,group_calendario,13489308,https://www.rffm.es/competicion/calendario?temporada=16&competicion=13489293&grupo=13489308&jornada=1&tipojuego=2,200,True,0,html_next_data,,,0.5894912629999567
78779790cae2,2026-08-03T20:39:55.968222+00:00,fetch_page,group_clasificaciones,13489308,https://www.rffm.es/competicion/clasificaciones?temporada=16&competicion=13489293&grupo=13489308&tipojuego=2,200,True,0,html_next_data,,,0.6059749579999902
78779790cae2,2026-08-03T20:39:57.579368+00:00,fetch_page,group_goleadores,13489308,https://www.rffm.es/competicion/goleadores?temporada=16&competicion=13489293&grupo=13489308&tipojuego=2,200,True,0,html_next_data,,,1.6073625650000167
78779790cae2,2026-08-03T20:39:58.192479+00:00,fetch_page,group_calendario,13489309,https://www.rffm.es/competicion/calendario?temporada=16&competicion=13489293&grupo=13489309&jornada=1&tipojuego=2,200,True,0,html_next_data,,,0.6065973720000102
78779790cae2,2026-08-03T20:39:58.839583+00:00,fetch_page,group_clasificaciones,13489309,https://www.rffm.es/competicion/clasificaciones?temporada=16&competicion=13489293&grupo=13489309&tipojuego=2,200,True,0,html_next_data,,,0.6434938820000298
78779790cae2,2026-08-03T20:39:59.933252+00:00,fetch_page,group_goleadores,13489309,https://www.rffm.es/competicion/goleadores?temporada=16&competicion=13489293&grupo=13489309&tipojuego=2,200,True,0,html_next_data,,,1.0898081029999958
78779790cae2,2026-08-03T20:40:00.575660+00:00,fetch_page,group_calendario,13489310,https://www.rffm.es/competicion/calendario?temporada=16&competicion=13489293&grupo=13489310&jornada=1&tipojuego=2,200,True,0,html_next_data,,,0.635980356999994
78779790cae2,2026-08-03T20:40:01.197488+00:00,fetch_page,group_clasificaciones,13489310,https://www.rffm.es/competicion/clasificaciones?temporada=16&competicion=13489293&grupo=13489310&tipojuego=2,200,True,0,html_next_data,,,0.6182397880000394
78779790cae2,2026-08-03T20:40:02.715262+00:00,fetch_page,group_goleadores,13489310,https://www.rffm.es/competicion/goleadores?temporada=16&competicion=13489293&grupo=13489310&tipojuego=2,200,True,0,html_next_data,,,1.5125296730000173
78779790cae2,2026-08-03T20:40:03.721911+00:00,fetch_page,group_calendario,13489356,https://www.rffm.es/competicion/calendario?temporada=16&competicion=13489293&grupo=13489356&jornada=1&tipojuego=2,200,True,0,html_next_data,,,1.0002293640000062
78779790cae2,2026-08-03T20:40:04.261801+00:00,fetch_page,group_clasificaciones,13489356,https://www.rffm.es/competicion/clasificaciones?temporada=16&competicion=13489293&grupo=13489356&tipojuego=2,200,True,0,html_next_data,,,0.53634208699998
78779790cae2,2026-08-03T20:40:05.104085+00:00,fetch_page,group_goleadores,13489356,https://www.rffm.es/competicion/goleadores?temporada=16&competicion=13489293&grupo=13489356&tipojuego=2,200,True,0,html_next_data,,,0.8382903240000132
78779790cae2,2026-08-03T20:40:05.928991+00:00,fetch_page,group_calendario,13489312,https://www.rffm.es/competicion/calendario?temporada=16&competicion=13489293&grupo=13489312&jornada=1&tipojuego=2,200,True,0,html_next_data,,,0.8186365870000145
78779790cae2,2026-08-03T20:40:06.452835+00:00,fetch_page,group_clasificaciones,13489312,https://www.rffm.es/competicion/clasificaciones?temporada=16&competicion=13489293&grupo=13489312&tipojuego=2,200,True,0,html_next_data,,,0.520290665999994
78779790cae2,2026-08-03T20:40:07.813876+00:00,fetch_page,group_goleadores,13489312,https://www.rffm.es/competicion/goleadores?temporada=16&competicion=13489293&grupo=13489312&tipojuego=2,200,True,0,html_next_data,,,1.3572132280000346
78779790cae2,2026-08-03T20:40:08.485949+00:00,fetch_page,group_calendario,13489313,https://www.rffm.es/competicion/calendario?temporada=16&competicion=13489293&grupo=13489313&jornada=1&tipojuego=2,200,True,0,html_next_data,,,0.6653898650000087
78779790cae2,2026-08-03T20:40:09.547254+00:00,fetch_page,group_clasificaciones,13489313,https://www.rffm.es/competicion/clasificaciones?temporada=16&competicion=13489293&grupo=13489313&tipojuego=2,200,True,0,html_next_data,,,1.057636742999989
78779790cae2,2026-08-03T20:40:10.819889+00:00,fetch_page,group_goleadores,13489313,https://www.rffm.es/competicion/goleadores?temporada=16&competicion=13489293&grupo=13489313&tipojuego=2,200,True,0,html_next_data,,,1.268843373999971
78779790cae2,2026-08-03T20:40:11.409097+00:00,fetch_page,group_calendario,13489314,https://www.rffm.es/competicion/calendario?temporada=16&competicion=13489293&grupo=13489314&jornada=1&tipojuego=2,200,True,0,html_next_data,,,0.5827768920000267
78779790cae2,2026-08-03T20:40:12.476675+00:00,fetch_page,group_clasificaciones,13489314,https://www.rffm.es/competicion/clasificaciones?temporada=16&competicion=13489293&grupo=13489314&tipojuego=2,200,True,0,html_next_data,,,1.064020835000008
78779790cae2,2026-08-03T20:40:13.126719+00:00,fetch_page,group_goleadores,13489314,https://www.rffm.es/competicion/goleadores?temporada=16&competicion=13489293&grupo=13489314&tipojuego=2,200,True,0,html_next_data,,,0.6448777499999778
78779790cae2,2026-08-03T20:40:14.000707+00:00,fetch_page,group_calendario,13489315,https://www.rffm.es/competicion/calendario?temporada=16&competicion=13489293&grupo=13489315&jornada=1&tipojuego=2,200,True,0,html_next_data,,,0.8675418870000158
78779790cae2,2026-08-03T20:40:14.439196+00:00,fetch_page,group_clasificaciones,13489315,https://www.rffm.es/competicion/clasificaciones?temporada=16&competicion=13489293&grupo=13489315&tipojuego=2,200,True,0,html_next_data,,,0.43484731799998144
78779790cae2,2026-08-03T20:40:15.393944+00:00,fetch_page,group_goleadores,13489315,https://www.rffm.es/competicion/goleadores?temporada=16&competicion=13489293&grupo=13489315&tipojuego=2,200,True,0,html_next_data,,,0.9506864860000519
78779790cae2,2026-08-03T20:40:16.085562+00:00,fetch_page,group_calendario,13489316,https://www.rffm.es/competicion/calendario?temporada=16&competicion=13489293&grupo=13489316&jornada=1&tipojuego=2,200,True,0,html_next_data,,,0.6850650320000113
78779790cae2,2026-08-03T20:40:17.044753+00:00,fetch_page,group_clasificaciones,13489316,https://www.rffm.es/competicion/clasificaciones?temporada=16&competicion=13489293&grupo=13489316&tipojuego=2,200,True,0,html_next_data,,,0.9555701719999661
78779790cae2,2026-08-03T20:40:17.647520+00:00,fetch_page,group_goleadores,13489316,https://www.rffm.es/competicion/goleadores?temporada=16&competicion=13489293&grupo=13489316&tipojuego=2,200,True,0,html_next_data,,,0.5990285729999982
78779790cae2,2026-08-03T20:40:18.370980+00:00,fetch_page,group_calendario,13489317,https://www.rffm.es/competicion/calendario?temporada=16&competicion=13489293&grupo=13489317&jornada=1&tipojuego=2,200,True,0,html_next_data,,,0.7169776389999925
78779790cae2,2026-08-03T20:40:19.074712+00:00,fetch_page,group_clasificaciones,13489317,https://www.rffm.es/competicion/clasificaciones?temporada=16&competicion=13489293&grupo=13489317&tipojuego=2,200,True,0,html_next_data,,,0.7001550519999569
78779790cae2,2026-08-03T20:40:19.960442+00:00,fetch_page,group_goleadores,13489317,https://www.rffm.es/competicion/goleadores?temporada=16&competicion=13489293&grupo=13489317&tipojuego=2,200,True,0,html_next_data,,,0.8820032769999671
78779790cae2,2026-08-03T20:40:20.603401+00:00,fetch_page,group_calendario,13489318,https://www.rffm.es/competicion/calendario?temporada=16&competicion=13489293&grupo=13489318&jornada=1&tipojuego=2,200,True,0,html_next_data,,,0.6366118349999965
78779790cae2,2026-08-03T20:40:21.288142+00:00,fetch_page,group_clasificaciones,13489318,https://www.rffm.es/competicion/clasificaciones?temporada=16&competicion=13489293&grupo=13489318&tipojuego=2,200,True,0,html_next_data,,,0.6811941469999852
78779790cae2,2026-08-03T20:40:22.280047+00:00,fetch_page,group_goleadores,13489318,https://www.rffm.es/competicion/goleadores?temporada=16&competicion=13489293&grupo=13489318&tipojuego=2,200,True,0,html_next_data,,,0.9866930320000051
78779790cae2,2026-08-03T20:40:22.941418+00:00,fetch_page,group_calendario,13489319,https://www.rffm.es/competicion/calendario?temporada=16&competicion=13489293&grupo=13489319&jornada=1&tipojuego=2,200,True,0,html_next_data,,,0.6549589790000141
78779790cae2,2026-08-03T20:40:23.809218+00:00,fetch_page,group_clasificaciones,13489319,https://www.rffm.es/competicion/clasificaciones?temporada=16&competicion=13489293&grupo=13489319&tipojuego=2,200,True,0,html_next_data,,,0.8641277319999858
78779790cae2,2026-08-03T20:40:24.618121+00:00,fetch_page,group_goleadores,13489319,https://www.rffm.es/competicion/goleadores?temporada=16&competicion=13489293&grupo=13489319&tipojuego=2,200,True,0,html_next_data,,,0.8050890750000121
78779790cae2,2026-08-03T20:40:25.648673+00:00,fetch_page,group_calendario,13489320,https://www.rffm.es/competicion/calendario?temporada=16&competicion=13489293&grupo=13489320&jornada=1&tipojuego=2,200,True,0,html_next_data,,,1.024011664999989
78779790cae2,2026-08-03T20:40:26.112613+00:00,fetch_page,group_clasificaciones,13489320,https://www.rffm.es/competicion/clasificaciones?temporada=16&competicion=13489293&grupo=13489320&tipojuego=2,200,True,0,html_next_data,,,0.4603862230000004
78779790cae2,2026-08-03T20:40:26.984658+00:00,fetch_page,group_goleadores,13489320,https://www.rffm.es/competicion/goleadores?temporada=16&competicion=13489293&grupo=13489320&tipojuego=2,200,True,0,html_next_data,,,0.8681145160000483
78779790cae2,2026-08-03T20:40:27.780280+00:00,fetch_page,group_calendario,13489321,https://www.rffm.es/competicion/calendario?temporada=16&competicion=13489293&grupo=13489321&jornada=1&tipojuego=2,200,True,0,html_next_data,,,0.7890905840000073
78779790cae2,2026-08-03T20:40:28.423586+00:00,fetch_page,group_clasificaciones,13489321,https://www.rffm.es/competicion/clasificaciones?temporada=16&competicion=13489293&grupo=13489321&tipojuego=2,200,True,0,html_next_data,,,0.6397054260000345
78779790cae2,2026-08-03T20:40:29.256873+00:00,fetch_page,group_goleadores,13489321,https://www.rffm.es/competicion/goleadores?temporada=16&competicion=13489293&grupo=13489321&tipojuego=2,200,True,0,html_next_data,,,0.8294628080000166
78779790cae2,2026-08-03T20:40:30.639836+00:00,fetch_page,group_calendario,13489322,https://www.rffm.es/competicion/calendario?temporada=16&competicion=13489293&grupo=13489322&jornada=1&tipojuego=2,200,True,0,html_next_data,,,1.3766175590000103
78779790cae2,2026-08-03T20:40:31.103080+00:00,fetch_page,group_clasificaciones,13489322,https://www.rffm.es/competicion/clasificaciones?temporada=16&competicion=13489293&grupo=13489322&tipojuego=2,200,True,0,html_next_data,,,0.4597898879999889
78779790cae2,2026-08-03T20:40:32.974197+00:00,fetch_page,group_goleadores,13489322,https://www.rffm.es/competicion/goleadores?temporada=16&competicion=13489293&grupo=13489322&tipojuego=2,200,True,0,html_next_data,,,1.8656723149999834
78779790cae2,2026-08-03T20:40:34.490265+00:00,fetch_page,group_calendario,13489323,https://www.rffm.es/competicion/calendario?temporada=16&competicion=13489293&grupo=13489323&jornada=1&tipojuego=2,200,True,0,html_next_data,,,1.5093538840000065
78779790cae2,2026-08-03T20:40:35.031691+00:00,fetch_page,group_clasificaciones,13489323,https://www.rffm.es/competicion/clasificaciones?temporada=16&competicion=13489293&grupo=13489323&tipojuego=2,200,True,0,html_next_data,,,0.5379566149999846
78779790cae2,2026-08-03T20:40:35.745517+00:00,fetch_page,group_goleadores,13489323,https://www.rffm.es/competicion/goleadores?temporada=16&competicion=13489293&grupo=13489323&tipojuego=2,200,True,0,html_next_data,,,0.7100296760000333
78779790cae2,2026-08-03T20:40:36.639362+00:00,fetch_page,group_calendario,13489324,https://www.rffm.es/competicion/calendario?temporada=16&competicion=13489293&grupo=13489324&jornada=1&tipojuego=2,200,True,0,html_next_data,,,0.8876050549999945
78779790cae2,2026-08-03T20:40:37.220316+00:00,fetch_page,group_clasificaciones,13489324,https://www.rffm.es/competicion/clasificaciones?temporada=16&competicion=13489293&grupo=13489324&tipojuego=2,200,True,0,html_next_data,,,0.5771964849999449
78779790cae2,2026-08-03T20:40:38.463243+00:00,fetch_page,group_goleadores,13489324,https://www.rffm.es/competicion/goleadores?temporada=16&competicion=13489293&grupo=13489324&tipojuego=2,200,True,0,html_next_data,,,1.2391008399999919
78779790cae2,2026-08-03T20:40:39.444220+00:00,fetch_page,group_calendario,13489325,https://www.rffm.es/competicion/calendario?temporada=16&competicion=13489293&grupo=13489325&jornada=1&tipojuego=2,200,True,0,html_next_data,,,0.9745937470000285
78779790cae2,2026-08-03T20:40:39.876141+00:00,fetch_page,group_clasificaciones,13489325,https://www.rffm.es/competicion/clasificaciones?temporada=16&competicion=13489293&grupo=13489325&tipojuego=2,200,True,0,html_next_data,,,0.42822540499997785
78779790cae2,2026-08-03T20:40:40.971255+00:00,fetch_page,group_goleadores,13489325,https://www.rffm.es/competicion/goleadores?temporada=16&competicion=13489293&grupo=13489325&tipojuego=2,200,True,0,html_next_data,,,1.091322550999962
78779790cae2,2026-08-03T20:40:41.560784+00:00,fetch_page,group_calendario,13489327,https://www.rffm.es/competicion/calendario?temporada=16&competicion=13489293&grupo=13489327&jornada=1&tipojuego=2,200,True,0,html_next_data,,,0.5830412999999908
78779790cae2,2026-08-03T20:40:42.192032+00:00,fetch_page,group_clasificaciones,13489327,https://www.rffm.es/competicion/clasificaciones?temporada=16&competicion=13489293&grupo=13489327&tipojuego=2,200,True,0,html_next_data,,,0.6276178699999946
78779790cae2,2026-08-03T20:40:43.101398+00:00,fetch_page,group_goleadores,13489327,https://www.rffm.es/competicion/goleadores?temporada=16&competicion=13489293&grupo=13489327&tipojuego=2,200,True,0,html_next_data,,,0.9042680570000243
78779790cae2,2026-08-03T20:40:43.796436+00:00,fetch_page,group_calendario,13489329,https://www.rffm.es/competicion/calendario?temporada=16&competicion=13489293&grupo=13489329&jornada=1&tipojuego=2,200,True,0,html_next_data,,,0.6885948859999758
78779790cae2,2026-08-03T20:40:44.573320+00:00,fetch_page,group_clasificaciones,13489329,https://www.rffm.es/competicion/clasificaciones?temporada=16&competicion=13489293&grupo=13489329&tipojuego=2,200,True,0,html_next_data,,,0.7733427839999649
78779790cae2,2026-08-03T20:40:45.933995+00:00,fetch_page,group_goleadores,13489329,https://www.rffm.es/competicion/goleadores?temporada=16&competicion=13489293&grupo=13489329&tipojuego=2,200,True,0,html_next_data,,,1.3569829260000006
78779790cae2,2026-08-03T20:40:46.507372+00:00,fetch_page,group_calendario,13489334,https://www.rffm.es/competicion/calendario?temporada=16&competicion=13489293&grupo=13489334&jornada=1&tipojuego=2,200,True,0,html_next_data,,,0.56695627900001
78779790cae2,2026-08-03T20:40:47.113128+00:00,fetch_page,group_clasificaciones,13489334,https://www.rffm.es/competicion/clasificaciones?temporada=16&competicion=13489293&grupo=13489334&tipojuego=2,200,True,0,html_next_data,,,0.6021185179999975
78779790cae2,2026-08-03T20:40:48.642400+00:00,fetch_page,group_goleadores,13489334,https://www.rffm.es/competicion/goleadores?temporada=16&competicion=13489293&grupo=13489334&tipojuego=2,200,True,0,html_next_data,,,1.525468688999979
78779790cae2,2026-08-03T20:40:49.162953+00:00,fetch_page,group_calendario,13489335,https://www.rffm.es/competicion/calendario?temporada=16&competicion=13489293&grupo=13489335&jornada=1&tipojuego=2,200,True,0,html_next_data,,,0.5141201949999754
78779790cae2,2026-08-03T20:40:49.817559+00:00,fetch_page,group_clasificaciones,13489335,https://www.rffm.es/competicion/clasificaciones?temporada=16&competicion=13489293&grupo=13489335&tipojuego=2,200,True,0,html_next_data,,,0.6510896249999973
78779790cae2,2026-08-03T20:40:50.713024+00:00,fetch_page,group_goleadores,13489335,https://www.rffm.es/competicion/goleadores?temporada=16&competicion=13489293&grupo=13489335&tipojuego=2,200,True,0,html_next_data,,,0.8914828229999898
78779790cae2,2026-08-03T20:40:51.394735+00:00,fetch_page,group_calendario,13489336,https://www.rffm.es/competicion/calendario?temporada=16&competicion=13489293&grupo=13489336&jornada=1&tipojuego=2,200,True,0,html_next_data,,,0.6754077619999634
78779790cae2,2026-08-03T20:40:52.090831+00:00,fetch_page,group_clasificaciones,13489336,https://www.rffm.es/competicion/clasificaciones?temporada=16&competicion=13489293&grupo=13489336&tipojuego=2,200,True,0,html_next_data,,,0.6926534010000296
78779790cae2,2026-08-03T20:40:53.029484+00:00,fetch_page,group_goleadores,13489336,https://www.rffm.es/competicion/goleadores?temporada=16&competicion=13489293&grupo=13489336&tipojuego=2,200,True,0,html_next_data,,,0.9336207929999887
78779790cae2,2026-08-03T20:40:53.714484+00:00,fetch_page,group_calendario,13489337,https://www.rffm.es/competicion/calendario?temporada=16&competicion=13489293&grupo=13489337&jornada=1&tipojuego=2,200,True,0,html_next_data,,,0.678679413999987
78779790cae2,2026-08-03T20:40:54.823411+00:00,fetch_page,group_clasificaciones,13489337,https://www.rffm.es/competicion/clasificaciones?temporada=16&competicion=13489293&grupo=13489337&tipojuego=2,200,True,0,html_next_data,,,1.1051584939999657
78779790cae2,2026-08-03T20:40:55.391826+00:00,fetch_page,group_goleadores,13489337,https://www.rffm.es/competicion/goleadores?temporada=16&competicion=13489293&grupo=13489337&tipojuego=2,200,True,0,html_next_data,,,0.5646851399999946
78779790cae2,2026-08-03T20:40:56.560058+00:00,fetch_page,group_calendario,13489338,https://www.rffm.es/competicion/calendario?temporada=16&competicion=13489293&grupo=13489338&jornada=1&tipojuego=2,200,True,0,html_next_data,,,1.161742074000017
78779790cae2,2026-08-03T20:40:56.971922+00:00,fetch_page,group_clasificaciones,13489338,https://www.rffm.es/competicion/clasificaciones?temporada=16&competicion=13489293&grupo=13489338&tipojuego=2,200,True,0,html_next_data,,,0.4082758679999756
78779790cae2,2026-08-03T20:40:57.934120+00:00,fetch_page,group_goleadores,13489338,https://www.rffm.es/competicion/goleadores?temporada=16&competicion=13489293&grupo=13489338&tipojuego=2,200,True,0,html_next_data,,,0.9583788520000098
78779790cae2,2026-08-03T20:40:58.672055+00:00,fetch_page,group_calendario,13489339,https://www.rffm.es/competicion/calendario?temporada=16&competicion=13489293&grupo=13489339&jornada=1&tipojuego=2,200,True,0,html_next_data,,,0.7313565359999643
78779790cae2,2026-08-03T20:40:59.261003+00:00,fetch_page,group_clasificaciones,13489339,https://www.rffm.es/competicion/clasificaciones?temporada=16&competicion=13489293&grupo=13489339&tipojuego=2,200,True,0,html_next_data,,,0.585373847000028
78779790cae2,2026-08-03T20:41:00.121173+00:00,fetch_page,group_goleadores,13489339,https://www.rffm.es/competicion/goleadores?temporada=16&competicion=13489293&grupo=13489339&tipojuego=2,200,True,0,html_next_data,,,0.8563522130000365
78779790cae2,2026-08-03T20:41:01.344017+00:00,fetch_page,group_calendario,13489340,https://www.rffm.es/competicion/calendario?temporada=16&competicion=13489293&grupo=13489340&jornada=1&tipojuego=2,200,True,0,html_next_data,,,1.21649183400001
78779790cae2,2026-08-03T20:41:02.118539+00:00,fetch_page,group_clasificaciones,13489340,https://www.rffm.es/competicion/clasificaciones?temporada=16&competicion=13489293&grupo=13489340&tipojuego=2,200,True,0,html_next_data,,,0.7710079830000041
78779790cae2,2026-08-03T20:41:03.168551+00:00,fetch_page,group_goleadores,13489340,https://www.rffm.es/competicion/goleadores?temporada=16&competicion=13489293&grupo=13489340&tipojuego=2,200,True,0,html_next_data,,,1.0448747639999851
78779790cae2,2026-08-03T20:41:03.763270+00:00,fetch_page,group_calendario,13489341,https://www.rffm.es/competicion/calendario?temporada=16&competicion=13489293&grupo=13489341&jornada=1&tipojuego=2,200,True,0,html_next_data,,,0.5880081700000233
78779790cae2,2026-08-03T20:41:04.722157+00:00,fetch_page,group_clasificaciones,13489341,https://www.rffm.es/competicion/clasificaciones?temporada=16&competicion=13489293&grupo=13489341&tipojuego=2,200,True,0,html_next_data,,,0.9552740179999546
78779790cae2,2026-08-03T20:41:05.931360+00:00,fetch_page,group_goleadores,13489341,https://www.rffm.es/competicion/goleadores?temporada=16&competicion=13489293&grupo=13489341&tipojuego=2,200,True,0,html_next_data,,,1.2054157420000138
78779790cae2,2026-08-03T20:41:06.669400+00:00,fetch_page,group_calendario,13489357,https://www.rffm.es/competicion/calendario?temporada=16&competicion=13489293&grupo=13489357&jornada=1&tipojuego=2,200,True,0,html_next_data,,,0.73156237500001
78779790cae2,2026-08-03T20:41:07.915976+00:00,fetch_page,group_clasificaciones,13489357,https://www.rffm.es/competicion/clasificaciones?temporada=16&competicion=13489293&grupo=13489357&tipojuego=2,200,True,0,html_next_data,,,1.242106487000001
78779790cae2,2026-08-03T20:41:08.513170+00:00,fetch_page,group_goleadores,13489357,https://www.rffm.es/competicion/goleadores?temporada=16&competicion=13489293&grupo=13489357&tipojuego=2,200,True,0,html_next_data,,,0.5934569660000193
78779790cae2,2026-08-03T20:41:09.790678+00:00,fetch_page,group_calendario,13489342,https://www.rffm.es/competicion/calendario?temporada=16&competicion=13489293&grupo=13489342&jornada=1&tipojuego=2,200,True,0,html_next_data,,,1.2710012730000244
78779790cae2,2026-08-03T20:41:10.677323+00:00,fetch_page,group_clasificaciones,13489342,https://www.rffm.es/competicion/clasificaciones?temporada=16&competicion=13489293&grupo=13489342&tipojuego=2,200,True,0,html_next_data,,,0.8831155290000083
78779790cae2,2026-08-03T20:41:11.199438+00:00,fetch_page,group_goleadores,13489342,https://www.rffm.es/competicion/goleadores?temporada=16&competicion=13489293&grupo=13489342&tipojuego=2,200,True,0,html_next_data,,,0.518359620999945
78779790cae2,2026-08-03T20:41:12.011010+00:00,fetch_page,group_calendario,13489343,https://www.rffm.es/competicion/calendario?temporada=16&competicion=13489293&grupo=13489343&jornada=1&tipojuego=2,200,True,0,html_next_data,,,0.8053035860000364
78779790cae2,2026-08-03T20:41:12.632148+00:00,fetch_page,group_clasificaciones,13489343,https://www.rffm.es/competicion/clasificaciones?temporada=16&competicion=13489293&grupo=13489343&tipojuego=2,200,True,0,html_next_data,,,0.6175495030000775
78779790cae2,2026-08-03T20:41:13.512225+00:00,fetch_page,group_goleadores,13489343,https://www.rffm.es/competicion/goleadores?temporada=16&competicion=13489293&grupo=13489343&tipojuego=2,200,True,0,html_next_data,,,0.8748890399999709
78779790cae2,2026-08-03T20:41:15.616400+00:00,fetch_page,group_calendario,13489344,https://www.rffm.es/competicion/calendario?temporada=16&competicion=13489293&grupo=13489344&jornada=1&tipojuego=2,200,True,0,html_next_data,,,2.097605627000007
78779790cae2,2026-08-03T20:41:16.112023+00:00,fetch_page,group_clasificaciones,13489344,https://www.rffm.es/competicion/clasificaciones?temporada=16&competicion=13489293&grupo=13489344&tipojuego=2,200,True,0,html_next_data,,,0.492058618000101
78779790cae2,2026-08-03T20:41:16.936867+00:00,fetch_page,group_goleadores,13489344,https://www.rffm.es/competicion/goleadores?temporada=16&competicion=13489293&grupo=13489344&tipojuego=2,200,True,0,html_next_data,,,0.8209795779999922
78779790cae2,2026-08-03T20:41:17.828148+00:00,fetch_page,group_calendario,13489346,https://www.rffm.es/competicion/calendario?temporada=16&competicion=13489293&grupo=13489346&jornada=1&tipojuego=2,200,True,0,html_next_data,,,0.8848761510000713
78779790cae2,2026-08-03T20:41:18.287854+00:00,fetch_page,group_clasificaciones,13489346,https://www.rffm.es/competicion/clasificaciones?temporada=16&competicion=13489293&grupo=13489346&tipojuego=2,200,True,0,html_next_data,,,0.45615507399998023
78779790cae2,2026-08-03T20:41:20.145382+00:00,fetch_page,group_goleadores,13489346,https://www.rffm.es/competicion/goleadores?temporada=16&competicion=13489293&grupo=13489346&tipojuego=2,200,True,0,html_next_data,,,1.8535038610000356
78779790cae2,2026-08-03T20:41:20.981842+00:00,fetch_page,group_calendario,13489347,https://www.rffm.es/competicion/calendario?temporada=16&competicion=13489293&grupo=13489347&jornada=1&tipojuego=2,200,True,0,html_next_data,,,0.830094551000002
78779790cae2,2026-08-03T20:41:21.391796+00:00,fetch_page,group_clasificaciones,13489347,https://www.rffm.es/competicion/clasificaciones?temporada=16&competicion=13489293&grupo=13489347&tipojuego=2,200,True,0,html_next_data,,,0.4066667760000655
78779790cae2,2026-08-03T20:41:22.809396+00:00,fetch_page,group_goleadores,13489347,https://www.rffm.es/competicion/goleadores?temporada=16&competicion=13489293&grupo=13489347&tipojuego=2,200,True,0,html_next_data,,,1.4138448890000745
78779790cae2,2026-08-03T20:41:23.376357+00:00,fetch_page,group_calendario,13489348,https://www.rffm.es/competicion/calendario?temporada=16&competicion=13489293&grupo=13489348&jornada=1&tipojuego=2,200,True,0,html_next_data,,,0.5607913159999498
78779790cae2,2026-08-03T20:41:24.000816+00:00,fetch_page,group_clasificaciones,13489348,https://www.rffm.es/competicion/clasificaciones?temporada=16&competicion=13489293&grupo=13489348&tipojuego=2,200,True,0,html_next_data,,,0.6208398149999539
78779790cae2,2026-08-03T20:41:24.873374+00:00,fetch_page,group_goleadores,13489348,https://www.rffm.es/competicion/goleadores?temporada=16&competicion=13489293&grupo=13489348&tipojuego=2,200,True,0,html_next_data,,,0.8674693689999913
78779790cae2,2026-08-03T20:41:26.210564+00:00,fetch_page,group_calendario,13489349,https://www.rffm.es/competicion/calendario?temporada=16&competicion=13489293&grupo=13489349&jornada=1&tipojuego=2,200,True,0,html_next_data,,,1.330658007000011
78779790cae2,2026-08-03T20:41:26.641081+00:00,fetch_page,group_clasificaciones,13489349,https://www.rffm.es/competicion/clasificaciones?temporada=16&competicion=13489293&grupo=13489349&tipojuego=2,200,True,0,html_next_data,,,0.42713980399992124
78779790cae2,2026-08-03T20:41:27.510634+00:00,fetch_page,group_goleadores,13489349,https://www.rffm.es/competicion/goleadores?temporada=16&competicion=13489293&grupo=13489349&tipojuego=2,200,True,0,html_next_data,,,0.8657801549999249
78779790cae2,2026-08-03T20:41:29.103139+00:00,fetch_page,group_calendario,13489350,https://www.rffm.es/competicion/calendario?temporada=16&competicion=13489293&grupo=13489350&jornada=1&tipojuego=2,200,True,0,html_next_data,,,1.5864471300000105
78779790cae2,2026-08-03T20:41:29.555439+00:00,fetch_page,group_clasificaciones,13489350,https://www.rffm.es/competicion/clasificaciones?temporada=16&competicion=13489293&grupo=13489350&tipojuego=2,200,True,0,html_next_data,,,0.44873330300004
78779790cae2,2026-08-03T20:41:30.454932+00:00,fetch_page,group_goleadores,13489350,https://www.rffm.es/competicion/goleadores?temporada=16&competicion=13489293&grupo=13489350&tipojuego=2,200,True,0,html_next_data,,,0.8957000750000361
78779790cae2,2026-08-03T20:41:31.190292+00:00,fetch_page,group_calendario,13489352,https://www.rffm.es/competicion/calendario?temporada=16&competicion=13489293&grupo=13489352&jornada=1&tipojuego=2,200,True,0,html_next_data,,,0.7288322609999796
78779790cae2,2026-08-03T20:41:31.828997+00:00,fetch_page,group_clasificaciones,13489352,https://www.rffm.es/competicion/clasificaciones?temporada=16&competicion=13489293&grupo=13489352&tipojuego=2,200,True,0,html_next_data,,,0.63520316000006
78779790cae2,2026-08-03T20:41:32.754125+00:00,fetch_page,group_goleadores,13489352,https://www.rffm.es/competicion/goleadores?temporada=16&competicion=13489293&grupo=13489352&tipojuego=2,200,True,0,html_next_data,,,0.9213090700000066
78779790cae2,2026-08-03T20:41:33.405123+00:00,fetch_page,group_calendario,13489353,https://www.rffm.es/competicion/calendario?temporada=16&competicion=13489293&grupo=13489353&jornada=1&tipojuego=2,200,True,0,html_next_data,,,0.6446302780000224
78779790cae2,2026-08-03T20:41:34.108376+00:00,fetch_page,group_clasificaciones,13489353,https://www.rffm.es/competicion/clasificaciones?temporada=16&competicion=13489293&grupo=13489353&tipojuego=2,200,True,0,html_next_data,,,0.6998068170000806
78779790cae2,2026-08-03T20:41:35.206643+00:00,fetch_page,group_goleadores,13489353,https://www.rffm.es/competicion/goleadores?temporada=16&competicion=13489293&grupo=13489353&tipojuego=2,200,True,0,html_next_data,,,1.0932115409999597
78779790cae2,2026-08-03T20:41:35.829904+00:00,fetch_page,group_calendario,13489354,https://www.rffm.es/competicion/calendario?temporada=16&competicion=13489293&grupo=13489354&jornada=1&tipojuego=2,200,True,0,html_next_data,,,0.6170723579999731
78779790cae2,2026-08-03T20:41:36.412686+00:00,fetch_page,group_clasificaciones,13489354,https://www.rffm.es/competicion/clasificaciones?temporada=16&competicion=13489293&grupo=13489354&tipojuego=2,200,True,0,html_next_data,,,0.579148344000032
78779790cae2,2026-08-03T20:41:37.317125+00:00,fetch_page,group_goleadores,13489354,https://www.rffm.es/competicion/goleadores?temporada=16&competicion=13489293&grupo=13489354&tipojuego=2,200,True,0,html_next_data,,,0.9006844059999821
78779790cae2,2026-08-03T20:41:38.011485+00:00,fetch_page,group_calendario,13489355,https://www.rffm.es/competicion/calendario?temporada=16&competicion=13489293&grupo=13489355&jornada=1&tipojuego=2,200,True,0,html_next_data,,,0.6879458040000372
78779790cae2,2026-08-03T20:41:38.668907+00:00,fetch_page,group_clasificaciones,13489355,https://www.rffm.es/competicion/clasificaciones?temporada=16&competicion=13489293&grupo=13489355&tipojuego=2,200,True,0,html_next_data,,,0.6538826659999586
78779790cae2,2026-08-03T20:41:40.173663+00:00,fetch_page,group_goleadores,13489355,https://www.rffm.es/competicion/goleadores?temporada=16&competicion=13489293&grupo=13489355&tipojuego=2,200,True,0,html_next_data,,,1.5009618330000194
78779790cae2,2026-08-03T20:41:42.534855+00:00,fetch_page,group_calendario,13533938,https://www.rffm.es/competicion/calendario?temporada=16&competicion=13533925&grupo=13533938&jornada=1&tipojuego=2,200,True,0,html_next_data,,,2.3548854360000178
78779790cae2,2026-08-03T20:41:43.151524+00:00,fetch_page,group_clasificaciones,13533938,https://www.rffm.es/competicion/clasificaciones?temporada=16&competicion=13533925&grupo=13533938&tipojuego=2,200,True,0,html_next_data,,,0.6130959239999356
78779790cae2,2026-08-03T20:41:44.962030+00:00,fetch_page,group_goleadores,13533938,https://www.rffm.es/competicion/goleadores?temporada=16&competicion=13533925&grupo=13533938&tipojuego=2,200,True,0,html_next_data,,,1.8066698420000193
78779790cae2,2026-08-03T20:41:45.493872+00:00,fetch_page,group_calendario,13539233,https://www.rffm.es/competicion/calendario?temporada=16&competicion=13533925&grupo=13539233&jornada=1&tipojuego=2,200,True,0,html_next_data,,,0.524901825000029
78779790cae2,2026-08-03T20:41:46.161479+00:00,fetch_page,group_clasificaciones,13539233,https://www.rffm.es/competicion/clasificaciones?temporada=16&competicion=13533925&grupo=13539233&tipojuego=2,200,True,0,html_next_data,,,0.6640724180000461
78779790cae2,2026-08-03T20:41:47.028419+00:00,fetch_page,group_goleadores,13539233,https://www.rffm.es/competicion/goleadores?temporada=16&competicion=13533925&grupo=13539233&tipojuego=2,200,True,0,html_next_data,,,0.8619772710000007
78779790cae2,2026-08-03T20:41:47.783346+00:00,fetch_page,group_calendario,13539254,https://www.rffm.es/competicion/calendario?temporada=16&competicion=13533925&grupo=13539254&jornada=1&tipojuego=2,200,True,0,html_next_data,,,0.7486743439999373
78779790cae2,2026-08-03T20:41:48.452054+00:00,fetch_page,group_clasificaciones,13539254,https://www.rffm.es/competicion/clasificaciones?temporada=16&competicion=13533925&grupo=13539254&tipojuego=2,200,True,0,html_next_data,,,0.6651557239999875
78779790cae2,2026-08-03T20:41:49.220180+00:00,fetch_page,group_goleadores,13539254,https://www.rffm.es/competicion/goleadores?temporada=16&competicion=13533925&grupo=13539254&tipojuego=2,200,True,0,html_next_data,,,0.7645394979999764
78779790cae2,2026-08-03T20:41:50.015154+00:00,fetch_page,group_calendario,13539264,https://www.rffm.es/competicion/calendario?temporada=16&competicion=13533925&grupo=13539264&jornada=1&tipojuego=2,200,True,0,html_next_data,,,0.7889381270000513
78779790cae2,2026-08-03T20:41:51.170793+00:00,fetch_page,group_clasificaciones,13539264,https://www.rffm.es/competicion/clasificaciones?temporada=16&competicion=13533925&grupo=13539264&tipojuego=2,200,True,0,html_next_data,,,1.1520848229999956
78779790cae2,2026-08-03T20:41:52.054407+00:00,fetch_page,group_goleadores,13539264,https://www.rffm.es/competicion/goleadores?temporada=16&competicion=13533925&grupo=13539264&tipojuego=2,200,True,0,html_next_data,,,0.8800805700000183
78779790cae2,2026-08-03T20:41:52.942508+00:00,fetch_page,group_calendario,13539273,https://www.rffm.es/competicion/calendario?temporada=16&competicion=13533925&grupo=13539273&jornada=1&tipojuego=2,200,True,0,html_next_data,,,0.8822137299999895
78779790cae2,2026-08-03T20:41:53.464947+00:00,fetch_page,group_clasificaciones,13539273,https://www.rffm.es/competicion/clasificaciones?temporada=16&competicion=13533925&grupo=13539273&tipojuego=2,200,True,0,html_next_data,,,0.5190699620000032
78779790cae2,2026-08-03T20:41:54.197954+00:00,fetch_page,group_goleadores,13539273,https://www.rffm.es/competicion/goleadores?temporada=16&competicion=13533925&grupo=13539273&tipojuego=2,200,True,0,html_next_data,,,0.7294165190000967
78779790cae2,2026-08-03T20:41:55.048688+00:00,fetch_page,group_calendario,18844662,https://www.rffm.es/competicion/calendario?temporada=16&competicion=18876491&grupo=18844662&jornada=1&tipojuego=3,200,True,0,html_next_data,,,0.8449996419999479
78779790cae2,2026-08-03T20:41:55.831115+00:00,fetch_page,group_clasificaciones,18844662,https://www.rffm.es/competicion/clasificaciones?temporada=16&competicion=18876491&grupo=18844662&tipojuego=3,200,True,0,html_next_data,,,0.7786707069999466
78779790cae2,2026-08-03T20:41:56.656323+00:00,fetch_page,group_goleadores,18844662,https://www.rffm.es/competicion/goleadores?temporada=16&competicion=18876491&grupo=18844662&tipojuego=3,200,True,0,html_next_data,,,0.820156212000029
78779790cae2,2026-08-03T20:41:57.605327+00:00,fetch_page,group_calendario,18844841,https://www.rffm.es/competicion/calendario?temporada=16&competicion=18876670&grupo=18844841&jornada=1&tipojuego=3,200,True,0,html_next_data,,,0.942611233999969
78779790cae2,2026-08-03T20:41:58.500161+00:00,fetch_page,group_clasificaciones,18844841,https://www.rffm.es/competicion/clasificaciones?temporada=16&competicion=18876670&grupo=18844841&tipojuego=3,200,True,0,html_next_data,,,0.8914328439999508
78779790cae2,2026-08-03T20:41:59.061072+00:00,fetch_page,group_goleadores,18844841,https://www.rffm.es/competicion/goleadores?temporada=16&competicion=18876670&grupo=18844841&tipojuego=3,200,True,0,html_next_data,,,0.5571489320000182
78779790cae2,2026-08-03T20:41:59.827118+00:00,fetch_page,group_calendario,18841156,https://www.rffm.es/competicion/calendario?temporada=16&competicion=18872980&grupo=18841156&jornada=1&tipojuego=3,200,True,0,html_next_data,,,0.7599372160000257
78779790cae2,2026-08-03T20:42:01.903968+00:00,fetch_page,group_clasificaciones,18841156,https://www.rffm.es/competicion/clasificaciones?temporada=16&competicion=18872980&grupo=18841156&tipojuego=3,200,True,0,html_next_data,,,2.073317662000022
78779790cae2,2026-08-03T20:42:03.743118+00:00,fetch_page,group_goleadores,18841156,https://www.rffm.es/competicion/goleadores?temporada=16&competicion=18872980&grupo=18841156&tipojuego=3,200,True,0,html_next_data,,,1.835378741999989
78779790cae2,2026-08-03T20:42:04.793332+00:00,fetch_page,group_calendario,18841157,https://www.rffm.es/competicion/calendario?temporada=16&competicion=18872980&grupo=18841157&jornada=1&tipojuego=3,200,True,0,html_next_data,,,1.044029736000084
78779790cae2,2026-08-03T20:42:05.303449+00:00,fetch_page,group_clasificaciones,18841157,https://www.rffm.es/competicion/clasificaciones?temporada=16&competicion=18872980&grupo=18841157&tipojuego=3,200,True,0,html_next_data,,,0.5066106960000525
78779790cae2,2026-08-03T20:42:06.625508+00:00,fetch_page,group_goleadores,18841157,https://www.rffm.es/competicion/goleadores?temporada=16&competicion=18872980&grupo=18841157&tipojuego=3,200,True,0,html_next_data,,,1.3181278250000332
78779790cae2,2026-08-03T20:42:07.582549+00:00,fetch_page,group_calendario,18841158,https://www.rffm.es/competicion/calendario?temporada=16&competicion=18872980&grupo=18841158&jornada=1&tipojuego=3,200,True,0,html_next_data,,,0.9505688670000154
78779790cae2,2026-08-03T20:42:08.271211+00:00,fetch_page,group_clasificaciones,18841158,https://www.rffm.es/competicion/clasificaciones?temporada=16&competicion=18872980&grupo=18841158&tipojuego=3,200,True,0,html_next_data,,,0.6849527800000033
78779790cae2,2026-08-03T20:42:09.305974+00:00,fetch_page,group_goleadores,18841158,https://www.rffm.es/competicion/goleadores?temporada=16&competicion=18872980&grupo=18841158&tipojuego=3,200,True,0,html_next_data,,,1.0295606480000288
78779790cae2,2026-08-03T20:42:09.939386+00:00,fetch_page,group_calendario,18702033,https://www.rffm.es/competicion/calendario?temporada=16&competicion=18717045&grupo=18702033&jornada=1&tipojuego=3,200,True,0,html_next_data,,,0.6269305179999947
78779790cae2,2026-08-03T20:42:11.208135+00:00,fetch_page,group_clasificaciones,18702033,https://www.rffm.es/competicion/clasificaciones?temporada=16&competicion=18717045&grupo=18702033&tipojuego=3,200,True,0,html_next_data,,,1.2651536079999914
78779790cae2,2026-08-03T20:42:12.283461+00:00,fetch_page,group_goleadores,18702033,https://www.rffm.es/competicion/goleadores?temporada=16&competicion=18717045&grupo=18702033&tipojuego=3,200,True,0,html_next_data,,,1.0715549100000317
78779790cae2,2026-08-03T20:42:12.872191+00:00,fetch_page,group_calendario,18813124,https://www.rffm.es/competicion/calendario?temporada=16&competicion=18717045&grupo=18813124&jornada=1&tipojuego=3,200,True,0,html_next_data,,,0.5824774149999712
78779790cae2,2026-08-03T20:42:13.461065+00:00,fetch_page,group_clasificaciones,18813124,https://www.rffm.es/competicion/clasificaciones?temporada=16&competicion=18717045&grupo=18813124&tipojuego=3,200,True,0,html_next_data,,,0.5852953040000557
78779790cae2,2026-08-03T20:42:14.704998+00:00,fetch_page,group_goleadores,18813124,https://www.rffm.es/competicion/goleadores?temporada=16&competicion=18717045&grupo=18813124&tipojuego=3,200,True,0,html_next_data,,,1.2401123820000066
78779790cae2,2026-08-03T20:42:15.373961+00:00,fetch_page,group_calendario,18813125,https://www.rffm.es/competicion/calendario?temporada=16&competicion=18717045&grupo=18813125&jornada=1&tipojuego=3,200,True,0,html_next_data,,,0.6628471940000509
78779790cae2,2026-08-03T20:42:16.383901+00:00,fetch_page,group_clasificaciones,18813125,https://www.rffm.es/competicion/clasificaciones?temporada=16&competicion=18717045&grupo=18813125&tipojuego=3,200,True,0,html_next_data,,,1.0063769460000458
78779790cae2,2026-08-03T20:42:16.934874+00:00,fetch_page,group_goleadores,18813125,https://www.rffm.es/competicion/goleadores?temporada=16&competicion=18717045&grupo=18813125&tipojuego=3,200,True,0,html_next_data,,,0.5471574660000442
78779790cae2,2026-08-03T20:42:17.783699+00:00,fetch_page,group_calendario,18805634,https://www.rffm.es/competicion/calendario?temporada=16&competicion=18832577&grupo=18805634&jornada=1&tipojuego=3,200,True,0,html_next_data,,,0.8422450839999556
78779790cae2,2026-08-03T20:42:18.722559+00:00,fetch_page,group_clasificaciones,18805634,https://www.rffm.es/competicion/clasificaciones?temporada=16&competicion=18832577&grupo=18805634&tipojuego=3,200,True,0,html_next_data,,,0.9352478229999406
78779790cae2,2026-08-03T20:42:19.942633+00:00,fetch_page,group_goleadores,18805634,https://www.rffm.es/competicion/goleadores?temporada=16&competicion=18832577&grupo=18805634&tipojuego=3,200,True,0,html_next_data,,,1.2148567920000914
78779790cae2,2026-08-03T20:42:20.571893+00:00,fetch_page,group_calendario,18844649,https://www.rffm.es/competicion/calendario?temporada=16&competicion=18876478&grupo=18844649&jornada=1&tipojuego=3,200,True,0,html_next_data,,,0.6227904690000514
78779790cae2,2026-08-03T20:42:21.173190+00:00,fetch_page,group_clasificaciones,18844649,https://www.rffm.es/competicion/clasificaciones?temporada=16&competicion=18876478&grupo=18844649&tipojuego=3,200,True,0,html_next_data,,,0.5978825529999767
78779790cae2,2026-08-03T20:42:22.751777+00:00,fetch_page,group_goleadores,18844649,https://www.rffm.es/competicion/goleadores?temporada=16&competicion=18876478&grupo=18844649&tipojuego=3,200,True,0,html_next_data,,,1.574729212999955
78779790cae2,2026-08-03T20:42:23.227896+00:00,fetch_page,venue_campo,1,https://www.rffm.es/campo/1,200,True,0,html_next_data,,,0.3689637349999657
78779790cae2,2026-08-03T20:42:24.062175+00:00,fetch_page,venue_campo,102,https://www.rffm.es/campo/102,200,True,0,html_next_data,,,0.8304223659999934
78779790cae2,2026-08-03T20:42:24.816188+00:00,fetch_page,venue_campo,10654208,https://www.rffm.es/campo/10654208,200,True,0,html_next_data,,,0.7503830069999822
78779790cae2,2026-08-03T20:42:25.502281+00:00,fetch_page,venue_campo,1101,https://www.rffm.es/campo/1101,200,True,0,html_next_data,,,0.6821929180000552
78779790cae2,2026-08-03T20:42:26.237845+00:00,fetch_page,venue_campo,1102,https://www.rffm.es/campo/1102,200,True,0,html_next_data,,,0.7318605369999887
78779790cae2,2026-08-03T20:42:27.002069+00:00,fetch_page,venue_campo,11043104,https://www.rffm.es/campo/11043104,200,True,0,html_next_data,,,0.7606801059999952
78779790cae2,2026-08-03T20:42:27.811591+00:00,fetch_page,venue_campo,1105,https://www.rffm.es/campo/1105,200,True,0,html_next_data,,,0.8042464700000664
78779790cae2,2026-08-03T20:42:28.577318+00:00,fetch_page,venue_campo,1110,https://www.rffm.es/campo/1110,200,True,0,html_next_data,,,0.7619681579999451
78779790cae2,2026-08-03T20:42:29.272555+00:00,fetch_page,venue_campo,1113,https://www.rffm.es/campo/1113,200,True,0,html_next_data,,,0.6915968160000148
78779790cae2,2026-08-03T20:42:30.049617+00:00,fetch_page,venue_campo,1117,https://www.rffm.es/campo/1117,200,True,0,html_next_data,,,0.7732616650000637
78779790cae2,2026-08-03T20:42:30.912859+00:00,fetch_page,venue_campo,1118,https://www.rffm.es/campo/1118,200,True,0,html_next_data,,,0.8597514059999867
78779790cae2,2026-08-03T20:42:31.795711+00:00,fetch_page,venue_campo,1122,https://www.rffm.es/campo/1122,200,True,0,html_next_data,,,0.8790584700000181
78779790cae2,2026-08-03T20:42:32.357433+00:00,fetch_page,venue_campo,1123,https://www.rffm.es/campo/1123,200,True,0,html_next_data,,,0.5581860559999541
78779790cae2,2026-08-03T20:42:33.158790+00:00,fetch_page,venue_campo,1124,https://www.rffm.es/campo/1124,200,True,0,html_next_data,,,0.7974899910000204
78779790cae2,2026-08-03T20:42:33.828651+00:00,fetch_page,venue_campo,1129,https://www.rffm.es/campo/1129,200,True,0,html_next_data,,,0.6660836109999764
78779790cae2,2026-08-03T20:42:34.642053+00:00,fetch_page,venue_campo,1131,https://www.rffm.es/campo/1131,200,True,0,html_next_data,,,0.8094886389999374
78779790cae2,2026-08-03T20:42:35.301774+00:00,fetch_page,venue_campo,1136,https://www.rffm.es/campo/1136,200,True,0,html_next_data,,,0.6561772430000019
78779790cae2,2026-08-03T20:42:36.404230+00:00,fetch_page,venue_campo,1138,https://www.rffm.es/campo/1138,200,True,0,html_next_data,,,1.0963315349999903
78779790cae2,2026-08-03T20:42:37.320299+00:00,fetch_page,venue_campo,1139,https://www.rffm.es/campo/1139,200,True,0,html_next_data,,,0.8750869499999681
78779790cae2,2026-08-03T20:42:38.085798+00:00,fetch_page,venue_campo,11406548,https://www.rffm.es/campo/11406548,200,True,0,html_next_data,,,0.7616106280000849
78779790cae2,2026-08-03T20:42:38.507195+00:00,fetch_page,venue_campo,1141,https://www.rffm.es/campo/1141,200,True,0,html_next_data,,,0.4178460130000303
78779790cae2,2026-08-03T20:42:39.237806+00:00,fetch_page,venue_campo,1145002,https://www.rffm.es/campo/1145002,200,True,0,html_next_data,,,0.7268033089999335
78779790cae2,2026-08-03T20:42:40.075678+00:00,fetch_page,venue_campo,117,https://www.rffm.es/campo/117,200,True,0,html_next_data,,,0.834264361999999
78779790cae2,2026-08-03T20:42:40.772949+00:00,fetch_page,venue_campo,11789343,https://www.rffm.es/campo/11789343,200,True,0,html_next_data,,,0.6934545580000986
78779790cae2,2026-08-03T20:42:41.511225+00:00,fetch_page,venue_campo,118,https://www.rffm.es/campo/118,200,True,0,html_next_data,,,0.7346645889999763
78779790cae2,2026-08-03T20:42:42.575186+00:00,fetch_page,venue_campo,11932690,https://www.rffm.es/campo/11932690,200,True,0,html_next_data,,,1.059967874999984
78779790cae2,2026-08-03T20:42:43.131560+00:00,fetch_page,venue_campo,11932702,https://www.rffm.es/campo/11932702,200,True,0,html_next_data,,,0.5527197110000088
78779790cae2,2026-08-03T20:42:43.811826+00:00,fetch_page,venue_campo,1201,https://www.rffm.es/campo/1201,200,True,0,html_next_data,,,0.676464248000002
78779790cae2,2026-08-03T20:42:44.505004+00:00,fetch_page,venue_campo,1202,https://www.rffm.es/campo/1202,200,True,0,html_next_data,,,0.6895020250000243
78779790cae2,2026-08-03T20:42:45.314783+00:00,fetch_page,venue_campo,1208,https://www.rffm.es/campo/1208,200,True,0,html_next_data,,,0.8058880260000478
78779790cae2,2026-08-03T20:42:46.034881+00:00,fetch_page,venue_campo,1210,https://www.rffm.es/campo/1210,200,True,0,html_next_data,,,0.7165111440000373
78779790cae2,2026-08-03T20:42:46.854978+00:00,fetch_page,venue_campo,1212,https://www.rffm.es/campo/1212,200,True,0,html_next_data,,,0.8162702019999415
78779790cae2,2026-08-03T20:42:47.512735+00:00,fetch_page,venue_campo,12146865,https://www.rffm.es/campo/12146865,200,True,0,html_next_data,,,0.6540294429998994
78779790cae2,2026-08-03T20:42:48.645139+00:00,fetch_page,venue_campo,12178064,https://www.rffm.es/campo/12178064,200,True,0,html_next_data,,,1.1288420270000188
78779790cae2,2026-08-03T20:42:48.937913+00:00,fetch_page,venue_campo,1220,https://www.rffm.es/campo/1220,200,True,0,html_next_data,,,0.28902447899997696
78779790cae2,2026-08-03T20:42:49.789515+00:00,fetch_page,venue_campo,12278192,https://www.rffm.es/campo/12278192,200,True,0,html_next_data,,,0.847880802000077
78779790cae2,2026-08-03T20:42:50.569721+00:00,fetch_page,venue_campo,12278209,https://www.rffm.es/campo/12278209,200,True,0,html_next_data,,,0.7766339649999736
78779790cae2,2026-08-03T20:42:51.428097+00:00,fetch_page,venue_campo,12286992,https://www.rffm.es/campo/12286992,200,True,0,html_next_data,,,0.8546304159999636
78779790cae2,2026-08-03T20:42:52.047730+00:00,fetch_page,venue_campo,12287019,https://www.rffm.es/campo/12287019,200,True,0,html_next_data,,,0.6160504739999624
78779790cae2,2026-08-03T20:42:52.786794+00:00,fetch_page,venue_campo,12287263,https://www.rffm.es/campo/12287263,200,True,0,html_next_data,,,0.7339419239999643
78779790cae2,2026-08-03T20:42:53.548936+00:00,fetch_page,venue_campo,12297817,https://www.rffm.es/campo/12297817,200,True,0,html_next_data,,,0.7585719580000614
78779790cae2,2026-08-03T20:42:54.276949+00:00,fetch_page,venue_campo,1234,https://www.rffm.es/campo/1234,200,True,0,html_next_data,,,0.72416715199995
78779790cae2,2026-08-03T20:42:55.087056+00:00,fetch_page,venue_campo,128,https://www.rffm.es/campo/128,200,True,0,html_next_data,,,0.8064321220000465
78779790cae2,2026-08-03T20:42:56.245973+00:00,fetch_page,venue_campo,129,https://www.rffm.es/campo/129,200,True,0,html_next_data,,,1.1550489799999468
78779790cae2,2026-08-03T20:42:56.671250+00:00,fetch_page,venue_campo,1301,https://www.rffm.es/campo/1301,200,True,0,html_next_data,,,0.42167054900005496
78779790cae2,2026-08-03T20:42:57.410254+00:00,fetch_page,venue_campo,1312,https://www.rffm.es/campo/1312,200,True,0,html_next_data,,,0.7351229490000151
78779790cae2,2026-08-03T20:42:58.127213+00:00,fetch_page,venue_campo,1314,https://www.rffm.es/campo/1314,200,True,0,html_next_data,,,0.7133355520001032
78779790cae2,2026-08-03T20:42:58.965356+00:00,fetch_page,venue_campo,1315,https://www.rffm.es/campo/1315,200,True,0,html_next_data,,,0.8341733019999538
78779790cae2,2026-08-03T20:42:59.689814+00:00,fetch_page,venue_campo,1316,https://www.rffm.es/campo/1316,200,True,0,html_next_data,,,0.7208839380000427
78779790cae2,2026-08-03T20:43:00.570902+00:00,fetch_page,venue_campo,13187593,https://www.rffm.es/campo/13187593,200,True,0,html_next_data,,,0.8772613649999812
78779790cae2,2026-08-03T20:43:01.260115+00:00,fetch_page,venue_campo,13195552,https://www.rffm.es/campo/13195552,200,True,0,html_next_data,,,0.6852931989999433
78779790cae2,2026-08-03T20:43:02.201139+00:00,fetch_page,venue_campo,13195819,https://www.rffm.es/campo/13195819,200,True,0,html_next_data,,,0.93745358700005
78779790cae2,2026-08-03T20:43:02.744591+00:00,fetch_page,venue_campo,1321,https://www.rffm.es/campo/1321,200,True,0,html_next_data,,,0.5395775179999873
78779790cae2,2026-08-03T20:43:03.392022+00:00,fetch_page,venue_campo,13212199,https://www.rffm.es/campo/13212199,200,True,0,html_next_data,,,0.6436521079999693
78779790cae2,2026-08-03T20:43:04.278194+00:00,fetch_page,venue_campo,13213186,https://www.rffm.es/campo/13213186,200,True,0,html_next_data,,,0.8825741199999584
78779790cae2,2026-08-03T20:43:04.942001+00:00,fetch_page,venue_campo,1323,https://www.rffm.es/campo/1323,200,True,0,html_next_data,,,0.6598848999999518
78779790cae2,2026-08-03T20:43:05.695444+00:00,fetch_page,venue_campo,1325,https://www.rffm.es/campo/1325,200,True,0,html_next_data,,,0.7496530959999745
78779790cae2,2026-08-03T20:43:06.456599+00:00,fetch_page,venue_campo,1326,https://www.rffm.es/campo/1326,200,True,0,html_next_data,,,0.7575960410000562
78779790cae2,2026-08-03T20:43:07.143858+00:00,fetch_page,venue_campo,1402,https://www.rffm.es/campo/1402,200,True,0,html_next_data,,,0.6832616589999816
78779790cae2,2026-08-03T20:43:07.883360+00:00,fetch_page,venue_campo,1403,https://www.rffm.es/campo/1403,200,True,0,html_next_data,,,0.7359995389999767
78779790cae2,2026-08-03T20:43:08.680835+00:00,fetch_page,venue_campo,1411,https://www.rffm.es/campo/1411,200,True,0,html_next_data,,,0.7924869579999267
78779790cae2,2026-08-03T20:43:09.450709+00:00,fetch_page,venue_campo,1416,https://www.rffm.es/campo/1416,200,True,0,html_next_data,,,0.766251034999982
78779790cae2,2026-08-03T20:43:10.530579+00:00,fetch_page,venue_campo,1417,https://www.rffm.es/campo/1417,200,True,0,html_next_data,,,1.076330925000093
78779790cae2,2026-08-03T20:43:11.009921+00:00,fetch_page,venue_campo,1418,https://www.rffm.es/campo/1418,200,True,0,html_next_data,,,0.47557394000000386
78779790cae2,2026-08-03T20:43:11.672054+00:00,fetch_page,venue_campo,1419,https://www.rffm.es/campo/1419,200,True,0,html_next_data,,,0.6585307110000258
78779790cae2,2026-08-03T20:43:12.445821+00:00,fetch_page,venue_campo,1432,https://www.rffm.es/campo/1432,200,True,0,html_next_data,,,0.7699255679999624
78779790cae2,2026-08-03T20:43:13.251426+00:00,fetch_page,venue_campo,1434,https://www.rffm.es/campo/1434,200,True,0,html_next_data,,,0.8019058849999965
78779790cae2,2026-08-03T20:43:13.900378+00:00,fetch_page,venue_campo,1436,https://www.rffm.es/campo/1436,200,True,0,html_next_data,,,0.6453984259999288
78779790cae2,2026-08-03T20:43:14.661790+00:00,fetch_page,venue_campo,1439,https://www.rffm.es/campo/1439,200,True,0,html_next_data,,,0.7575451479999629
78779790cae2,2026-08-03T20:43:15.399466+00:00,fetch_page,venue_campo,1508,https://www.rffm.es/campo/1508,200,True,0,html_next_data,,,0.7340380580000101
78779790cae2,2026-08-03T20:43:16.213225+00:00,fetch_page,venue_campo,1610,https://www.rffm.es/campo/1610,200,True,0,html_next_data,,,0.8098901220000698
78779790cae2,2026-08-03T20:43:16.964028+00:00,fetch_page,venue_campo,16973624,https://www.rffm.es/campo/16973624,200,True,0,html_next_data,,,0.7470934369999895
78779790cae2,2026-08-03T20:43:17.675699+00:00,fetch_page,venue_campo,16973634,https://www.rffm.es/campo/16973634,200,True,0,html_next_data,,,0.7081238929999927
78779790cae2,2026-08-03T20:43:18.407206+00:00,fetch_page,venue_campo,16973649,https://www.rffm.es/campo/16973649,200,True,0,html_next_data,,,0.7277208440000322
78779790cae2,2026-08-03T20:43:19.162520+00:00,fetch_page,venue_campo,16973825,https://www.rffm.es/campo/16973825,200,True,0,html_next_data,,,0.7517667829999937
78779790cae2,2026-08-03T20:43:19.962418+00:00,fetch_page,venue_campo,16973966,https://www.rffm.es/campo/16973966,200,True,0,html_next_data,,,0.7959908609999502
78779790cae2,2026-08-03T20:43:20.671037+00:00,fetch_page,venue_campo,16973987,https://www.rffm.es/campo/16973987,200,True,0,html_next_data,,,0.7050891310000225
78779790cae2,2026-08-03T20:43:21.424742+00:00,fetch_page,venue_campo,16974041,https://www.rffm.es/campo/16974041,200,True,0,html_next_data,,,0.7499684120000438
78779790cae2,2026-08-03T20:43:22.262063+00:00,fetch_page,venue_campo,16974095,https://www.rffm.es/campo/16974095,200,True,0,html_next_data,,,0.8337656379999316
78779790cae2,2026-08-03T20:43:22.968920+00:00,fetch_page,venue_campo,16974205,https://www.rffm.es/campo/16974205,200,True,0,html_next_data,,,0.703008250000039
78779790cae2,2026-08-03T20:43:23.655947+00:00,fetch_page,venue_campo,16974231,https://www.rffm.es/campo/16974231,200,True,0,html_next_data,,,0.6834635960000242
78779790cae2,2026-08-03T20:43:24.408809+00:00,fetch_page,venue_campo,16974577,https://www.rffm.es/campo/16974577,200,True,0,html_next_data,,,0.747953298000084
78779790cae2,2026-08-03T20:43:25.189251+00:00,fetch_page,venue_campo,16974619,https://www.rffm.es/campo/16974619,200,True,0,html_next_data,,,0.7768776550000212
78779790cae2,2026-08-03T20:43:25.936672+00:00,fetch_page,venue_campo,16974688,https://www.rffm.es/campo/16974688,200,True,0,html_next_data,,,0.7436547109999765
78779790cae2,2026-08-03T20:43:26.667183+00:00,fetch_page,venue_campo,1702,https://www.rffm.es/campo/1702,200,True,0,html_next_data,,,0.7269321819999277
78779790cae2,2026-08-03T20:43:27.439128+00:00,fetch_page,venue_campo,1708,https://www.rffm.es/campo/1708,200,True,0,html_next_data,,,0.7681359670000347
78779790cae2,2026-08-03T20:43:28.283471+00:00,fetch_page,venue_campo,17099018,https://www.rffm.es/campo/17099018,200,True,0,html_next_data,,,0.8407829569999876
78779790cae2,2026-08-03T20:43:28.912464+00:00,fetch_page,venue_campo,1711,https://www.rffm.es/campo/1711,200,True,0,html_next_data,,,0.6251610350000192
78779790cae2,2026-08-03T20:43:29.751923+00:00,fetch_page,venue_campo,1714,https://www.rffm.es/campo/1714,200,True,0,html_next_data,,,0.8356087439999555
78779790cae2,2026-08-03T20:43:30.476903+00:00,fetch_page,venue_campo,1715,https://www.rffm.es/campo/1715,200,True,0,html_next_data,,,0.7213789589999351
78779790cae2,2026-08-03T20:43:31.200554+00:00,fetch_page,venue_campo,1718,https://www.rffm.es/campo/1718,200,True,0,html_next_data,,,0.7198384630000874
78779790cae2,2026-08-03T20:43:31.976299+00:00,fetch_page,venue_campo,1721,https://www.rffm.es/campo/1721,200,True,0,html_next_data,,,0.7721577229999639
78779790cae2,2026-08-03T20:43:32.742649+00:00,fetch_page,venue_campo,1732,https://www.rffm.es/campo/1732,200,True,0,html_next_data,,,0.7625361719999546
78779790cae2,2026-08-03T20:43:33.429984+00:00,fetch_page,venue_campo,1733,https://www.rffm.es/campo/1733,200,True,0,html_next_data,,,0.6837767189999795
78779790cae2,2026-08-03T20:43:34.181318+00:00,fetch_page,venue_campo,1735,https://www.rffm.es/campo/1735,200,True,0,html_next_data,,,0.7475171849999924
78779790cae2,2026-08-03T20:43:34.908529+00:00,fetch_page,venue_campo,1739,https://www.rffm.es/campo/1739,200,True,0,html_next_data,,,0.7234826779999821
78779790cae2,2026-08-03T20:43:35.759887+00:00,fetch_page,venue_campo,18299067,https://www.rffm.es/campo/18299067,200,True,0,html_next_data,,,0.8476881950000461
78779790cae2,2026-08-03T20:43:36.653904+00:00,fetch_page,venue_campo,18391826,https://www.rffm.es/campo/18391826,200,True,0,html_next_data,,,0.8904866969999148
78779790cae2,2026-08-03T20:43:37.218204+00:00,fetch_page,venue_campo,202,https://www.rffm.es/campo/202,200,True,0,html_next_data,,,0.5605605309999646
78779790cae2,2026-08-03T20:43:39.821731+00:00,fetch_page,venue_campo,203,https://www.rffm.es/campo/203,200,True,0,html_next_data,,,2.5999678069999845
78779790cae2,2026-08-03T20:43:40.208593+00:00,fetch_page,venue_campo,2205,https://www.rffm.es/campo/2205,200,True,0,html_next_data,,,0.38300070399998276
78779790cae2,2026-08-03T20:43:41.045822+00:00,fetch_page,venue_campo,2208,https://www.rffm.es/campo/2208,200,True,0,html_next_data,,,0.8335936380000248
78779790cae2,2026-08-03T20:43:41.695684+00:00,fetch_page,venue_campo,2301,https://www.rffm.es/campo/2301,200,True,0,html_next_data,,,0.6446435320000319
78779790cae2,2026-08-03T20:43:42.474577+00:00,fetch_page,venue_campo,2302,https://www.rffm.es/campo/2302,200,True,0,html_next_data,,,0.7751230460000897
78779790cae2,2026-08-03T20:43:43.365958+00:00,fetch_page,venue_campo,2304,https://www.rffm.es/campo/2304,200,True,0,html_next_data,,,0.8875261910000063
78779790cae2,2026-08-03T20:43:44.009050+00:00,fetch_page,venue_campo,2307,https://www.rffm.es/campo/2307,200,True,0,html_next_data,,,0.6395515919999752
78779790cae2,2026-08-03T20:43:44.863453+00:00,fetch_page,venue_campo,2503,https://www.rffm.es/campo/2503,200,True,0,html_next_data,,,0.8505556879999858
78779790cae2,2026-08-03T20:43:45.459221+00:00,fetch_page,venue_campo,300501,https://www.rffm.es/campo/300501,200,True,0,html_next_data,,,0.5921620249999933
78779790cae2,2026-08-03T20:43:46.302346+00:00,fetch_page,venue_campo,305,https://www.rffm.es/campo/305,200,True,0,html_next_data,,,0.8392396720000761
78779790cae2,2026-08-03T20:43:46.944565+00:00,fetch_page,venue_campo,305002,https://www.rffm.es/campo/305002,200,True,0,html_next_data,,,0.638593721999996
78779790cae2,2026-08-03T20:43:47.883290+00:00,fetch_page,venue_campo,308,https://www.rffm.es/campo/308,200,True,0,html_next_data,,,0.9349007690000235
78779790cae2,2026-08-03T20:43:48.957463+00:00,fetch_page,venue_campo,309493,https://www.rffm.es/campo/309493,200,True,0,html_next_data,,,1.070547615999999
78779790cae2,2026-08-03T20:43:49.405258+00:00,fetch_page,venue_campo,3278201,https://www.rffm.es/campo/3278201,200,True,0,html_next_data,,,0.4437495749999698
78779790cae2,2026-08-03T20:43:50.150443+00:00,fetch_page,venue_campo,334946,https://www.rffm.es/campo/334946,200,True,0,html_next_data,,,0.7415597699999807
78779790cae2,2026-08-03T20:43:50.816522+00:00,fetch_page,venue_campo,3361189,https://www.rffm.es/campo/3361189,200,True,0,html_next_data,,,0.6622039710000536
78779790cae2,2026-08-03T20:43:51.580975+00:00,fetch_page,venue_campo,3361190,https://www.rffm.es/campo/3361190,200,True,0,html_next_data,,,0.7608084429999735
78779790cae2,2026-08-03T20:43:52.336760+00:00,fetch_page,venue_campo,3361209,https://www.rffm.es/campo/3361209,200,True,0,html_next_data,,,0.7519283369999812
78779790cae2,2026-08-03T20:43:53.550208+00:00,fetch_page,venue_campo,3361210,https://www.rffm.es/campo/3361210,200,True,0,html_next_data,,,1.2087979489999725
78779790cae2,2026-08-03T20:43:53.953458+00:00,fetch_page,venue_campo,3361211,https://www.rffm.es/campo/3361211,200,True,0,html_next_data,,,0.39946750199999315
78779790cae2,2026-08-03T20:43:54.734178+00:00,fetch_page,venue_campo,3361212,https://www.rffm.es/campo/3361212,200,True,0,html_next_data,,,0.7771291269999665
78779790cae2,2026-08-03T20:43:55.419766+00:00,fetch_page,venue_campo,346757,https://www.rffm.es/campo/346757,200,True,0,html_next_data,,,0.6817735740000899
78779790cae2,2026-08-03T20:43:56.183691+00:00,fetch_page,venue_campo,3592915,https://www.rffm.es/campo/3592915,200,True,0,html_next_data,,,0.7602362740000217
78779790cae2,2026-08-03T20:43:56.939798+00:00,fetch_page,venue_campo,363272,https://www.rffm.es/campo/363272,200,True,0,html_next_data,,,0.7525052639999785
78779790cae2,2026-08-03T20:43:57.755123+00:00,fetch_page,venue_campo,404,https://www.rffm.es/campo/404,200,True,0,html_next_data,,,0.8115982130000248
78779790cae2,2026-08-03T20:43:58.638809+00:00,fetch_page,venue_campo,405,https://www.rffm.es/campo/405,200,True,0,html_next_data,,,0.8788011599999663
78779790cae2,2026-08-03T20:43:59.178116+00:00,fetch_page,venue_campo,406,https://www.rffm.es/campo/406,200,True,0,html_next_data,,,0.5356433559999232
78779790cae2,2026-08-03T20:43:59.962916+00:00,fetch_page,venue_campo,408,https://www.rffm.es/campo/408,200,True,0,html_next_data,,,0.780979292999973
78779790cae2,2026-08-03T20:44:00.763226+00:00,fetch_page,venue_campo,411,https://www.rffm.es/campo/411,200,True,0,html_next_data,,,0.7967115139999805
78779790cae2,2026-08-03T20:44:01.599571+00:00,fetch_page,venue_campo,427,https://www.rffm.es/campo/427,200,True,0,html_next_data,,,0.8325404369999205
78779790cae2,2026-08-03T20:44:02.322407+00:00,fetch_page,venue_campo,443255,https://www.rffm.es/campo/443255,200,True,0,html_next_data,,,0.7191515439999421
78779790cae2,2026-08-03T20:44:03.090249+00:00,fetch_page,venue_campo,450,https://www.rffm.es/campo/450,200,True,0,html_next_data,,,0.7641554729999598
78779790cae2,2026-08-03T20:44:03.679394+00:00,fetch_page,venue_campo,4532771,https://www.rffm.es/campo/4532771,200,True,0,html_next_data,,,0.5855929990000277
78779790cae2,2026-08-03T20:44:04.506723+00:00,fetch_page,venue_campo,4532965,https://www.rffm.es/campo/4532965,200,True,0,html_next_data,,,0.8235293769999998
78779790cae2,2026-08-03T20:44:05.248188+00:00,fetch_page,venue_campo,505,https://www.rffm.es/campo/505,200,True,0,html_next_data,,,0.7378804180000316
78779790cae2,2026-08-03T20:44:05.952717+00:00,fetch_page,venue_campo,508,https://www.rffm.es/campo/508,200,True,0,html_next_data,,,0.7007584379999798
78779790cae2,2026-08-03T20:44:06.677035+00:00,fetch_page,venue_campo,560057,https://www.rffm.es/campo/560057,200,True,0,html_next_data,,,0.7205492620000769
78779790cae2,2026-08-03T20:44:07.506247+00:00,fetch_page,venue_campo,604,https://www.rffm.es/campo/604,200,True,0,html_next_data,,,0.8256589210000129
78779790cae2,2026-08-03T20:44:08.178365+00:00,fetch_page,venue_campo,605,https://www.rffm.es/campo/605,200,True,0,html_next_data,,,0.6683168539999542
78779790cae2,2026-08-03T20:44:08.951772+00:00,fetch_page,venue_campo,608,https://www.rffm.es/campo/608,200,True,0,html_next_data,,,0.76981326300006
78779790cae2,2026-08-03T20:44:09.691129+00:00,fetch_page,venue_campo,610,https://www.rffm.es/campo/610,200,True,0,html_next_data,,,0.7355796359998976
78779790cae2,2026-08-03T20:44:10.510916+00:00,fetch_page,venue_campo,621,https://www.rffm.es/campo/621,200,True,0,html_next_data,,,0.816237344000001
78779790cae2,2026-08-03T20:44:11.233664+00:00,fetch_page,venue_campo,6628669,https://www.rffm.es/campo/6628669,200,True,0,html_next_data,,,0.7189669199999571
78779790cae2,2026-08-03T20:44:11.954959+00:00,fetch_page,venue_campo,668298,https://www.rffm.es/campo/668298,200,True,0,html_next_data,,,0.7177933000000394
78779790cae2,2026-08-03T20:44:12.677262+00:00,fetch_page,venue_campo,680981,https://www.rffm.es/campo/680981,200,True,0,html_next_data,,,0.7185076340000478
78779790cae2,2026-08-03T20:44:13.443531+00:00,fetch_page,venue_campo,681029,https://www.rffm.es/campo/681029,200,True,0,html_next_data,,,0.7627216350000481
78779790cae2,2026-08-03T20:44:14.165742+00:00,fetch_page,venue_campo,6816704,https://www.rffm.es/campo/6816704,200,True,0,html_next_data,,,0.717101595000031
78779790cae2,2026-08-03T20:44:14.959851+00:00,fetch_page,venue_campo,702,https://www.rffm.es/campo/702,200,True,0,html_next_data,,,0.7906037190000461
78779790cae2,2026-08-03T20:44:15.756163+00:00,fetch_page,venue_campo,709,https://www.rffm.es/campo/709,200,True,0,html_next_data,,,0.7925358630000119
78779790cae2,2026-08-03T20:44:16.454054+00:00,fetch_page,venue_campo,725,https://www.rffm.es/campo/725,200,True,0,html_next_data,,,0.6943973910000523
78779790cae2,2026-08-03T20:44:17.261483+00:00,fetch_page,venue_campo,728029,https://www.rffm.es/campo/728029,200,True,0,html_next_data,,,0.8036487300000772
78779790cae2,2026-08-03T20:44:17.950102+00:00,fetch_page,venue_campo,801,https://www.rffm.es/campo/801,200,True,0,html_next_data,,,0.6848743429999331
78779790cae2,2026-08-03T20:44:18.823572+00:00,fetch_page,venue_campo,805,https://www.rffm.es/campo/805,200,True,0,html_next_data,,,0.8699297950000755
78779790cae2,2026-08-03T20:44:19.506762+00:00,fetch_page,venue_campo,807,https://www.rffm.es/campo/807,200,True,0,html_next_data,,,0.679404939000051
78779790cae2,2026-08-03T20:44:20.165243+00:00,fetch_page,venue_campo,816,https://www.rffm.es/campo/816,200,True,0,html_next_data,,,0.654944617999945
78779790cae2,2026-08-03T20:44:20.935595+00:00,fetch_page,venue_campo,8368576,https://www.rffm.es/campo/8368576,200,True,0,html_next_data,,,0.7665326480000658
78779790cae2,2026-08-03T20:44:21.652085+00:00,fetch_page,venue_campo,8802579,https://www.rffm.es/campo/8802579,200,True,0,html_next_data,,,0.7128654019999203
78779790cae2,2026-08-03T20:44:22.440708+00:00,fetch_page,venue_campo,8852174,https://www.rffm.es/campo/8852174,200,True,0,html_next_data,,,0.7848465539999552
78779790cae2,2026-08-03T20:44:23.219841+00:00,fetch_page,venue_campo,899063,https://www.rffm.es/campo/899063,200,True,0,html_next_data,,,0.7755917050000107
78779790cae2,2026-08-03T20:44:23.909394+00:00,fetch_page,venue_campo,899064,https://www.rffm.es/campo/899064,200,True,0,html_next_data,,,0.6857958260000032
