season,season_id,competition_id,group_id,team_id,team,source_url,scraped_at
2018-2019,14,9565626,9565929,116,ARAVACA C.F. 'A',https://www.rffm.es/competicion/calendario?temporada=14&competicion=9565626&grupo=9565929&jornada=1&tipojuego=2,2026-08-03T21:02:39.443382+00:00
2018-2019,14,9565626,9565929,2424524,C.D. ALBERTO COGORRO 'A',https://www.rffm.es/competicion/calendario?temporada=14&competicion=9565626&grupo=9565929&jornada=1&tipojuego=2,2026-08-03T21:02:39.443382+00:00
2018-2019,14,9565626,9565929,846730,C.D. ALPEDRETE 'A',https://www.rffm.es/competicion/calendario?temporada=14&competicion=9565626&grupo=9565929&jornada=1&tipojuego=2,2026-08-03T21:02:39.443382+00:00
2018-2019,14,9565626,9565929,306,LAS ROZAS C.F. 'B',https://www.rffm.es/competicion/calendario?temporada=14&competicion=9565626&grupo=9565929&jornada=1&tipojuego=2,2026-08-03T21:02:39.443382+00:00
2018-2019,14,9565626,9565929,305,LAS ROZAS C.F. 'A',https://www.rffm.es/competicion/calendario?temporada=14&competicion=9565626&grupo=9565929&jornada=1&tipojuego=2,2026-08-03T21:02:39.443382+00:00
2018-2019,14,9565626,9565929,2276884,C.D. CIUDAD DEL FUTBOL 'B',https://www.rffm.es/competicion/calendario?temporada=14&competicion=9565626&grupo=9565929&jornada=1&tipojuego=2,2026-08-03T21:02:39.443382+00:00
2018-2019,14,9565626,9565929,2217,C.F. RAYO MAJADAHONDA 'B',https://www.rffm.es/competicion/calendario?temporada=14&competicion=9565626&grupo=9565929&jornada=1&tipojuego=2,2026-08-03T21:02:39.443382+00:00
2018-2019,14,9565626,9565929,899439,C.D. SAN AGUSTIN LOS NEGRALES 'A',https://www.rffm.es/competicion/calendario?temporada=14&competicion=9565626&grupo=9565929&jornada=1&tipojuego=2,2026-08-03T21:02:39.443382+00:00
2018-2019,14,9565626,9565929,1059795,C.F. COLLADO VILLALBA 'A',https://www.rffm.es/competicion/calendario?temporada=14&competicion=9565626&grupo=9565929&jornada=1&tipojuego=2,2026-08-03T21:02:39.443382+00:00
2018-2019,14,9565626,9565929,2216,C.F. RAYO MAJADAHONDA 'A',https://www.rffm.es/competicion/calendario?temporada=14&competicion=9565626&grupo=9565929&jornada=1&tipojuego=2,2026-08-03T21:02:39.443382+00:00
2018-2019,14,9565626,9565929,304710,C.D. GALAPAGAR 'A',https://www.rffm.es/competicion/calendario?temporada=14&competicion=9565626&grupo=9565929&jornada=1&tipojuego=2,2026-08-03T21:02:39.443382+00:00
2018-2019,14,9565626,9565929,1035740,GREDOS SAN DIEGO-GUADARRAMA 'F',https://www.rffm.es/competicion/calendario?temporada=14&competicion=9565626&grupo=9565929&jornada=1&tipojuego=2,2026-08-03T21:02:39.443382+00:00
2018-2019,14,9565626,9565929,1628,UNION COLLADO VILLALBA 'A',https://www.rffm.es/competicion/calendario?temporada=14&competicion=9565626&grupo=9565929&jornada=1&tipojuego=2,2026-08-03T21:02:39.443382+00:00
2018-2019,14,9565626,9565929,466977,ATLETICO VILLALBA 'A',https://www.rffm.es/competicion/calendario?temporada=14&competicion=9565626&grupo=9565929&jornada=1&tipojuego=2,2026-08-03T21:02:39.443382+00:00
2018-2019,14,9565626,9565955,211,A.D. COLMENAR VIEJO 'A',https://www.rffm.es/competicion/calendario?temporada=14&competicion=9565626&grupo=9565955&jornada=1&tipojuego=2,2026-08-03T21:02:42.778740+00:00
2018-2019,14,9565626,9565955,213,A.D. COLMENAR VIEJO 'C',https://www.rffm.es/competicion/calendario?temporada=14&competicion=9565626&grupo=9565955&jornada=1&tipojuego=2,2026-08-03T21:02:42.778740+00:00
2018-2019,14,9565626,9565955,625858,ESCUELA MUNICIPAL LA CABRERA,https://www.rffm.es/competicion/calendario?temporada=14&competicion=9565626&grupo=9565955&jornada=1&tipojuego=2,2026-08-03T21:02:42.778740+00:00
2018-2019,14,9565626,9565955,2043,C.D. FUTBOL TRES CANTOS 'A',https://www.rffm.es/competicion/calendario?temporada=14&competicion=9565626&grupo=9565955&jornada=1&tipojuego=2,2026-08-03T21:02:42.778740+00:00
2018-2019,14,9565626,9565955,2994,E.F. SIETE PICOS COLMENAR 'A',https://www.rffm.es/competicion/calendario?temporada=14&competicion=9565626&grupo=9565955&jornada=1&tipojuego=2,2026-08-03T21:02:42.778740+00:00
2018-2019,14,9565626,9565955,2600,C.F. SAN AGUSTIN DE GUADALIX 'A',https://www.rffm.es/competicion/calendario?temporada=14&competicion=9565626&grupo=9565955&jornada=1&tipojuego=2,2026-08-03T21:02:42.778740+00:00
2018-2019,14,9565626,9565955,2601,C.F. SAN AGUSTIN DE GUADALIX 'B',https://www.rffm.es/competicion/calendario?temporada=14&competicion=9565626&grupo=9565955&jornada=1&tipojuego=2,2026-08-03T21:02:42.778740+00:00
2018-2019,14,9565626,9565955,2733785,DEPORTE Y PUNTO BCM 'A',https://www.rffm.es/competicion/calendario?temporada=14&competicion=9565626&grupo=9565955&jornada=1&tipojuego=2,2026-08-03T21:02:42.778740+00:00
2018-2019,14,9565626,9565955,-9944256,Equipo Casa (No asignado),https://www.rffm.es/competicion/calendario?temporada=14&competicion=9565626&grupo=9565955&jornada=1&tipojuego=2,2026-08-03T21:02:42.778740+00:00
2018-2019,14,9565626,9565955,2995,E.F. SIETE PICOS COLMENAR 'B',https://www.rffm.es/competicion/calendario?temporada=14&competicion=9565626&grupo=9565955&jornada=1&tipojuego=2,2026-08-03T21:02:42.778740+00:00
2018-2019,14,9565626,9565955,3155,A.D. EL REAL DE MANZANARES 'A',https://www.rffm.es/competicion/calendario?temporada=14&competicion=9565626&grupo=9565955&jornada=1&tipojuego=2,2026-08-03T21:02:42.778740+00:00
2018-2019,14,9565626,9565955,300051,UNION DEPORTIVA TRES CANTOS 'A',https://www.rffm.es/competicion/calendario?temporada=14&competicion=9565626&grupo=9565955&jornada=1&tipojuego=2,2026-08-03T21:02:42.778740+00:00
2018-2019,14,9565626,9565955,467005,UNION DEPORTIVA TRES CANTOS 'B',https://www.rffm.es/competicion/calendario?temporada=14&competicion=9565626&grupo=9565955&jornada=1&tipojuego=2,2026-08-03T21:02:42.778740+00:00
2018-2019,14,9565626,9565955,212,A.D. COLMENAR VIEJO 'B',https://www.rffm.es/competicion/calendario?temporada=14&competicion=9565626&grupo=9565955&jornada=1&tipojuego=2,2026-08-03T21:02:42.778740+00:00
2018-2019,14,9565626,9566558,334121,C.F. ALALPARDO 'A',https://www.rffm.es/competicion/calendario?temporada=14&competicion=9565626&grupo=9566558&jornada=1&tipojuego=2,2026-08-03T21:02:46.560082+00:00
2018-2019,14,9565626,9566558,9031294,E.M.F. ATLETICO ALGETE C.D. 'A',https://www.rffm.es/competicion/calendario?temporada=14&competicion=9565626&grupo=9566558&jornada=1&tipojuego=2,2026-08-03T21:02:46.560082+00:00
2018-2019,14,9565626,9566558,2632,C.D. MUNICIPAL AJALVIR 'A',https://www.rffm.es/competicion/calendario?temporada=14&competicion=9565626&grupo=9566558&jornada=1&tipojuego=2,2026-08-03T21:02:46.560082+00:00
2018-2019,14,9565626,9566558,2740042,COLEGIO MIRAMADRID 'A',https://www.rffm.es/competicion/calendario?temporada=14&competicion=9565626&grupo=9566558&jornada=1&tipojuego=2,2026-08-03T21:02:46.560082+00:00
2018-2019,14,9565626,9566558,334342,C.D. PARACUELLOS 'A',https://www.rffm.es/competicion/calendario?temporada=14&competicion=9565626&grupo=9566558&jornada=1&tipojuego=2,2026-08-03T21:02:46.560082+00:00
2018-2019,14,9565626,9566558,2280231,ESCUELA MUN.DEPORTES DAGANZO 'A',https://www.rffm.es/competicion/calendario?temporada=14&competicion=9565626&grupo=9566558&jornada=1&tipojuego=2,2026-08-03T21:02:46.560082+00:00
2018-2019,14,9565626,9566558,304409,EMF C.D. COBEÑA 'A',https://www.rffm.es/competicion/calendario?temporada=14&competicion=9565626&grupo=9566558&jornada=1&tipojuego=2,2026-08-03T21:02:46.560082+00:00
2018-2019,14,9565626,9566558,1905,C.F. FUENTE EL SAZ 'A',https://www.rffm.es/competicion/calendario?temporada=14&competicion=9565626&grupo=9566558&jornada=1&tipojuego=2,2026-08-03T21:02:46.560082+00:00
2018-2019,14,9565626,9566558,2740043,COLEGIO MIRAMADRID 'B',https://www.rffm.es/competicion/calendario?temporada=14&competicion=9565626&grupo=9566558&jornada=1&tipojuego=2,2026-08-03T21:02:46.560082+00:00
2018-2019,14,9565626,9566558,334343,C.D. PARACUELLOS 'B',https://www.rffm.es/competicion/calendario?temporada=14&competicion=9565626&grupo=9566558&jornada=1&tipojuego=2,2026-08-03T21:02:46.560082+00:00
2018-2019,14,9565626,9566558,2627,E.M.F. ATLETICO ALGETE C.D. 'B',https://www.rffm.es/competicion/calendario?temporada=14&competicion=9565626&grupo=9566558&jornada=1&tipojuego=2,2026-08-03T21:02:46.560082+00:00
2018-2019,14,9565626,9566558,2733674,C.D. PARACUELLOS SPORT 'A',https://www.rffm.es/competicion/calendario?temporada=14&competicion=9565626&grupo=9566558&jornada=1&tipojuego=2,2026-08-03T21:02:46.560082+00:00
2018-2019,14,9565626,9566558,144,C.D. BARAJAS 'A',https://www.rffm.es/competicion/calendario?temporada=14&competicion=9565626&grupo=9566558&jornada=1&tipojuego=2,2026-08-03T21:02:46.560082+00:00
2018-2019,14,9565626,9566558,467188,C.F. ALALPARDO 'B',https://www.rffm.es/competicion/calendario?temporada=14&competicion=9565626&grupo=9566558&jornada=1&tipojuego=2,2026-08-03T21:02:46.560082+00:00
2018-2019,14,9565626,9566607,334128,ATLETICO CHOPERA ALCOBENDAS 04 'A',https://www.rffm.es/competicion/calendario?temporada=14&competicion=9565626&grupo=9566607&jornada=1&tipojuego=2,2026-08-03T21:02:50.125713+00:00
2018-2019,14,9565626,9566607,846779,RAYO CIUDAD ALCOBENDAS C.F. 'A',https://www.rffm.es/competicion/calendario?temporada=14&competicion=9565626&grupo=9566607&jornada=1&tipojuego=2,2026-08-03T21:02:50.125713+00:00
2018-2019,14,9565626,9566607,846780,RAYO CIUDAD ALCOBENDAS C.F. 'B',https://www.rffm.es/competicion/calendario?temporada=14&competicion=9565626&grupo=9566607&jornada=1&tipojuego=2,2026-08-03T21:02:50.125713+00:00
2018-2019,14,9565626,9566607,2667,CLUB FUENTELARREYNA 'A',https://www.rffm.es/competicion/calendario?temporada=14&competicion=9565626&grupo=9566607&jornada=1&tipojuego=2,2026-08-03T21:02:50.125713+00:00
2018-2019,14,9565626,9566607,2335,ATLETICO MADRILEÑO C.F. 'B',https://www.rffm.es/competicion/calendario?temporada=14&competicion=9565626&grupo=9566607&jornada=1&tipojuego=2,2026-08-03T21:02:50.125713+00:00
2018-2019,14,9565626,9566607,846781,RAYO CIUDAD ALCOBENDAS C.F. 'C',https://www.rffm.es/competicion/calendario?temporada=14&competicion=9565626&grupo=9566607&jornada=1&tipojuego=2,2026-08-03T21:02:50.125713+00:00
2018-2019,14,9565626,9566607,418,U.D. SAN SEBASTIAN REYES 'A',https://www.rffm.es/competicion/calendario?temporada=14&competicion=9565626&grupo=9566607&jornada=1&tipojuego=2,2026-08-03T21:02:50.125713+00:00
2018-2019,14,9565626,9566607,885946,FUTBOL ALCOBENDAS SPORT 'A',https://www.rffm.es/competicion/calendario?temporada=14&competicion=9565626&grupo=9566607&jornada=1&tipojuego=2,2026-08-03T21:02:50.125713+00:00
2018-2019,14,9565626,9566607,1985,C.D.E. ACADEMIA DE FUTBOL ALCOBENDAS 'A',https://www.rffm.es/competicion/calendario?temporada=14&competicion=9565626&grupo=9566607&jornada=1&tipojuego=2,2026-08-03T21:02:50.125713+00:00
2018-2019,14,9565626,9566607,2334,ATLETICO MADRILEÑO C.F. 'A',https://www.rffm.es/competicion/calendario?temporada=14&competicion=9565626&grupo=9566607&jornada=1&tipojuego=2,2026-08-03T21:02:50.125713+00:00
2018-2019,14,9565626,9566607,1323,JUVENTUD SANSE 'A',https://www.rffm.es/competicion/calendario?temporada=14&competicion=9565626&grupo=9566607&jornada=1&tipojuego=2,2026-08-03T21:02:50.125713+00:00
2018-2019,14,9565626,9566607,-10057371,Equipo Fuera (No asignado),https://www.rffm.es/competicion/calendario?temporada=14&competicion=9565626&grupo=9566607&jornada=1&tipojuego=2,2026-08-03T21:02:50.125713+00:00
2018-2019,14,9565626,9566607,2503,COLEGIO BRAINS 'A',https://www.rffm.es/competicion/calendario?temporada=14&competicion=9565626&grupo=9566607&jornada=1&tipojuego=2,2026-08-03T21:02:50.125713+00:00
2018-2019,14,9565626,9566607,3359550,C.D. HIGHLANDS EL ENCINAR,https://www.rffm.es/competicion/calendario?temporada=14&competicion=9565626&grupo=9566607&jornada=1&tipojuego=2,2026-08-03T21:02:50.125713+00:00
2018-2019,14,9565626,9566664,82,R.S.D. ALCALA S.A.D. 'A',https://www.rffm.es/competicion/calendario?temporada=14&competicion=9565626&grupo=9566664&jornada=1&tipojuego=2,2026-08-03T21:02:53.217021+00:00
2018-2019,14,9565626,9566664,307928,C.D. AVANCE 'A',https://www.rffm.es/competicion/calendario?temporada=14&competicion=9565626&grupo=9566664&jornada=1&tipojuego=2,2026-08-03T21:02:53.217021+00:00
2018-2019,14,9565626,9566664,6824811,FUNDACION R.S.D. ALCALA 'A',https://www.rffm.es/competicion/calendario?temporada=14&competicion=9565626&grupo=9566664&jornada=1&tipojuego=2,2026-08-03T21:02:53.217021+00:00
2018-2019,14,9565626,9566664,2463,A.D. COMPLUTENSE ALCALA 'A',https://www.rffm.es/competicion/calendario?temporada=14&competicion=9565626&grupo=9566664&jornada=1&tipojuego=2,2026-08-03T21:02:53.217021+00:00
2018-2019,14,9565626,9566664,3359679,ACADEMIA NAF SAN GABRIEL 'B',https://www.rffm.es/competicion/calendario?temporada=14&competicion=9565626&grupo=9566664&jornada=1&tipojuego=2,2026-08-03T21:02:53.217021+00:00
2018-2019,14,9565626,9566664,2465,A.D. COMPLUTENSE ALCALA 'C',https://www.rffm.es/competicion/calendario?temporada=14&competicion=9565626&grupo=9566664&jornada=1&tipojuego=2,2026-08-03T21:02:53.217021+00:00
2018-2019,14,9565626,9566664,304909,S.A.D. ESPARTALES SUR 'A',https://www.rffm.es/competicion/calendario?temporada=14&competicion=9565626&grupo=9566664&jornada=1&tipojuego=2,2026-08-03T21:02:53.217021+00:00
2018-2019,14,9565626,9566664,467131,S.A.D. ESPARTALES SUR 'B',https://www.rffm.es/competicion/calendario?temporada=14&competicion=9565626&grupo=9566664&jornada=1&tipojuego=2,2026-08-03T21:02:53.217021+00:00
2018-2019,14,9565626,9566664,2464,A.D. COMPLUTENSE ALCALA 'B',https://www.rffm.es/competicion/calendario?temporada=14&competicion=9565626&grupo=9566664&jornada=1&tipojuego=2,2026-08-03T21:02:53.217021+00:00
2018-2019,14,9565626,9566664,3176,C.F. RAYO ENSANCHE 'A',https://www.rffm.es/competicion/calendario?temporada=14&competicion=9565626&grupo=9566664&jornada=1&tipojuego=2,2026-08-03T21:02:53.217021+00:00
2018-2019,14,9565626,9566664,84,R.S.D. ALCALA S.A.D. 'C',https://www.rffm.es/competicion/calendario?temporada=14&competicion=9565626&grupo=9566664&jornada=1&tipojuego=2,2026-08-03T21:02:53.217021+00:00
2018-2019,14,9565626,9566664,7265318,FUNDACION R.S.D. ALCALA 'B',https://www.rffm.es/competicion/calendario?temporada=14&competicion=9565626&grupo=9566664&jornada=1&tipojuego=2,2026-08-03T21:02:53.217021+00:00
2018-2019,14,9565626,9566664,846788,VILLALBILLA C.F. 'A',https://www.rffm.es/competicion/calendario?temporada=14&competicion=9565626&grupo=9566664&jornada=1&tipojuego=2,2026-08-03T21:02:53.217021+00:00
2018-2019,14,9565626,9566664,83,R.S.D. ALCALA S.A.D. 'B',https://www.rffm.es/competicion/calendario?temporada=14&competicion=9565626&grupo=9566664&jornada=1&tipojuego=2,2026-08-03T21:02:53.217021+00:00
2018-2019,14,9565626,9566723,1410,DEPORTIVO A.V. SANTA ANA 'A',https://www.rffm.es/competicion/calendario?temporada=14&competicion=9565626&grupo=9566723&jornada=1&tipojuego=2,2026-08-03T21:02:57.548869+00:00
2018-2019,14,9565626,9566723,854,COLEGIO EL PRADO 'A',https://www.rffm.es/competicion/calendario?temporada=14&competicion=9565626&grupo=9566723&jornada=1&tipojuego=2,2026-08-03T21:02:57.548869+00:00
2018-2019,14,9565626,9566723,2816,C.D. SANTA MARIA CARIDAD 'A',https://www.rffm.es/competicion/calendario?temporada=14&competicion=9565626&grupo=9566723&jornada=1&tipojuego=2,2026-08-03T21:02:57.548869+00:00
2018-2019,14,9565626,9566723,2246,UNION ZONA NORTE 'A',https://www.rffm.es/competicion/calendario?temporada=14&competicion=9565626&grupo=9566723&jornada=1&tipojuego=2,2026-08-03T21:02:57.548869+00:00
2018-2019,14,9565626,9566723,1611,A.D. UNION ADARVE 'C',https://www.rffm.es/competicion/calendario?temporada=14&competicion=9565626&grupo=9566723&jornada=1&tipojuego=2,2026-08-03T21:02:57.548869+00:00
2018-2019,14,9565626,9566723,2247,UNION ZONA NORTE 'B',https://www.rffm.es/competicion/calendario?temporada=14&competicion=9565626&grupo=9566723&jornada=1&tipojuego=2,2026-08-03T21:02:57.548869+00:00
2018-2019,14,9565626,9566723,1610,A.D. UNION ADARVE 'B',https://www.rffm.es/competicion/calendario?temporada=14&competicion=9565626&grupo=9566723&jornada=1&tipojuego=2,2026-08-03T21:02:57.548869+00:00
2018-2019,14,9565626,9566723,3909660,C.D. ESTUDIANTES LAS TABLAS 'A',https://www.rffm.es/competicion/calendario?temporada=14&competicion=9565626&grupo=9566723&jornada=1&tipojuego=2,2026-08-03T21:02:57.548869+00:00
2018-2019,14,9565626,9566723,1609,A.D. UNION ADARVE 'A',https://www.rffm.es/competicion/calendario?temporada=14&competicion=9565626&grupo=9566723&jornada=1&tipojuego=2,2026-08-03T21:02:57.548869+00:00
2018-2019,14,9565626,9566723,1335,ESC.FUT.BARRIO PILAR 'A',https://www.rffm.es/competicion/calendario?temporada=14&competicion=9565626&grupo=9566723&jornada=1&tipojuego=2,2026-08-03T21:02:57.548869+00:00
2018-2019,14,9565626,9566723,2848,C.D. TETUAN 'A',https://www.rffm.es/competicion/calendario?temporada=14&competicion=9565626&grupo=9566723&jornada=1&tipojuego=2,2026-08-03T21:02:57.548869+00:00
2018-2019,14,9565626,9566723,398250,A.D. FUNDACION 'A',https://www.rffm.es/competicion/calendario?temporada=14&competicion=9565626&grupo=9566723&jornada=1&tipojuego=2,2026-08-03T21:02:57.548869+00:00
2018-2019,14,9565626,9566723,3854045,OLIMPIC DE LAS TABLAS C.F. 'A',https://www.rffm.es/competicion/calendario?temporada=14&competicion=9565626&grupo=9566723&jornada=1&tipojuego=2,2026-08-03T21:02:57.548869+00:00
2018-2019,14,9565626,9566723,1411,DEPORTIVO A.V. SANTA ANA 'B',https://www.rffm.es/competicion/calendario?temporada=14&competicion=9565626&grupo=9566723&jornada=1&tipojuego=2,2026-08-03T21:02:57.548869+00:00
2018-2019,14,9565626,9566745,459,CLUB SAN AGUSTIN 'A',https://www.rffm.es/competicion/calendario?temporada=14&competicion=9565626&grupo=9566745&jornada=1&tipojuego=2,2026-08-03T21:03:02.100808+00:00
2018-2019,14,9565626,9566745,489,C.D. CANILLAS 'A',https://www.rffm.es/competicion/calendario?temporada=14&competicion=9565626&grupo=9566745&jornada=1&tipojuego=2,2026-08-03T21:03:02.100808+00:00
2018-2019,14,9565626,9566745,334124,A.D. SPORTING HORTALEZA 'C',https://www.rffm.es/competicion/calendario?temporada=14&competicion=9565626&grupo=9566745&jornada=1&tipojuego=2,2026-08-03T21:03:02.100808+00:00
2018-2019,14,9565626,9566745,466997,A.D. VILLA ROSA 'A',https://www.rffm.es/competicion/calendario?temporada=14&competicion=9565626&grupo=9566745&jornada=1&tipojuego=2,2026-08-03T21:03:02.100808+00:00
2018-2019,14,9565626,9566745,556,A.D. SPORTING HORTALEZA 'A',https://www.rffm.es/competicion/calendario?temporada=14&competicion=9565626&grupo=9566745&jornada=1&tipojuego=2,2026-08-03T21:03:02.100808+00:00
2018-2019,14,9565626,9566745,300085,S.A.D. FUNDACION RAYO VALLECANO 'A',https://www.rffm.es/competicion/calendario?temporada=14&competicion=9565626&grupo=9566745&jornada=1&tipojuego=2,2026-08-03T21:03:02.100808+00:00
2018-2019,14,9565626,9566745,927,A.D. ESPERANZA 'A',https://www.rffm.es/competicion/calendario?temporada=14&competicion=9565626&grupo=9566745&jornada=1&tipojuego=2,2026-08-03T21:03:02.100808+00:00
2018-2019,14,9565626,9566745,449,C.D. SAN ROQUE E.F.F. 'A',https://www.rffm.es/competicion/calendario?temporada=14&competicion=9565626&grupo=9566745&jornada=1&tipojuego=2,2026-08-03T21:03:02.100808+00:00
2018-2019,14,9565626,9566745,640,ESCUELA DEP.MORATALAZ 'A',https://www.rffm.es/competicion/calendario?temporada=14&competicion=9565626&grupo=9566745&jornada=1&tipojuego=2,2026-08-03T21:03:02.100808+00:00
2018-2019,14,9565626,9566745,557,A.D. SPORTING HORTALEZA 'B',https://www.rffm.es/competicion/calendario?temporada=14&competicion=9565626&grupo=9566745&jornada=1&tipojuego=2,2026-08-03T21:03:02.100808+00:00
2018-2019,14,9565626,9566745,14,REAL MADRID C.F. 'A',https://www.rffm.es/competicion/calendario?temporada=14&competicion=9565626&grupo=9566745&jornada=1&tipojuego=2,2026-08-03T21:03:02.100808+00:00
2018-2019,14,9565626,9566745,15,REAL MADRID C.F. 'B',https://www.rffm.es/competicion/calendario?temporada=14&competicion=9565626&grupo=9566745&jornada=1&tipojuego=2,2026-08-03T21:03:02.100808+00:00
2018-2019,14,9565626,9566745,2180,A.D. OÑA SANCHINARRO 'A',https://www.rffm.es/competicion/calendario?temporada=14&competicion=9565626&grupo=9566745&jornada=1&tipojuego=2,2026-08-03T21:03:02.100808+00:00
2018-2019,14,9565626,9566745,490,C.D. CANILLAS 'B',https://www.rffm.es/competicion/calendario?temporada=14&competicion=9565626&grupo=9566745&jornada=1&tipojuego=2,2026-08-03T21:03:02.100808+00:00
2018-2019,14,9565626,9566774,460,CLUB SAN AGUSTIN 'B',https://www.rffm.es/competicion/calendario?temporada=14&competicion=9565626&grupo=9566774&jornada=1&tipojuego=2,2026-08-03T21:03:05.707374+00:00
2018-2019,14,9565626,9566774,300086,S.A.D. FUNDACION RAYO VALLECANO 'B',https://www.rffm.es/competicion/calendario?temporada=14&competicion=9565626&grupo=9566774&jornada=1&tipojuego=2,2026-08-03T21:03:05.707374+00:00
2018-2019,14,9565626,9566774,301468,C.D. CHAMARTIN VERGARA 'A',https://www.rffm.es/competicion/calendario?temporada=14&competicion=9565626&grupo=9566774&jornada=1&tipojuego=2,2026-08-03T21:03:05.707374+00:00
2018-2019,14,9565626,9566774,382,ESCUELA FUTBOL CONCEPCION 'A',https://www.rffm.es/competicion/calendario?temporada=14&competicion=9565626&grupo=9566774&jornada=1&tipojuego=2,2026-08-03T21:03:05.707374+00:00
2018-2019,14,9565626,9566774,1775,E.D.M. SAN BLAS 'B',https://www.rffm.es/competicion/calendario?temporada=14&competicion=9565626&grupo=9566774&jornada=1&tipojuego=2,2026-08-03T21:03:05.707374+00:00
2018-2019,14,9565626,9566774,2733687,C.D. SAMPER 'A',https://www.rffm.es/competicion/calendario?temporada=14&competicion=9565626&grupo=9566774&jornada=1&tipojuego=2,2026-08-03T21:03:05.707374+00:00
2018-2019,14,9565626,9566774,467016,C.D. SAN FERNANDO 'A',https://www.rffm.es/competicion/calendario?temporada=14&competicion=9565626&grupo=9566774&jornada=1&tipojuego=2,2026-08-03T21:03:05.707374+00:00
2018-2019,14,9565626,9566774,1032040,ESC.FUT. EL OLIVO DE COSLADA 'A',https://www.rffm.es/competicion/calendario?temporada=14&competicion=9565626&grupo=9566774&jornada=1&tipojuego=2,2026-08-03T21:03:05.707374+00:00
2018-2019,14,9565626,9566774,2277054,C.D. FORD 'A',https://www.rffm.es/competicion/calendario?temporada=14&competicion=9565626&grupo=9566774&jornada=1&tipojuego=2,2026-08-03T21:03:05.707374+00:00
2018-2019,14,9565626,9566774,1776,E.D.M. SAN BLAS 'C',https://www.rffm.es/competicion/calendario?temporada=14&competicion=9565626&grupo=9566774&jornada=1&tipojuego=2,2026-08-03T21:03:05.707374+00:00
2018-2019,14,9565626,9566774,526139,A.D.A.E. SIMANCAS 'A',https://www.rffm.es/competicion/calendario?temporada=14&competicion=9565626&grupo=9566774&jornada=1&tipojuego=2,2026-08-03T21:03:05.707374+00:00
2018-2019,14,9565626,9566774,1774,E.D.M. SAN BLAS 'A',https://www.rffm.es/competicion/calendario?temporada=14&competicion=9565626&grupo=9566774&jornada=1&tipojuego=2,2026-08-03T21:03:05.707374+00:00
2018-2019,14,9565626,9566774,383,ESCUELA FUTBOL CONCEPCION 'B',https://www.rffm.es/competicion/calendario?temporada=14&competicion=9565626&grupo=9566774&jornada=1&tipojuego=2,2026-08-03T21:03:05.707374+00:00
2018-2019,14,9565626,9566826,711387,A.D. A.TOLEDO OLIVOS C.F. 'A',https://www.rffm.es/competicion/calendario?temporada=14&competicion=9565626&grupo=9566826&jornada=1&tipojuego=2,2026-08-03T21:03:09.513166+00:00
2018-2019,14,9565626,9566826,2366797,E.M.F. DE CARABAÑA 'A',https://www.rffm.es/competicion/calendario?temporada=14&competicion=9565626&grupo=9566826&jornada=1&tipojuego=2,2026-08-03T21:03:09.513166+00:00
2018-2019,14,9565626,9566826,3347200,RIVAS FUTBOL CLUB 'A',https://www.rffm.es/competicion/calendario?temporada=14&competicion=9565626&grupo=9566826&jornada=1&tipojuego=2,2026-08-03T21:03:09.513166+00:00
2018-2019,14,9565626,9566826,680784,ESCUELA DE FUTBOL ARGANDA 'B',https://www.rffm.es/competicion/calendario?temporada=14&competicion=9565626&grupo=9566826&jornada=1&tipojuego=2,2026-08-03T21:03:09.513166+00:00
2018-2019,14,9565626,9566826,680874,UNION DEPORTIVA LA POVEDA 'B',https://www.rffm.es/competicion/calendario?temporada=14&competicion=9565626&grupo=9566826&jornada=1&tipojuego=2,2026-08-03T21:03:09.513166+00:00
2018-2019,14,9565626,9566826,3010970,S.A.D. A.D.C. PARQUE SURESTE 'A',https://www.rffm.es/competicion/calendario?temporada=14&competicion=9565626&grupo=9566826&jornada=1&tipojuego=2,2026-08-03T21:03:09.513166+00:00
2018-2019,14,9565626,9566826,3010973,S.A.D. A.D.C. PARQUE SURESTE 'B',https://www.rffm.es/competicion/calendario?temporada=14&competicion=9565626&grupo=9566826&jornada=1&tipojuego=2,2026-08-03T21:03:09.513166+00:00
2018-2019,14,9565626,9566826,467019,C.D. ESC. FUTBOL MEJORADA 'A',https://www.rffm.es/competicion/calendario?temporada=14&competicion=9565626&grupo=9566826&jornada=1&tipojuego=2,2026-08-03T21:03:09.513166+00:00
2018-2019,14,9565626,9566826,526034,ESC. MUN. FUT. VILLAREJO 'A',https://www.rffm.es/competicion/calendario?temporada=14&competicion=9565626&grupo=9566826&jornada=1&tipojuego=2,2026-08-03T21:03:09.513166+00:00
2018-2019,14,9565626,9566826,693486,UNION DEPORTIVA LA POVEDA 'C',https://www.rffm.es/competicion/calendario?temporada=14&competicion=9565626&grupo=9566826&jornada=1&tipojuego=2,2026-08-03T21:03:09.513166+00:00
2018-2019,14,9565626,9566826,680783,ESCUELA DE FUTBOL ARGANDA 'A',https://www.rffm.es/competicion/calendario?temporada=14&competicion=9565626&grupo=9566826&jornada=1&tipojuego=2,2026-08-03T21:03:09.513166+00:00
2018-2019,14,9565626,9566826,2722142,ATLETICO LOECHES 'A',https://www.rffm.es/competicion/calendario?temporada=14&competicion=9565626&grupo=9566826&jornada=1&tipojuego=2,2026-08-03T21:03:09.513166+00:00
2018-2019,14,9565626,9566826,537763,C.D. MEJOREÑO 'A',https://www.rffm.es/competicion/calendario?temporada=14&competicion=9565626&grupo=9566826&jornada=1&tipojuego=2,2026-08-03T21:03:09.513166+00:00
2018-2019,14,9565626,9566826,3342434,A.D. ARGANDA C.F. 'A',https://www.rffm.es/competicion/calendario?temporada=14&competicion=9565626&grupo=9566826&jornada=1&tipojuego=2,2026-08-03T21:03:09.513166+00:00
2018-2019,14,9565626,9566857,466971,VALLECAS C.F. 'A',https://www.rffm.es/competicion/calendario?temporada=14&competicion=9565626&grupo=9566857&jornada=1&tipojuego=2,2026-08-03T21:03:12.849419+00:00
2018-2019,14,9565626,9566857,-9845935,Equipo Fuera (No asignado),https://www.rffm.es/competicion/calendario?temporada=14&competicion=9565626&grupo=9566857&jornada=1&tipojuego=2,2026-08-03T21:03:12.849419+00:00
2018-2019,14,9565626,9566857,1698,ADEPO-PALOMERAS 'A',https://www.rffm.es/competicion/calendario?temporada=14&competicion=9565626&grupo=9566857&jornada=1&tipojuego=2,2026-08-03T21:03:12.849419+00:00
2018-2019,14,9565626,9566857,466996,C.D. SPORT VILLA DE VALLECAS 'A',https://www.rffm.es/competicion/calendario?temporada=14&competicion=9565626&grupo=9566857&jornada=1&tipojuego=2,2026-08-03T21:03:12.849419+00:00
2018-2019,14,9565626,9566857,68,RAYO VALLECANO DE MADRID 'B',https://www.rffm.es/competicion/calendario?temporada=14&competicion=9565626&grupo=9566857&jornada=1&tipojuego=2,2026-08-03T21:03:12.849419+00:00
2018-2019,14,9565626,9566857,571105,C.D. UNION ELIPA 'A',https://www.rffm.es/competicion/calendario?temporada=14&competicion=9565626&grupo=9566857&jornada=1&tipojuego=2,2026-08-03T21:03:12.849419+00:00
2018-2019,14,9565626,9566857,980,ESC.F. JUVENTUD MADRID 'A',https://www.rffm.es/competicion/calendario?temporada=14&competicion=9565626&grupo=9566857&jornada=1&tipojuego=2,2026-08-03T21:03:12.849419+00:00
2018-2019,14,9565626,9566857,42,CLUB ATLETICO DE MADRID 'D',https://www.rffm.es/competicion/calendario?temporada=14&competicion=9565626&grupo=9566857&jornada=1&tipojuego=2,2026-08-03T21:03:12.849419+00:00
2018-2019,14,9565626,9566857,307829,CLUB ATLETICO DE MADRID 'F',https://www.rffm.es/competicion/calendario?temporada=14&competicion=9565626&grupo=9566857&jornada=1&tipojuego=2,2026-08-03T21:03:12.849419+00:00
2018-2019,14,9565626,9566857,641,ESCUELA DEP.MORATALAZ 'B',https://www.rffm.es/competicion/calendario?temporada=14&competicion=9565626&grupo=9566857&jornada=1&tipojuego=2,2026-08-03T21:03:12.849419+00:00
2018-2019,14,9565626,9566857,604,C.D. VICALVARO 'A',https://www.rffm.es/competicion/calendario?temporada=14&competicion=9565626&grupo=9566857&jornada=1&tipojuego=2,2026-08-03T21:03:12.849419+00:00
2018-2019,14,9565626,9566857,67,RAYO VALLECANO DE MADRID 'A',https://www.rffm.es/competicion/calendario?temporada=14&competicion=9565626&grupo=9566857&jornada=1&tipojuego=2,2026-08-03T21:03:12.849419+00:00
2018-2019,14,9565626,9566857,3357278,C.D. TAJAMAR 'A',https://www.rffm.es/competicion/calendario?temporada=14&competicion=9565626&grupo=9566857&jornada=1&tipojuego=2,2026-08-03T21:03:12.849419+00:00
2018-2019,14,9565626,9566857,2732,UNION DEPORTIVA LA POVEDA 'A',https://www.rffm.es/competicion/calendario?temporada=14&competicion=9565626&grupo=9566857&jornada=1&tipojuego=2,2026-08-03T21:03:12.849419+00:00
2018-2019,14,9565626,9567261,43,CLUB ATLETICO DE MADRID 'E',https://www.rffm.es/competicion/calendario?temporada=14&competicion=9565626&grupo=9567261&jornada=1&tipojuego=2,2026-08-03T21:03:16.527799+00:00
2018-2019,14,9565626,9567261,104,C.D. LEGANES S.A.D. 'A',https://www.rffm.es/competicion/calendario?temporada=14&competicion=9565626&grupo=9567261&jornada=1&tipojuego=2,2026-08-03T21:03:16.527799+00:00
2018-2019,14,9565626,9567261,3091,ESCUELA FUTBOL MADRID SUR 'A',https://www.rffm.es/competicion/calendario?temporada=14&competicion=9565626&grupo=9567261&jornada=1&tipojuego=2,2026-08-03T21:03:16.527799+00:00
2018-2019,14,9565626,9567261,91,C.D. COLONIA MOSCARDO 'A',https://www.rffm.es/competicion/calendario?temporada=14&competicion=9565626&grupo=9567261&jornada=1&tipojuego=2,2026-08-03T21:03:16.527799+00:00
2018-2019,14,9565626,9567261,6826494,S.A.D. VILLAVERDE SAN ANDRES 'B',https://www.rffm.es/competicion/calendario?temporada=14&competicion=9565626&grupo=9567261&jornada=1&tipojuego=2,2026-08-03T21:03:16.527799+00:00
2018-2019,14,9565626,9567261,3365884,C.D. OROQUIETA VILLAVERDE BUTARQUE 'B',https://www.rffm.es/competicion/calendario?temporada=14&competicion=9565626&grupo=9567261&jornada=1&tipojuego=2,2026-08-03T21:03:16.527799+00:00
2018-2019,14,9565626,9567261,6826493,S.A.D. VILLAVERDE SAN ANDRES 'A',https://www.rffm.es/competicion/calendario?temporada=14&competicion=9565626&grupo=9567261&jornada=1&tipojuego=2,2026-08-03T21:03:16.527799+00:00
2018-2019,14,9565626,9567261,1031445,RACING VILLAVERDE C.F. 'A',https://www.rffm.es/competicion/calendario?temporada=14&competicion=9565626&grupo=9567261&jornada=1&tipojuego=2,2026-08-03T21:03:16.527799+00:00
2018-2019,14,9565626,9567261,3365883,C.D. OROQUIETA VILLAVERDE BUTARQUE 'A',https://www.rffm.es/competicion/calendario?temporada=14&competicion=9565626&grupo=9567261&jornada=1&tipojuego=2,2026-08-03T21:03:16.527799+00:00
2018-2019,14,9565626,9567261,1505,ESCUELA DE FUTBOL CARABANCHEL 'A',https://www.rffm.es/competicion/calendario?temporada=14&competicion=9565626&grupo=9567261&jornada=1&tipojuego=2,2026-08-03T21:03:16.527799+00:00
2018-2019,14,9565626,9567261,105,C.D. LEGANES S.A.D. 'B',https://www.rffm.es/competicion/calendario?temporada=14&competicion=9565626&grupo=9567261&jornada=1&tipojuego=2,2026-08-03T21:03:16.527799+00:00
2018-2019,14,9565626,9567261,955,A.D. ORCASITAS 'A',https://www.rffm.es/competicion/calendario?temporada=14&competicion=9565626&grupo=9567261&jornada=1&tipojuego=2,2026-08-03T21:03:16.527799+00:00
2018-2019,14,9565626,9567261,4030197,C.D. ARROYOCULEBRO-ANTANES,https://www.rffm.es/competicion/calendario?temporada=14&competicion=9565626&grupo=9567261&jornada=1&tipojuego=2,2026-08-03T21:03:16.527799+00:00
2018-2019,14,9565626,9567261,2733690,C.D. INTER PROMESAS 'A',https://www.rffm.es/competicion/calendario?temporada=14&competicion=9565626&grupo=9567261&jornada=1&tipojuego=2,2026-08-03T21:03:16.527799+00:00
2018-2019,14,9565626,9567323,1640,ESC.MUN.FUT. ALUCHE 'A',https://www.rffm.es/competicion/calendario?temporada=14&competicion=9565626&grupo=9567323&jornada=1&tipojuego=2,2026-08-03T21:03:20.169522+00:00
2018-2019,14,9565626,9567323,1254,C.D. LOS YEBENES-SAN BRUNO 'A',https://www.rffm.es/competicion/calendario?temporada=14&competicion=9565626&grupo=9567323&jornada=1&tipojuego=2,2026-08-03T21:03:20.169522+00:00
2018-2019,14,9565626,9567323,307830,CLUB ATLETICO DE MADRID 'G',https://www.rffm.es/competicion/calendario?temporada=14&competicion=9565626&grupo=9567323&jornada=1&tipojuego=2,2026-08-03T21:03:20.169522+00:00
2018-2019,14,9565626,9567323,846767,C.D. ALZOLA-HALCONES 'A',https://www.rffm.es/competicion/calendario?temporada=14&competicion=9565626&grupo=9567323&jornada=1&tipojuego=2,2026-08-03T21:03:20.169522+00:00
2018-2019,14,9565626,9567323,857835,C.F. MADRID RIO 'A',https://www.rffm.es/competicion/calendario?temporada=14&competicion=9565626&grupo=9567323&jornada=1&tipojuego=2,2026-08-03T21:03:20.169522+00:00
2018-2019,14,9565626,9567323,2278949,C.D. SPORTING LAGUNA 'A',https://www.rffm.es/competicion/calendario?temporada=14&competicion=9565626&grupo=9567323&jornada=1&tipojuego=2,2026-08-03T21:03:20.169522+00:00
2018-2019,14,9565626,9567323,1372,A.D. GIGANTES 'A',https://www.rffm.es/competicion/calendario?temporada=14&competicion=9565626&grupo=9567323&jornada=1&tipojuego=2,2026-08-03T21:03:20.169522+00:00
2018-2019,14,9565626,9567323,1506,ESCUELA DE FUTBOL CARABANCHEL 'B',https://www.rffm.es/competicion/calendario?temporada=14&competicion=9565626&grupo=9567323&jornada=1&tipojuego=2,2026-08-03T21:03:20.169522+00:00
2018-2019,14,9565626,9567323,2712966,ESC.FUTBOL CIUDAD GETAFE 'A',https://www.rffm.es/competicion/calendario?temporada=14&competicion=9565626&grupo=9567323&jornada=1&tipojuego=2,2026-08-03T21:03:20.169522+00:00
2018-2019,14,9565626,9567323,1845,A.D. VILLAVERDE BAJO 'A',https://www.rffm.es/competicion/calendario?temporada=14&competicion=9565626&grupo=9567323&jornada=1&tipojuego=2,2026-08-03T21:03:20.169522+00:00
2018-2019,14,9565626,9567323,40,CLUB ATLETICO DE MADRID 'B',https://www.rffm.es/competicion/calendario?temporada=14&competicion=9565626&grupo=9567323&jornada=1&tipojuego=2,2026-08-03T21:03:20.169522+00:00
2018-2019,14,9565626,9567323,4944838,C.F. AGUILAS DEL LUCERO,https://www.rffm.es/competicion/calendario?temporada=14&competicion=9565626&grupo=9567323&jornada=1&tipojuego=2,2026-08-03T21:03:20.169522+00:00
2018-2019,14,9565626,9567323,39,CLUB ATLETICO DE MADRID 'A',https://www.rffm.es/competicion/calendario?temporada=14&competicion=9565626&grupo=9567323&jornada=1&tipojuego=2,2026-08-03T21:03:20.169522+00:00
2018-2019,14,9565626,9567323,680466,A.D. PIQUEÑAS 'A',https://www.rffm.es/competicion/calendario?temporada=14&competicion=9565626&grupo=9567323&jornada=1&tipojuego=2,2026-08-03T21:03:20.169522+00:00
2018-2019,14,9565626,9567359,300516,A.D. NUEVO VERSALLES LORANCA 'A',https://www.rffm.es/competicion/calendario?temporada=14&competicion=9565626&grupo=9567359&jornada=1&tipojuego=2,2026-08-03T21:03:24.718859+00:00
2018-2019,14,9565626,9567359,586,GETAFE C.F. S.A.D. 'B',https://www.rffm.es/competicion/calendario?temporada=14&competicion=9565626&grupo=9567359&jornada=1&tipojuego=2,2026-08-03T21:03:24.718859+00:00
2018-2019,14,9565626,9567359,846764,ADESO LOS ANGELES 'A',https://www.rffm.es/competicion/calendario?temporada=14&competicion=9565626&grupo=9567359&jornada=1&tipojuego=2,2026-08-03T21:03:24.718859+00:00
2018-2019,14,9565626,9567359,2141,C.D. MOSTOLES U.R.J.C. 'A',https://www.rffm.es/competicion/calendario?temporada=14&competicion=9565626&grupo=9567359&jornada=1&tipojuego=2,2026-08-03T21:03:24.718859+00:00
2018-2019,14,9565626,9567359,2277504,C.F. FUENLABRADA S.A.D. 'A',https://www.rffm.es/competicion/calendario?temporada=14&competicion=9565626&grupo=9567359&jornada=1&tipojuego=2,2026-08-03T21:03:24.718859+00:00
2018-2019,14,9565626,9567359,1017,FEPE GETAFE III 'A',https://www.rffm.es/competicion/calendario?temporada=14&competicion=9565626&grupo=9567359&jornada=1&tipojuego=2,2026-08-03T21:03:24.718859+00:00
2018-2019,14,9565626,9567359,587,GETAFE C.F. S.A.D. 'C',https://www.rffm.es/competicion/calendario?temporada=14&competicion=9565626&grupo=9567359&jornada=1&tipojuego=2,2026-08-03T21:03:24.718859+00:00
2018-2019,14,9565626,9567359,1573,C.F. TRIVAL VALDERAS ALCORCON 'A',https://www.rffm.es/competicion/calendario?temporada=14&competicion=9565626&grupo=9567359&jornada=1&tipojuego=2,2026-08-03T21:03:24.718859+00:00
2018-2019,14,9565626,9567359,2142,C.D. MOSTOLES U.R.J.C. 'B',https://www.rffm.es/competicion/calendario?temporada=14&competicion=9565626&grupo=9567359&jornada=1&tipojuego=2,2026-08-03T21:03:24.718859+00:00
2018-2019,14,9565626,9567359,1465,A.D. ALHONDIGA 'A',https://www.rffm.es/competicion/calendario?temporada=14&competicion=9565626&grupo=9567359&jornada=1&tipojuego=2,2026-08-03T21:03:24.718859+00:00
2018-2019,14,9565626,9567359,563125,A.D.C. BRUNETE 'A',https://www.rffm.es/competicion/calendario?temporada=14&competicion=9565626&grupo=9567359&jornada=1&tipojuego=2,2026-08-03T21:03:24.718859+00:00
2018-2019,14,9565626,9567359,4944546,C.D.E. SERGIO PACHON Y ANTONIO LOPEZ 'A',https://www.rffm.es/competicion/calendario?temporada=14&competicion=9565626&grupo=9567359&jornada=1&tipojuego=2,2026-08-03T21:03:24.718859+00:00
2018-2019,14,9565626,9567359,585,GETAFE C.F. S.A.D. 'A',https://www.rffm.es/competicion/calendario?temporada=14&competicion=9565626&grupo=9567359&jornada=1&tipojuego=2,2026-08-03T21:03:24.718859+00:00
2018-2019,14,9565626,9567359,1531,E.M.F. MORALEJA DE ENMEDIO 'A',https://www.rffm.es/competicion/calendario?temporada=14&competicion=9565626&grupo=9567359&jornada=1&tipojuego=2,2026-08-03T21:03:24.718859+00:00
2018-2019,14,9565626,9567394,680607,C.D. CIUDAD DE PINTO 'A',https://www.rffm.es/competicion/calendario?temporada=14&competicion=9565626&grupo=9567394&jornada=1&tipojuego=2,2026-08-03T21:03:28.279855+00:00
2018-2019,14,9565626,9567394,2959,ESC. DE FUT. VALDEMORO 'A',https://www.rffm.es/competicion/calendario?temporada=14&competicion=9565626&grupo=9567394&jornada=1&tipojuego=2,2026-08-03T21:03:28.279855+00:00
2018-2019,14,9565626,9567394,847169,UNION 2000 'A',https://www.rffm.es/competicion/calendario?temporada=14&competicion=9565626&grupo=9567394&jornada=1&tipojuego=2,2026-08-03T21:03:28.279855+00:00
2018-2019,14,9565626,9567394,2961,ESC. DE FUT. VALDEMORO 'C',https://www.rffm.es/competicion/calendario?temporada=14&competicion=9565626&grupo=9567394&jornada=1&tipojuego=2,2026-08-03T21:03:28.279855+00:00
2018-2019,14,9565626,9567394,846776,SESEÑA C.F. 'A',https://www.rffm.es/competicion/calendario?temporada=14&competicion=9565626&grupo=9567394&jornada=1&tipojuego=2,2026-08-03T21:03:28.279855+00:00
2018-2019,14,9565626,9567394,1803,CLUB POLID. PARLA ESCUELA 'A',https://www.rffm.es/competicion/calendario?temporada=14&competicion=9565626&grupo=9567394&jornada=1&tipojuego=2,2026-08-03T21:03:28.279855+00:00
2018-2019,14,9565626,9567394,1804,CLUB POLID. PARLA ESCUELA 'B',https://www.rffm.es/competicion/calendario?temporada=14&competicion=9565626&grupo=9567394&jornada=1&tipojuego=2,2026-08-03T21:03:28.279855+00:00
2018-2019,14,9565626,9567394,466959,RAYO CIEMPOZUELOS C.F. 'A',https://www.rffm.es/competicion/calendario?temporada=14&competicion=9565626&grupo=9567394&jornada=1&tipojuego=2,2026-08-03T21:03:28.279855+00:00
2018-2019,14,9565626,9567394,3357201,C.D. MADRID SESEÑA 'A',https://www.rffm.es/competicion/calendario?temporada=14&competicion=9565626&grupo=9567394&jornada=1&tipojuego=2,2026-08-03T21:03:28.279855+00:00
2018-2019,14,9565626,9567394,846777,SESEÑA C.F. 'B',https://www.rffm.es/competicion/calendario?temporada=14&competicion=9565626&grupo=9567394&jornada=1&tipojuego=2,2026-08-03T21:03:28.279855+00:00
2018-2019,14,9565626,9567394,2960,ESC. DE FUT. VALDEMORO 'B',https://www.rffm.es/competicion/calendario?temporada=14&competicion=9565626&grupo=9567394&jornada=1&tipojuego=2,2026-08-03T21:03:28.279855+00:00
2018-2019,14,9565626,9567394,3358896,C.D. FAIRPLAY PARLA 'A',https://www.rffm.es/competicion/calendario?temporada=14&competicion=9565626&grupo=9567394&jornada=1&tipojuego=2,2026-08-03T21:03:28.279855+00:00
2018-2019,14,9565626,9567394,1805,CLUB POLID. PARLA ESCUELA 'C',https://www.rffm.es/competicion/calendario?temporada=14&competicion=9565626&grupo=9567394&jornada=1&tipojuego=2,2026-08-03T21:03:28.279855+00:00
2018-2019,14,9565626,9567394,680608,C.D. CIUDAD DE PINTO 'B',https://www.rffm.es/competicion/calendario?temporada=14&competicion=9565626&grupo=9567394&jornada=1&tipojuego=2,2026-08-03T21:03:28.279855+00:00
2018-2019,14,9565626,9567464,846733,A.D. ALCORCON S.A.D. 'A',https://www.rffm.es/competicion/calendario?temporada=14&competicion=9565626&grupo=9567464&jornada=1&tipojuego=2,2026-08-03T21:03:31.736135+00:00
2018-2019,14,9565626,9567464,1663,A.D. ILLESCAS 'B',https://www.rffm.es/competicion/calendario?temporada=14&competicion=9565626&grupo=9567464&jornada=1&tipojuego=2,2026-08-03T21:03:31.736135+00:00
2018-2019,14,9565626,9567464,885381,C.D. SEVILLA LA NUEVA 'A',https://www.rffm.es/competicion/calendario?temporada=14&competicion=9565626&grupo=9567464&jornada=1&tipojuego=2,2026-08-03T21:03:31.736135+00:00
2018-2019,14,9565626,9567464,2636,C.D. ESQUIVIAS 'A',https://www.rffm.es/competicion/calendario?temporada=14&competicion=9565626&grupo=9567464&jornada=1&tipojuego=2,2026-08-03T21:03:31.736135+00:00
2018-2019,14,9565626,9567464,674,ESC.FUT.AT. CASARRUBUELOS 'A',https://www.rffm.es/competicion/calendario?temporada=14&competicion=9565626&grupo=9567464&jornada=1&tipojuego=2,2026-08-03T21:03:31.736135+00:00
2018-2019,14,9565626,9567464,847269,F.S. NAVALCARNERO 'A',https://www.rffm.es/competicion/calendario?temporada=14&competicion=9565626&grupo=9567464&jornada=1&tipojuego=2,2026-08-03T21:03:31.736135+00:00
2018-2019,14,9565626,9567464,473,C.D. EL ALAMO 'A',https://www.rffm.es/competicion/calendario?temporada=14&competicion=9565626&grupo=9567464&jornada=1&tipojuego=2,2026-08-03T21:03:31.736135+00:00
2018-2019,14,9565626,9567464,2275773,C.D.A. NAVALCARNERO 'A',https://www.rffm.es/competicion/calendario?temporada=14&competicion=9565626&grupo=9567464&jornada=1&tipojuego=2,2026-08-03T21:03:31.736135+00:00
2018-2019,14,9565626,9567464,2143,C.D. MOSTOLES U.R.J.C. 'C',https://www.rffm.es/competicion/calendario?temporada=14&competicion=9565626&grupo=9567464&jornada=1&tipojuego=2,2026-08-03T21:03:31.736135+00:00
2018-2019,14,9565626,9567464,3035,C.D. MUNICIPAL ARROYOMOLINOS 'A',https://www.rffm.es/competicion/calendario?temporada=14&competicion=9565626&grupo=9567464&jornada=1&tipojuego=2,2026-08-03T21:03:31.736135+00:00
2018-2019,14,9565626,9567464,3036,C.D. MUNICIPAL ARROYOMOLINOS 'B',https://www.rffm.es/competicion/calendario?temporada=14&competicion=9565626&grupo=9567464&jornada=1&tipojuego=2,2026-08-03T21:03:31.736135+00:00
2018-2019,14,9565626,9567464,1662,A.D. ILLESCAS 'A',https://www.rffm.es/competicion/calendario?temporada=14&competicion=9565626&grupo=9567464&jornada=1&tipojuego=2,2026-08-03T21:03:31.736135+00:00
2018-2019,14,9565626,9567464,967,C.D. GRIÑON 'A',https://www.rffm.es/competicion/calendario?temporada=14&competicion=9565626&grupo=9567464&jornada=1&tipojuego=2,2026-08-03T21:03:31.736135+00:00
2018-2019,14,9565626,9567464,3037,C.D. MUNICIPAL ARROYOMOLINOS 'C',https://www.rffm.es/competicion/calendario?temporada=14&competicion=9565626&grupo=9567464&jornada=1&tipojuego=2,2026-08-03T21:03:31.736135+00:00
2018-2019,14,9565626,9569709,334123,C.D. NUEVO BOADILLA 'A',https://www.rffm.es/competicion/calendario?temporada=14&competicion=9565626&grupo=9569709&jornada=1&tipojuego=2,2026-08-03T21:03:35.663506+00:00
2018-2019,14,9565626,9569709,435,A.D. VILLAVICIOSA DE ODON 'A',https://www.rffm.es/competicion/calendario?temporada=14&competicion=9565626&grupo=9569709&jornada=1&tipojuego=2,2026-08-03T21:03:35.663506+00:00
2018-2019,14,9565626,9569709,363297,C.D. NUEVO BOADILLA 'C',https://www.rffm.es/competicion/calendario?temporada=14&competicion=9565626&grupo=9569709&jornada=1&tipojuego=2,2026-08-03T21:03:35.663506+00:00
2018-2019,14,9565626,9569709,2276881,C.D. CIUDAD DEL FUTBOL 'A',https://www.rffm.es/competicion/calendario?temporada=14&competicion=9565626&grupo=9569709&jornada=1&tipojuego=2,2026-08-03T21:03:35.663506+00:00
2018-2019,14,9565626,9569709,1750,E.F.M.O. BOADILLA 'A',https://www.rffm.es/competicion/calendario?temporada=14&competicion=9565626&grupo=9569709&jornada=1&tipojuego=2,2026-08-03T21:03:35.663506+00:00
2018-2019,14,9565626,9569709,363296,C.D. NUEVO BOADILLA 'B',https://www.rffm.es/competicion/calendario?temporada=14&competicion=9565626&grupo=9569709&jornada=1&tipojuego=2,2026-08-03T21:03:35.663506+00:00
2018-2019,14,9565626,9569709,1884,C.F. POZUELO DE ALARCON 'A',https://www.rffm.es/competicion/calendario?temporada=14&competicion=9565626&grupo=9569709&jornada=1&tipojuego=2,2026-08-03T21:03:35.663506+00:00
2018-2019,14,9565626,9569709,466981,C.D. VALLMONT 'A',https://www.rffm.es/competicion/calendario?temporada=14&competicion=9565626&grupo=9569709&jornada=1&tipojuego=2,2026-08-03T21:03:35.663506+00:00
2018-2019,14,9565626,9569709,6821040,C.D.E. F.P.A. LAS ROZAS 'A',https://www.rffm.es/competicion/calendario?temporada=14&competicion=9565626&grupo=9569709&jornada=1&tipojuego=2,2026-08-03T21:03:35.663506+00:00
2018-2019,14,9565626,9569709,1751,E.F.M.O. BOADILLA 'B',https://www.rffm.es/competicion/calendario?temporada=14&competicion=9565626&grupo=9569709&jornada=1&tipojuego=2,2026-08-03T21:03:35.663506+00:00
2018-2019,14,9565626,9569709,1540,F.C. VILLANUEVA DEL PARDILLO 'A',https://www.rffm.es/competicion/calendario?temporada=14&competicion=9565626&grupo=9569709&jornada=1&tipojuego=2,2026-08-03T21:03:35.663506+00:00
2018-2019,14,9565626,9569709,2299,ESCUELA FUTBOL DE BRUNETE 'A',https://www.rffm.es/competicion/calendario?temporada=14&competicion=9565626&grupo=9569709&jornada=1&tipojuego=2,2026-08-03T21:03:35.663506+00:00
2018-2019,14,9565626,9569709,41,CLUB ATLETICO DE MADRID 'C',https://www.rffm.es/competicion/calendario?temporada=14&competicion=9565626&grupo=9569709&jornada=1&tipojuego=2,2026-08-03T21:03:35.663506+00:00
2018-2019,14,10638965,10638976,14,REAL MADRID C.F. 'A',https://www.rffm.es/competicion/calendario?temporada=14&competicion=10638965&grupo=10638976&jornada=1&tipojuego=2,2026-08-03T21:03:38.109691+00:00
2018-2019,14,10638965,10638976,1609,A.D. UNION ADARVE 'A',https://www.rffm.es/competicion/calendario?temporada=14&competicion=10638965&grupo=10638976&jornada=1&tipojuego=2,2026-08-03T21:03:38.109691+00:00
2018-2019,14,10638965,10638976,3010970,S.A.D. A.D.C. PARQUE SURESTE 'A',https://www.rffm.es/competicion/calendario?temporada=14&competicion=10638965&grupo=10638976&jornada=1&tipojuego=2,2026-08-03T21:03:38.109691+00:00
2018-2019,14,10638965,10638976,1774,E.D.M. SAN BLAS 'A',https://www.rffm.es/competicion/calendario?temporada=14&competicion=10638965&grupo=10638976&jornada=1&tipojuego=2,2026-08-03T21:03:38.109691+00:00
2018-2019,14,10638965,10638977,67,RAYO VALLECANO DE MADRID 'A',https://www.rffm.es/competicion/calendario?temporada=14&competicion=10638965&grupo=10638977&jornada=1&tipojuego=2,2026-08-03T21:03:40.320529+00:00
2018-2019,14,10638965,10638977,104,C.D. LEGANES S.A.D. 'A',https://www.rffm.es/competicion/calendario?temporada=14&competicion=10638965&grupo=10638977&jornada=1&tipojuego=2,2026-08-03T21:03:40.320529+00:00
2018-2019,14,10638965,10638977,2334,ATLETICO MADRILEÑO C.F. 'A',https://www.rffm.es/competicion/calendario?temporada=14&competicion=10638965&grupo=10638977&jornada=1&tipojuego=2,2026-08-03T21:03:40.320529+00:00
2018-2019,14,10638965,10638977,846788,VILLALBILLA C.F. 'A',https://www.rffm.es/competicion/calendario?temporada=14&competicion=10638965&grupo=10638977&jornada=1&tipojuego=2,2026-08-03T21:03:40.320529+00:00
2018-2019,14,10638965,10638978,39,CLUB ATLETICO DE MADRID 'A',https://www.rffm.es/competicion/calendario?temporada=14&competicion=10638965&grupo=10638978&jornada=1&tipojuego=2,2026-08-03T21:03:43.160968+00:00
2018-2019,14,10638965,10638978,334123,C.D. NUEVO BOADILLA 'A',https://www.rffm.es/competicion/calendario?temporada=14&competicion=10638965&grupo=10638978&jornada=1&tipojuego=2,2026-08-03T21:03:43.160968+00:00
2018-2019,14,10638965,10638978,2994,E.F. SIETE PICOS COLMENAR 'A',https://www.rffm.es/competicion/calendario?temporada=14&competicion=10638965&grupo=10638978&jornada=1&tipojuego=2,2026-08-03T21:03:43.160968+00:00
2018-2019,14,10638965,10638978,586,GETAFE C.F. S.A.D. 'B',https://www.rffm.es/competicion/calendario?temporada=14&competicion=10638965&grupo=10638978&jornada=1&tipojuego=2,2026-08-03T21:03:43.160968+00:00
2018-2019,14,10638965,10638979,2216,C.F. RAYO MAJADAHONDA 'A',https://www.rffm.es/competicion/calendario?temporada=14&competicion=10638965&grupo=10638979&jornada=1&tipojuego=2,2026-08-03T21:03:45.630652+00:00
2018-2019,14,10638965,10638979,3358896,C.D. FAIRPLAY PARLA 'A',https://www.rffm.es/competicion/calendario?temporada=14&competicion=10638965&grupo=10638979&jornada=1&tipojuego=2,2026-08-03T21:03:45.630652+00:00
2018-2019,14,10638965,10638979,2143,C.D. MOSTOLES U.R.J.C. 'C',https://www.rffm.es/competicion/calendario?temporada=14&competicion=10638965&grupo=10638979&jornada=1&tipojuego=2,2026-08-03T21:03:45.630652+00:00
2018-2019,14,10638965,10638979,334342,C.D. PARACUELLOS 'A',https://www.rffm.es/competicion/calendario?temporada=14&competicion=10638965&grupo=10638979&jornada=1&tipojuego=2,2026-08-03T21:03:45.630652+00:00
2018-2019,14,10638980,10638989,14,REAL MADRID C.F. 'A',https://www.rffm.es/competicion/calendario?temporada=14&competicion=10638980&grupo=10638989&jornada=1&tipojuego=2,2026-08-03T21:03:48.315147+00:00
2018-2019,14,10638980,10638989,104,C.D. LEGANES S.A.D. 'A',https://www.rffm.es/competicion/calendario?temporada=14&competicion=10638980&grupo=10638989&jornada=1&tipojuego=2,2026-08-03T21:03:48.315147+00:00
2018-2019,14,10638980,10638989,67,RAYO VALLECANO DE MADRID 'A',https://www.rffm.es/competicion/calendario?temporada=14&competicion=10638980&grupo=10638989&jornada=1&tipojuego=2,2026-08-03T21:03:48.315147+00:00
2018-2019,14,10638980,10638989,1609,A.D. UNION ADARVE 'A',https://www.rffm.es/competicion/calendario?temporada=14&competicion=10638980&grupo=10638989&jornada=1&tipojuego=2,2026-08-03T21:03:48.315147+00:00
2018-2019,14,10638980,10638989,39,CLUB ATLETICO DE MADRID 'A',https://www.rffm.es/competicion/calendario?temporada=14&competicion=10638980&grupo=10638989&jornada=1&tipojuego=2,2026-08-03T21:03:48.315147+00:00
2018-2019,14,10638980,10638989,2143,C.D. MOSTOLES U.R.J.C. 'C',https://www.rffm.es/competicion/calendario?temporada=14&competicion=10638980&grupo=10638989&jornada=1&tipojuego=2,2026-08-03T21:03:48.315147+00:00
2018-2019,14,10638980,10638989,3358896,C.D. FAIRPLAY PARLA 'A',https://www.rffm.es/competicion/calendario?temporada=14&competicion=10638980&grupo=10638989&jornada=1&tipojuego=2,2026-08-03T21:03:48.315147+00:00
2018-2019,14,10638980,10638989,334123,C.D. NUEVO BOADILLA 'A',https://www.rffm.es/competicion/calendario?temporada=14&competicion=10638980&grupo=10638989&jornada=1&tipojuego=2,2026-08-03T21:03:48.315147+00:00
2018-2019,14,9565676,9599125,334118,ATLETICO VILLALBA 'B',https://www.rffm.es/competicion/calendario?temporada=14&competicion=9565676&grupo=9599125&jornada=1&tipojuego=2,2026-08-03T21:03:51.536814+00:00
2018-2019,14,9565676,9599125,6825196,ATLETICO VILLALBA 'E',https://www.rffm.es/competicion/calendario?temporada=14&competicion=9565676&grupo=9599125&jornada=1&tipojuego=2,2026-08-03T21:03:51.536814+00:00
2018-2019,14,9565676,9599125,411592,UNION COLLADO VILLALBA 'B',https://www.rffm.es/competicion/calendario?temporada=14&competicion=9565676&grupo=9599125&jornada=1&tipojuego=2,2026-08-03T21:03:51.536814+00:00
2018-2019,14,9565676,9599125,2424525,C.D. ALBERTO COGORRO 'B',https://www.rffm.es/competicion/calendario?temporada=14&competicion=9565676&grupo=9599125&jornada=1&tipojuego=2,2026-08-03T21:03:51.536814+00:00
2018-2019,14,9565676,9599125,1059936,C.F. COLLADO VILLALBA 'D',https://www.rffm.es/competicion/calendario?temporada=14&competicion=9565676&grupo=9599125&jornada=1&tipojuego=2,2026-08-03T21:03:51.536814+00:00
2018-2019,14,9565676,9599125,1032195,C.D. ALPEDRETE 'C',https://www.rffm.es/competicion/calendario?temporada=14&competicion=9565676&grupo=9599125&jornada=1&tipojuego=2,2026-08-03T21:03:51.536814+00:00
2018-2019,14,9565676,9599125,1059817,C.F. COLLADO VILLALBA 'B',https://www.rffm.es/competicion/calendario?temporada=14&competicion=9565676&grupo=9599125&jornada=1&tipojuego=2,2026-08-03T21:03:51.536814+00:00
2018-2019,14,9565676,9599125,1059823,C.F. COLLADO VILLALBA 'C',https://www.rffm.es/competicion/calendario?temporada=14&competicion=9565676&grupo=9599125&jornada=1&tipojuego=2,2026-08-03T21:03:51.536814+00:00
2018-2019,14,9565676,9599125,1032194,C.D. ALPEDRETE 'B',https://www.rffm.es/competicion/calendario?temporada=14&competicion=9565676&grupo=9599125&jornada=1&tipojuego=2,2026-08-03T21:03:51.536814+00:00
2018-2019,14,9565676,9599125,1090497,C.F. COLLADO VILLALBA 'E',https://www.rffm.es/competicion/calendario?temporada=14&competicion=9565676&grupo=9599125&jornada=1&tipojuego=2,2026-08-03T21:03:51.536814+00:00
2018-2019,14,9565676,9599125,4941668,ATLETICO VILLALBA 'D',https://www.rffm.es/competicion/calendario?temporada=14&competicion=9565676&grupo=9599125&jornada=1&tipojuego=2,2026-08-03T21:03:51.536814+00:00
2018-2019,14,9565676,9599125,466970,UNION COLLADO VILLALBA 'C',https://www.rffm.es/competicion/calendario?temporada=14&competicion=9565676&grupo=9599125&jornada=1&tipojuego=2,2026-08-03T21:03:51.536814+00:00
2018-2019,14,9565676,9599125,10101981,C.F. COLLADO VILLALBA 'F',https://www.rffm.es/competicion/calendario?temporada=14&competicion=9565676&grupo=9599125&jornada=1&tipojuego=2,2026-08-03T21:03:51.536814+00:00
2018-2019,14,9565676,9599125,2728713,ATLETICO VILLALBA 'C',https://www.rffm.es/competicion/calendario?temporada=14&competicion=9565676&grupo=9599125&jornada=1&tipojuego=2,2026-08-03T21:03:51.536814+00:00
2018-2019,14,9565676,9599312,8954218,A.D.C. CASTILLA,https://www.rffm.es/competicion/calendario?temporada=14&competicion=9565676&grupo=9599312&jornada=1&tipojuego=2,2026-08-03T21:03:55.337272+00:00
2018-2019,14,9565676,9599312,411597,ATLETICO LEONES CASTILLA 'B',https://www.rffm.es/competicion/calendario?temporada=14&competicion=9565676&grupo=9599312&jornada=1&tipojuego=2,2026-08-03T21:03:55.337272+00:00
2018-2019,14,9565676,9599312,1035739,GREDOS SAN DIEGO-GUADARRAMA 'E',https://www.rffm.es/competicion/calendario?temporada=14&competicion=9565676&grupo=9599312&jornada=1&tipojuego=2,2026-08-03T21:03:55.337272+00:00
2018-2019,14,9565676,9599312,680467,C.D. GALAPAGAR 'C',https://www.rffm.es/competicion/calendario?temporada=14&competicion=9565676&grupo=9599312&jornada=1&tipojuego=2,2026-08-03T21:03:55.337272+00:00
2018-2019,14,9565676,9599312,680597,GREDOS SAN DIEGO-GUADARRAMA 'B',https://www.rffm.es/competicion/calendario?temporada=14&competicion=9565676&grupo=9599312&jornada=1&tipojuego=2,2026-08-03T21:03:55.337272+00:00
2018-2019,14,9565676,9599312,1031668,C.D. SAN AGUSTIN LOS NEGRALES 'B',https://www.rffm.es/competicion/calendario?temporada=14&competicion=9565676&grupo=9599312&jornada=1&tipojuego=2,2026-08-03T21:03:55.337272+00:00
2018-2019,14,9565676,9599312,304711,C.D. GALAPAGAR 'B',https://www.rffm.es/competicion/calendario?temporada=14&competicion=9565676&grupo=9599312&jornada=1&tipojuego=2,2026-08-03T21:03:55.337272+00:00
2018-2019,14,9565676,9599312,2270916,C.D. GALAPAGAR 'E',https://www.rffm.es/competicion/calendario?temporada=14&competicion=9565676&grupo=9599312&jornada=1&tipojuego=2,2026-08-03T21:03:55.337272+00:00
2018-2019,14,9565676,9599312,2270915,C.D. GALAPAGAR 'D',https://www.rffm.es/competicion/calendario?temporada=14&competicion=9565676&grupo=9599312&jornada=1&tipojuego=2,2026-08-03T21:03:55.337272+00:00
2018-2019,14,9565676,9599312,1035738,GREDOS SAN DIEGO-GUADARRAMA 'D',https://www.rffm.es/competicion/calendario?temporada=14&competicion=9565676&grupo=9599312&jornada=1&tipojuego=2,2026-08-03T21:03:55.337272+00:00
2018-2019,14,9565676,9599312,2728540,C.D. GALAPAGAR 'F',https://www.rffm.es/competicion/calendario?temporada=14&competicion=9565676&grupo=9599312&jornada=1&tipojuego=2,2026-08-03T21:03:55.337272+00:00
2018-2019,14,9565676,9599312,365,ATLETICO LEONES CASTILLA 'A',https://www.rffm.es/competicion/calendario?temporada=14&competicion=9565676&grupo=9599312&jornada=1&tipojuego=2,2026-08-03T21:03:55.337272+00:00
2018-2019,14,9565676,9599312,3367091,C.D. SAN AGUSTIN LOS NEGRALES 'C',https://www.rffm.es/competicion/calendario?temporada=14&competicion=9565676&grupo=9599312&jornada=1&tipojuego=2,2026-08-03T21:03:55.337272+00:00
2018-2019,14,9565676,9599312,6822412,GREDOS SAN DIEGO-EL ESCORIAL 'N',https://www.rffm.es/competicion/calendario?temporada=14&competicion=9565676&grupo=9599312&jornada=1&tipojuego=2,2026-08-03T21:03:55.337272+00:00
2018-2019,14,9565676,9599448,3358574,TORRELODONES C.F. 'A',https://www.rffm.es/competicion/calendario?temporada=14&competicion=9565676&grupo=9599448&jornada=1&tipojuego=2,2026-08-03T21:03:57.807740+00:00
2018-2019,14,9565676,9599448,4282625,MORALZARZAL C.F. ,https://www.rffm.es/competicion/calendario?temporada=14&competicion=9565676&grupo=9599448&jornada=1&tipojuego=2,2026-08-03T21:03:57.807740+00:00
2018-2019,14,9565676,9599448,4939016,GIMNASTICA COLMENAREJO C.F. 'B',https://www.rffm.es/competicion/calendario?temporada=14&competicion=9565676&grupo=9599448&jornada=1&tipojuego=2,2026-08-03T21:03:57.807740+00:00
2018-2019,14,9565676,9599448,3358575,TORRELODONES C.F. 'B',https://www.rffm.es/competicion/calendario?temporada=14&competicion=9565676&grupo=9599448&jornada=1&tipojuego=2,2026-08-03T21:03:57.807740+00:00
2018-2019,14,9565676,9599448,5275629,C.D. MINIFUTBOL TORRELODONES 'A',https://www.rffm.es/competicion/calendario?temporada=14&competicion=9565676&grupo=9599448&jornada=1&tipojuego=2,2026-08-03T21:03:57.807740+00:00
2018-2019,14,9565676,9599448,4939015,GIMNASTICA COLMENAREJO C.F. 'A',https://www.rffm.es/competicion/calendario?temporada=14&competicion=9565676&grupo=9599448&jornada=1&tipojuego=2,2026-08-03T21:03:57.807740+00:00
2018-2019,14,9565676,9599448,4941630,TORRELODONES C.F. 'C',https://www.rffm.es/competicion/calendario?temporada=14&competicion=9565676&grupo=9599448&jornada=1&tipojuego=2,2026-08-03T21:03:57.807740+00:00
2018-2019,14,9565676,9599448,6808584,C.D. PUERTA DE MADRID,https://www.rffm.es/competicion/calendario?temporada=14&competicion=9565676&grupo=9599448&jornada=1&tipojuego=2,2026-08-03T21:03:57.807740+00:00
2018-2019,14,9565676,9599534,3352395,A.D. COLMENAR VIEJO 'E',https://www.rffm.es/competicion/calendario?temporada=14&competicion=9565676&grupo=9599534&jornada=1&tipojuego=2,2026-08-03T21:04:00.661155+00:00
2018-2019,14,9565676,9599534,2308,RECREATIVO SOTO DEL REAL C.F. 'A',https://www.rffm.es/competicion/calendario?temporada=14&competicion=9565676&grupo=9599534&jornada=1&tipojuego=2,2026-08-03T21:04:00.661155+00:00
2018-2019,14,9565676,9599534,3156,A.D. EL REAL DE MANZANARES 'B',https://www.rffm.es/competicion/calendario?temporada=14&competicion=9565676&grupo=9599534&jornada=1&tipojuego=2,2026-08-03T21:04:00.661155+00:00
2018-2019,14,9565676,9599534,214,A.D. COLMENAR VIEJO 'D',https://www.rffm.es/competicion/calendario?temporada=14&competicion=9565676&grupo=9599534&jornada=1&tipojuego=2,2026-08-03T21:04:00.661155+00:00
2018-2019,14,9565676,9599534,216,A.D. COLMENAR VIEJO 'F',https://www.rffm.es/competicion/calendario?temporada=14&competicion=9565676&grupo=9599534&jornada=1&tipojuego=2,2026-08-03T21:04:00.661155+00:00
2018-2019,14,9565676,9599534,3005796,DEPORTE Y PUNTO BCM 'B',https://www.rffm.es/competicion/calendario?temporada=14&competicion=9565676&grupo=9599534&jornada=1&tipojuego=2,2026-08-03T21:04:00.661155+00:00
2018-2019,14,9565676,9599534,2996,E.F. SIETE PICOS COLMENAR 'C',https://www.rffm.es/competicion/calendario?temporada=14&competicion=9565676&grupo=9599534&jornada=1&tipojuego=2,2026-08-03T21:04:00.661155+00:00
2018-2019,14,9565676,9599534,217,A.D. COLMENAR VIEJO 'G',https://www.rffm.es/competicion/calendario?temporada=14&competicion=9565676&grupo=9599534&jornada=1&tipojuego=2,2026-08-03T21:04:00.661155+00:00
2018-2019,14,9565676,9599534,315333,RECREATIVO SOTO DEL REAL C.F. 'C',https://www.rffm.es/competicion/calendario?temporada=14&competicion=9565676&grupo=9599534&jornada=1&tipojuego=2,2026-08-03T21:04:00.661155+00:00
2018-2019,14,9565676,9599713,2271803,A.D. EL REAL DE MANZANARES 'C',https://www.rffm.es/competicion/calendario?temporada=14&competicion=9565676&grupo=9599713&jornada=1&tipojuego=2,2026-08-03T21:04:03.058581+00:00
2018-2019,14,9565676,9599713,218,A.D. COLMENAR VIEJO 'H',https://www.rffm.es/competicion/calendario?temporada=14&competicion=9565676&grupo=9599713&jornada=1&tipojuego=2,2026-08-03T21:04:03.058581+00:00
2018-2019,14,9565676,9599713,2309,RECREATIVO SOTO DEL REAL C.F. 'B',https://www.rffm.es/competicion/calendario?temporada=14&competicion=9565676&grupo=9599713&jornada=1&tipojuego=2,2026-08-03T21:04:03.058581+00:00
2018-2019,14,9565676,9599713,3356513,DEPORTE Y PUNTO BCM 'C',https://www.rffm.es/competicion/calendario?temporada=14&competicion=9565676&grupo=9599713&jornada=1&tipojuego=2,2026-08-03T21:04:03.058581+00:00
2018-2019,14,9565676,9599713,219,A.D. COLMENAR VIEJO 'I',https://www.rffm.es/competicion/calendario?temporada=14&competicion=9565676&grupo=9599713&jornada=1&tipojuego=2,2026-08-03T21:04:03.058581+00:00
2018-2019,14,9565676,9599713,3389319,A.D. COLMENAR VIEJO 'J',https://www.rffm.es/competicion/calendario?temporada=14&competicion=9565676&grupo=9599713&jornada=1&tipojuego=2,2026-08-03T21:04:03.058581+00:00
2018-2019,14,9565676,9599713,2997,E.F. SIETE PICOS COLMENAR 'D',https://www.rffm.es/competicion/calendario?temporada=14&competicion=9565676&grupo=9599713&jornada=1&tipojuego=2,2026-08-03T21:04:03.058581+00:00
2018-2019,14,9565676,9599713,9051313,RECREATIVO SOTO DEL REAL C.F. 'D',https://www.rffm.es/competicion/calendario?temporada=14&competicion=9565676&grupo=9599713&jornada=1&tipojuego=2,2026-08-03T21:04:03.058581+00:00
2018-2019,14,9565676,9599713,6816916,C.D. BECERRIL DE LA SIERRA,https://www.rffm.es/competicion/calendario?temporada=14&competicion=9565676&grupo=9599713&jornada=1&tipojuego=2,2026-08-03T21:04:03.058581+00:00
2018-2019,14,9565676,9599970,680617, UNION DEPORTIVA TRES CANTOS 'D',https://www.rffm.es/competicion/calendario?temporada=14&competicion=9565676&grupo=9599970&jornada=1&tipojuego=2,2026-08-03T21:04:06.230649+00:00
2018-2019,14,9565676,9599970,2045,C.D. FUTBOL TRES CANTOS 'C',https://www.rffm.es/competicion/calendario?temporada=14&competicion=9565676&grupo=9599970&jornada=1&tipojuego=2,2026-08-03T21:04:06.230649+00:00
2018-2019,14,9565676,9599970,680619,UNION DEPORTIVA TRES CANTOS 'F',https://www.rffm.es/competicion/calendario?temporada=14&competicion=9565676&grupo=9599970&jornada=1&tipojuego=2,2026-08-03T21:04:06.230649+00:00
2018-2019,14,9565676,9599970,308372,C.D. FUTBOL TRES CANTOS 'E',https://www.rffm.es/competicion/calendario?temporada=14&competicion=9565676&grupo=9599970&jornada=1&tipojuego=2,2026-08-03T21:04:06.230649+00:00
2018-2019,14,9565676,9599970,2589,UNION DEPORTIVA TRES CANTOS 'C',https://www.rffm.es/competicion/calendario?temporada=14&competicion=9565676&grupo=9599970&jornada=1&tipojuego=2,2026-08-03T21:04:06.230649+00:00
2018-2019,14,9565676,9599970,3345132,C.D. LA MERCED 'B',https://www.rffm.es/competicion/calendario?temporada=14&competicion=9565676&grupo=9599970&jornada=1&tipojuego=2,2026-08-03T21:04:06.230649+00:00
2018-2019,14,9565676,9599970,3134074,C.D. LA MERCED,https://www.rffm.es/competicion/calendario?temporada=14&competicion=9565676&grupo=9599970&jornada=1&tipojuego=2,2026-08-03T21:04:06.230649+00:00
2018-2019,14,9565676,9599970,680618,UNION DEPORTIVA TRES CANTOS 'E',https://www.rffm.es/competicion/calendario?temporada=14&competicion=9565676&grupo=9599970&jornada=1&tipojuego=2,2026-08-03T21:04:06.230649+00:00
2018-2019,14,9565676,9599970,2046,C.D. FUTBOL TRES CANTOS 'D',https://www.rffm.es/competicion/calendario?temporada=14&competicion=9565676&grupo=9599970&jornada=1&tipojuego=2,2026-08-03T21:04:06.230649+00:00
2018-2019,14,9565676,9599970,3768599,LA MORALEJA C.F. 'C',https://www.rffm.es/competicion/calendario?temporada=14&competicion=9565676&grupo=9599970&jornada=1&tipojuego=2,2026-08-03T21:04:06.230649+00:00
2018-2019,14,9565676,9599970,529812,C.D. MASRIVER 'B',https://www.rffm.es/competicion/calendario?temporada=14&competicion=9565676&grupo=9599970&jornada=1&tipojuego=2,2026-08-03T21:04:06.230649+00:00
2018-2019,14,9565676,9599970,2044,C.D. FUTBOL TRES CANTOS 'B',https://www.rffm.es/competicion/calendario?temporada=14&competicion=9565676&grupo=9599970&jornada=1&tipojuego=2,2026-08-03T21:04:06.230649+00:00
2018-2019,14,9565676,9600556,2602,C.F. SAN AGUSTIN DE GUADALIX 'C',https://www.rffm.es/competicion/calendario?temporada=14&competicion=9565676&grupo=9600556&jornada=1&tipojuego=2,2026-08-03T21:04:09.589366+00:00
2018-2019,14,9565676,9600556,2276906,UNION DEPORTIVA SAN AGUSTIN DEL GUADALIX 'A',https://www.rffm.es/competicion/calendario?temporada=14&competicion=9565676&grupo=9600556&jornada=1&tipojuego=2,2026-08-03T21:04:09.589366+00:00
2018-2019,14,9565676,9600556,315280,C.D. MIRAFLORES DE LA SIERRA,https://www.rffm.es/competicion/calendario?temporada=14&competicion=9565676&grupo=9600556&jornada=1&tipojuego=2,2026-08-03T21:04:09.589366+00:00
2018-2019,14,9565676,9600556,846740,C.D. GUADALIX DE LA SIERRA,https://www.rffm.es/competicion/calendario?temporada=14&competicion=9565676&grupo=9600556&jornada=1&tipojuego=2,2026-08-03T21:04:09.589366+00:00
2018-2019,14,9565676,9600556,846787,C.D. PEDREZUELA 'A',https://www.rffm.es/competicion/calendario?temporada=14&competicion=9565676&grupo=9600556&jornada=1&tipojuego=2,2026-08-03T21:04:09.589366+00:00
2018-2019,14,9565676,9600556,4941411,C.D. MOLAR SPORT 'A',https://www.rffm.es/competicion/calendario?temporada=14&competicion=9565676&grupo=9600556&jornada=1&tipojuego=2,2026-08-03T21:04:09.589366+00:00
2018-2019,14,9565676,9600556,3357301,C.D. MOLAREÑO 'B',https://www.rffm.es/competicion/calendario?temporada=14&competicion=9565676&grupo=9600556&jornada=1&tipojuego=2,2026-08-03T21:04:09.589366+00:00
2018-2019,14,9565676,9600556,1031979,C.D. MOLAREÑO 'A',https://www.rffm.es/competicion/calendario?temporada=14&competicion=9565676&grupo=9600556&jornada=1&tipojuego=2,2026-08-03T21:04:09.589366+00:00
2018-2019,14,9565676,9600556,-10018985,Equipo Casa (No asignado),https://www.rffm.es/competicion/calendario?temporada=14&competicion=9565676&grupo=9600556&jornada=1&tipojuego=2,2026-08-03T21:04:09.589366+00:00
2018-2019,14,9565676,9600556,1032084,C.D. PEDREZUELA 'B',https://www.rffm.es/competicion/calendario?temporada=14&competicion=9565676&grupo=9600556&jornada=1&tipojuego=2,2026-08-03T21:04:09.589366+00:00
2018-2019,14,9565676,9600556,2722871,UNION DEPORTIVA SAN AGUSTIN DEL GUADALIX 'B',https://www.rffm.es/competicion/calendario?temporada=14&competicion=9565676&grupo=9600556&jornada=1&tipojuego=2,2026-08-03T21:04:09.589366+00:00
2018-2019,14,9565676,9600556,1031410,C.D. BUSTARVIEJO 'A',https://www.rffm.es/competicion/calendario?temporada=14&competicion=9565676&grupo=9600556&jornada=1&tipojuego=2,2026-08-03T21:04:09.589366+00:00
2018-2019,14,9565676,9600556,2738360,U.D VELLON VENTURADA 'A',https://www.rffm.es/competicion/calendario?temporada=14&competicion=9565676&grupo=9600556&jornada=1&tipojuego=2,2026-08-03T21:04:09.589366+00:00
2018-2019,14,9565676,9600556,320607,C.F. SAN AGUSTIN DE GUADALIX 'D',https://www.rffm.es/competicion/calendario?temporada=14&competicion=9565676&grupo=9600556&jornada=1&tipojuego=2,2026-08-03T21:04:09.589366+00:00
2018-2019,14,9565676,9600740,467189,C.F. ALALPARDO 'D',https://www.rffm.es/competicion/calendario?temporada=14&competicion=9565676&grupo=9600740&jornada=1&tipojuego=2,2026-08-03T21:04:12.709548+00:00
2018-2019,14,9565676,9600740,2196,C.D. VALDETORRES 'A',https://www.rffm.es/competicion/calendario?temporada=14&competicion=9565676&grupo=9600740&jornada=1&tipojuego=2,2026-08-03T21:04:12.709548+00:00
2018-2019,14,9565676,9600740,6815907,C.F. ALALPARDO 'E',https://www.rffm.es/competicion/calendario?temporada=14&competicion=9565676&grupo=9600740&jornada=1&tipojuego=2,2026-08-03T21:04:12.709548+00:00
2018-2019,14,9565676,9600740,1032713,C.D. ALGETEÑO 'C',https://www.rffm.es/competicion/calendario?temporada=14&competicion=9565676&grupo=9600740&jornada=1&tipojuego=2,2026-08-03T21:04:12.709548+00:00
2018-2019,14,9565676,9600740,8963344,C.F. ALALPARDO 'G',https://www.rffm.es/competicion/calendario?temporada=14&competicion=9565676&grupo=9600740&jornada=1&tipojuego=2,2026-08-03T21:04:12.709548+00:00
2018-2019,14,9565676,9600740,334122,C.F. ALALPARDO 'C',https://www.rffm.es/competicion/calendario?temporada=14&competicion=9565676&grupo=9600740&jornada=1&tipojuego=2,2026-08-03T21:04:12.709548+00:00
2018-2019,14,9565676,9600740,885413,C.D. ALGETEÑO 'B',https://www.rffm.es/competicion/calendario?temporada=14&competicion=9565676&grupo=9600740&jornada=1&tipojuego=2,2026-08-03T21:04:12.709548+00:00
2018-2019,14,9565676,9600740,6815910,C.F. ALALPARDO 'F',https://www.rffm.es/competicion/calendario?temporada=14&competicion=9565676&grupo=9600740&jornada=1&tipojuego=2,2026-08-03T21:04:12.709548+00:00
2018-2019,14,9565676,9600740,334131,UNION DEPORTIVA JARAMA 2016 'A',https://www.rffm.es/competicion/calendario?temporada=14&competicion=9565676&grupo=9600740&jornada=1&tipojuego=2,2026-08-03T21:04:12.709548+00:00
2018-2019,14,9565676,9600740,1906,C.F. FUENTE EL SAZ 'B',https://www.rffm.es/competicion/calendario?temporada=14&competicion=9565676&grupo=9600740&jornada=1&tipojuego=2,2026-08-03T21:04:12.709548+00:00
2018-2019,14,9565676,9600740,9031295,E.M.F. ATLETICO ALGETE C.D. 'C',https://www.rffm.es/competicion/calendario?temporada=14&competicion=9565676&grupo=9600740&jornada=1&tipojuego=2,2026-08-03T21:04:12.709548+00:00
2018-2019,14,9565676,9600740,680463,C.D. ALGETEÑO 'A',https://www.rffm.es/competicion/calendario?temporada=14&competicion=9565676&grupo=9600740&jornada=1&tipojuego=2,2026-08-03T21:04:12.709548+00:00
2018-2019,14,9565676,9600740,2197,C.D. VALDETORRES 'B',https://www.rffm.es/competicion/calendario?temporada=14&competicion=9565676&grupo=9600740&jornada=1&tipojuego=2,2026-08-03T21:04:12.709548+00:00
2018-2019,14,9565676,9600896,3352642,C.D. PARACUELLOS SPORT 'B',https://www.rffm.es/competicion/calendario?temporada=14&competicion=9565676&grupo=9600896&jornada=1&tipojuego=2,2026-08-03T21:04:16.171246+00:00
2018-2019,14,9565676,9600896,334344,C.D. PARACUELLOS 'C',https://www.rffm.es/competicion/calendario?temporada=14&competicion=9565676&grupo=9600896&jornada=1&tipojuego=2,2026-08-03T21:04:16.171246+00:00
2018-2019,14,9565676,9600896,3356326,COLEGIO MIRAMADRID 'D',https://www.rffm.es/competicion/calendario?temporada=14&competicion=9565676&grupo=9600896&jornada=1&tipojuego=2,2026-08-03T21:04:16.171246+00:00
2018-2019,14,9565676,9600896,846778,C.D. PARACUELLOS 'E',https://www.rffm.es/competicion/calendario?temporada=14&competicion=9565676&grupo=9600896&jornada=1&tipojuego=2,2026-08-03T21:04:16.171246+00:00
2018-2019,14,9565676,9600896,8971652,C.D. PARACUELLOS SPORT 'F',https://www.rffm.es/competicion/calendario?temporada=14&competicion=9565676&grupo=9600896&jornada=1&tipojuego=2,2026-08-03T21:04:16.171246+00:00
2018-2019,14,9565676,9600896,8927931,C.D. PARACUELLOS SPORT 'E',https://www.rffm.es/competicion/calendario?temporada=14&competicion=9565676&grupo=9600896&jornada=1&tipojuego=2,2026-08-03T21:04:16.171246+00:00
2018-2019,14,9565676,9600896,6824800,C.D. ANTAMIRA 'A',https://www.rffm.es/competicion/calendario?temporada=14&competicion=9565676&grupo=9600896&jornada=1&tipojuego=2,2026-08-03T21:04:16.171246+00:00
2018-2019,14,9565676,9600896,6811013,C.D. PARACUELLOS SPORT 'C',https://www.rffm.es/competicion/calendario?temporada=14&competicion=9565676&grupo=9600896&jornada=1&tipojuego=2,2026-08-03T21:04:16.171246+00:00
2018-2019,14,9565676,9600896,1032372,C.D. PARACUELLOS 'F',https://www.rffm.es/competicion/calendario?temporada=14&competicion=9565676&grupo=9600896&jornada=1&tipojuego=2,2026-08-03T21:04:16.171246+00:00
2018-2019,14,9565676,9600896,2740044,COLEGIO MIRAMADRID 'C',https://www.rffm.es/competicion/calendario?temporada=14&competicion=9565676&grupo=9600896&jornada=1&tipojuego=2,2026-08-03T21:04:16.171246+00:00
2018-2019,14,9565676,9600896,467001,C.D. PARACUELLOS 'D',https://www.rffm.es/competicion/calendario?temporada=14&competicion=9565676&grupo=9600896&jornada=1&tipojuego=2,2026-08-03T21:04:16.171246+00:00
2018-2019,14,9565676,9600896,6816264,COLEGIO MIRAMADRID 'E',https://www.rffm.es/competicion/calendario?temporada=14&competicion=9565676&grupo=9600896&jornada=1&tipojuego=2,2026-08-03T21:04:16.171246+00:00
2018-2019,14,9565676,9600896,8924584,COLEGIO MIRAMADRID 'F',https://www.rffm.es/competicion/calendario?temporada=14&competicion=9565676&grupo=9600896&jornada=1&tipojuego=2,2026-08-03T21:04:16.171246+00:00
2018-2019,14,9565676,9600896,6824802,C.D. ANTAMIRA 'B',https://www.rffm.es/competicion/calendario?temporada=14&competicion=9565676&grupo=9600896&jornada=1&tipojuego=2,2026-08-03T21:04:16.171246+00:00
2018-2019,14,9565676,9601154,307936,C.D. MUNICIPAL AJALVIR 'B',https://www.rffm.es/competicion/calendario?temporada=14&competicion=9565676&grupo=9601154&jornada=1&tipojuego=2,2026-08-03T21:04:19.668221+00:00
2018-2019,14,9565676,9601154,2280234,ESCUELA MUN.DEPORTES DAGANZO 'C',https://www.rffm.es/competicion/calendario?temporada=14&competicion=9565676&grupo=9601154&jornada=1&tipojuego=2,2026-08-03T21:04:19.668221+00:00
2018-2019,14,9565676,9601154,1031229,EMF C.D. COBEÑA 'D',https://www.rffm.es/competicion/calendario?temporada=14&competicion=9565676&grupo=9601154&jornada=1&tipojuego=2,2026-08-03T21:04:19.668221+00:00
2018-2019,14,9565676,9601154,2332925,ESCUELA MUN.DEPORTES DAGANZO 'E',https://www.rffm.es/competicion/calendario?temporada=14&competicion=9565676&grupo=9601154&jornada=1&tipojuego=2,2026-08-03T21:04:19.668221+00:00
2018-2019,14,9565676,9601154,1032275,C.D. MUNICIPAL AJALVIR 'C',https://www.rffm.es/competicion/calendario?temporada=14&competicion=9565676&grupo=9601154&jornada=1&tipojuego=2,2026-08-03T21:04:19.668221+00:00
2018-2019,14,9565676,9601154,6849460,EMF C.D. COBEÑA 'E',https://www.rffm.es/competicion/calendario?temporada=14&competicion=9565676&grupo=9601154&jornada=1&tipojuego=2,2026-08-03T21:04:19.668221+00:00
2018-2019,14,9565676,9601154,300513,C.D. BARAJAS 'B',https://www.rffm.es/competicion/calendario?temporada=14&competicion=9565676&grupo=9601154&jornada=1&tipojuego=2,2026-08-03T21:04:19.668221+00:00
2018-2019,14,9565676,9601154,311794,EMF C.D. COBEÑA 'C',https://www.rffm.es/competicion/calendario?temporada=14&competicion=9565676&grupo=9601154&jornada=1&tipojuego=2,2026-08-03T21:04:19.668221+00:00
2018-2019,14,9565676,9601154,2280235,ESCUELA MUN.DEPORTES DAGANZO 'D',https://www.rffm.es/competicion/calendario?temporada=14&competicion=9565676&grupo=9601154&jornada=1&tipojuego=2,2026-08-03T21:04:19.668221+00:00
2018-2019,14,9565676,9601154,-9935863,Equipo Fuera (No asignado),https://www.rffm.es/competicion/calendario?temporada=14&competicion=9565676&grupo=9601154&jornada=1&tipojuego=2,2026-08-03T21:04:19.668221+00:00
2018-2019,14,9565676,9601154,8927929,C.D. PARACUELLOS SPORT 'D',https://www.rffm.es/competicion/calendario?temporada=14&competicion=9565676&grupo=9601154&jornada=1&tipojuego=2,2026-08-03T21:04:19.668221+00:00
2018-2019,14,9565676,9601154,2280232,ESCUELA MUN.DEPORTES DAGANZO 'B',https://www.rffm.es/competicion/calendario?temporada=14&competicion=9565676&grupo=9601154&jornada=1&tipojuego=2,2026-08-03T21:04:19.668221+00:00
2018-2019,14,9565676,9601154,304410,EMF C.D. COBEÑA 'B',https://www.rffm.es/competicion/calendario?temporada=14&competicion=9565676&grupo=9601154&jornada=1&tipojuego=2,2026-08-03T21:04:19.668221+00:00
2018-2019,14,9565676,9601154,1079490,C.D. SERRACINES,https://www.rffm.es/competicion/calendario?temporada=14&competicion=9565676&grupo=9601154&jornada=1&tipojuego=2,2026-08-03T21:04:19.668221+00:00
2018-2019,14,9565676,9602863,2743777,JUVENTUD SANSE-TRINITY COLLEGE 'M',https://www.rffm.es/competicion/calendario?temporada=14&competicion=9565676&grupo=9602863&jornada=1&tipojuego=2,2026-08-03T21:04:23.368551+00:00
2018-2019,14,9565676,9602863,9885411,RAYO CIUDAD ALCOBENDAS C.F. 'I',https://www.rffm.es/competicion/calendario?temporada=14&competicion=9565676&grupo=9602863&jornada=1&tipojuego=2,2026-08-03T21:04:23.368551+00:00
2018-2019,14,9565676,9602863,540035,JUVENTUD SANSE 'C',https://www.rffm.es/competicion/calendario?temporada=14&competicion=9565676&grupo=9602863&jornada=1&tipojuego=2,2026-08-03T21:04:23.368551+00:00
2018-2019,14,9565676,9602863,2743776,JUVENTUD SANSE 'I',https://www.rffm.es/competicion/calendario?temporada=14&competicion=9565676&grupo=9602863&jornada=1&tipojuego=2,2026-08-03T21:04:23.368551+00:00
2018-2019,14,9565676,9602863,1084,C.D. CARRANZA 'B',https://www.rffm.es/competicion/calendario?temporada=14&competicion=9565676&grupo=9602863&jornada=1&tipojuego=2,2026-08-03T21:04:23.368551+00:00
2018-2019,14,9565676,9602863,1324,JUVENTUD SANSE 'B',https://www.rffm.es/competicion/calendario?temporada=14&competicion=9565676&grupo=9602863&jornada=1&tipojuego=2,2026-08-03T21:04:23.368551+00:00
2018-2019,14,9565676,9602863,307833,ATLETICO MADRILEÑO C.F. 'E',https://www.rffm.es/competicion/calendario?temporada=14&competicion=9565676&grupo=9602863&jornada=1&tipojuego=2,2026-08-03T21:04:23.368551+00:00
2018-2019,14,9565676,9602863,1326,JUVENTUD SANSE 'D',https://www.rffm.es/competicion/calendario?temporada=14&competicion=9565676&grupo=9602863&jornada=1&tipojuego=2,2026-08-03T21:04:23.368551+00:00
2018-2019,14,9565676,9602863,846739,U.D .SAN SEBASTIAN REYES 'F',https://www.rffm.es/competicion/calendario?temporada=14&competicion=9565676&grupo=9602863&jornada=1&tipojuego=2,2026-08-03T21:04:23.368551+00:00
2018-2019,14,9565676,9602863,6821025,UNION EUROPA SANSE 'A',https://www.rffm.es/competicion/calendario?temporada=14&competicion=9565676&grupo=9602863&jornada=1&tipojuego=2,2026-08-03T21:04:23.368551+00:00
2018-2019,14,9565676,9602863,846782,RAYO CIUDAD ALCOBENDAS C.F. 'D',https://www.rffm.es/competicion/calendario?temporada=14&competicion=9565676&grupo=9602863&jornada=1&tipojuego=2,2026-08-03T21:04:23.368551+00:00
2018-2019,14,9565676,9602863,419,U.D. SAN SEBASTIAN REYES 'E',https://www.rffm.es/competicion/calendario?temporada=14&competicion=9565676&grupo=9602863&jornada=1&tipojuego=2,2026-08-03T21:04:23.368551+00:00
2018-2019,14,9565676,9602863,7275369,CLUB FUENTELARREYNA 'E',https://www.rffm.es/competicion/calendario?temporada=14&competicion=9565676&grupo=9602863&jornada=1&tipojuego=2,2026-08-03T21:04:23.368551+00:00
2018-2019,14,9565676,9602863,3128768,JUVENTUD SANSE-TRINITY COLLEGE 'K',https://www.rffm.es/competicion/calendario?temporada=14&competicion=9565676&grupo=9602863&jornada=1&tipojuego=2,2026-08-03T21:04:23.368551+00:00
2018-2019,14,9565676,9602981,334130,C.D.E. ACADEMIA DE FUTBOL ALCOBENDAS 'C',https://www.rffm.es/competicion/calendario?temporada=14&competicion=9565676&grupo=9602981&jornada=1&tipojuego=2,2026-08-03T21:04:27.134422+00:00
2018-2019,14,9565676,9602981,2386220,U.D. SAN SEBASTIAN REYES 'D',https://www.rffm.es/competicion/calendario?temporada=14&competicion=9565676&grupo=9602981&jornada=1&tipojuego=2,2026-08-03T21:04:27.134422+00:00
2018-2019,14,9565676,9602981,3228,JARAMA RACE 'B',https://www.rffm.es/competicion/calendario?temporada=14&competicion=9565676&grupo=9602981&jornada=1&tipojuego=2,2026-08-03T21:04:27.134422+00:00
2018-2019,14,9565676,9602981,2272010,JUVENTUD SANSE 'G',https://www.rffm.es/competicion/calendario?temporada=14&competicion=9565676&grupo=9602981&jornada=1&tipojuego=2,2026-08-03T21:04:27.134422+00:00
2018-2019,14,9565676,9602981,2283801,CLUB CHAMARTIN-R 'B',https://www.rffm.es/competicion/calendario?temporada=14&competicion=9565676&grupo=9602981&jornada=1&tipojuego=2,2026-08-03T21:04:27.134422+00:00
2018-2019,14,9565676,9602981,1325,JUVENTUD SANSE 'E',https://www.rffm.es/competicion/calendario?temporada=14&competicion=9565676&grupo=9602981&jornada=1&tipojuego=2,2026-08-03T21:04:27.134422+00:00
2018-2019,14,9565676,9602981,2272011,JUVENTUD SANSE 'H',https://www.rffm.es/competicion/calendario?temporada=14&competicion=9565676&grupo=9602981&jornada=1&tipojuego=2,2026-08-03T21:04:27.134422+00:00
2018-2019,14,9565676,9602981,1222,CLUB CHAMARTIN-R 'A',https://www.rffm.es/competicion/calendario?temporada=14&competicion=9565676&grupo=9602981&jornada=1&tipojuego=2,2026-08-03T21:04:27.134422+00:00
2018-2019,14,9565676,9602981,3015897,U.D.SAN SEBASTIAN REYES 'C',https://www.rffm.es/competicion/calendario?temporada=14&competicion=9565676&grupo=9602981&jornada=1&tipojuego=2,2026-08-03T21:04:27.134422+00:00
2018-2019,14,9565676,9602981,1031636,JUVENTUD SANSE 'F',https://www.rffm.es/competicion/calendario?temporada=14&competicion=9565676&grupo=9602981&jornada=1&tipojuego=2,2026-08-03T21:04:27.134422+00:00
2018-2019,14,9565676,9602981,3075646,U.D.SAN SEBASTIAN REYES 'B',https://www.rffm.es/competicion/calendario?temporada=14&competicion=9565676&grupo=9602981&jornada=1&tipojuego=2,2026-08-03T21:04:27.134422+00:00
2018-2019,14,9565676,9602981,406,S.A.D. FUND. C.D. RECUERDO 'A',https://www.rffm.es/competicion/calendario?temporada=14&competicion=9565676&grupo=9602981&jornada=1&tipojuego=2,2026-08-03T21:04:27.134422+00:00
2018-2019,14,9565676,9602981,2274981,C.D.E. ACADEMIA DE FUTBOL ALCOBENDAS 'F',https://www.rffm.es/competicion/calendario?temporada=14&competicion=9565676&grupo=9602981&jornada=1&tipojuego=2,2026-08-03T21:04:27.134422+00:00
2018-2019,14,9565676,9602981,7882511,U.D. SAN SEBASTIAN REYES 'G',https://www.rffm.es/competicion/calendario?temporada=14&competicion=9565676&grupo=9602981&jornada=1&tipojuego=2,2026-08-03T21:04:27.134422+00:00
2018-2019,14,9565676,9625050,1815,ASOC.DEP. ATLETICO CONCILIO 'A',https://www.rffm.es/competicion/calendario?temporada=14&competicion=9565676&grupo=9625050&jornada=1&tipojuego=2,2026-08-03T21:04:30.736431+00:00
2018-2019,14,9565676,9625050,2744,SPORTING SEIS DE DICIEMBRE 'B',https://www.rffm.es/competicion/calendario?temporada=14&competicion=9565676&grupo=9625050&jornada=1&tipojuego=2,2026-08-03T21:04:30.736431+00:00
2018-2019,14,9565676,9625050,2767,ALDOVEA 'B',https://www.rffm.es/competicion/calendario?temporada=14&competicion=9565676&grupo=9625050&jornada=1&tipojuego=2,2026-08-03T21:04:30.736431+00:00
2018-2019,14,9565676,9625050,849147,C.D. SANTA HELENA 'A',https://www.rffm.es/competicion/calendario?temporada=14&competicion=9565676&grupo=9625050&jornada=1&tipojuego=2,2026-08-03T21:04:30.736431+00:00
2018-2019,14,9565676,9625050,1986,C.D.E. ACADEMIA DE FUTBOL ALCOBENDAS 'B',https://www.rffm.es/competicion/calendario?temporada=14&competicion=9565676&grupo=9625050&jornada=1&tipojuego=2,2026-08-03T21:04:30.736431+00:00
2018-2019,14,9565676,9625050,2336,ATLETICO MADRILEÑO C.F. 'C',https://www.rffm.es/competicion/calendario?temporada=14&competicion=9565676&grupo=9625050&jornada=1&tipojuego=2,2026-08-03T21:04:30.736431+00:00
2018-2019,14,9565676,9625050,6818357,C.D. SANTA HELENA 'B',https://www.rffm.es/competicion/calendario?temporada=14&competicion=9565676&grupo=9625050&jornada=1&tipojuego=2,2026-08-03T21:04:30.736431+00:00
2018-2019,14,9565676,9625050,2766,ALDOVEA 'A',https://www.rffm.es/competicion/calendario?temporada=14&competicion=9565676&grupo=9625050&jornada=1&tipojuego=2,2026-08-03T21:04:30.736431+00:00
2018-2019,14,9565676,9625050,907793,RAYO CIUDAD ALCOBENDAS C.F. 'G',https://www.rffm.es/competicion/calendario?temporada=14&competicion=9565676&grupo=9625050&jornada=1&tipojuego=2,2026-08-03T21:04:30.736431+00:00
2018-2019,14,9565676,9625050,3035137,RAYO CIUDAD ALCOBENDAS C.F. 'H',https://www.rffm.es/competicion/calendario?temporada=14&competicion=9565676&grupo=9625050&jornada=1&tipojuego=2,2026-08-03T21:04:30.736431+00:00
2018-2019,14,9565676,9625050,307831,ATLETICO MADRILEÑO C.F. 'D',https://www.rffm.es/competicion/calendario?temporada=14&competicion=9565676&grupo=9625050&jornada=1&tipojuego=2,2026-08-03T21:04:30.736431+00:00
2018-2019,14,9565676,9625050,2743,SPORTING SEIS DE DICIEMBRE 'A',https://www.rffm.es/competicion/calendario?temporada=14&competicion=9565676&grupo=9625050&jornada=1&tipojuego=2,2026-08-03T21:04:30.736431+00:00
2018-2019,14,9565676,9625050,1100402,FUTBOL ALCOBENDAS SPORT 'B',https://www.rffm.es/competicion/calendario?temporada=14&competicion=9565676&grupo=9625050&jornada=1&tipojuego=2,2026-08-03T21:04:30.736431+00:00
2018-2019,14,9565676,9625050,-10146614,Equipo Fuera (No asignado),https://www.rffm.es/competicion/calendario?temporada=14&competicion=9565676&grupo=9625050&jornada=1&tipojuego=2,2026-08-03T21:04:30.736431+00:00
2018-2019,14,9565676,9625149,304374,S.A.D. LICEO EUROPEO 'A',https://www.rffm.es/competicion/calendario?temporada=14&competicion=9565676&grupo=9625149&jornada=1&tipojuego=2,2026-08-03T21:04:33.975346+00:00
2018-2019,14,9565676,9625149,300167,C.D. SEK 'B',https://www.rffm.es/competicion/calendario?temporada=14&competicion=9565676&grupo=9625149&jornada=1&tipojuego=2,2026-08-03T21:04:33.975346+00:00
2018-2019,14,9565676,9625149,7799380,CLUB DE FUTBOL ISIDORO SAN JOSE 'B',https://www.rffm.es/competicion/calendario?temporada=14&competicion=9565676&grupo=9625149&jornada=1&tipojuego=2,2026-08-03T21:04:33.975346+00:00
2018-2019,14,9565676,9625149,8963660,ATLETICO CHOPERA ALCOBENDAS 04 'G',https://www.rffm.es/competicion/calendario?temporada=14&competicion=9565676&grupo=9625149&jornada=1&tipojuego=2,2026-08-03T21:04:33.975346+00:00
2018-2019,14,9565676,9625149,846723,ALDOVEA 'D',https://www.rffm.es/competicion/calendario?temporada=14&competicion=9565676&grupo=9625149&jornada=1&tipojuego=2,2026-08-03T21:04:33.975346+00:00
2018-2019,14,9565676,9625149,4944607,C.D. CASTILLA CHAMARTIN,https://www.rffm.es/competicion/calendario?temporada=14&competicion=9565676&grupo=9625149&jornada=1&tipojuego=2,2026-08-03T21:04:33.975346+00:00
2018-2019,14,9565676,9625149,3321,COLEGIO SUIZO DE MADRID,https://www.rffm.es/competicion/calendario?temporada=14&competicion=9565676&grupo=9625149&jornada=1&tipojuego=2,2026-08-03T21:04:33.975346+00:00
2018-2019,14,9565676,9625149,2504,COLEGIO BRAINS 'B',https://www.rffm.es/competicion/calendario?temporada=14&competicion=9565676&grupo=9625149&jornada=1&tipojuego=2,2026-08-03T21:04:33.975346+00:00
2018-2019,14,9565676,9625149,372261,S.A.D. LICEO EUROPEO 'D',https://www.rffm.es/competicion/calendario?temporada=14&competicion=9565676&grupo=9625149&jornada=1&tipojuego=2,2026-08-03T21:04:33.975346+00:00
2018-2019,14,9565676,9625149,304375,S.A.D. LICEO EUROPEO 'B',https://www.rffm.es/competicion/calendario?temporada=14&competicion=9565676&grupo=9625149&jornada=1&tipojuego=2,2026-08-03T21:04:33.975346+00:00
2018-2019,14,9565676,9625149,3357197,SSC,https://www.rffm.es/competicion/calendario?temporada=14&competicion=9565676&grupo=9625149&jornada=1&tipojuego=2,2026-08-03T21:04:33.975346+00:00
2018-2019,14,9565676,9625149,304854,S.A.D. LICEO EUROPEO 'C',https://www.rffm.es/competicion/calendario?temporada=14&competicion=9565676&grupo=9625149&jornada=1&tipojuego=2,2026-08-03T21:04:33.975346+00:00
2018-2019,14,9565676,9625149,5080863,JUVENTUD SANSE 'J',https://www.rffm.es/competicion/calendario?temporada=14&competicion=9565676&grupo=9625149&jornada=1&tipojuego=2,2026-08-03T21:04:33.975346+00:00
2018-2019,14,9565676,9625149,382562,ALDOVEA 'C',https://www.rffm.es/competicion/calendario?temporada=14&competicion=9565676&grupo=9625149&jornada=1&tipojuego=2,2026-08-03T21:04:33.975346+00:00
2018-2019,14,9565676,9628315,846783,RAYO CIUDAD ALCOBENDAS C.F. 'E',https://www.rffm.es/competicion/calendario?temporada=14&competicion=9565676&grupo=9628315&jornada=1&tipojuego=2,2026-08-03T21:04:37.356616+00:00
2018-2019,14,9565676,9628315,6815462,COLEGIO BRAINS 'C',https://www.rffm.es/competicion/calendario?temporada=14&competicion=9565676&grupo=9628315&jornada=1&tipojuego=2,2026-08-03T21:04:37.356616+00:00
2018-2019,14,9565676,9628315,680610,ATLETICO CHOPERA ALCOBENDAS 04 'B',https://www.rffm.es/competicion/calendario?temporada=14&competicion=9565676&grupo=9628315&jornada=1&tipojuego=2,2026-08-03T21:04:37.356616+00:00
2018-2019,14,9565676,9628315,272,ALCOBENDAS-LEVITT C.F. 'A',https://www.rffm.es/competicion/calendario?temporada=14&competicion=9565676&grupo=9628315&jornada=1&tipojuego=2,2026-08-03T21:04:37.356616+00:00
2018-2019,14,9565676,9628315,6817745,COLEGIO BRAINS 'D',https://www.rffm.es/competicion/calendario?temporada=14&competicion=9565676&grupo=9628315&jornada=1&tipojuego=2,2026-08-03T21:04:37.356616+00:00
2018-2019,14,9565676,9628315,3044192,ATLETICO CHOPERA ALCOBENDAS 04 'F',https://www.rffm.es/competicion/calendario?temporada=14&competicion=9565676&grupo=9628315&jornada=1&tipojuego=2,2026-08-03T21:04:37.356616+00:00
2018-2019,14,9565676,9628315,2737474,CLUB DE FUTBOL ISIDORO SAN JOSE 'A',https://www.rffm.es/competicion/calendario?temporada=14&competicion=9565676&grupo=9628315&jornada=1&tipojuego=2,2026-08-03T21:04:37.356616+00:00
2018-2019,14,9565676,9628315,887924,RAYO CIUDAD ALCOBENDAS C.F. 'F',https://www.rffm.es/competicion/calendario?temporada=14&competicion=9565676&grupo=9628315&jornada=1&tipojuego=2,2026-08-03T21:04:37.356616+00:00
2018-2019,14,9565676,9628315,2274978,C.D.E. ACADEMIA DE FUTBOL ALCOBENDAS 'D',https://www.rffm.es/competicion/calendario?temporada=14&competicion=9565676&grupo=9628315&jornada=1&tipojuego=2,2026-08-03T21:04:37.356616+00:00
2018-2019,14,9565676,9628315,846749,ATLETICO CHOPERA ALCOBENDAS 04 'D',https://www.rffm.es/competicion/calendario?temporada=14&competicion=9565676&grupo=9628315&jornada=1&tipojuego=2,2026-08-03T21:04:37.356616+00:00
2018-2019,14,9565676,9628315,2276209,ATLETICO CHOPERA ALCOBENDAS 04 'E',https://www.rffm.es/competicion/calendario?temporada=14&competicion=9565676&grupo=9628315&jornada=1&tipojuego=2,2026-08-03T21:04:37.356616+00:00
2018-2019,14,9565676,9628315,1035689,LA MORALEJA C.F. 'A',https://www.rffm.es/competicion/calendario?temporada=14&competicion=9565676&grupo=9628315&jornada=1&tipojuego=2,2026-08-03T21:04:37.356616+00:00
2018-2019,14,9565676,9628315,3227,JARAMA RACE 'A',https://www.rffm.es/competicion/calendario?temporada=14&competicion=9565676&grupo=9628315&jornada=1&tipojuego=2,2026-08-03T21:04:37.356616+00:00
2018-2019,14,9565676,9628315,714389,ATLETICO CHOPERA ALCOBENDAS 04 'C',https://www.rffm.es/competicion/calendario?temporada=14&competicion=9565676&grupo=9628315&jornada=1&tipojuego=2,2026-08-03T21:04:37.356616+00:00
2018-2019,14,9565676,9970136,2273584,C.D. MECO 'A',https://www.rffm.es/competicion/calendario?temporada=14&competicion=9565676&grupo=9970136&jornada=1&tipojuego=2,2026-08-03T21:04:40.125444+00:00
2018-2019,14,9565676,9970136,600715,CAMARMA C.F. 'A',https://www.rffm.es/competicion/calendario?temporada=14&competicion=9565676&grupo=9970136&jornada=1&tipojuego=2,2026-08-03T21:04:40.125444+00:00
2018-2019,14,9565676,9970136,847179,CAMARMA C.F. 'B',https://www.rffm.es/competicion/calendario?temporada=14&competicion=9565676&grupo=9970136&jornada=1&tipojuego=2,2026-08-03T21:04:40.125444+00:00
2018-2019,14,9565676,9970136,1031828,A.D. NUEVO BAZTAN 'A',https://www.rffm.es/competicion/calendario?temporada=14&competicion=9565676&grupo=9970136&jornada=1&tipojuego=2,2026-08-03T21:04:40.125444+00:00
2018-2019,14,9565676,9970136,1031230,VILLALBILLA C.F. 'B',https://www.rffm.es/competicion/calendario?temporada=14&competicion=9565676&grupo=9970136&jornada=1&tipojuego=2,2026-08-03T21:04:40.125444+00:00
2018-2019,14,9565676,9970136,4944587,CLUB ATLETICO TORRES,https://www.rffm.es/competicion/calendario?temporada=14&competicion=9565676&grupo=9970136&jornada=1&tipojuego=2,2026-08-03T21:04:40.125444+00:00
2018-2019,14,9565676,9970136,1031829,A.D. NUEVO BAZTAN 'B',https://www.rffm.es/competicion/calendario?temporada=14&competicion=9565676&grupo=9970136&jornada=1&tipojuego=2,2026-08-03T21:04:40.125444+00:00
2018-2019,14,9565676,9970136,2273585,C.D. MECO 'B',https://www.rffm.es/competicion/calendario?temporada=14&competicion=9565676&grupo=9970136&jornada=1&tipojuego=2,2026-08-03T21:04:40.125444+00:00
2018-2019,14,9565676,9970136,467132,S.A.D. ESPARTALES SUR 'C',https://www.rffm.es/competicion/calendario?temporada=14&competicion=9565676&grupo=9970136&jornada=1&tipojuego=2,2026-08-03T21:04:40.125444+00:00
2018-2019,14,9565676,9970136,3353736,A.D. COMPLUTENSE ALCALA 'H',https://www.rffm.es/competicion/calendario?temporada=14&competicion=9565676&grupo=9970136&jornada=1&tipojuego=2,2026-08-03T21:04:40.125444+00:00
2018-2019,14,9565676,9628538,1031339,A.D. COMPLUTENSE ALCALA 'F',https://www.rffm.es/competicion/calendario?temporada=14&competicion=9565676&grupo=9628538&jornada=1&tipojuego=2,2026-08-03T21:04:43.933812+00:00
2018-2019,14,9565676,9628538,1120,A.D. NAYA 'A',https://www.rffm.es/competicion/calendario?temporada=14&competicion=9565676&grupo=9628538&jornada=1&tipojuego=2,2026-08-03T21:04:43.933812+00:00
2018-2019,14,9565676,9628538,1121,A.D. NAYA 'B',https://www.rffm.es/competicion/calendario?temporada=14&competicion=9565676&grupo=9628538&jornada=1&tipojuego=2,2026-08-03T21:04:43.933812+00:00
2018-2019,14,9565676,9628538,576713,CLUB CIUDAD HENARES 'B',https://www.rffm.es/competicion/calendario?temporada=14&competicion=9565676&grupo=9628538&jornada=1&tipojuego=2,2026-08-03T21:04:43.933812+00:00
2018-2019,14,9565676,9628538,3326,CLUB CIUDAD HENARES 'A',https://www.rffm.es/competicion/calendario?temporada=14&competicion=9565676&grupo=9628538&jornada=1&tipojuego=2,2026-08-03T21:04:43.933812+00:00
2018-2019,14,9565676,9628538,1122,A.D. NAYA 'C',https://www.rffm.es/competicion/calendario?temporada=14&competicion=9565676&grupo=9628538&jornada=1&tipojuego=2,2026-08-03T21:04:43.933812+00:00
2018-2019,14,9565676,9628538,1031535,ATLETICO LA GARENA 'C',https://www.rffm.es/competicion/calendario?temporada=14&competicion=9565676&grupo=9628538&jornada=1&tipojuego=2,2026-08-03T21:04:43.933812+00:00
2018-2019,14,9565676,9628538,307848,C.F.D. FUTURO SAN FRANCISCO 'A',https://www.rffm.es/competicion/calendario?temporada=14&competicion=9565676&grupo=9628538&jornada=1&tipojuego=2,2026-08-03T21:04:43.933812+00:00
2018-2019,14,9565676,9628538,-10226413,Equipo Casa (No asignado),https://www.rffm.es/competicion/calendario?temporada=14&competicion=9565676&grupo=9628538&jornada=1&tipojuego=2,2026-08-03T21:04:43.933812+00:00
2018-2019,14,9565676,9628538,1031894,ATLETICO LA GARENA 'D',https://www.rffm.es/competicion/calendario?temporada=14&competicion=9565676&grupo=9628538&jornada=1&tipojuego=2,2026-08-03T21:04:43.933812+00:00
2018-2019,14,9565676,9628538,334348,R.S.D. ALCALA S.A.D. 'D',https://www.rffm.es/competicion/calendario?temporada=14&competicion=9565676&grupo=9628538&jornada=1&tipojuego=2,2026-08-03T21:04:43.933812+00:00
2018-2019,14,9565676,9628538,2729338,A.D. COMPLUTENSE ALCALA 'G',https://www.rffm.es/competicion/calendario?temporada=14&competicion=9565676&grupo=9628538&jornada=1&tipojuego=2,2026-08-03T21:04:43.933812+00:00
2018-2019,14,9565676,9628676,4143538,ACADEMIA NAF SAN GABRIEL 'D',https://www.rffm.es/competicion/calendario?temporada=14&competicion=9565676&grupo=9628676&jornada=1&tipojuego=2,2026-08-03T21:04:46.680778+00:00
2018-2019,14,9565676,9628676,307931,C.D. AVANCE 'D',https://www.rffm.es/competicion/calendario?temporada=14&competicion=9565676&grupo=9628676&jornada=1&tipojuego=2,2026-08-03T21:04:46.680778+00:00
2018-2019,14,9565676,9628676,1268,C.D. ESCOLAPIOS ALCALA 'A',https://www.rffm.es/competicion/calendario?temporada=14&competicion=9565676&grupo=9628676&jornada=1&tipojuego=2,2026-08-03T21:04:46.680778+00:00
2018-2019,14,9565676,9628676,1147908,GREDOS SAN DIEGO-ALCALA 'G',https://www.rffm.es/competicion/calendario?temporada=14&competicion=9565676&grupo=9628676&jornada=1&tipojuego=2,2026-08-03T21:04:46.680778+00:00
2018-2019,14,9565676,9628676,1033002,C.D. ATLETICO AVANCE,https://www.rffm.es/competicion/calendario?temporada=14&competicion=9565676&grupo=9628676&jornada=1&tipojuego=2,2026-08-03T21:04:46.680778+00:00
2018-2019,14,9565676,9628676,307929,C.D. AVANCE 'B',https://www.rffm.es/competicion/calendario?temporada=14&competicion=9565676&grupo=9628676&jornada=1&tipojuego=2,2026-08-03T21:04:46.680778+00:00
2018-2019,14,9565676,9628676,307933,C.D. AVANCE 'E',https://www.rffm.es/competicion/calendario?temporada=14&competicion=9565676&grupo=9628676&jornada=1&tipojuego=2,2026-08-03T21:04:46.680778+00:00
2018-2019,14,9565676,9628676,3359681,ACADEMIA NAF SAN GABRIEL 'C',https://www.rffm.es/competicion/calendario?temporada=14&competicion=9565676&grupo=9628676&jornada=1&tipojuego=2,2026-08-03T21:04:46.680778+00:00
2018-2019,14,9565676,9628676,307930,C.D. AVANCE 'C',https://www.rffm.es/competicion/calendario?temporada=14&competicion=9565676&grupo=9628676&jornada=1&tipojuego=2,2026-08-03T21:04:46.680778+00:00
2018-2019,14,9565676,9628676,1269,C.D. ESCOLAPIOS ALCALA 'B',https://www.rffm.es/competicion/calendario?temporada=14&competicion=9565676&grupo=9628676&jornada=1&tipojuego=2,2026-08-03T21:04:46.680778+00:00
2018-2019,14,9565676,9628676,3359680,ACADEMIA NAF SAN GABRIEL 'A',https://www.rffm.es/competicion/calendario?temporada=14&competicion=9565676&grupo=9628676&jornada=1&tipojuego=2,2026-08-03T21:04:46.680778+00:00
2018-2019,14,9565676,9628676,2273588,GREDOS SAN DIEGO-ALCALA 'I',https://www.rffm.es/competicion/calendario?temporada=14&competicion=9565676&grupo=9628676&jornada=1&tipojuego=2,2026-08-03T21:04:46.680778+00:00
2018-2019,14,9565676,9628776,2466,A.D. COMPLUTENSE ALCALA 'E',https://www.rffm.es/competicion/calendario?temporada=14&competicion=9565676&grupo=9628776&jornada=1&tipojuego=2,2026-08-03T21:04:49.911758+00:00
2018-2019,14,9565676,9628776,756,A.D. HENARES D.IV 'A',https://www.rffm.es/competicion/calendario?temporada=14&competicion=9565676&grupo=9628776&jornada=1&tipojuego=2,2026-08-03T21:04:49.911758+00:00
2018-2019,14,9565676,9628776,680505,C.F. RAYO ENSANCHE 'B',https://www.rffm.es/competicion/calendario?temporada=14&competicion=9565676&grupo=9628776&jornada=1&tipojuego=2,2026-08-03T21:04:49.911758+00:00
2018-2019,14,9565676,9628776,300170,ATLETICO ALCALA 'A',https://www.rffm.es/competicion/calendario?temporada=14&competicion=9565676&grupo=9628776&jornada=1&tipojuego=2,2026-08-03T21:04:49.911758+00:00
2018-2019,14,9565676,9628776,846753,ATLETICO LA GARENA 'B',https://www.rffm.es/competicion/calendario?temporada=14&competicion=9565676&grupo=9628776&jornada=1&tipojuego=2,2026-08-03T21:04:49.911758+00:00
2018-2019,14,9565676,9628776,846752,ATLETICO LA GARENA 'A',https://www.rffm.es/competicion/calendario?temporada=14&competicion=9565676&grupo=9628776&jornada=1&tipojuego=2,2026-08-03T21:04:49.911758+00:00
2018-2019,14,9565676,9628776,847178,ATLETICO ALCALA 'B',https://www.rffm.es/competicion/calendario?temporada=14&competicion=9565676&grupo=9628776&jornada=1&tipojuego=2,2026-08-03T21:04:49.911758+00:00
2018-2019,14,9565676,9628776,2728886,C.D. ESCOLAPIOS ALCALA 'C',https://www.rffm.es/competicion/calendario?temporada=14&competicion=9565676&grupo=9628776&jornada=1&tipojuego=2,2026-08-03T21:04:49.911758+00:00
2018-2019,14,9565676,9628776,757,A.D. HENARES D.IV 'B',https://www.rffm.es/competicion/calendario?temporada=14&competicion=9565676&grupo=9628776&jornada=1&tipojuego=2,2026-08-03T21:04:49.911758+00:00
2018-2019,14,9565676,9628776,8944296,FUNDACION R.S.D. ALCALA 'C',https://www.rffm.es/competicion/calendario?temporada=14&competicion=9565676&grupo=9628776&jornada=1&tipojuego=2,2026-08-03T21:04:49.911758+00:00
2018-2019,14,9565676,9628776,334349,R.S.D. ALCALA S.A.D. 'E',https://www.rffm.es/competicion/calendario?temporada=14&competicion=9565676&grupo=9628776&jornada=1&tipojuego=2,2026-08-03T21:04:49.911758+00:00
2018-2019,14,9565676,9628776,-10226290,Equipo Fuera (No asignado),https://www.rffm.es/competicion/calendario?temporada=14&competicion=9565676&grupo=9628776&jornada=1&tipojuego=2,2026-08-03T21:04:49.911758+00:00
2018-2019,14,9565676,9629448,4946579,S.A.D. FUND. C.D. RECUERDO 'B',https://www.rffm.es/competicion/calendario?temporada=14&competicion=9565676&grupo=9629448&jornada=1&tipojuego=2,2026-08-03T21:04:53.091704+00:00
2018-2019,14,9565676,9629448,5440570,C.D. ESTUDIANTES LAS TABLAS 'D',https://www.rffm.es/competicion/calendario?temporada=14&competicion=9565676&grupo=9629448&jornada=1&tipojuego=2,2026-08-03T21:04:53.091704+00:00
2018-2019,14,9565676,9629448,4947057,SPORTING LAS TABLAS 'A',https://www.rffm.es/competicion/calendario?temporada=14&competicion=9565676&grupo=9629448&jornada=1&tipojuego=2,2026-08-03T21:04:53.091704+00:00
2018-2019,14,9565676,9629448,3909709,C.D. ESTUDIANTES LAS TABLAS 'B',https://www.rffm.es/competicion/calendario?temporada=14&competicion=9565676&grupo=9629448&jornada=1&tipojuego=2,2026-08-03T21:04:53.091704+00:00
2018-2019,14,9565676,9629448,5440588,C.D. ESTUDIANTES LAS TABLAS 'E',https://www.rffm.es/competicion/calendario?temporada=14&competicion=9565676&grupo=9629448&jornada=1&tipojuego=2,2026-08-03T21:04:53.091704+00:00
2018-2019,14,9565676,9629448,718,NTRA.SRA. DEL BUEN CONSEJO 'C',https://www.rffm.es/competicion/calendario?temporada=14&competicion=9565676&grupo=9629448&jornada=1&tipojuego=2,2026-08-03T21:04:53.091704+00:00
2018-2019,14,9565676,9629448,466985,NTRA.SRA. DEL BUEN CONSEJO 'D',https://www.rffm.es/competicion/calendario?temporada=14&competicion=9565676&grupo=9629448&jornada=1&tipojuego=2,2026-08-03T21:04:53.091704+00:00
2018-2019,14,9565676,9629448,5440553,C.D. ESTUDIANTES LAS TABLAS 'C',https://www.rffm.es/competicion/calendario?temporada=14&competicion=9565676&grupo=9629448&jornada=1&tipojuego=2,2026-08-03T21:04:53.091704+00:00
2018-2019,14,9565676,9629448,855,COLEGIO EL PRADO 'B',https://www.rffm.es/competicion/calendario?temporada=14&competicion=9565676&grupo=9629448&jornada=1&tipojuego=2,2026-08-03T21:04:53.091704+00:00
2018-2019,14,9565676,9629448,2739183,CLUB CHAMARTIN-R 'D',https://www.rffm.es/competicion/calendario?temporada=14&competicion=9565676&grupo=9629448&jornada=1&tipojuego=2,2026-08-03T21:04:53.091704+00:00
2018-2019,14,9565676,9629448,2283802,CLUB CHAMARTIN-R 'C',https://www.rffm.es/competicion/calendario?temporada=14&competicion=9565676&grupo=9629448&jornada=1&tipojuego=2,2026-08-03T21:04:53.091704+00:00
2018-2019,14,9565676,9629448,3366454,ESC.FUT.BARRIO PILAR 'C',https://www.rffm.es/competicion/calendario?temporada=14&competicion=9565676&grupo=9629448&jornada=1&tipojuego=2,2026-08-03T21:04:53.091704+00:00
2018-2019,14,9565676,9629448,2248,UNION ZONA NORTE 'C',https://www.rffm.es/competicion/calendario?temporada=14&competicion=9565676&grupo=9629448&jornada=1&tipojuego=2,2026-08-03T21:04:53.091704+00:00
2018-2019,14,9565676,9629448,6789242,OLIMPIC DE LAS TABLAS C.F. 'B',https://www.rffm.es/competicion/calendario?temporada=14&competicion=9565676&grupo=9629448&jornada=1&tipojuego=2,2026-08-03T21:04:53.091704+00:00
2018-2019,14,9565676,9629589,380533,A.D. UNION ADARVE 'D',https://www.rffm.es/competicion/calendario?temporada=14&competicion=9565676&grupo=9629589&jornada=1&tipojuego=2,2026-08-03T21:04:56.265326+00:00
2018-2019,14,9565676,9629589,2535,C.D. VIRGEN DE MIRASIERRA 'A',https://www.rffm.es/competicion/calendario?temporada=14&competicion=9565676&grupo=9629589&jornada=1&tipojuego=2,2026-08-03T21:04:56.265326+00:00
2018-2019,14,9565676,9629589,1032074,A.D. FUNDACION 'D',https://www.rffm.es/competicion/calendario?temporada=14&competicion=9565676&grupo=9629589&jornada=1&tipojuego=2,2026-08-03T21:04:56.265326+00:00
2018-2019,14,9565676,9629589,717,NTRA.SRA. DEL BUEN CONSEJO 'B',https://www.rffm.es/competicion/calendario?temporada=14&competicion=9565676&grupo=9629589&jornada=1&tipojuego=2,2026-08-03T21:04:56.265326+00:00
2018-2019,14,9565676,9629589,555446,VALDELUZ 'A',https://www.rffm.es/competicion/calendario?temporada=14&competicion=9565676&grupo=9629589&jornada=1&tipojuego=2,2026-08-03T21:04:56.265326+00:00
2018-2019,14,9565676,9629589,555447,VALDELUZ 'B',https://www.rffm.es/competicion/calendario?temporada=14&competicion=9565676&grupo=9629589&jornada=1&tipojuego=2,2026-08-03T21:04:56.265326+00:00
2018-2019,14,9565676,9629589,716,NTRA.SRA. DEL BUEN CONSEJO 'A',https://www.rffm.es/competicion/calendario?temporada=14&competicion=9565676&grupo=9629589&jornada=1&tipojuego=2,2026-08-03T21:04:56.265326+00:00
2018-2019,14,9565676,9629589,3096323,UNION ZONA NORTE 'J',https://www.rffm.es/competicion/calendario?temporada=14&competicion=9565676&grupo=9629589&jornada=1&tipojuego=2,2026-08-03T21:04:56.265326+00:00
2018-2019,14,9565676,9629589,2536,C.D. VIRGEN DE MIRASIERRA 'B',https://www.rffm.es/competicion/calendario?temporada=14&competicion=9565676&grupo=9629589&jornada=1&tipojuego=2,2026-08-03T21:04:56.265326+00:00
2018-2019,14,9565676,9629589,8961539,DEPORTE DCA-MONTECARMELO 'B',https://www.rffm.es/competicion/calendario?temporada=14&competicion=9565676&grupo=9629589&jornada=1&tipojuego=2,2026-08-03T21:04:56.265326+00:00
2018-2019,14,9565676,9629589,8961538,DEPORTE DCA-MONTECARMELO 'A',https://www.rffm.es/competicion/calendario?temporada=14&competicion=9565676&grupo=9629589&jornada=1&tipojuego=2,2026-08-03T21:04:56.265326+00:00
2018-2019,14,9565676,9629589,334102,C.D. MASRIVER 'A',https://www.rffm.es/competicion/calendario?temporada=14&competicion=9565676&grupo=9629589&jornada=1&tipojuego=2,2026-08-03T21:04:56.265326+00:00
2018-2019,14,9565676,9629589,8961540,DEPORTE DCA-MONTECARMELO 'C',https://www.rffm.es/competicion/calendario?temporada=14&competicion=9565676&grupo=9629589&jornada=1&tipojuego=2,2026-08-03T21:04:56.265326+00:00
2018-2019,14,9565676,9629589,380534,A.D. UNION ADARVE 'E',https://www.rffm.es/competicion/calendario?temporada=14&competicion=9565676&grupo=9629589&jornada=1&tipojuego=2,2026-08-03T21:04:56.265326+00:00
2018-2019,14,9565676,9630397,560270,A.D. FUNDACION 'B',https://www.rffm.es/competicion/calendario?temporada=14&competicion=9565676&grupo=9630397&jornada=1&tipojuego=2,2026-08-03T21:04:59.618656+00:00
2018-2019,14,9565676,9630397,380535,A.D. UNION ADARVE 'F',https://www.rffm.es/competicion/calendario?temporada=14&competicion=9565676&grupo=9630397&jornada=1&tipojuego=2,2026-08-03T21:04:59.618656+00:00
2018-2019,14,9565676,9630397,902052,UNION ZONA NORTE 'H',https://www.rffm.es/competicion/calendario?temporada=14&competicion=9565676&grupo=9630397&jornada=1&tipojuego=2,2026-08-03T21:04:59.618656+00:00
2018-2019,14,9565676,9630397,8968078,ATLETICO SANTA ANA 'A',https://www.rffm.es/competicion/calendario?temporada=14&competicion=9565676&grupo=9630397&jornada=1&tipojuego=2,2026-08-03T21:04:59.618656+00:00
2018-2019,14,9565676,9630397,2249,UNION ZONA NORTE 'D',https://www.rffm.es/competicion/calendario?temporada=14&competicion=9565676&grupo=9630397&jornada=1&tipojuego=2,2026-08-03T21:04:59.618656+00:00
2018-2019,14,9565676,9630397,3365995,C.D. VIRGEN DE MIRASIERRA 'C',https://www.rffm.es/competicion/calendario?temporada=14&competicion=9565676&grupo=9630397&jornada=1&tipojuego=2,2026-08-03T21:04:59.618656+00:00
2018-2019,14,9565676,9630397,826,CELTIC CASTILLA C.F. 'A',https://www.rffm.es/competicion/calendario?temporada=14&competicion=9565676&grupo=9630397&jornada=1&tipojuego=2,2026-08-03T21:04:59.618656+00:00
2018-2019,14,9565676,9630397,827,CELTIC CASTILLA C.F. 'B',https://www.rffm.es/competicion/calendario?temporada=14&competicion=9565676&grupo=9630397&jornada=1&tipojuego=2,2026-08-03T21:04:59.618656+00:00
2018-2019,14,9565676,9630397,2817,C.D. SANTA MARIA CARIDAD 'B',https://www.rffm.es/competicion/calendario?temporada=14&competicion=9565676&grupo=9630397&jornada=1&tipojuego=2,2026-08-03T21:04:59.618656+00:00
2018-2019,14,9565676,9630397,2250,UNION ZONA NORTE 'E',https://www.rffm.es/competicion/calendario?temporada=14&competicion=9565676&grupo=9630397&jornada=1&tipojuego=2,2026-08-03T21:04:59.618656+00:00
2018-2019,14,9565676,9630397,891028,A.D. UNION ADARVE 'G',https://www.rffm.es/competicion/calendario?temporada=14&competicion=9565676&grupo=9630397&jornada=1&tipojuego=2,2026-08-03T21:04:59.618656+00:00
2018-2019,14,9565676,9630397,2271785,UNION ZONA NORTE 'I',https://www.rffm.es/competicion/calendario?temporada=14&competicion=9565676&grupo=9630397&jornada=1&tipojuego=2,2026-08-03T21:04:59.618656+00:00
2018-2019,14,9565676,9630397,2283908,A.D. FUNDACION 'E',https://www.rffm.es/competicion/calendario?temporada=14&competicion=9565676&grupo=9630397&jornada=1&tipojuego=2,2026-08-03T21:04:59.618656+00:00
2018-2019,14,9565676,9630397,398252,A.D. FUNDACION 'C',https://www.rffm.es/competicion/calendario?temporada=14&competicion=9565676&grupo=9630397&jornada=1&tipojuego=2,2026-08-03T21:04:59.618656+00:00
2018-2019,14,9565676,9630821,2274979,C.D.E. ACADEMIA DE FUTBOL ALCOBENDAS 'E',https://www.rffm.es/competicion/calendario?temporada=14&competicion=9565676&grupo=9630821&jornada=1&tipojuego=2,2026-08-03T21:05:02.903606+00:00
2018-2019,14,9565676,9630821,-10381904,Equipo Fuera (No asignado),https://www.rffm.es/competicion/calendario?temporada=14&competicion=9565676&grupo=9630821&jornada=1&tipojuego=2,2026-08-03T21:05:02.903606+00:00
2018-2019,14,9565676,9630821,271,ALCOBENDAS-LEVITT C.F. 'B',https://www.rffm.es/competicion/calendario?temporada=14&competicion=9565676&grupo=9630821&jornada=1&tipojuego=2,2026-08-03T21:05:02.903606+00:00
2018-2019,14,9565676,9630821,9888360,S.A.D. LICEO EUROPEO 'F',https://www.rffm.es/competicion/calendario?temporada=14&competicion=9565676&grupo=9630821&jornada=1&tipojuego=2,2026-08-03T21:05:02.903606+00:00
2018-2019,14,9565676,9630821,846946,S.A.D. LICEO EUROPEO 'E',https://www.rffm.es/competicion/calendario?temporada=14&competicion=9565676&grupo=9630821&jornada=1&tipojuego=2,2026-08-03T21:05:02.903606+00:00
2018-2019,14,9565676,9630821,3357123,JUVENTUD SANSE-FEM. 'L',https://www.rffm.es/competicion/calendario?temporada=14&competicion=9565676&grupo=9630821&jornada=1&tipojuego=2,2026-08-03T21:05:02.903606+00:00
2018-2019,14,9565676,9630821,10143162,JUVENTUD SANSE-FEM. 'N',https://www.rffm.es/competicion/calendario?temporada=14&competicion=9565676&grupo=9630821&jornada=1&tipojuego=2,2026-08-03T21:05:02.903606+00:00
2018-2019,14,9565676,9630821,334119,SPORTING SEIS DE DICIEMBRE 'C',https://www.rffm.es/competicion/calendario?temporada=14&competicion=9565676&grupo=9630821&jornada=1&tipojuego=2,2026-08-03T21:05:02.903606+00:00
2018-2019,14,9565676,9630989,3746730,A.D. SPORTING HORTALEZA 'G',https://www.rffm.es/competicion/calendario?temporada=14&competicion=9565676&grupo=9630989&jornada=1&tipojuego=2,2026-08-03T21:05:06.892260+00:00
2018-2019,14,9565676,9630989,1392,ALAMEDA DE OSUNA E.F. 'A',https://www.rffm.es/competicion/calendario?temporada=14&competicion=9565676&grupo=9630989&jornada=1&tipojuego=2,2026-08-03T21:05:06.892260+00:00
2018-2019,14,9565676,9630989,851238,A.D. ESPERANZA 'D',https://www.rffm.es/competicion/calendario?temporada=14&competicion=9565676&grupo=9630989&jornada=1&tipojuego=2,2026-08-03T21:05:06.892260+00:00
2018-2019,14,9565676,9630989,878527,A.D. OÑA SANCHINARRO 'D',https://www.rffm.es/competicion/calendario?temporada=14&competicion=9565676&grupo=9630989&jornada=1&tipojuego=2,2026-08-03T21:05:06.892260+00:00
2018-2019,14,9565676,9630989,2251,UNION ZONA NORTE 'F',https://www.rffm.es/competicion/calendario?temporada=14&competicion=9565676&grupo=9630989&jornada=1&tipojuego=2,2026-08-03T21:05:06.892260+00:00
2018-2019,14,9565676,9630989,1974,CLUB SAN JOSE DEL PARQUE 'A',https://www.rffm.es/competicion/calendario?temporada=14&competicion=9565676&grupo=9630989&jornada=1&tipojuego=2,2026-08-03T21:05:06.892260+00:00
2018-2019,14,9565676,9630989,2849,C.D. TETUAN 'B',https://www.rffm.es/competicion/calendario?temporada=14&competicion=9565676&grupo=9630989&jornada=1&tipojuego=2,2026-08-03T21:05:06.892260+00:00
2018-2019,14,9565676,9630989,334117,C.D. CHAMARTIN VERGARA 'B',https://www.rffm.es/competicion/calendario?temporada=14&competicion=9565676&grupo=9630989&jornada=1&tipojuego=2,2026-08-03T21:05:06.892260+00:00
2018-2019,14,9565676,9630989,364051,C.D. CHAMARTIN VERGARA 'C',https://www.rffm.es/competicion/calendario?temporada=14&competicion=9565676&grupo=9630989&jornada=1&tipojuego=2,2026-08-03T21:05:06.892260+00:00
2018-2019,14,9565676,9630989,2252,UNION ZONA NORTE 'G',https://www.rffm.es/competicion/calendario?temporada=14&competicion=9565676&grupo=9630989&jornada=1&tipojuego=2,2026-08-03T21:05:06.892260+00:00
2018-2019,14,9565676,9630989,1975,CLUB SAN JOSE DEL PARQUE 'B',https://www.rffm.es/competicion/calendario?temporada=14&competicion=9565676&grupo=9630989&jornada=1&tipojuego=2,2026-08-03T21:05:06.892260+00:00
2018-2019,14,9565676,9630989,846758,C.D. JULIAN MARIAS 'A',https://www.rffm.es/competicion/calendario?temporada=14&competicion=9565676&grupo=9630989&jornada=1&tipojuego=2,2026-08-03T21:05:06.892260+00:00
2018-2019,14,9565676,9630989,8956114,A.D. OÑA SANCHINARRO 'E',https://www.rffm.es/competicion/calendario?temporada=14&competicion=9565676&grupo=9630989&jornada=1&tipojuego=2,2026-08-03T21:05:06.892260+00:00
2018-2019,14,9565676,9631062,467000,A.D. SPORTING HORTALEZA 'D',https://www.rffm.es/competicion/calendario?temporada=14&competicion=9565676&grupo=9631062&jornada=1&tipojuego=2,2026-08-03T21:05:10.547494+00:00
2018-2019,14,9565676,9631062,300111,A.D. ESPERANZA 'B',https://www.rffm.es/competicion/calendario?temporada=14&competicion=9565676&grupo=9631062&jornada=1&tipojuego=2,2026-08-03T21:05:10.547494+00:00
2018-2019,14,9565676,9631062,680509,A.D. SPORTING HORTALEZA 'E',https://www.rffm.es/competicion/calendario?temporada=14&competicion=9565676&grupo=9631062&jornada=1&tipojuego=2,2026-08-03T21:05:10.547494+00:00
2018-2019,14,9565676,9631062,1976,CLUB SAN JOSE DEL PARQUE 'C',https://www.rffm.es/competicion/calendario?temporada=14&competicion=9565676&grupo=9631062&jornada=1&tipojuego=2,2026-08-03T21:05:10.547494+00:00
2018-2019,14,9565676,9631062,1032066,C.D. SANTA MARIA CARIDAD 'C',https://www.rffm.es/competicion/calendario?temporada=14&competicion=9565676&grupo=9631062&jornada=1&tipojuego=2,2026-08-03T21:05:10.547494+00:00
2018-2019,14,9565676,9631062,467009,C.D. SAN ROQUE E.F.F. 'C',https://www.rffm.es/competicion/calendario?temporada=14&competicion=9565676&grupo=9631062&jornada=1&tipojuego=2,2026-08-03T21:05:10.547494+00:00
2018-2019,14,9565676,9631062,1032528,A.D. ESPERANZA 'E',https://www.rffm.es/competicion/calendario?temporada=14&competicion=9565676&grupo=9631062&jornada=1&tipojuego=2,2026-08-03T21:05:10.547494+00:00
2018-2019,14,9565676,9631062,2730310,C.D. SPARTAC DE MANOTERAS 'A',https://www.rffm.es/competicion/calendario?temporada=14&competicion=9565676&grupo=9631062&jornada=1&tipojuego=2,2026-08-03T21:05:10.547494+00:00
2018-2019,14,9565676,9631062,3346594,ASOCIACION CODEC DE MADRID 'A',https://www.rffm.es/competicion/calendario?temporada=14&competicion=9565676&grupo=9631062&jornada=1&tipojuego=2,2026-08-03T21:05:10.547494+00:00
2018-2019,14,9565676,9631062,316076,A.D. ESPERANZA 'C',https://www.rffm.es/competicion/calendario?temporada=14&competicion=9565676&grupo=9631062&jornada=1&tipojuego=2,2026-08-03T21:05:10.547494+00:00
2018-2019,14,9565676,9631062,556175,A.D. OÑA SANCHINARRO 'C',https://www.rffm.es/competicion/calendario?temporada=14&competicion=9565676&grupo=9631062&jornada=1&tipojuego=2,2026-08-03T21:05:10.547494+00:00
2018-2019,14,9565676,9631062,1031756,A.D. SPORTING HORTALEZA 'F',https://www.rffm.es/competicion/calendario?temporada=14&competicion=9565676&grupo=9631062&jornada=1&tipojuego=2,2026-08-03T21:05:10.547494+00:00
2018-2019,14,9565676,9631062,1977,CLUB SAN JOSE DEL PARQUE 'D',https://www.rffm.es/competicion/calendario?temporada=14&competicion=9565676&grupo=9631062&jornada=1&tipojuego=2,2026-08-03T21:05:10.547494+00:00
2018-2019,14,9565676,9631458,2181,A.D. OÑA SANCHINARRO 'B',https://www.rffm.es/competicion/calendario?temporada=14&competicion=9565676&grupo=9631458&jornada=1&tipojuego=2,2026-08-03T21:05:15.108231+00:00
2018-2019,14,9565676,9631458,2277638,A.D. ESPERANZA 'F',https://www.rffm.es/competicion/calendario?temporada=14&competicion=9565676&grupo=9631458&jornada=1&tipojuego=2,2026-08-03T21:05:15.108231+00:00
2018-2019,14,9565676,9631458,466998,A.D. VILLA ROSA 'B',https://www.rffm.es/competicion/calendario?temporada=14&competicion=9565676&grupo=9631458&jornada=1&tipojuego=2,2026-08-03T21:05:15.108231+00:00
2018-2019,14,9565676,9631458,300114,COLEGIO ALAMEDA DE OSUNA 'A',https://www.rffm.es/competicion/calendario?temporada=14&competicion=9565676&grupo=9631458&jornada=1&tipojuego=2,2026-08-03T21:05:15.108231+00:00
2018-2019,14,9565676,9631458,301352,ALAMEDA DE OSUNA E.F. 'B',https://www.rffm.es/competicion/calendario?temporada=14&competicion=9565676&grupo=9631458&jornada=1&tipojuego=2,2026-08-03T21:05:15.108231+00:00
2018-2019,14,9565676,9631458,334142,C.D. CANILLAS 'E',https://www.rffm.es/competicion/calendario?temporada=14&competicion=9565676&grupo=9631458&jornada=1&tipojuego=2,2026-08-03T21:05:15.108231+00:00
2018-2019,14,9565676,9631458,334143,C.D. CANILLAS 'F',https://www.rffm.es/competicion/calendario?temporada=14&competicion=9565676&grupo=9631458&jornada=1&tipojuego=2,2026-08-03T21:05:15.108231+00:00
2018-2019,14,9565676,9631458,466999,A.D. VILLA ROSA 'C',https://www.rffm.es/competicion/calendario?temporada=14&competicion=9565676&grupo=9631458&jornada=1&tipojuego=2,2026-08-03T21:05:15.108231+00:00
2018-2019,14,9565676,9631458,8961476,MADRID C.F. FEMENINO 'C',https://www.rffm.es/competicion/calendario?temporada=14&competicion=9565676&grupo=9631458&jornada=1&tipojuego=2,2026-08-03T21:05:15.108231+00:00
2018-2019,14,9565676,9631458,466967,CLUB FUENTELARREYNA 'C',https://www.rffm.es/competicion/calendario?temporada=14&competicion=9565676&grupo=9631458&jornada=1&tipojuego=2,2026-08-03T21:05:15.108231+00:00
2018-2019,14,9565676,9631458,304427,C.D. CANILLAS 'D',https://www.rffm.es/competicion/calendario?temporada=14&competicion=9565676&grupo=9631458&jornada=1&tipojuego=2,2026-08-03T21:05:15.108231+00:00
2018-2019,14,9565676,9631458,491,C.D. CANILLAS 'C',https://www.rffm.es/competicion/calendario?temporada=14&competicion=9565676&grupo=9631458&jornada=1&tipojuego=2,2026-08-03T21:05:15.108231+00:00
2018-2019,14,9565676,9631458,2730083,CLUB FUENTELARREYNA 'D',https://www.rffm.es/competicion/calendario?temporada=14&competicion=9565676&grupo=9631458&jornada=1&tipojuego=2,2026-08-03T21:05:15.108231+00:00
2018-2019,14,9565676,9632886,8177122,SPORTING LAS TABLAS 'B',https://www.rffm.es/competicion/calendario?temporada=14&competicion=9565676&grupo=9632886&jornada=1&tipojuego=2,2026-08-03T21:05:17.938106+00:00
2018-2019,14,9565676,9632886,300124,E.M.F. AGUILAS MORATALAZ 'B',https://www.rffm.es/competicion/calendario?temporada=14&competicion=9565676&grupo=9632886&jornada=1&tipojuego=2,2026-08-03T21:05:17.938106+00:00
2018-2019,14,9565676,9632886,467006,A.D.A.E. SIMANCAS 'B',https://www.rffm.es/competicion/calendario?temporada=14&competicion=9565676&grupo=9632886&jornada=1&tipojuego=2,2026-08-03T21:05:17.938106+00:00
2018-2019,14,9565676,9632886,462,CLUB SAN AGUSTIN 'D',https://www.rffm.es/competicion/calendario?temporada=14&competicion=9565676&grupo=9632886&jornada=1&tipojuego=2,2026-08-03T21:05:17.938106+00:00
2018-2019,14,9565676,9632886,3324,S.A.D. ALTAMIRA,https://www.rffm.es/competicion/calendario?temporada=14&competicion=9565676&grupo=9632886&jornada=1&tipojuego=2,2026-08-03T21:05:17.938106+00:00
2018-2019,14,9565676,9632886,300115,COLEGIO ALAMEDA DE OSUNA 'B',https://www.rffm.es/competicion/calendario?temporada=14&competicion=9565676&grupo=9632886&jornada=1&tipojuego=2,2026-08-03T21:05:17.938106+00:00
2018-2019,14,9565676,9632886,3360853,C.D. CHAMBERI 'A',https://www.rffm.es/competicion/calendario?temporada=14&competicion=9565676&grupo=9632886&jornada=1&tipojuego=2,2026-08-03T21:05:17.938106+00:00
2018-2019,14,9565676,9632886,5446522,A.D. A.TOLEDO OLIVOS C.F. 'B',https://www.rffm.es/competicion/calendario?temporada=14&competicion=9565676&grupo=9632886&jornada=1&tipojuego=2,2026-08-03T21:05:17.938106+00:00
2018-2019,14,9565676,9632886,300123,E.M.F. AGUILAS MORATALAZ 'A',https://www.rffm.es/competicion/calendario?temporada=14&competicion=9565676&grupo=9632886&jornada=1&tipojuego=2,2026-08-03T21:05:17.938106+00:00
2018-2019,14,9565676,9632886,8962847,C.R. GUINDALERA 'A',https://www.rffm.es/competicion/calendario?temporada=14&competicion=9565676&grupo=9632886&jornada=1&tipojuego=2,2026-08-03T21:05:17.938106+00:00
2018-2019,14,9565676,9632886,8962848,C.R. GUINDALERA 'B',https://www.rffm.es/competicion/calendario?temporada=14&competicion=9565676&grupo=9632886&jornada=1&tipojuego=2,2026-08-03T21:05:17.938106+00:00
2018-2019,14,9565676,9632886,360441,ALAMEDA DE OSUNA E.F. 'C',https://www.rffm.es/competicion/calendario?temporada=14&competicion=9565676&grupo=9632886&jornada=1&tipojuego=2,2026-08-03T21:05:17.938106+00:00
2018-2019,14,9565676,9633278,467017,C.D. SAN FERNANDO 'B',https://www.rffm.es/competicion/calendario?temporada=14&competicion=9565676&grupo=9633278&jornada=1&tipojuego=2,2026-08-03T21:05:21.221207+00:00
2018-2019,14,9565676,9633278,5441638,ESC.FUT. EL OLIVO DE COSLADA 'E',https://www.rffm.es/competicion/calendario?temporada=14&competicion=9565676&grupo=9633278&jornada=1&tipojuego=2,2026-08-03T21:05:21.221207+00:00
2018-2019,14,9565676,9633278,8950730,C.D. SAMPER 'F',https://www.rffm.es/competicion/calendario?temporada=14&competicion=9565676&grupo=9633278&jornada=1&tipojuego=2,2026-08-03T21:05:21.221207+00:00
2018-2019,14,9565676,9633278,680590,C.D. COSLADA 'C',https://www.rffm.es/competicion/calendario?temporada=14&competicion=9565676&grupo=9633278&jornada=1&tipojuego=2,2026-08-03T21:05:21.221207+00:00
2018-2019,14,9565676,9633278,3353639,C.D. SAMPER 'D',https://www.rffm.es/competicion/calendario?temporada=14&competicion=9565676&grupo=9633278&jornada=1&tipojuego=2,2026-08-03T21:05:21.221207+00:00
2018-2019,14,9565676,9633278,4940979,ESC.FUT. EL OLIVO DE COSLADA 'C',https://www.rffm.es/competicion/calendario?temporada=14&competicion=9565676&grupo=9633278&jornada=1&tipojuego=2,2026-08-03T21:05:21.221207+00:00
2018-2019,14,9565676,9633278,4940980,ESC.FUT. EL OLIVO DE COSLADA 'D',https://www.rffm.es/competicion/calendario?temporada=14&competicion=9565676&grupo=9633278&jornada=1&tipojuego=2,2026-08-03T21:05:21.221207+00:00
2018-2019,14,9565676,9633278,5904806,C.D. SAN FERNANDO 'D',https://www.rffm.es/competicion/calendario?temporada=14&competicion=9565676&grupo=9633278&jornada=1&tipojuego=2,2026-08-03T21:05:21.221207+00:00
2018-2019,14,9565676,9633278,3359097,ESC.FUT. EL OLIVO DE COSLADA 'B',https://www.rffm.es/competicion/calendario?temporada=14&competicion=9565676&grupo=9633278&jornada=1&tipojuego=2,2026-08-03T21:05:21.221207+00:00
2018-2019,14,9565676,9633278,8950729,C.D. SAMPER 'E',https://www.rffm.es/competicion/calendario?temporada=14&competicion=9565676&grupo=9633278&jornada=1&tipojuego=2,2026-08-03T21:05:21.221207+00:00
2018-2019,14,9565676,9633278,300119,C.D. COSLADA 'B',https://www.rffm.es/competicion/calendario?temporada=14&competicion=9565676&grupo=9633278&jornada=1&tipojuego=2,2026-08-03T21:05:21.221207+00:00
2018-2019,14,9565676,9633278,696,C.D. COSLADA 'A',https://www.rffm.es/competicion/calendario?temporada=14&competicion=9565676&grupo=9633278&jornada=1&tipojuego=2,2026-08-03T21:05:21.221207+00:00
2018-2019,14,9565676,9633278,7274912,C.F. RAYO 70 'A',https://www.rffm.es/competicion/calendario?temporada=14&competicion=9565676&grupo=9633278&jornada=1&tipojuego=2,2026-08-03T21:05:21.221207+00:00
2018-2019,14,9565676,9633278,680616,C.D. SAN FERNANDO 'C',https://www.rffm.es/competicion/calendario?temporada=14&competicion=9565676&grupo=9633278&jornada=1&tipojuego=2,2026-08-03T21:05:21.221207+00:00
2018-2019,14,9565676,9633441,1031629,CDE. POLIGONO H SAN BLAS,https://www.rffm.es/competicion/calendario?temporada=14&competicion=9565676&grupo=9633441&jornada=1&tipojuego=2,2026-08-03T21:05:25.850446+00:00
2018-2019,14,9565676,9633441,6821013,A.D. SAN PASCUAL-MONTPELLIER 'A',https://www.rffm.es/competicion/calendario?temporada=14&competicion=9565676&grupo=9633441&jornada=1&tipojuego=2,2026-08-03T21:05:25.850446+00:00
2018-2019,14,9565676,9633441,1035741,GREDOS SAN DIEGO-MORATALAZ 'H',https://www.rffm.es/competicion/calendario?temporada=14&competicion=9565676&grupo=9633441&jornada=1&tipojuego=2,2026-08-03T21:05:25.850446+00:00
2018-2019,14,9565676,9633441,300125,E.M.F. AGUILAS MORATALAZ 'C',https://www.rffm.es/competicion/calendario?temporada=14&competicion=9565676&grupo=9633441&jornada=1&tipojuego=2,2026-08-03T21:05:25.850446+00:00
2018-2019,14,9565676,9633441,846737,C.D. DOSA 'C',https://www.rffm.es/competicion/calendario?temporada=14&competicion=9565676&grupo=9633441&jornada=1&tipojuego=2,2026-08-03T21:05:25.850446+00:00
2018-2019,14,9565676,9633441,665,C.D. DOSA 'A',https://www.rffm.es/competicion/calendario?temporada=14&competicion=9565676&grupo=9633441&jornada=1&tipojuego=2,2026-08-03T21:05:25.850446+00:00
2018-2019,14,9565676,9633441,851531,E.M.F. AGUILAS MORATALAZ 'D',https://www.rffm.es/competicion/calendario?temporada=14&competicion=9565676&grupo=9633441&jornada=1&tipojuego=2,2026-08-03T21:05:25.850446+00:00
2018-2019,14,9565676,9633441,1031892,GREDOS SAN DIEGO-MORATALAZ 'C',https://www.rffm.es/competicion/calendario?temporada=14&competicion=9565676&grupo=9633441&jornada=1&tipojuego=2,2026-08-03T21:05:25.850446+00:00
2018-2019,14,9565676,9633441,6821015,A.D. SAN PASCUAL-MONTPELLIER 'C',https://www.rffm.es/competicion/calendario?temporada=14&competicion=9565676&grupo=9633441&jornada=1&tipojuego=2,2026-08-03T21:05:25.850446+00:00
2018-2019,14,9565676,9633441,4949929,C.D. ESCUELA BREOGAN 'A',https://www.rffm.es/competicion/calendario?temporada=14&competicion=9565676&grupo=9633441&jornada=1&tipojuego=2,2026-08-03T21:05:25.850446+00:00
2018-2019,14,9565676,9633441,4949931,C.D. ESCUELA BREOGAN 'B',https://www.rffm.es/competicion/calendario?temporada=14&competicion=9565676&grupo=9633441&jornada=1&tipojuego=2,2026-08-03T21:05:25.850446+00:00
2018-2019,14,9565676,9633441,384,ESCUELA FUTBOL CONCEPCION 'C',https://www.rffm.es/competicion/calendario?temporada=14&competicion=9565676&grupo=9633441&jornada=1&tipojuego=2,2026-08-03T21:05:25.850446+00:00
2018-2019,14,9565676,9633620,6821014,A.D. SAN PASCUAL-MONTPELLIER 'B',https://www.rffm.es/competicion/calendario?temporada=14&competicion=9565676&grupo=9633620&jornada=1&tipojuego=2,2026-08-03T21:05:28.733243+00:00
2018-2019,14,9565676,9633620,666,C.D. DOSA 'B',https://www.rffm.es/competicion/calendario?temporada=14&competicion=9565676&grupo=9633620&jornada=1&tipojuego=2,2026-08-03T21:05:28.733243+00:00
2018-2019,14,9565676,9633620,3353612,C.D. SAMPER 'C',https://www.rffm.es/competicion/calendario?temporada=14&competicion=9565676&grupo=9633620&jornada=1&tipojuego=2,2026-08-03T21:05:28.733243+00:00
2018-2019,14,9565676,9633620,8961232,C.D. DOSA 'E',https://www.rffm.es/competicion/calendario?temporada=14&competicion=9565676&grupo=9633620&jornada=1&tipojuego=2,2026-08-03T21:05:28.733243+00:00
2018-2019,14,9565676,9633620,8255719,CLUB SAN AGUSTIN 'E',https://www.rffm.es/competicion/calendario?temporada=14&competicion=9565676&grupo=9633620&jornada=1&tipojuego=2,2026-08-03T21:05:28.733243+00:00
2018-2019,14,9565676,9633620,899453,C.D. UNION ELIPA 'C',https://www.rffm.es/competicion/calendario?temporada=14&competicion=9565676&grupo=9633620&jornada=1&tipojuego=2,2026-08-03T21:05:28.733243+00:00
2018-2019,14,9565676,9633620,571106,C.D. UNION ELIPA 'B',https://www.rffm.es/competicion/calendario?temporada=14&competicion=9565676&grupo=9633620&jornada=1&tipojuego=2,2026-08-03T21:05:28.733243+00:00
2018-2019,14,9565676,9633620,2741388,C.D. SAMPER 'B',https://www.rffm.es/competicion/calendario?temporada=14&competicion=9565676&grupo=9633620&jornada=1&tipojuego=2,2026-08-03T21:05:28.733243+00:00
2018-2019,14,9565676,9633620,1031869,C.D. DOSA 'D',https://www.rffm.es/competicion/calendario?temporada=14&competicion=9565676&grupo=9633620&jornada=1&tipojuego=2,2026-08-03T21:05:28.733243+00:00
2018-2019,14,9565676,9633620,461,CLUB SAN AGUSTIN 'C',https://www.rffm.es/competicion/calendario?temporada=14&competicion=9565676&grupo=9633620&jornada=1&tipojuego=2,2026-08-03T21:05:28.733243+00:00
2018-2019,14,9565676,9633620,360477,ESCUELA DEPORTIVA ALMUDENA 'B',https://www.rffm.es/competicion/calendario?temporada=14&competicion=9565676&grupo=9633620&jornada=1&tipojuego=2,2026-08-03T21:05:28.733243+00:00
2018-2019,14,9565676,9633620,6821016,A.D. SAN PASCUAL-MONTPELLIER 'D',https://www.rffm.es/competicion/calendario?temporada=14&competicion=9565676&grupo=9633620&jornada=1&tipojuego=2,2026-08-03T21:05:28.733243+00:00
2018-2019,14,9565676,9633925,-10301091,Equipo Casa (No asignado),https://www.rffm.es/competicion/calendario?temporada=14&competicion=9565676&grupo=9633925&jornada=1&tipojuego=2,2026-08-03T21:05:31.881650+00:00
2018-2019,14,9565676,9633925,9490776,C.R. GUINDALERA 'C',https://www.rffm.es/competicion/calendario?temporada=14&competicion=9565676&grupo=9633925&jornada=1&tipojuego=2,2026-08-03T21:05:31.881650+00:00
2018-2019,14,9565676,9633925,6816905,MADRID C.F. FEMENINO 'B',https://www.rffm.es/competicion/calendario?temporada=14&competicion=9565676&grupo=9633925&jornada=1&tipojuego=2,2026-08-03T21:05:31.881650+00:00
2018-2019,14,9565676,9633925,1779,E.D.M. SAN BLAS 'F',https://www.rffm.es/competicion/calendario?temporada=14&competicion=9565676&grupo=9633925&jornada=1&tipojuego=2,2026-08-03T21:05:31.881650+00:00
2018-2019,14,9565676,9633925,1777,E.D.M. SAN BLAS 'D',https://www.rffm.es/competicion/calendario?temporada=14&competicion=9565676&grupo=9633925&jornada=1&tipojuego=2,2026-08-03T21:05:31.881650+00:00
2018-2019,14,9565676,9633925,308707,ESCUELA DEP.MORATALAZ 'E',https://www.rffm.es/competicion/calendario?temporada=14&competicion=9565676&grupo=9633925&jornada=1&tipojuego=2,2026-08-03T21:05:31.881650+00:00
2018-2019,14,9565676,9633925,1781,E.D.M. SAN BLAS 'H',https://www.rffm.es/competicion/calendario?temporada=14&competicion=9565676&grupo=9633925&jornada=1&tipojuego=2,2026-08-03T21:05:31.881650+00:00
2018-2019,14,9565676,9633925,6818875,C.D. CANILLEJAS C.F. 'A',https://www.rffm.es/competicion/calendario?temporada=14&competicion=9565676&grupo=9633925&jornada=1&tipojuego=2,2026-08-03T21:05:31.881650+00:00
2018-2019,14,9565676,9634064,3431090,C.D. NEWMAN 'A',https://www.rffm.es/competicion/calendario?temporada=14&competicion=9565676&grupo=9634064&jornada=1&tipojuego=2,2026-08-03T21:05:35.044119+00:00
2018-2019,14,9565676,9634064,8966786,C.F. VALDEBEBAS,https://www.rffm.es/competicion/calendario?temporada=14&competicion=9565676&grupo=9634064&jornada=1&tipojuego=2,2026-08-03T21:05:35.044119+00:00
2018-2019,14,9565676,9634064,1780,E.D.M. SAN BLAS 'G',https://www.rffm.es/competicion/calendario?temporada=14&competicion=9565676&grupo=9634064&jornada=1&tipojuego=2,2026-08-03T21:05:35.044119+00:00
2018-2019,14,9565676,9634064,1046839,E.D.M. SAN BLAS 'I',https://www.rffm.es/competicion/calendario?temporada=14&competicion=9565676&grupo=9634064&jornada=1&tipojuego=2,2026-08-03T21:05:35.044119+00:00
2018-2019,14,9565676,9634064,2272642,MADRID C.F. FEMENINO 'A',https://www.rffm.es/competicion/calendario?temporada=14&competicion=9565676&grupo=9634064&jornada=1&tipojuego=2,2026-08-03T21:05:35.044119+00:00
2018-2019,14,9565676,9634064,3714684,C.D. NEWMAN 'C',https://www.rffm.es/competicion/calendario?temporada=14&competicion=9565676&grupo=9634064&jornada=1&tipojuego=2,2026-08-03T21:05:35.044119+00:00
2018-2019,14,9565676,9634064,3714683,C.D. NEWMAN 'B',https://www.rffm.es/competicion/calendario?temporada=14&competicion=9565676&grupo=9634064&jornada=1&tipojuego=2,2026-08-03T21:05:35.044119+00:00
2018-2019,14,9565676,9634064,897,ESCUELA DEPORTIVA ALMUDENA 'A',https://www.rffm.es/competicion/calendario?temporada=14&competicion=9565676&grupo=9634064&jornada=1&tipojuego=2,2026-08-03T21:05:35.044119+00:00
2018-2019,14,9565676,9634064,1778,E.D.M. SAN BLAS 'E',https://www.rffm.es/competicion/calendario?temporada=14&competicion=9565676&grupo=9634064&jornada=1&tipojuego=2,2026-08-03T21:05:35.044119+00:00
2018-2019,14,9565676,9634064,1181,PERISO CLUB DE FUTBOL 'B',https://www.rffm.es/competicion/calendario?temporada=14&competicion=9565676&grupo=9634064&jornada=1&tipojuego=2,2026-08-03T21:05:35.044119+00:00
2018-2019,14,9565676,9634064,5511493,C.D. NEWMAN 'D',https://www.rffm.es/competicion/calendario?temporada=14&competicion=9565676&grupo=9634064&jornada=1&tipojuego=2,2026-08-03T21:05:35.044119+00:00
2018-2019,14,9565676,9634064,1031689,ESCUELA FUTBOL CONCEPCION 'D',https://www.rffm.es/competicion/calendario?temporada=14&competicion=9565676&grupo=9634064&jornada=1&tipojuego=2,2026-08-03T21:05:35.044119+00:00
2018-2019,14,9565676,9634496,534735,C.D. VICALVARO 'C',https://www.rffm.es/competicion/calendario?temporada=14&competicion=9565676&grupo=9634496&jornada=1&tipojuego=2,2026-08-03T21:05:39.085118+00:00
2018-2019,14,9565676,9634496,304379,C.D. VICALVARO 'B',https://www.rffm.es/competicion/calendario?temporada=14&competicion=9565676&grupo=9634496&jornada=1&tipojuego=2,2026-08-03T21:05:39.085118+00:00
2018-2019,14,9565676,9634496,1157,ESCUELA FUTBOL VICALVARO 'B',https://www.rffm.es/competicion/calendario?temporada=14&competicion=9565676&grupo=9634496&jornada=1&tipojuego=2,2026-08-03T21:05:39.085118+00:00
2018-2019,14,9565676,9634496,1032170,S.A.D. FUNDACION RAYO VALLECANO 'H',https://www.rffm.es/competicion/calendario?temporada=14&competicion=9565676&grupo=9634496&jornada=1&tipojuego=2,2026-08-03T21:05:39.085118+00:00
2018-2019,14,9565676,9634496,3357116,ESCUELA DE FUTBOL A.F.E. 'B',https://www.rffm.es/competicion/calendario?temporada=14&competicion=9565676&grupo=9634496&jornada=1&tipojuego=2,2026-08-03T21:05:39.085118+00:00
2018-2019,14,9565676,9634496,8966826,C.D.B. FORUS,https://www.rffm.es/competicion/calendario?temporada=14&competicion=9565676&grupo=9634496&jornada=1&tipojuego=2,2026-08-03T21:05:39.085118+00:00
2018-2019,14,9565676,9634496,6824073,A.D. SAN PASCUAL-MONTPELLIER 'E',https://www.rffm.es/competicion/calendario?temporada=14&competicion=9565676&grupo=9634496&jornada=1&tipojuego=2,2026-08-03T21:05:39.085118+00:00
2018-2019,14,9565676,9634496,7275301,A.D. SAN PASCUAL-MONTPELLIER 'F',https://www.rffm.es/competicion/calendario?temporada=14&competicion=9565676&grupo=9634496&jornada=1&tipojuego=2,2026-08-03T21:05:39.085118+00:00
2018-2019,14,9565676,9634496,360472,C.D. VICALVARO 'D',https://www.rffm.es/competicion/calendario?temporada=14&competicion=9565676&grupo=9634496&jornada=1&tipojuego=2,2026-08-03T21:05:39.085118+00:00
2018-2019,14,9565676,9634496,1158,ESCUELA FUTBOL VICALVARO 'A',https://www.rffm.es/competicion/calendario?temporada=14&competicion=9565676&grupo=9634496&jornada=1&tipojuego=2,2026-08-03T21:05:39.085118+00:00
2018-2019,14,9565676,9634496,300121,C.D. SAN ROQUE E.F.F. 'B',https://www.rffm.es/competicion/calendario?temporada=14&competicion=9565676&grupo=9634496&jornada=1&tipojuego=2,2026-08-03T21:05:39.085118+00:00
2018-2019,14,9565676,9634496,3354041,ESCUELA DE FUTBOL A.F.E. 'A',https://www.rffm.es/competicion/calendario?temporada=14&competicion=9565676&grupo=9634496&jornada=1&tipojuego=2,2026-08-03T21:05:39.085118+00:00
2018-2019,14,9565676,9634496,334134,CLUB ATLETICO DE MADRID 'H',https://www.rffm.es/competicion/calendario?temporada=14&competicion=9565676&grupo=9634496&jornada=1&tipojuego=2,2026-08-03T21:05:39.085118+00:00
2018-2019,14,9565676,9636206,-9663971,Equipo Casa (No asignado),https://www.rffm.es/competicion/calendario?temporada=14&competicion=9565676&grupo=9636206&jornada=1&tipojuego=2,2026-08-03T21:05:42.126946+00:00
2018-2019,14,9565676,9636206,3342552,A.D. ARGANDA C.F. 'B',https://www.rffm.es/competicion/calendario?temporada=14&competicion=9565676&grupo=9636206&jornada=1&tipojuego=2,2026-08-03T21:05:42.126946+00:00
2018-2019,14,9565676,9636206,680785,ESCUELA DE FUTBOL ARGANDA 'C',https://www.rffm.es/competicion/calendario?temporada=14&competicion=9565676&grupo=9636206&jornada=1&tipojuego=2,2026-08-03T21:05:42.126946+00:00
2018-2019,14,9565676,9636206,3342569,C.F. CAMPO REAL 'B',https://www.rffm.es/competicion/calendario?temporada=14&competicion=9565676&grupo=9636206&jornada=1&tipojuego=2,2026-08-03T21:05:42.126946+00:00
2018-2019,14,9565676,9636206,7564313,RIVAS FUTBOL CLUB 'B',https://www.rffm.es/competicion/calendario?temporada=14&competicion=9565676&grupo=9636206&jornada=1&tipojuego=2,2026-08-03T21:05:42.126946+00:00
2018-2019,14,9565676,9636206,467020,C.D. ESC. FUTBOL MEJORADA 'B',https://www.rffm.es/competicion/calendario?temporada=14&competicion=9565676&grupo=9636206&jornada=1&tipojuego=2,2026-08-03T21:05:42.126946+00:00
2018-2019,14,9565676,9636206,2720902,C.D. MEJOREÑO 'B',https://www.rffm.es/competicion/calendario?temporada=14&competicion=9565676&grupo=9636206&jornada=1&tipojuego=2,2026-08-03T21:05:42.126946+00:00
2018-2019,14,9565676,9636206,6814129,ATLETICO VELILLA 'A',https://www.rffm.es/competicion/calendario?temporada=14&competicion=9565676&grupo=9636206&jornada=1&tipojuego=2,2026-08-03T21:05:42.126946+00:00
2018-2019,14,9565676,9636206,680984,BOCA JUNIORS,https://www.rffm.es/competicion/calendario?temporada=14&competicion=9565676&grupo=9636206&jornada=1&tipojuego=2,2026-08-03T21:05:42.126946+00:00
2018-2019,14,9565676,9636206,4929108,E.M.F. DE CARABAÑA 'B',https://www.rffm.es/competicion/calendario?temporada=14&competicion=9565676&grupo=9636206&jornada=1&tipojuego=2,2026-08-03T21:05:42.126946+00:00
2018-2019,14,9565676,9636206,9893471,A.D. A.TOLEDO OLIVOS C.F. 'C',https://www.rffm.es/competicion/calendario?temporada=14&competicion=9565676&grupo=9636206&jornada=1&tipojuego=2,2026-08-03T21:05:42.126946+00:00
2018-2019,14,9565676,9636206,8944327,A.D. SPORTING SAN FERNANDO DE HENARES 'A',https://www.rffm.es/competicion/calendario?temporada=14&competicion=9565676&grupo=9636206&jornada=1&tipojuego=2,2026-08-03T21:05:42.126946+00:00
2018-2019,14,9565676,9636206,3359671,C.D. RAYO VELILLA 'A',https://www.rffm.es/competicion/calendario?temporada=14&competicion=9565676&grupo=9636206&jornada=1&tipojuego=2,2026-08-03T21:05:42.126946+00:00
2018-2019,14,9565676,9636206,3357254,ESCUELA F. RIVAS VACIAMADRID,https://www.rffm.es/competicion/calendario?temporada=14&competicion=9565676&grupo=9636206&jornada=1&tipojuego=2,2026-08-03T21:05:42.126946+00:00
2018-2019,14,9565676,9654642,846731,UNION DEPORTIVA LA POVEDA 'D',https://www.rffm.es/competicion/calendario?temporada=14&competicion=9565676&grupo=9654642&jornada=1&tipojuego=2,2026-08-03T21:05:45.750367+00:00
2018-2019,14,9565676,9654642,573214,C.D. ESC. FUTBOL MEJORADA 'C',https://www.rffm.es/competicion/calendario?temporada=14&competicion=9565676&grupo=9654642&jornada=1&tipojuego=2,2026-08-03T21:05:45.750367+00:00
2018-2019,14,9565676,9654642,681033,ESCUELA DE FUTBOL ARGANDA 'E',https://www.rffm.es/competicion/calendario?temporada=14&competicion=9565676&grupo=9654642&jornada=1&tipojuego=2,2026-08-03T21:05:45.750367+00:00
2018-2019,14,9565676,9654642,4047211,C.F. CAMPO REAL 'C',https://www.rffm.es/competicion/calendario?temporada=14&competicion=9565676&grupo=9654642&jornada=1&tipojuego=2,2026-08-03T21:05:45.750367+00:00
2018-2019,14,9565676,9654642,3343930,A.D. ARGANDA C.F. 'C',https://www.rffm.es/competicion/calendario?temporada=14&competicion=9565676&grupo=9654642&jornada=1&tipojuego=2,2026-08-03T21:05:45.750367+00:00
2018-2019,14,9565676,9654642,680786,ESCUELA DE FUTBOL ARGANDA 'D',https://www.rffm.es/competicion/calendario?temporada=14&competicion=9565676&grupo=9654642&jornada=1&tipojuego=2,2026-08-03T21:05:45.750367+00:00
2018-2019,14,9565676,9654642,8962922,A.D. SPORTING SAN FERNANDO DE HENARES 'B',https://www.rffm.es/competicion/calendario?temporada=14&competicion=9565676&grupo=9654642&jornada=1&tipojuego=2,2026-08-03T21:05:45.750367+00:00
2018-2019,14,9565676,9654642,8939784,RIVAS FUTBOL CLUB 'C',https://www.rffm.es/competicion/calendario?temporada=14&competicion=9565676&grupo=9654642&jornada=1&tipojuego=2,2026-08-03T21:05:45.750367+00:00
2018-2019,14,9565676,9654642,526036,ESC. MUN. FUT. VILLAREJO 'B',https://www.rffm.es/competicion/calendario?temporada=14&competicion=9565676&grupo=9654642&jornada=1&tipojuego=2,2026-08-03T21:05:45.750367+00:00
2018-2019,14,9565676,9654642,6815348,ATLETICO VELILLA 'B',https://www.rffm.es/competicion/calendario?temporada=14&competicion=9565676&grupo=9654642&jornada=1&tipojuego=2,2026-08-03T21:05:45.750367+00:00
2018-2019,14,9565676,9654642,8927511,ATLETICO LOECHES 'B',https://www.rffm.es/competicion/calendario?temporada=14&competicion=9565676&grupo=9654642&jornada=1&tipojuego=2,2026-08-03T21:05:45.750367+00:00
2018-2019,14,9565676,9654642,5309269,C.D. RAYO VELILLA 'B',https://www.rffm.es/competicion/calendario?temporada=14&competicion=9565676&grupo=9654642&jornada=1&tipojuego=2,2026-08-03T21:05:45.750367+00:00
2018-2019,14,9565676,9655050,334089,S.A.D. FUNDACION RAYO VALLECANO 'C',https://www.rffm.es/competicion/calendario?temporada=14&competicion=9565676&grupo=9655050&jornada=1&tipojuego=2,2026-08-03T21:05:49.510737+00:00
2018-2019,14,9565676,9655050,2155,ESC.F. C.D. MAR ABIERTO,https://www.rffm.es/competicion/calendario?temporada=14&competicion=9565676&grupo=9655050&jornada=1&tipojuego=2,2026-08-03T21:05:49.510737+00:00
2018-2019,14,9565676,9655050,1699,ADEPO-PALOMERAS 'B',https://www.rffm.es/competicion/calendario?temporada=14&competicion=9565676&grupo=9655050&jornada=1&tipojuego=2,2026-08-03T21:05:49.510737+00:00
2018-2019,14,9565676,9655050,558743,PERISO CLUB DE FUTBOL 'A',https://www.rffm.es/competicion/calendario?temporada=14&competicion=9565676&grupo=9655050&jornada=1&tipojuego=2,2026-08-03T21:05:49.510737+00:00
2018-2019,14,9565676,9655050,2729584,S.A.D. FUNDACION RAYO VALLECANO 'I',https://www.rffm.es/competicion/calendario?temporada=14&competicion=9565676&grupo=9655050&jornada=1&tipojuego=2,2026-08-03T21:05:49.510737+00:00
2018-2019,14,9565676,9655050,363521,ESCUELA DEP.MORATALAZ 'G',https://www.rffm.es/competicion/calendario?temporada=14&competicion=9565676&grupo=9655050&jornada=1&tipojuego=2,2026-08-03T21:05:49.510737+00:00
2018-2019,14,9565676,9655050,3359636,CLUB FUNDACION RAYO VALLECANO 'K',https://www.rffm.es/competicion/calendario?temporada=14&competicion=9565676&grupo=9655050&jornada=1&tipojuego=2,2026-08-03T21:05:49.510737+00:00
2018-2019,14,9565676,9655050,2278642,A.D. NUEVA CASTILLA 'A',https://www.rffm.es/competicion/calendario?temporada=14&competicion=9565676&grupo=9655050&jornada=1&tipojuego=2,2026-08-03T21:05:49.510737+00:00
2018-2019,14,9565676,9655050,360431,GREDOS SAN DIEGO-VALLECAS 'A',https://www.rffm.es/competicion/calendario?temporada=14&competicion=9565676&grupo=9655050&jornada=1&tipojuego=2,2026-08-03T21:05:49.510737+00:00
2018-2019,14,9565676,9655050,467002,ADEPO PALOMERAS 'D',https://www.rffm.es/competicion/calendario?temporada=14&competicion=9565676&grupo=9655050&jornada=1&tipojuego=2,2026-08-03T21:05:49.510737+00:00
2018-2019,14,9565676,9655050,363520,ESCUELA DEP.MORATALAZ 'F',https://www.rffm.es/competicion/calendario?temporada=14&competicion=9565676&grupo=9655050&jornada=1&tipojuego=2,2026-08-03T21:05:49.510737+00:00
2018-2019,14,9565676,9655050,3164049,S.A.D. FUNDACION RAYO VALLECANO 'J',https://www.rffm.es/competicion/calendario?temporada=14&competicion=9565676&grupo=9655050&jornada=1&tipojuego=2,2026-08-03T21:05:49.510737+00:00
2018-2019,14,9565676,9655050,7416118,LA GAVIA C.F. 'A',https://www.rffm.es/competicion/calendario?temporada=14&competicion=9565676&grupo=9655050&jornada=1&tipojuego=2,2026-08-03T21:05:49.510737+00:00
2018-2019,14,9565676,9655231,300122,ADEPO PALOMERAS 'C',https://www.rffm.es/competicion/calendario?temporada=14&competicion=9565676&grupo=9655231&jornada=1&tipojuego=2,2026-08-03T21:05:52.701968+00:00
2018-2019,14,9565676,9655231,747,C.D. SANTA EUGENIA 1976 'A',https://www.rffm.es/competicion/calendario?temporada=14&competicion=9565676&grupo=9655231&jornada=1&tipojuego=2,2026-08-03T21:05:52.701968+00:00
2018-2019,14,9565676,9655231,4935746,GREDOS SAN DIEGO-VALLECAS 'L',https://www.rffm.es/competicion/calendario?temporada=14&competicion=9565676&grupo=9655231&jornada=1&tipojuego=2,2026-08-03T21:05:52.701968+00:00
2018-2019,14,9565676,9655231,680503,C.D. SPORT VILLA DE VALLECAS 'B',https://www.rffm.es/competicion/calendario?temporada=14&competicion=9565676&grupo=9655231&jornada=1&tipojuego=2,2026-08-03T21:05:52.701968+00:00
2018-2019,14,9565676,9655231,371608,CENTRO DEPORTIVO VALLECAS 'A',https://www.rffm.es/competicion/calendario?temporada=14&competicion=9565676&grupo=9655231&jornada=1&tipojuego=2,2026-08-03T21:05:52.701968+00:00
2018-2019,14,9565676,9655231,2789,C.F.D. ELIDA OLIMPIA 'B',https://www.rffm.es/competicion/calendario?temporada=14&competicion=9565676&grupo=9655231&jornada=1&tipojuego=2,2026-08-03T21:05:52.701968+00:00
2018-2019,14,9565676,9655231,5505750,C.D. SANTA EUGENIA 1976 'B',https://www.rffm.es/competicion/calendario?temporada=14&competicion=9565676&grupo=9655231&jornada=1&tipojuego=2,2026-08-03T21:05:52.701968+00:00
2018-2019,14,9565676,9655231,9891357,ASOCIACION CODEC DE MADRID 'B',https://www.rffm.es/competicion/calendario?temporada=14&competicion=9565676&grupo=9655231&jornada=1&tipojuego=2,2026-08-03T21:05:52.701968+00:00
2018-2019,14,9565676,9655231,680504,C.D. GOYA 'B',https://www.rffm.es/competicion/calendario?temporada=14&competicion=9565676&grupo=9655231&jornada=1&tipojuego=2,2026-08-03T21:05:52.701968+00:00
2018-2019,14,9565676,9655231,713237,ADEPO PALOMERAS 'E',https://www.rffm.es/competicion/calendario?temporada=14&competicion=9565676&grupo=9655231&jornada=1&tipojuego=2,2026-08-03T21:05:52.701968+00:00
2018-2019,14,9565676,9655231,2790,C.F.D. ELIDA OLIMPIA 'A',https://www.rffm.es/competicion/calendario?temporada=14&competicion=9565676&grupo=9655231&jornada=1&tipojuego=2,2026-08-03T21:05:52.701968+00:00
2018-2019,14,9565676,9655231,8929873,C.D. COLONIA MOSCARDO 'D',https://www.rffm.es/competicion/calendario?temporada=14&competicion=9565676&grupo=9655231&jornada=1&tipojuego=2,2026-08-03T21:05:52.701968+00:00
2018-2019,14,9565676,9655389,466973,VALLECAS C.F. 'B',https://www.rffm.es/competicion/calendario?temporada=14&competicion=9565676&grupo=9655389&jornada=1&tipojuego=2,2026-08-03T21:05:55.437147+00:00
2018-2019,14,9565676,9655389,3357432,C.D. TAJAMAR 'B',https://www.rffm.es/competicion/calendario?temporada=14&competicion=9565676&grupo=9655389&jornada=1&tipojuego=2,2026-08-03T21:05:55.437147+00:00
2018-2019,14,9565676,9655389,7541312,VALLECAS C.F. 'F',https://www.rffm.es/competicion/calendario?temporada=14&competicion=9565676&grupo=9655389&jornada=1&tipojuego=2,2026-08-03T21:05:55.437147+00:00
2018-2019,14,9565676,9655389,4935747,GREDOS SAN DIEGO-VALLECAS 'M',https://www.rffm.es/competicion/calendario?temporada=14&competicion=9565676&grupo=9655389&jornada=1&tipojuego=2,2026-08-03T21:05:55.437147+00:00
2018-2019,14,9565676,9655389,847653,C.D. VICALVARO 'G',https://www.rffm.es/competicion/calendario?temporada=14&competicion=9565676&grupo=9655389&jornada=1&tipojuego=2,2026-08-03T21:05:55.437147+00:00
2018-2019,14,9565676,9655389,847652,C.D. VICALVARO 'F',https://www.rffm.es/competicion/calendario?temporada=14&competicion=9565676&grupo=9655389&jornada=1&tipojuego=2,2026-08-03T21:05:55.437147+00:00
2018-2019,14,9565676,9655389,680469,VALLECAS C.F. 'D',https://www.rffm.es/competicion/calendario?temporada=14&competicion=9565676&grupo=9655389&jornada=1&tipojuego=2,2026-08-03T21:05:55.437147+00:00
2018-2019,14,9565676,9655389,334090,S.A.D. FUNDACION RAYO VALLECANO 'D',https://www.rffm.es/competicion/calendario?temporada=14&competicion=9565676&grupo=9655389&jornada=1&tipojuego=2,2026-08-03T21:05:55.437147+00:00
2018-2019,14,9565676,9655389,7541295,VALLECAS C.F. 'E',https://www.rffm.es/competicion/calendario?temporada=14&competicion=9565676&grupo=9655389&jornada=1&tipojuego=2,2026-08-03T21:05:55.437147+00:00
2018-2019,14,9565676,9655389,642,ESCUELA DEP.MORATALAZ 'C',https://www.rffm.es/competicion/calendario?temporada=14&competicion=9565676&grupo=9655389&jornada=1&tipojuego=2,2026-08-03T21:05:55.437147+00:00
2018-2019,14,9565676,9655389,643,ESCUELA DEP.MORATALAZ 'D',https://www.rffm.es/competicion/calendario?temporada=14&competicion=9565676&grupo=9655389&jornada=1&tipojuego=2,2026-08-03T21:05:55.437147+00:00
2018-2019,14,9565676,9655389,680468,VALLECAS C.F. 'C',https://www.rffm.es/competicion/calendario?temporada=14&competicion=9565676&grupo=9655389&jornada=1&tipojuego=2,2026-08-03T21:05:55.437147+00:00
2018-2019,14,9565676,9664554,2714733,SECCION DEPORTIVA DEL POZO SPORT 'B',https://www.rffm.es/competicion/calendario?temporada=14&competicion=9565676&grupo=9664554&jornada=1&tipojuego=2,2026-08-03T21:05:58.332262+00:00
2018-2019,14,9565676,9664554,334092,S.A.D. FUNDACION RAYO VALLECANO 'E',https://www.rffm.es/competicion/calendario?temporada=14&competicion=9565676&grupo=9664554&jornada=1&tipojuego=2,2026-08-03T21:05:58.332262+00:00
2018-2019,14,9565676,9664554,681228,C.D. VICALVARO 'E',https://www.rffm.es/competicion/calendario?temporada=14&competicion=9565676&grupo=9664554&jornada=1&tipojuego=2,2026-08-03T21:05:58.332262+00:00
2018-2019,14,9565676,9664554,1031521,S.A.D. FUNDACION RAYO VALLECANO 'G',https://www.rffm.es/competicion/calendario?temporada=14&competicion=9565676&grupo=9664554&jornada=1&tipojuego=2,2026-08-03T21:05:58.332262+00:00
2018-2019,14,9565676,9664554,467015,C.D. NUEVAS PALOMERAS 'B',https://www.rffm.es/competicion/calendario?temporada=14&competicion=9565676&grupo=9664554&jornada=1&tipojuego=2,2026-08-03T21:05:58.332262+00:00
2018-2019,14,9565676,9664554,2729014,ESC.F. JUVENTUD MADRID 'C',https://www.rffm.es/competicion/calendario?temporada=14&competicion=9565676&grupo=9664554&jornada=1&tipojuego=2,2026-08-03T21:05:58.332262+00:00
2018-2019,14,9565676,9664554,981,ESC.F. JUVENTUD MADRID 'B',https://www.rffm.es/competicion/calendario?temporada=14&competicion=9565676&grupo=9664554&jornada=1&tipojuego=2,2026-08-03T21:05:58.332262+00:00
2018-2019,14,9565676,9664554,2312814,C.D. FORD 'B',https://www.rffm.es/competicion/calendario?temporada=14&competicion=9565676&grupo=9664554&jornada=1&tipojuego=2,2026-08-03T21:05:58.332262+00:00
2018-2019,14,9565676,9664554,846947,S.A.D. FUNDACION RAYO VALLECANO 'F',https://www.rffm.es/competicion/calendario?temporada=14&competicion=9565676&grupo=9664554&jornada=1&tipojuego=2,2026-08-03T21:05:58.332262+00:00
2018-2019,14,9565676,9664554,4935744,GREDOS SAN DIEGO-VALLECAS 'K',https://www.rffm.es/competicion/calendario?temporada=14&competicion=9565676&grupo=9664554&jornada=1&tipojuego=2,2026-08-03T21:05:58.332262+00:00
2018-2019,14,9565676,9664554,371607,CENTRO DEPORTIVO VALLECAS 'B',https://www.rffm.es/competicion/calendario?temporada=14&competicion=9565676&grupo=9664554&jornada=1&tipojuego=2,2026-08-03T21:05:58.332262+00:00
2018-2019,14,9565676,9664554,846786,SECCION DEPORTIVA DEL POZO SPORT 'A',https://www.rffm.es/competicion/calendario?temporada=14&competicion=9565676&grupo=9664554&jornada=1&tipojuego=2,2026-08-03T21:05:58.332262+00:00
2018-2019,14,9565676,9665596,2730094,CLUB ATLETICO DE MADRID 'J',https://www.rffm.es/competicion/calendario?temporada=14&competicion=9565676&grupo=9665596&jornada=1&tipojuego=2,2026-08-03T21:06:03.135872+00:00
2018-2019,14,9565676,9665596,4939928,C.D. INTER PROMESAS 'C',https://www.rffm.es/competicion/calendario?temporada=14&competicion=9565676&grupo=9665596&jornada=1&tipojuego=2,2026-08-03T21:06:03.135872+00:00
2018-2019,14,9565676,9665596,2736094,ASOC. DEP. CULT. MALASAÑA ,https://www.rffm.es/competicion/calendario?temporada=14&competicion=9565676&grupo=9665596&jornada=1&tipojuego=2,2026-08-03T21:06:03.135872+00:00
2018-2019,14,9565676,9665596,2271379,RACING VILLAVERDE C.F. 'C',https://www.rffm.es/competicion/calendario?temporada=14&competicion=9565676&grupo=9665596&jornada=1&tipojuego=2,2026-08-03T21:06:03.135872+00:00
2018-2019,14,9565676,9665596,2274274,C.D. ALZOLA-HALCONES 'C',https://www.rffm.es/competicion/calendario?temporada=14&competicion=9565676&grupo=9665596&jornada=1&tipojuego=2,2026-08-03T21:06:03.135872+00:00
2018-2019,14,9565676,9665596,2274273,C.D. ALZOLA-HALCONES 'B',https://www.rffm.es/competicion/calendario?temporada=14&competicion=9565676&grupo=9665596&jornada=1&tipojuego=2,2026-08-03T21:06:03.135872+00:00
2018-2019,14,9565676,9665596,1109391,C.D. COLONIA MOSCARDO 'C',https://www.rffm.es/competicion/calendario?temporada=14&competicion=9565676&grupo=9665596&jornada=1&tipojuego=2,2026-08-03T21:06:03.135872+00:00
2018-2019,14,9565676,9665596,4944544,AGUILAS AMERICANAS JUNIOR,https://www.rffm.es/competicion/calendario?temporada=14&competicion=9565676&grupo=9665596&jornada=1&tipojuego=2,2026-08-03T21:06:03.135872+00:00
2018-2019,14,9565676,9665596,1031446,RACING VILLAVERDE C.F. 'B',https://www.rffm.es/competicion/calendario?temporada=14&competicion=9565676&grupo=9665596&jornada=1&tipojuego=2,2026-08-03T21:06:03.135872+00:00
2018-2019,14,9565676,9665596,4950094,CLUB ATLETICO DE MADRID 'K',https://www.rffm.es/competicion/calendario?temporada=14&competicion=9565676&grupo=9665596&jornada=1&tipojuego=2,2026-08-03T21:06:03.135872+00:00
2018-2019,14,9565676,9665596,6802390,ESCUELA FUTBOL MADRID SUR 'C',https://www.rffm.es/competicion/calendario?temporada=14&competicion=9565676&grupo=9665596&jornada=1&tipojuego=2,2026-08-03T21:06:03.135872+00:00
2018-2019,14,9565676,9665596,1846,A.D. VILLAVERDE BAJO 'B',https://www.rffm.es/competicion/calendario?temporada=14&competicion=9565676&grupo=9665596&jornada=1&tipojuego=2,2026-08-03T21:06:03.135872+00:00
2018-2019,14,9565676,9665757,808,C.D. SAN VIATOR 'B',https://www.rffm.es/competicion/calendario?temporada=14&competicion=9565676&grupo=9665757&jornada=1&tipojuego=2,2026-08-03T21:06:06.392781+00:00
2018-2019,14,9565676,9665757,1507,ESCUELA DE FUTBOL CARABANCHEL 'C',https://www.rffm.es/competicion/calendario?temporada=14&competicion=9565676&grupo=9665757&jornada=1&tipojuego=2,2026-08-03T21:06:06.392781+00:00
2018-2019,14,9565676,9665757,6809449,UNION DEPORTIVA USERA 'B',https://www.rffm.es/competicion/calendario?temporada=14&competicion=9565676&grupo=9665757&jornada=1&tipojuego=2,2026-08-03T21:06:06.392781+00:00
2018-2019,14,9565676,9665757,1430,A.D. ESCUELA FUTBOL USERA 'A',https://www.rffm.es/competicion/calendario?temporada=14&competicion=9565676&grupo=9665757&jornada=1&tipojuego=2,2026-08-03T21:06:06.392781+00:00
2018-2019,14,9565676,9665757,1431,A.D. ESCUELA FUTBOL USERA 'B',https://www.rffm.es/competicion/calendario?temporada=14&competicion=9565676&grupo=9665757&jornada=1&tipojuego=2,2026-08-03T21:06:06.392781+00:00
2018-2019,14,9565676,9665757,8949452,UNION DEPORTIVA USERA 'C',https://www.rffm.es/competicion/calendario?temporada=14&competicion=9565676&grupo=9665757&jornada=1&tipojuego=2,2026-08-03T21:06:06.392781+00:00
2018-2019,14,9565676,9665757,6817970,ESCUELA DE FUTBOL CARABANCHEL 'D',https://www.rffm.es/competicion/calendario?temporada=14&competicion=9565676&grupo=9665757&jornada=1&tipojuego=2,2026-08-03T21:06:06.392781+00:00
2018-2019,14,9565676,9665757,809,C.D. SAN VIATOR 'A',https://www.rffm.es/competicion/calendario?temporada=14&competicion=9565676&grupo=9665757&jornada=1&tipojuego=2,2026-08-03T21:06:06.392781+00:00
2018-2019,14,9565676,9665757,394014,A.D. PARQUE ARGANZUELA 'B',https://www.rffm.es/competicion/calendario?temporada=14&competicion=9565676&grupo=9665757&jornada=1&tipojuego=2,2026-08-03T21:06:06.392781+00:00
2018-2019,14,9565676,9665757,360466,CLUB ATLETICO DE MADRID 'I',https://www.rffm.es/competicion/calendario?temporada=14&competicion=9565676&grupo=9665757&jornada=1&tipojuego=2,2026-08-03T21:06:06.392781+00:00
2018-2019,14,9565676,9665757,3373900,C.D. ALZOLA-HALCONES 'D',https://www.rffm.es/competicion/calendario?temporada=14&competicion=9565676&grupo=9665757&jornada=1&tipojuego=2,2026-08-03T21:06:06.392781+00:00
2018-2019,14,9565676,9665757,2168,ASOC.DEP.CULT. SANFER 'B',https://www.rffm.es/competicion/calendario?temporada=14&competicion=9565676&grupo=9665757&jornada=1&tipojuego=2,2026-08-03T21:06:06.392781+00:00
2018-2019,14,9565676,9665757,2167,ASOC.DEP.CULT. SANFER 'A',https://www.rffm.es/competicion/calendario?temporada=14&competicion=9565676&grupo=9665757&jornada=1&tipojuego=2,2026-08-03T21:06:06.392781+00:00
2018-2019,14,9565676,9665757,334110,ASOC.DEP.CULT. SANFER 'C',https://www.rffm.es/competicion/calendario?temporada=14&competicion=9565676&grupo=9665757&jornada=1&tipojuego=2,2026-08-03T21:06:06.392781+00:00
2018-2019,14,9565676,9665828,1647,ESCUELA FUTBOL VILLAVERDE 'B',https://www.rffm.es/competicion/calendario?temporada=14&competicion=9565676&grupo=9665828&jornada=1&tipojuego=2,2026-08-03T21:06:09.095106+00:00
2018-2019,14,9565676,9665828,6826495,S.A.D. VILLAVERDE SAN ANDRES 'C',https://www.rffm.es/competicion/calendario?temporada=14&competicion=9565676&grupo=9665828&jornada=1&tipojuego=2,2026-08-03T21:06:09.095106+00:00
2018-2019,14,9565676,9665828,334113,C.D. SAN CRISTOBAL ANGELES 'B',https://www.rffm.es/competicion/calendario?temporada=14&competicion=9565676&grupo=9665828&jornada=1&tipojuego=2,2026-08-03T21:06:09.095106+00:00
2018-2019,14,9565676,9665828,-10246295,Equipo Fuera (No asignado),https://www.rffm.es/competicion/calendario?temporada=14&competicion=9565676&grupo=9665828&jornada=1&tipojuego=2,2026-08-03T21:06:09.095106+00:00
2018-2019,14,9565676,9665828,8953695,C.D. COLONIA MOSCARDO 'E',https://www.rffm.es/competicion/calendario?temporada=14&competicion=9565676&grupo=9665828&jornada=1&tipojuego=2,2026-08-03T21:06:09.095106+00:00
2018-2019,14,9565676,9665828,1276,C.D. SAN CRISTOBAL ANGELES 'A',https://www.rffm.es/competicion/calendario?temporada=14&competicion=9565676&grupo=9665828&jornada=1&tipojuego=2,2026-08-03T21:06:09.095106+00:00
2018-2019,14,9565676,9665828,1646,ESCUELA FUTBOL VILLAVERDE 'A',https://www.rffm.es/competicion/calendario?temporada=14&competicion=9565676&grupo=9665828&jornada=1&tipojuego=2,2026-08-03T21:06:09.095106+00:00
2018-2019,14,9565676,9665828,9471615,C.D. SAN CRISTOBAL ANGELES 'C',https://www.rffm.es/competicion/calendario?temporada=14&competicion=9565676&grupo=9665828&jornada=1&tipojuego=2,2026-08-03T21:06:09.095106+00:00
2018-2019,14,9565676,9665828,2733691,C.D. INTER PROMESAS 'B',https://www.rffm.es/competicion/calendario?temporada=14&competicion=9565676&grupo=9665828&jornada=1&tipojuego=2,2026-08-03T21:06:09.095106+00:00
2018-2019,14,9565676,9665828,1648,ESCUELA FUTBOL VILLAVERDE 'C',https://www.rffm.es/competicion/calendario?temporada=14&competicion=9565676&grupo=9665828&jornada=1&tipojuego=2,2026-08-03T21:06:09.095106+00:00
2018-2019,14,9565676,9665925,3365885,C.D. OROQUIETA VILLAVERDE BUTARQUE 'C',https://www.rffm.es/competicion/calendario?temporada=14&competicion=9565676&grupo=9665925&jornada=1&tipojuego=2,2026-08-03T21:06:12.687863+00:00
2018-2019,14,9565676,9665925,3365887,C.D. OROQUIETA VILLAVERDE BUTARQUE 'E',https://www.rffm.es/competicion/calendario?temporada=14&competicion=9565676&grupo=9665925&jornada=1&tipojuego=2,2026-08-03T21:06:12.687863+00:00
2018-2019,14,9565676,9665925,4944575,UNION DEPORTIVA USERA 'A',https://www.rffm.es/competicion/calendario?temporada=14&competicion=9565676&grupo=9665925&jornada=1&tipojuego=2,2026-08-03T21:06:12.687863+00:00
2018-2019,14,9565676,9665925,2800,A.D. ESC. BALONMANO VILLAVERDE 'B',https://www.rffm.es/competicion/calendario?temporada=14&competicion=9565676&grupo=9665925&jornada=1&tipojuego=2,2026-08-03T21:06:12.687863+00:00
2018-2019,14,9565676,9665925,4936392,RACING VILLAVERDE C.F. 'D',https://www.rffm.es/competicion/calendario?temporada=14&competicion=9565676&grupo=9665925&jornada=1&tipojuego=2,2026-08-03T21:06:12.687863+00:00
2018-2019,14,9565676,9665925,466951,C.D. SAN GABRIEL 'A',https://www.rffm.es/competicion/calendario?temporada=14&competicion=9565676&grupo=9665925&jornada=1&tipojuego=2,2026-08-03T21:06:12.687863+00:00
2018-2019,14,9565676,9665925,2270738,C.D. SAN GABRIEL 'B',https://www.rffm.es/competicion/calendario?temporada=14&competicion=9565676&grupo=9665925&jornada=1&tipojuego=2,2026-08-03T21:06:12.687863+00:00
2018-2019,14,9565676,9665925,1031838,C.D. SANTIAGO APOSTOL VILLAVERDE 'A',https://www.rffm.es/competicion/calendario?temporada=14&competicion=9565676&grupo=9665925&jornada=1&tipojuego=2,2026-08-03T21:06:12.687863+00:00
2018-2019,14,9565676,9665925,1870,A.D. PARQUE ARGANZUELA 'A',https://www.rffm.es/competicion/calendario?temporada=14&competicion=9565676&grupo=9665925&jornada=1&tipojuego=2,2026-08-03T21:06:12.687863+00:00
2018-2019,14,9565676,9665925,6789755,RACING VILLAVERDE C.F. 'E',https://www.rffm.es/competicion/calendario?temporada=14&competicion=9565676&grupo=9665925&jornada=1&tipojuego=2,2026-08-03T21:06:12.687863+00:00
2018-2019,14,9565676,9665925,956,A.D. ORCASITAS 'B',https://www.rffm.es/competicion/calendario?temporada=14&competicion=9565676&grupo=9665925&jornada=1&tipojuego=2,2026-08-03T21:06:12.687863+00:00
2018-2019,14,9565676,9665925,1109,ESC. FUT. A.V. LA CHIMENEA 'B',https://www.rffm.es/competicion/calendario?temporada=14&competicion=9565676&grupo=9665925&jornada=1&tipojuego=2,2026-08-03T21:06:12.687863+00:00
2018-2019,14,9565676,9665925,1108,ESC. FUT. A.V. LA CHIMENEA 'A',https://www.rffm.es/competicion/calendario?temporada=14&competicion=9565676&grupo=9665925&jornada=1&tipojuego=2,2026-08-03T21:06:12.687863+00:00
2018-2019,14,9565676,9665925,3365886,C.D. OROQUIETA VILLAVERDE BUTARQUE 'D',https://www.rffm.es/competicion/calendario?temporada=14&competicion=9565676&grupo=9665925&jornada=1&tipojuego=2,2026-08-03T21:06:12.687863+00:00
2018-2019,14,9565676,9666030,2274381,C.F. MADRID RIO 'C',https://www.rffm.es/competicion/calendario?temporada=14&competicion=9565676&grupo=9666030&jornada=1&tipojuego=2,2026-08-03T21:06:16.352662+00:00
2018-2019,14,9565676,9666030,7274908, C.F. MADRID RIO 'G',https://www.rffm.es/competicion/calendario?temporada=14&competicion=9565676&grupo=9666030&jornada=1&tipojuego=2,2026-08-03T21:06:16.352662+00:00
2018-2019,14,9565676,9666030,2739613,C.F. MADRID RIO 'D',https://www.rffm.es/competicion/calendario?temporada=14&competicion=9565676&grupo=9666030&jornada=1&tipojuego=2,2026-08-03T21:06:16.352662+00:00
2018-2019,14,9565676,9666030,300128,ESCUELA FUTBOL MADRID SUR 'B',https://www.rffm.es/competicion/calendario?temporada=14&competicion=9565676&grupo=9666030&jornada=1&tipojuego=2,2026-08-03T21:06:16.352662+00:00
2018-2019,14,9565676,9666030,4941878,C.F. MADRID RIO 'F',https://www.rffm.es/competicion/calendario?temporada=14&competicion=9565676&grupo=9666030&jornada=1&tipojuego=2,2026-08-03T21:06:16.352662+00:00
2018-2019,14,9565676,9666030,317847,A.D. GIGANTES 'B',https://www.rffm.es/competicion/calendario?temporada=14&competicion=9565676&grupo=9666030&jornada=1&tipojuego=2,2026-08-03T21:06:16.352662+00:00
2018-2019,14,9565676,9666030,407994,A.D. GIGANTES 'C',https://www.rffm.es/competicion/calendario?temporada=14&competicion=9565676&grupo=9666030&jornada=1&tipojuego=2,2026-08-03T21:06:16.352662+00:00
2018-2019,14,9565676,9666030,880116,A.D. GIGANTES 'D',https://www.rffm.es/competicion/calendario?temporada=14&competicion=9565676&grupo=9666030&jornada=1&tipojuego=2,2026-08-03T21:06:16.352662+00:00
2018-2019,14,9565676,9666030,300127,C.D. COLONIA MOSCARDO 'B',https://www.rffm.es/competicion/calendario?temporada=14&competicion=9565676&grupo=9666030&jornada=1&tipojuego=2,2026-08-03T21:06:16.352662+00:00
2018-2019,14,9565676,9666030,2403,PASILLO VERDE ARGANZUELA 'A',https://www.rffm.es/competicion/calendario?temporada=14&competicion=9565676&grupo=9666030&jornada=1&tipojuego=2,2026-08-03T21:06:16.352662+00:00
2018-2019,14,9565676,9666030,1031540,C.F. MADRID RIO 'B',https://www.rffm.es/competicion/calendario?temporada=14&competicion=9565676&grupo=9666030&jornada=1&tipojuego=2,2026-08-03T21:06:16.352662+00:00
2018-2019,14,9565676,9666030,4941877,C.F. MADRID RIO 'E',https://www.rffm.es/competicion/calendario?temporada=14&competicion=9565676&grupo=9666030&jornada=1&tipojuego=2,2026-08-03T21:06:16.352662+00:00
2018-2019,14,9565676,9666030,2404,PASILLO VERDE ARGANZUELA 'B',https://www.rffm.es/competicion/calendario?temporada=14&competicion=9565676&grupo=9666030&jornada=1&tipojuego=2,2026-08-03T21:06:16.352662+00:00
2018-2019,14,9565676,9666156,300130,AGRUPACION C.D. LUCERO LINCES 'A',https://www.rffm.es/competicion/calendario?temporada=14&competicion=9565676&grupo=9666156&jornada=1&tipojuego=2,2026-08-03T21:06:19.187941+00:00
2018-2019,14,9565676,9666156,1639,ESC.MUN.FUT. ALUCHE 'B',https://www.rffm.es/competicion/calendario?temporada=14&competicion=9565676&grupo=9666156&jornada=1&tipojuego=2,2026-08-03T21:06:19.187941+00:00
2018-2019,14,9565676,9666156,-10227407,Equipo Casa (No asignado),https://www.rffm.es/competicion/calendario?temporada=14&competicion=9565676&grupo=9666156&jornada=1&tipojuego=2,2026-08-03T21:06:19.187941+00:00
2018-2019,14,9565676,9666156,3066,S.A.D. MARIANISTAS AMOROS 'B',https://www.rffm.es/competicion/calendario?temporada=14&competicion=9565676&grupo=9666156&jornada=1&tipojuego=2,2026-08-03T21:06:19.187941+00:00
2018-2019,14,9565676,9666156,3065,S.A.D. MARIANISTAS AMOROS 'A',https://www.rffm.es/competicion/calendario?temporada=14&competicion=9565676&grupo=9666156&jornada=1&tipojuego=2,2026-08-03T21:06:19.187941+00:00
2018-2019,14,9565676,9666156,334093,A.C.D. FATIMA 'A',https://www.rffm.es/competicion/calendario?temporada=14&competicion=9565676&grupo=9666156&jornada=1&tipojuego=2,2026-08-03T21:06:19.187941+00:00
2018-2019,14,9565676,9666156,3359985,CLUB ATLETICO DE MADRID 'M',https://www.rffm.es/competicion/calendario?temporada=14&competicion=9565676&grupo=9666156&jornada=1&tipojuego=2,2026-08-03T21:06:19.187941+00:00
2018-2019,14,9565676,9666156,1031322,A.C.D. FATIMA 'B',https://www.rffm.es/competicion/calendario?temporada=14&competicion=9565676&grupo=9666156&jornada=1&tipojuego=2,2026-08-03T21:06:19.187941+00:00
2018-2019,14,9565676,9666156,680470,ESC.MUN.FUT. ALUCHE 'C',https://www.rffm.es/competicion/calendario?temporada=14&competicion=9565676&grupo=9666156&jornada=1&tipojuego=2,2026-08-03T21:06:19.187941+00:00
2018-2019,14,9565676,9666156,1031985,A.D. PIQUEÑAS 'D',https://www.rffm.es/competicion/calendario?temporada=14&competicion=9565676&grupo=9666156&jornada=1&tipojuego=2,2026-08-03T21:06:19.187941+00:00
2018-2019,14,9565676,9666156,8966784,S.A.D. INTER ATLETICO PAN BENDITO,https://www.rffm.es/competicion/calendario?temporada=14&competicion=9565676&grupo=9666156&jornada=1&tipojuego=2,2026-08-03T21:06:19.187941+00:00
2018-2019,14,9565676,9666156,7756786,AGRUPACION C.D. LUCERO LINCES 'B',https://www.rffm.es/competicion/calendario?temporada=14&competicion=9565676&grupo=9666156&jornada=1&tipojuego=2,2026-08-03T21:06:19.187941+00:00
2018-2019,14,9565676,9666231,1256,C.D. LOS YEBENES-SAN BRUNO 'C',https://www.rffm.es/competicion/calendario?temporada=14&competicion=9565676&grupo=9666231&jornada=1&tipojuego=2,2026-08-03T21:06:21.868400+00:00
2018-2019,14,9565676,9666231,2879,C.D. FERILAN 'A',https://www.rffm.es/competicion/calendario?temporada=14&competicion=9565676&grupo=9666231&jornada=1&tipojuego=2,2026-08-03T21:06:21.868400+00:00
2018-2019,14,9565676,9666231,2020,C.D. GOYA 'A',https://www.rffm.es/competicion/calendario?temporada=14&competicion=9565676&grupo=9666231&jornada=1&tipojuego=2,2026-08-03T21:06:21.868400+00:00
2018-2019,14,9565676,9666231,4940572,C.D. SPORTING LAGUNA 'B',https://www.rffm.es/competicion/calendario?temporada=14&competicion=9565676&grupo=9666231&jornada=1&tipojuego=2,2026-08-03T21:06:21.868400+00:00
2018-2019,14,9565676,9666231,846769,A.D. PARQUE EUROPA,https://www.rffm.es/competicion/calendario?temporada=14&competicion=9565676&grupo=9666231&jornada=1&tipojuego=2,2026-08-03T21:06:21.868400+00:00
2018-2019,14,9565676,9666231,1255,C.D. LOS YEBENES-SAN BRUNO 'B',https://www.rffm.es/competicion/calendario?temporada=14&competicion=9565676&grupo=9666231&jornada=1&tipojuego=2,2026-08-03T21:06:21.868400+00:00
2018-2019,14,9565676,9666231,2281,ESC.FUT. VILLA DE MADRID,https://www.rffm.es/competicion/calendario?temporada=14&competicion=9565676&grupo=9666231&jornada=1&tipojuego=2,2026-08-03T21:06:21.868400+00:00
2018-2019,14,9565676,9666231,55,REAL C.D. CARABANCHEL 'A',https://www.rffm.es/competicion/calendario?temporada=14&competicion=9565676&grupo=9666231&jornada=1&tipojuego=2,2026-08-03T21:06:21.868400+00:00
2018-2019,14,9565676,9666231,366714,C.D. FERILAN 'B',https://www.rffm.es/competicion/calendario?temporada=14&competicion=9565676&grupo=9666231&jornada=1&tipojuego=2,2026-08-03T21:06:21.868400+00:00
2018-2019,14,9565676,9666376,4950095,CLUB ATLETICO DE MADRID 'L',https://www.rffm.es/competicion/calendario?temporada=14&competicion=9565676&grupo=9666376&jornada=1&tipojuego=2,2026-08-03T21:06:24.692719+00:00
2018-2019,14,9565676,9666376,466983,S.A.D. MARIANISTAS AMOROS 'D',https://www.rffm.es/competicion/calendario?temporada=14&competicion=9565676&grupo=9666376&jornada=1&tipojuego=2,2026-08-03T21:06:24.692719+00:00
2018-2019,14,9565676,9666376,6821057,SPORTING CLUBE DE CASTILLA,https://www.rffm.es/competicion/calendario?temporada=14&competicion=9565676&grupo=9666376&jornada=1&tipojuego=2,2026-08-03T21:06:24.692719+00:00
2018-2019,14,9565676,9666376,2273718,C.D. JUVENTUD LOS CARMENES,https://www.rffm.es/competicion/calendario?temporada=14&competicion=9565676&grupo=9666376&jornada=1&tipojuego=2,2026-08-03T21:06:24.692719+00:00
2018-2019,14,9565676,9666376,334107,S.A.D. MARIANISTAS AMOROS 'C',https://www.rffm.es/competicion/calendario?temporada=14&competicion=9565676&grupo=9666376&jornada=1&tipojuego=2,2026-08-03T21:06:24.692719+00:00
2018-2019,14,9565676,9666376,935,LA MUTUAL JUAN XXIII 'A',https://www.rffm.es/competicion/calendario?temporada=14&competicion=9565676&grupo=9666376&jornada=1&tipojuego=2,2026-08-03T21:06:24.692719+00:00
2018-2019,14,9565676,9666376,936,LA MUTUAL JUAN XXIII 'B',https://www.rffm.es/competicion/calendario?temporada=14&competicion=9565676&grupo=9666376&jornada=1&tipojuego=2,2026-08-03T21:06:24.692719+00:00
2018-2019,14,9565676,9666376,467024,REAL C.D. CARABANCHEL 'C',https://www.rffm.es/competicion/calendario?temporada=14&competicion=9565676&grupo=9666376&jornada=1&tipojuego=2,2026-08-03T21:06:24.692719+00:00
2018-2019,14,9565676,9666376,847155,A.D. PIQUEÑAS 'C',https://www.rffm.es/competicion/calendario?temporada=14&competicion=9565676&grupo=9666376&jornada=1&tipojuego=2,2026-08-03T21:06:24.692719+00:00
2018-2019,14,9565676,9666376,2728542,C.D. MADRID SUR LATINA 'B',https://www.rffm.es/competicion/calendario?temporada=14&competicion=9565676&grupo=9666376&jornada=1&tipojuego=2,2026-08-03T21:06:24.692719+00:00
2018-2019,14,9565676,9666569,419241,A.D. ALHONDIGA 'B',https://www.rffm.es/competicion/calendario?temporada=14&competicion=9565676&grupo=9666569&jornada=1&tipojuego=2,2026-08-03T21:06:29.099391+00:00
2018-2019,14,9565676,9666569,466966,A.D. EL NORTE 'A',https://www.rffm.es/competicion/calendario?temporada=14&competicion=9565676&grupo=9666569&jornada=1&tipojuego=2,2026-08-03T21:06:29.099391+00:00
2018-2019,14,9565676,9666569,589,GETAFE C.F. S.A.D. 'E',https://www.rffm.es/competicion/calendario?temporada=14&competicion=9565676&grupo=9666569&jornada=1&tipojuego=2,2026-08-03T21:06:29.099391+00:00
2018-2019,14,9565676,9666569,1031906,A.D. EL NORTE 'B',https://www.rffm.es/competicion/calendario?temporada=14&competicion=9565676&grupo=9666569&jornada=1&tipojuego=2,2026-08-03T21:06:29.099391+00:00
2018-2019,14,9565676,9666569,3355895,ATLETICO CLUB DE SOCIOS,https://www.rffm.es/competicion/calendario?temporada=14&competicion=9565676&grupo=9666569&jornada=1&tipojuego=2,2026-08-03T21:06:29.099391+00:00
2018-2019,14,9565676,9666569,2712970,ESC.FUTBOL CIUDAD GETAFE 'E',https://www.rffm.es/competicion/calendario?temporada=14&competicion=9565676&grupo=9666569&jornada=1&tipojuego=2,2026-08-03T21:06:29.099391+00:00
2018-2019,14,9565676,9666569,2712969,ESC.FUTBOL CIUDAD GETAFE 'D',https://www.rffm.es/competicion/calendario?temporada=14&competicion=9565676&grupo=9666569&jornada=1&tipojuego=2,2026-08-03T21:06:29.099391+00:00
2018-2019,14,9565676,9666569,588,GETAFE C.F. S.A.D. 'D',https://www.rffm.es/competicion/calendario?temporada=14&competicion=9565676&grupo=9666569&jornada=1&tipojuego=2,2026-08-03T21:06:29.099391+00:00
2018-2019,14,9565676,9666569,595096,A.D. ALHONDIGA 'D',https://www.rffm.es/competicion/calendario?temporada=14&competicion=9565676&grupo=9666569&jornada=1&tipojuego=2,2026-08-03T21:06:29.099391+00:00
2018-2019,14,9565676,9666569,866,ASOC. CULTURAL EL BERCIAL 'A',https://www.rffm.es/competicion/calendario?temporada=14&competicion=9565676&grupo=9666569&jornada=1&tipojuego=2,2026-08-03T21:06:29.099391+00:00
2018-2019,14,9565676,9666569,2712972,ESC.FUTBOL CIUDAD GETAFE 'F',https://www.rffm.es/competicion/calendario?temporada=14&competicion=9565676&grupo=9666569&jornada=1&tipojuego=2,2026-08-03T21:06:29.099391+00:00
2018-2019,14,9565676,9666569,528690,A.D. ALHONDIGA 'C',https://www.rffm.es/competicion/calendario?temporada=14&competicion=9565676&grupo=9666569&jornada=1&tipojuego=2,2026-08-03T21:06:29.099391+00:00
2018-2019,14,9565676,9666726,680576,A.D.C. BRUNETE 'C',https://www.rffm.es/competicion/calendario?temporada=14&competicion=9565676&grupo=9666726&jornada=1&tipojuego=2,2026-08-03T21:06:32.537341+00:00
2018-2019,14,9565676,9666726,680575,A.D.C. BRUNETE 'B',https://www.rffm.es/competicion/calendario?temporada=14&competicion=9565676&grupo=9666726&jornada=1&tipojuego=2,2026-08-03T21:06:32.537341+00:00
2018-2019,14,9565676,9666726,680835,A.D.C. BRUNETE 'D',https://www.rffm.es/competicion/calendario?temporada=14&competicion=9565676&grupo=9666726&jornada=1&tipojuego=2,2026-08-03T21:06:32.537341+00:00
2018-2019,14,9565676,9666726,334083,RECREATIVO CULTURAL NUEVO BERCIAL 'A',https://www.rffm.es/competicion/calendario?temporada=14&competicion=9565676&grupo=9666726&jornada=1&tipojuego=2,2026-08-03T21:06:32.537341+00:00
2018-2019,14,9565676,9666726,2620,A.D. JUVENTUD CANARIO 'A',https://www.rffm.es/competicion/calendario?temporada=14&competicion=9565676&grupo=9666726&jornada=1&tipojuego=2,2026-08-03T21:06:32.537341+00:00
2018-2019,14,9565676,9666726,1018,FEPE GETAFE III 'B',https://www.rffm.es/competicion/calendario?temporada=14&competicion=9565676&grupo=9666726&jornada=1&tipojuego=2,2026-08-03T21:06:32.537341+00:00
2018-2019,14,9565676,9666726,846765,ADESO LOS ANGELES 'B',https://www.rffm.es/competicion/calendario?temporada=14&competicion=9565676&grupo=9666726&jornada=1&tipojuego=2,2026-08-03T21:06:32.537341+00:00
2018-2019,14,9565676,9666726,3279,S.A.D. A.V. CASERIO PERALES 'A',https://www.rffm.es/competicion/calendario?temporada=14&competicion=9565676&grupo=9666726&jornada=1&tipojuego=2,2026-08-03T21:06:32.537341+00:00
2018-2019,14,9565676,9666726,389100,FEPE GETAFE III 'C',https://www.rffm.es/competicion/calendario?temporada=14&competicion=9565676&grupo=9666726&jornada=1&tipojuego=2,2026-08-03T21:06:32.537341+00:00
2018-2019,14,9565676,9666726,6817935,A.D.C. GETAFE ATLETICO,https://www.rffm.es/competicion/calendario?temporada=14&competicion=9565676&grupo=9666726&jornada=1&tipojuego=2,2026-08-03T21:06:32.537341+00:00
2018-2019,14,9565676,9666726,3280,S.A.D. A.V. CASERIO PERALES 'B',https://www.rffm.es/competicion/calendario?temporada=14&competicion=9565676&grupo=9666726&jornada=1&tipojuego=2,2026-08-03T21:06:32.537341+00:00
2018-2019,14,9565676,9666726,308901,A.D. JUVENTUD CANARIO 'B',https://www.rffm.es/competicion/calendario?temporada=14&competicion=9565676&grupo=9666726&jornada=1&tipojuego=2,2026-08-03T21:06:32.537341+00:00
2018-2019,14,9565676,9666726,579639,FEPE GETAFE III 'D',https://www.rffm.es/competicion/calendario?temporada=14&competicion=9565676&grupo=9666726&jornada=1&tipojuego=2,2026-08-03T21:06:32.537341+00:00
2018-2019,14,9565676,9667132,1213,CULTURAL UNION LEGANES 'A',https://www.rffm.es/competicion/calendario?temporada=14&competicion=9565676&grupo=9667132&jornada=1&tipojuego=2,2026-08-03T21:06:35.249990+00:00
2018-2019,14,9565676,9667132,-10180790,Equipo Fuera (No asignado),https://www.rffm.es/competicion/calendario?temporada=14&competicion=9565676&grupo=9667132&jornada=1&tipojuego=2,2026-08-03T21:06:35.249990+00:00
2018-2019,14,9565676,9667132,2309150,A.D. UNION CARRASCAL 'A',https://www.rffm.es/competicion/calendario?temporada=14&competicion=9565676&grupo=9667132&jornada=1&tipojuego=2,2026-08-03T21:06:35.249990+00:00
2018-2019,14,9565676,9667132,2733742,C.D. SANTA BARBARA GETAFE 'C',https://www.rffm.es/competicion/calendario?temporada=14&competicion=9565676&grupo=9667132&jornada=1&tipojuego=2,2026-08-03T21:06:35.249990+00:00
2018-2019,14,9565676,9667132,2733740,C.D. SANTA BARBARA GETAFE 'B',https://www.rffm.es/competicion/calendario?temporada=14&competicion=9565676&grupo=9667132&jornada=1&tipojuego=2,2026-08-03T21:06:35.249990+00:00
2018-2019,14,9565676,9667132,2115,C.D. LUGO FUENLABRADA 'D',https://www.rffm.es/competicion/calendario?temporada=14&competicion=9565676&grupo=9667132&jornada=1&tipojuego=2,2026-08-03T21:06:35.249990+00:00
2018-2019,14,9565676,9667132,2114,C.D. LUGO FUENLABRADA 'C',https://www.rffm.es/competicion/calendario?temporada=14&competicion=9565676&grupo=9667132&jornada=1&tipojuego=2,2026-08-03T21:06:35.249990+00:00
2018-2019,14,9565676,9667132,3365315,A.D. UNION CARRASCAL 'C',https://www.rffm.es/competicion/calendario?temporada=14&competicion=9565676&grupo=9667132&jornada=1&tipojuego=2,2026-08-03T21:06:35.249990+00:00
2018-2019,14,9565676,9667132,6940030,A.D. UNION CARRASCAL 'D',https://www.rffm.es/competicion/calendario?temporada=14&competicion=9565676&grupo=9667132&jornada=1&tipojuego=2,2026-08-03T21:06:35.249990+00:00
2018-2019,14,9565676,9667132,1214,CULTURAL UNION LEGANES 'B',https://www.rffm.es/competicion/calendario?temporada=14&competicion=9565676&grupo=9667132&jornada=1&tipojuego=2,2026-08-03T21:06:35.249990+00:00
2018-2019,14,9565676,9667132,300126,CULTURAL UNION LEGANES 'C',https://www.rffm.es/competicion/calendario?temporada=14&competicion=9565676&grupo=9667132&jornada=1&tipojuego=2,2026-08-03T21:06:35.249990+00:00
2018-2019,14,9565676,9667132,2712837,A.D. UNION CARRASCAL 'B',https://www.rffm.es/competicion/calendario?temporada=14&competicion=9565676&grupo=9667132&jornada=1&tipojuego=2,2026-08-03T21:06:35.249990+00:00
2018-2019,14,9565676,9667198,2683,RACING PARLA C.D. 'A',https://www.rffm.es/competicion/calendario?temporada=14&competicion=9565676&grupo=9667198&jornada=1&tipojuego=2,2026-08-03T21:06:38.033238+00:00
2018-2019,14,9565676,9667198,327,A.D. PARLA 'B',https://www.rffm.es/competicion/calendario?temporada=14&competicion=9565676&grupo=9667198&jornada=1&tipojuego=2,2026-08-03T21:06:38.033238+00:00
2018-2019,14,9565676,9667198,328,A.D. PARLA 'C',https://www.rffm.es/competicion/calendario?temporada=14&competicion=9565676&grupo=9667198&jornada=1&tipojuego=2,2026-08-03T21:06:38.033238+00:00
2018-2019,14,9565676,9667198,2712967,ESC.FUTBOL CIUDAD GETAFE 'B',https://www.rffm.es/competicion/calendario?temporada=14&competicion=9565676&grupo=9667198&jornada=1&tipojuego=2,2026-08-03T21:06:38.033238+00:00
2018-2019,14,9565676,9667198,846755,C.D.E. DEPORTIVO PARLA 'A',https://www.rffm.es/competicion/calendario?temporada=14&competicion=9565676&grupo=9667198&jornada=1&tipojuego=2,2026-08-03T21:06:38.033238+00:00
2018-2019,14,9565676,9667198,3012310,UNION 2000 'C',https://www.rffm.es/competicion/calendario?temporada=14&competicion=9565676&grupo=9667198&jornada=1&tipojuego=2,2026-08-03T21:06:38.033238+00:00
2018-2019,14,9565676,9667198,312970,ATLETICO DE PINTO 'A',https://www.rffm.es/competicion/calendario?temporada=14&competicion=9565676&grupo=9667198&jornada=1&tipojuego=2,2026-08-03T21:06:38.033238+00:00
2018-2019,14,9565676,9667198,326,A.D. PARLA 'A',https://www.rffm.es/competicion/calendario?temporada=14&competicion=9565676&grupo=9667198&jornada=1&tipojuego=2,2026-08-03T21:06:38.033238+00:00
2018-2019,14,9565676,9667198,1031995,UNION 2000 'B',https://www.rffm.es/competicion/calendario?temporada=14&competicion=9565676&grupo=9667198&jornada=1&tipojuego=2,2026-08-03T21:06:38.033238+00:00
2018-2019,14,9565676,9667198,2276909,F.C. LEONES DEL ATLAS 'A',https://www.rffm.es/competicion/calendario?temporada=14&competicion=9565676&grupo=9667198&jornada=1&tipojuego=2,2026-08-03T21:06:38.033238+00:00
2018-2019,14,9565676,9667198,4943540,C.D. OLIMPICO DE PARLA,https://www.rffm.es/competicion/calendario?temporada=14&competicion=9565676&grupo=9667198&jornada=1&tipojuego=2,2026-08-03T21:06:38.033238+00:00
2018-2019,14,9565676,9667198,846748,CLUB METROPOLITANO BALOMPIE 'A',https://www.rffm.es/competicion/calendario?temporada=14&competicion=9565676&grupo=9667198&jornada=1&tipojuego=2,2026-08-03T21:06:38.033238+00:00
2018-2019,14,9565676,9667461,1031132,RACING PARLA C.D. 'B',https://www.rffm.es/competicion/calendario?temporada=14&competicion=9565676&grupo=9667461&jornada=1&tipojuego=2,2026-08-03T21:06:40.624270+00:00
2018-2019,14,9565676,9667461,-10025046,Equipo Fuera (No asignado),https://www.rffm.es/competicion/calendario?temporada=14&competicion=9565676&grupo=9667461&jornada=1&tipojuego=2,2026-08-03T21:06:40.624270+00:00
2018-2019,14,9565676,9667461,7350897,C.D. FAIRPLAY PARLA 'E',https://www.rffm.es/competicion/calendario?temporada=14&competicion=9565676&grupo=9667461&jornada=1&tipojuego=2,2026-08-03T21:06:40.624270+00:00
2018-2019,14,9565676,9667461,1031098,CLUB POLID. PARLA ESCUELA 'F',https://www.rffm.es/competicion/calendario?temporada=14&competicion=9565676&grupo=9667461&jornada=1&tipojuego=2,2026-08-03T21:06:40.624270+00:00
2018-2019,14,9565676,9667461,1031135,CLUB METROPOLITANO BALOMPIE 'B',https://www.rffm.es/competicion/calendario?temporada=14&competicion=9565676&grupo=9667461&jornada=1&tipojuego=2,2026-08-03T21:06:40.624270+00:00
2018-2019,14,9565676,9667461,3012312,UNION 2000 'D',https://www.rffm.es/competicion/calendario?temporada=14&competicion=9565676&grupo=9667461&jornada=1&tipojuego=2,2026-08-03T21:06:40.624270+00:00
2018-2019,14,9565676,9667461,3362211,C.D. FAIRPLAY PARLA 'B',https://www.rffm.es/competicion/calendario?temporada=14&competicion=9565676&grupo=9667461&jornada=1&tipojuego=2,2026-08-03T21:06:40.624270+00:00
2018-2019,14,9565676,9667461,6794220,C.D.E. DEPORTIVO PARLA 'B',https://www.rffm.es/competicion/calendario?temporada=14&competicion=9565676&grupo=9667461&jornada=1&tipojuego=2,2026-08-03T21:06:40.624270+00:00
2018-2019,14,9565676,9667461,681003,CLUB POLID. PARLA ESCUELA 'E',https://www.rffm.es/competicion/calendario?temporada=14&competicion=9565676&grupo=9667461&jornada=1&tipojuego=2,2026-08-03T21:06:40.624270+00:00
2018-2019,14,9565676,9667461,8959304,C.D. FAIRPLAY PARLA 'F',https://www.rffm.es/competicion/calendario?temporada=14&competicion=9565676&grupo=9667461&jornada=1&tipojuego=2,2026-08-03T21:06:40.624270+00:00
2018-2019,14,9565676,9667461,2712968,ESC.FUTBOL CIUDAD GETAFE 'C',https://www.rffm.es/competicion/calendario?temporada=14&competicion=9565676&grupo=9667461&jornada=1&tipojuego=2,2026-08-03T21:06:40.624270+00:00
2018-2019,14,9565676,9667461,300136,C.D. JUVENTUD PARLA,https://www.rffm.es/competicion/calendario?temporada=14&competicion=9565676&grupo=9667461&jornada=1&tipojuego=2,2026-08-03T21:06:40.624270+00:00
2018-2019,14,9565676,9667678,-10111226,Equipo Casa (No asignado),https://www.rffm.es/competicion/calendario?temporada=14&competicion=9565676&grupo=9667678&jornada=1&tipojuego=2,2026-08-03T21:06:43.895713+00:00
2018-2019,14,9565676,9667678,6818145,C.D. FAIRPLAY PARLA 'D',https://www.rffm.es/competicion/calendario?temporada=14&competicion=9565676&grupo=9667678&jornada=1&tipojuego=2,2026-08-03T21:06:43.895713+00:00
2018-2019,14,9565676,9667678,3343859,F.C. LEONES DEL ATLAS 'B',https://www.rffm.es/competicion/calendario?temporada=14&competicion=9565676&grupo=9667678&jornada=1&tipojuego=2,2026-08-03T21:06:43.895713+00:00
2018-2019,14,9565676,9667678,6810651,CLUB METROPOLITANO BALOMPIE 'C',https://www.rffm.es/competicion/calendario?temporada=14&competicion=9565676&grupo=9667678&jornada=1&tipojuego=2,2026-08-03T21:06:43.895713+00:00
2018-2019,14,9565676,9667678,1806,CLUB POLID. PARLA ESCUELA 'D',https://www.rffm.es/competicion/calendario?temporada=14&competicion=9565676&grupo=9667678&jornada=1&tipojuego=2,2026-08-03T21:06:43.895713+00:00
2018-2019,14,9565676,9667678,681005,CLUB POLID. PARLA ESCUELA 'H',https://www.rffm.es/competicion/calendario?temporada=14&competicion=9565676&grupo=9667678&jornada=1&tipojuego=2,2026-08-03T21:06:43.895713+00:00
2018-2019,14,9565676,9667678,680578,CLUB POLID. PARLA ESCUELA 'G',https://www.rffm.es/competicion/calendario?temporada=14&competicion=9565676&grupo=9667678&jornada=1&tipojuego=2,2026-08-03T21:06:43.895713+00:00
2018-2019,14,9565676,9667678,680791,CULTURAL DEPORTIVA MIRAFLOR 'A',https://www.rffm.es/competicion/calendario?temporada=14&competicion=9565676&grupo=9667678&jornada=1&tipojuego=2,2026-08-03T21:06:43.895713+00:00
2018-2019,14,9565676,9667678,6814227,C.D.E. DEPORTIVO PARLA 'C',https://www.rffm.es/competicion/calendario?temporada=14&competicion=9565676&grupo=9667678&jornada=1&tipojuego=2,2026-08-03T21:06:43.895713+00:00
2018-2019,14,9565676,9667678,2676,UNION 2000 'E',https://www.rffm.es/competicion/calendario?temporada=14&competicion=9565676&grupo=9667678&jornada=1&tipojuego=2,2026-08-03T21:06:43.895713+00:00
2018-2019,14,9565676,9667678,6964118,ADESO LOS ANGELES 'C',https://www.rffm.es/competicion/calendario?temporada=14&competicion=9565676&grupo=9667678&jornada=1&tipojuego=2,2026-08-03T21:06:43.895713+00:00
2018-2019,14,9565676,9667678,4934048,C.D. FAIRPLAY PARLA 'C',https://www.rffm.es/competicion/calendario?temporada=14&competicion=9565676&grupo=9667678&jornada=1&tipojuego=2,2026-08-03T21:06:43.895713+00:00
2018-2019,14,9565676,9667789,631311,RAYO CIEMPOZUELOS C.F. 'B',https://www.rffm.es/competicion/calendario?temporada=14&competicion=9565676&grupo=9667789&jornada=1&tipojuego=2,2026-08-03T21:06:47.335682+00:00
2018-2019,14,9565676,9667789,8960604,C.D. QUINI ALVAREZ 'E',https://www.rffm.es/competicion/calendario?temporada=14&competicion=9565676&grupo=9667789&jornada=1&tipojuego=2,2026-08-03T21:06:47.335682+00:00
2018-2019,14,9565676,9667789,847389,SAN MARTIN DE LA VEGA C.F. 'A',https://www.rffm.es/competicion/calendario?temporada=14&competicion=9565676&grupo=9667789&jornada=1&tipojuego=2,2026-08-03T21:06:47.335682+00:00
2018-2019,14,9565676,9667789,6817971,C.D.C. CIEMPOZUELOS 'B',https://www.rffm.es/competicion/calendario?temporada=14&competicion=9565676&grupo=9667789&jornada=1&tipojuego=2,2026-08-03T21:06:47.335682+00:00
2018-2019,14,9565676,9667789,6817973,C.D.C. CIEMPOZUELOS 'C',https://www.rffm.es/competicion/calendario?temporada=14&competicion=9565676&grupo=9667789&jornada=1&tipojuego=2,2026-08-03T21:06:47.335682+00:00
2018-2019,14,9565676,9667789,680812,RAYO CIEMPOZUELOS C.F. 'D',https://www.rffm.es/competicion/calendario?temporada=14&competicion=9565676&grupo=9667789&jornada=1&tipojuego=2,2026-08-03T21:06:47.335682+00:00
2018-2019,14,9565676,9667789,3359903,C.D.C. CIEMPOZUELOS 'A',https://www.rffm.es/competicion/calendario?temporada=14&competicion=9565676&grupo=9667789&jornada=1&tipojuego=2,2026-08-03T21:06:47.335682+00:00
2018-2019,14,9565676,9667789,847387,SAN MARTIN DE LA VEGA C.F. 'B',https://www.rffm.es/competicion/calendario?temporada=14&competicion=9565676&grupo=9667789&jornada=1&tipojuego=2,2026-08-03T21:06:47.335682+00:00
2018-2019,14,9565676,9667789,8959647,C.F. INTER DE VALDEMORO 'E',https://www.rffm.es/competicion/calendario?temporada=14&competicion=9565676&grupo=9667789&jornada=1&tipojuego=2,2026-08-03T21:06:47.335682+00:00
2018-2019,14,9565676,9667789,680460,RAYO CIEMPOZUELOS C.F. 'C',https://www.rffm.es/competicion/calendario?temporada=14&competicion=9565676&grupo=9667789&jornada=1&tipojuego=2,2026-08-03T21:06:47.335682+00:00
2018-2019,14,9565676,9714664,2277044,A.D. FUTBOL SALA CHINCHON,https://www.rffm.es/competicion/calendario?temporada=14&competicion=9565676&grupo=9714664&jornada=1&tipojuego=2,2026-08-03T21:06:50.256715+00:00
2018-2019,14,9565676,9714664,8966411,C.D. ONTIGOLA 'B',https://www.rffm.es/competicion/calendario?temporada=14&competicion=9565676&grupo=9714664&jornada=1&tipojuego=2,2026-08-03T21:06:50.256715+00:00
2018-2019,14,9565676,9714664,3359909,ESCUELA MUNICIPAL - C.D. VILLACONEJOS 'A',https://www.rffm.es/competicion/calendario?temporada=14&competicion=9565676&grupo=9714664&jornada=1&tipojuego=2,2026-08-03T21:06:50.256715+00:00
2018-2019,14,9565676,9714664,7275101,C.D. QUINI ALVAREZ-DFA 'B',https://www.rffm.es/competicion/calendario?temporada=14&competicion=9565676&grupo=9714664&jornada=1&tipojuego=2,2026-08-03T21:06:50.256715+00:00
2018-2019,14,9565676,9714664,6821058,C.D.E. ESCUELA ATLETICO SAN MARTIN 'A',https://www.rffm.es/competicion/calendario?temporada=14&competicion=9565676&grupo=9714664&jornada=1&tipojuego=2,2026-08-03T21:06:50.256715+00:00
2018-2019,14,9565676,9714664,8297876,C.D. QUINI ALVAREZ-DFA 'D',https://www.rffm.es/competicion/calendario?temporada=14&competicion=9565676&grupo=9714664&jornada=1&tipojuego=2,2026-08-03T21:06:50.256715+00:00
2018-2019,14,9565676,9714664,7275102,C.D. QUINI ALVAREZ-DFA 'C',https://www.rffm.es/competicion/calendario?temporada=14&competicion=9565676&grupo=9714664&jornada=1&tipojuego=2,2026-08-03T21:06:50.256715+00:00
2018-2019,14,9565676,9714664,6825851,C.D.E. ESCUELA ATLETICO SAN MARTIN 'B',https://www.rffm.es/competicion/calendario?temporada=14&competicion=9565676&grupo=9714664&jornada=1&tipojuego=2,2026-08-03T21:06:50.256715+00:00
2018-2019,14,9565676,9714664,3354767,C.D. QUINI ALVAREZ-DFA 'A',https://www.rffm.es/competicion/calendario?temporada=14&competicion=9565676&grupo=9714664&jornada=1&tipojuego=2,2026-08-03T21:06:50.256715+00:00
2018-2019,14,9565676,9714664,3359910,ESCUELA MUNICIPAL - C.D. VILLACONEJOS 'B',https://www.rffm.es/competicion/calendario?temporada=14&competicion=9565676&grupo=9714664&jornada=1&tipojuego=2,2026-08-03T21:06:50.256715+00:00
2018-2019,14,9565676,9714664,4933261,C.D. MADRID SESEÑA 'B',https://www.rffm.es/competicion/calendario?temporada=14&competicion=9565676&grupo=9714664&jornada=1&tipojuego=2,2026-08-03T21:06:50.256715+00:00
2018-2019,14,9565676,9714664,8966410,C.D. ONTIGOLA 'A',https://www.rffm.es/competicion/calendario?temporada=14&competicion=9565676&grupo=9714664&jornada=1&tipojuego=2,2026-08-03T21:06:50.256715+00:00
2018-2019,14,9565676,9714938,1664,A.D. ILLESCAS 'C',https://www.rffm.es/competicion/calendario?temporada=14&competicion=9565676&grupo=9714938&jornada=1&tipojuego=2,2026-08-03T21:06:53.110905+00:00
2018-2019,14,9565676,9714938,2510,DEPORTIVO YUNCOS 'B',https://www.rffm.es/competicion/calendario?temporada=14&competicion=9565676&grupo=9714938&jornada=1&tipojuego=2,2026-08-03T21:06:53.110905+00:00
2018-2019,14,9565676,9714938,2963,ESC. DE FUT. VALDEMORO 'E',https://www.rffm.es/competicion/calendario?temporada=14&competicion=9565676&grupo=9714938&jornada=1&tipojuego=2,2026-08-03T21:06:53.110905+00:00
2018-2019,14,9565676,9714938,6826277,C.D. ESQUIVIAS 'C',https://www.rffm.es/competicion/calendario?temporada=14&competicion=9565676&grupo=9714938&jornada=1&tipojuego=2,2026-08-03T21:06:53.110905+00:00
2018-2019,14,9565676,9714938,2509,DEPORTIVO YUNCOS 'A',https://www.rffm.es/competicion/calendario?temporada=14&competicion=9565676&grupo=9714938&jornada=1&tipojuego=2,2026-08-03T21:06:53.110905+00:00
2018-2019,14,9565676,9714938,524205,C.D. GRIÑON 'C',https://www.rffm.es/competicion/calendario?temporada=14&competicion=9565676&grupo=9714938&jornada=1&tipojuego=2,2026-08-03T21:06:53.110905+00:00
2018-2019,14,9565676,9714938,308011,C.D. GRIÑON 'B',https://www.rffm.es/competicion/calendario?temporada=14&competicion=9565676&grupo=9714938&jornada=1&tipojuego=2,2026-08-03T21:06:53.110905+00:00
2018-2019,14,9565676,9714938,467027,A.D. ILLESCAS 'E',https://www.rffm.es/competicion/calendario?temporada=14&competicion=9565676&grupo=9714938&jornada=1&tipojuego=2,2026-08-03T21:06:53.110905+00:00
2018-2019,14,9565676,9714938,2307586,A.D. ILLESCAS 'F',https://www.rffm.es/competicion/calendario?temporada=14&competicion=9565676&grupo=9714938&jornada=1&tipojuego=2,2026-08-03T21:06:53.110905+00:00
2018-2019,14,9565676,9714938,2964,ESC. DE FUT. VALDEMORO 'F',https://www.rffm.es/competicion/calendario?temporada=14&competicion=9565676&grupo=9714938&jornada=1&tipojuego=2,2026-08-03T21:06:53.110905+00:00
2018-2019,14,9565676,9714938,383720,ESC.FUT.AT. CASARRUBUELOS 'B',https://www.rffm.es/competicion/calendario?temporada=14&competicion=9565676&grupo=9714938&jornada=1&tipojuego=2,2026-08-03T21:06:53.110905+00:00
2018-2019,14,9565676,9714938,334598,A.D. ILLESCAS 'D',https://www.rffm.es/competicion/calendario?temporada=14&competicion=9565676&grupo=9714938&jornada=1&tipojuego=2,2026-08-03T21:06:53.110905+00:00
2018-2019,14,9565676,9715404,8938631,C.D. ATLETICO VALDEMORO 'A',https://www.rffm.es/competicion/calendario?temporada=14&competicion=9565676&grupo=9715404&jornada=1&tipojuego=2,2026-08-03T21:06:56.270276+00:00
2018-2019,14,9565676,9715404,4949293,JUNIOR SOCCER C.F. 'A',https://www.rffm.es/competicion/calendario?temporada=14&competicion=9565676&grupo=9715404&jornada=1&tipojuego=2,2026-08-03T21:06:56.270276+00:00
2018-2019,14,9565676,9715404,4950034,SESEÑA C.F. 'C',https://www.rffm.es/competicion/calendario?temporada=14&competicion=9565676&grupo=9715404&jornada=1&tipojuego=2,2026-08-03T21:06:56.270276+00:00
2018-2019,14,9565676,9715404,1398,C.F. INTER DE VALDEMORO 'A',https://www.rffm.es/competicion/calendario?temporada=14&competicion=9565676&grupo=9715404&jornada=1&tipojuego=2,2026-08-03T21:06:56.270276+00:00
2018-2019,14,9565676,9715404,5683318,JUNIOR SOCCER C.F. 'B',https://www.rffm.es/competicion/calendario?temporada=14&competicion=9565676&grupo=9715404&jornada=1&tipojuego=2,2026-08-03T21:06:56.270276+00:00
2018-2019,14,9565676,9715404,2965,ESC. DE FUT. VALDEMORO 'G',https://www.rffm.es/competicion/calendario?temporada=14&competicion=9565676&grupo=9715404&jornada=1&tipojuego=2,2026-08-03T21:06:56.270276+00:00
2018-2019,14,9565676,9715404,2962,ESC. DE FUT. VALDEMORO 'D',https://www.rffm.es/competicion/calendario?temporada=14&competicion=9565676&grupo=9715404&jornada=1&tipojuego=2,2026-08-03T21:06:56.270276+00:00
2018-2019,14,9565676,9715404,6817424,JUNIOR SOCCER C.F. 'C',https://www.rffm.es/competicion/calendario?temporada=14&competicion=9565676&grupo=9715404&jornada=1&tipojuego=2,2026-08-03T21:06:56.270276+00:00
2018-2019,14,9565676,9715404,6817665,C.D. MADRID SESEÑA 'C',https://www.rffm.es/competicion/calendario?temporada=14&competicion=9565676&grupo=9715404&jornada=1&tipojuego=2,2026-08-03T21:06:56.270276+00:00
2018-2019,14,9565676,9715404,383613,C.D. SESEÑA FUTBOL BASE 'B',https://www.rffm.es/competicion/calendario?temporada=14&competicion=9565676&grupo=9715404&jornada=1&tipojuego=2,2026-08-03T21:06:56.270276+00:00
2018-2019,14,9565676,9715404,4944551,VALDEMORO CLUB DE FUTBOL 'A',https://www.rffm.es/competicion/calendario?temporada=14&competicion=9565676&grupo=9715404&jornada=1&tipojuego=2,2026-08-03T21:06:56.270276+00:00
2018-2019,14,9565676,9715404,8955851,C.D. ATLETICO VALDEMORO 'B',https://www.rffm.es/competicion/calendario?temporada=14&competicion=9565676&grupo=9715404&jornada=1&tipojuego=2,2026-08-03T21:06:56.270276+00:00
2018-2019,14,9565676,9715687,383612,C.D. SESEÑA FUTBOL BASE 'A',https://www.rffm.es/competicion/calendario?temporada=14&competicion=9565676&grupo=9715687&jornada=1&tipojuego=2,2026-08-03T21:06:59.193992+00:00
2018-2019,14,9565676,9715687,334116,C.F. INTER DE VALDEMORO 'B',https://www.rffm.es/competicion/calendario?temporada=14&competicion=9565676&grupo=9715687&jornada=1&tipojuego=2,2026-08-03T21:06:59.193992+00:00
2018-2019,14,9565676,9715687,6816232,SAN MARTIN DE LA VEGA C.F. 'C',https://www.rffm.es/competicion/calendario?temporada=14&competicion=9565676&grupo=9715687&jornada=1&tipojuego=2,2026-08-03T21:06:59.193992+00:00
2018-2019,14,9565676,9715687,4940593,C.F. INTER DE VALDEMORO 'D',https://www.rffm.es/competicion/calendario?temporada=14&competicion=9565676&grupo=9715687&jornada=1&tipojuego=2,2026-08-03T21:06:59.193992+00:00
2018-2019,14,9565676,9715687,6815541,C.F. RAYO ILLESCAS,https://www.rffm.es/competicion/calendario?temporada=14&competicion=9565676&grupo=9715687&jornada=1&tipojuego=2,2026-08-03T21:06:59.193992+00:00
2018-2019,14,9565676,9715687,524574,ESC.MUN. TORREJON DE LA CALZADA 'A',https://www.rffm.es/competicion/calendario?temporada=14&competicion=9565676&grupo=9715687&jornada=1&tipojuego=2,2026-08-03T21:06:59.193992+00:00
2018-2019,14,9565676,9715687,4940592,C.F. INTER DE VALDEMORO 'C',https://www.rffm.es/competicion/calendario?temporada=14&competicion=9565676&grupo=9715687&jornada=1&tipojuego=2,2026-08-03T21:06:59.193992+00:00
2018-2019,14,9565676,9715687,2276924,ESC.MUN. TORREJON DE LA CALZADA 'C',https://www.rffm.es/competicion/calendario?temporada=14&competicion=9565676&grupo=9715687&jornada=1&tipojuego=2,2026-08-03T21:06:59.193992+00:00
2018-2019,14,9565676,9715687,524601,ESC.MUN. TORREJON DE LA CALZADA 'B',https://www.rffm.es/competicion/calendario?temporada=14&competicion=9565676&grupo=9715687&jornada=1&tipojuego=2,2026-08-03T21:06:59.193992+00:00
2018-2019,14,9565676,9715687,1031795,C.D.V. RAYO SERRANILLOS,https://www.rffm.es/competicion/calendario?temporada=14&competicion=9565676&grupo=9715687&jornada=1&tipojuego=2,2026-08-03T21:06:59.193992+00:00
2018-2019,14,9565676,9715747,2429,C.D. CUBAS 'A',https://www.rffm.es/competicion/calendario?temporada=14&competicion=9565676&grupo=9715747&jornada=1&tipojuego=2,2026-08-03T21:07:02.118235+00:00
2018-2019,14,9565676,9715747,3361228,C.D. NUMANCIA DE LA SAGRA 'A',https://www.rffm.es/competicion/calendario?temporada=14&competicion=9565676&grupo=9715747&jornada=1&tipojuego=2,2026-08-03T21:07:02.118235+00:00
2018-2019,14,9565676,9715747,6798419,C.D.E. SERGIO PACHON Y ANTONIO LOPEZ 'E',https://www.rffm.es/competicion/calendario?temporada=14&competicion=9565676&grupo=9715747&jornada=1&tipojuego=2,2026-08-03T21:07:02.118235+00:00
2018-2019,14,9565676,9715747,5790412,CULTURAL DEPORTIVA MIRAFLOR 'C',https://www.rffm.es/competicion/calendario?temporada=14&competicion=9565676&grupo=9715747&jornada=1&tipojuego=2,2026-08-03T21:07:02.118235+00:00
2018-2019,14,9565676,9715747,2733738,C.D. SANTA BARBARA GETAFE 'A',https://www.rffm.es/competicion/calendario?temporada=14&competicion=9565676&grupo=9715747&jornada=1&tipojuego=2,2026-08-03T21:07:02.118235+00:00
2018-2019,14,9565676,9715747,1032431,DEPORTIVO SUR LORANCA 'B',https://www.rffm.es/competicion/calendario?temporada=14&competicion=9565676&grupo=9715747&jornada=1&tipojuego=2,2026-08-03T21:07:02.118235+00:00
2018-2019,14,9565676,9715747,1032430,DEPORTIVO SUR LORANCA 'A',https://www.rffm.es/competicion/calendario?temporada=14&competicion=9565676&grupo=9715747&jornada=1&tipojuego=2,2026-08-03T21:07:02.118235+00:00
2018-2019,14,9565676,9715747,6817850,C.D. NUMANCIA DE LA SAGRA 'B',https://www.rffm.es/competicion/calendario?temporada=14&competicion=9565676&grupo=9715747&jornada=1&tipojuego=2,2026-08-03T21:07:02.118235+00:00
2018-2019,14,9565676,9715747,1031987,CULTURAL DEPORTIVA MIRAFLOR 'B',https://www.rffm.es/competicion/calendario?temporada=14&competicion=9565676&grupo=9715747&jornada=1&tipojuego=2,2026-08-03T21:07:02.118235+00:00
2018-2019,14,9565676,9715747,6796900,C.D.E. SPORTING DE MADRID,https://www.rffm.es/competicion/calendario?temporada=14&competicion=9565676&grupo=9715747&jornada=1&tipojuego=2,2026-08-03T21:07:02.118235+00:00
2018-2019,14,9565676,9715747,8950877,DEPORTIVO SUR LORANCA 'C',https://www.rffm.es/competicion/calendario?temporada=14&competicion=9565676&grupo=9715747&jornada=1&tipojuego=2,2026-08-03T21:07:02.118235+00:00
2018-2019,14,9565676,9715747,712113,C.D. CUBAS 'B',https://www.rffm.es/competicion/calendario?temporada=14&competicion=9565676&grupo=9715747&jornada=1&tipojuego=2,2026-08-03T21:07:02.118235+00:00
2018-2019,14,9565676,9667791,300517,A.D. NUEVO VERSALLES LORANCA 'B',https://www.rffm.es/competicion/calendario?temporada=14&competicion=9565676&grupo=9667791&jornada=1&tipojuego=2,2026-08-03T21:07:05.146700+00:00
2018-2019,14,9565676,9667791,3359811,C.D. ATLETICO FUENLABREÑO 'A',https://www.rffm.es/competicion/calendario?temporada=14&competicion=9565676&grupo=9667791&jornada=1&tipojuego=2,2026-08-03T21:07:05.146700+00:00
2018-2019,14,9565676,9667791,467013,MOSTOLES C.F. 'A',https://www.rffm.es/competicion/calendario?temporada=14&competicion=9565676&grupo=9667791&jornada=1&tipojuego=2,2026-08-03T21:07:05.146700+00:00
2018-2019,14,9565676,9667791,2112,C.D. LUGO FUENLABRADA 'A',https://www.rffm.es/competicion/calendario?temporada=14&competicion=9565676&grupo=9667791&jornada=1&tipojuego=2,2026-08-03T21:07:05.146700+00:00
2018-2019,14,9565676,9667791,4944592,E.M.F. HUMANES 'A',https://www.rffm.es/competicion/calendario?temporada=14&competicion=9565676&grupo=9667791&jornada=1&tipojuego=2,2026-08-03T21:07:05.146700+00:00
2018-2019,14,9565676,9667791,2729704,C.D.E.F. PACO CORDOBA 'A',https://www.rffm.es/competicion/calendario?temporada=14&competicion=9565676&grupo=9667791&jornada=1&tipojuego=2,2026-08-03T21:07:05.146700+00:00
2018-2019,14,9565676,9667791,6798408,C.D.E. SERGIO PACHON Y ANTONIO LOPEZ 'C',https://www.rffm.es/competicion/calendario?temporada=14&competicion=9565676&grupo=9667791&jornada=1&tipojuego=2,2026-08-03T21:07:05.146700+00:00
2018-2019,14,9565676,9667791,4944593,E.M.F. HUMANES 'B',https://www.rffm.es/competicion/calendario?temporada=14&competicion=9565676&grupo=9667791&jornada=1&tipojuego=2,2026-08-03T21:07:05.146700+00:00
2018-2019,14,9565676,9667791,6817773,C.D. FUENLABRADA EL NARANJO 'A',https://www.rffm.es/competicion/calendario?temporada=14&competicion=9565676&grupo=9667791&jornada=1&tipojuego=2,2026-08-03T21:07:05.146700+00:00
2018-2019,14,9565676,9667791,4941530,SAN PEDRO DE HUMANES 'A',https://www.rffm.es/competicion/calendario?temporada=14&competicion=9565676&grupo=9667791&jornada=1&tipojuego=2,2026-08-03T21:07:05.146700+00:00
2018-2019,14,9565676,9667791,2732494,C.F. FUENLABRADA S.A.D. 'B',https://www.rffm.es/competicion/calendario?temporada=14&competicion=9565676&grupo=9667791&jornada=1&tipojuego=2,2026-08-03T21:07:05.146700+00:00
2018-2019,14,9565676,9667791,1726,C.D. ARROYO 'A',https://www.rffm.es/competicion/calendario?temporada=14&competicion=9565676&grupo=9667791&jornada=1&tipojuego=2,2026-08-03T21:07:05.146700+00:00
2018-2019,14,9565676,9667430,3359813,C.D. ATLETICO FUENLABREÑO 'B',https://www.rffm.es/competicion/calendario?temporada=14&competicion=9565676&grupo=9667430&jornada=1&tipojuego=2,2026-08-03T21:07:08.659728+00:00
2018-2019,14,9565676,9667430,2113,C.D. LUGO FUENLABRADA 'B',https://www.rffm.es/competicion/calendario?temporada=14&competicion=9565676&grupo=9667430&jornada=1&tipojuego=2,2026-08-03T21:07:08.659728+00:00
2018-2019,14,9565676,9667430,4944595,E.M.F. HUMANES 'D',https://www.rffm.es/competicion/calendario?temporada=14&competicion=9565676&grupo=9667430&jornada=1&tipojuego=2,2026-08-03T21:07:08.659728+00:00
2018-2019,14,9565676,9667430,3007205,C.D. RACING CALYPSO,https://www.rffm.es/competicion/calendario?temporada=14&competicion=9565676&grupo=9667430&jornada=1&tipojuego=2,2026-08-03T21:07:08.659728+00:00
2018-2019,14,9565676,9667430,2729706,C.D.E.F. PACO CORDOBA 'B',https://www.rffm.es/competicion/calendario?temporada=14&competicion=9565676&grupo=9667430&jornada=1&tipojuego=2,2026-08-03T21:07:08.659728+00:00
2018-2019,14,9565676,9667430,6798415,C.D.E. SERGIO PACHON Y ANTONIO LOPEZ 'D',https://www.rffm.es/competicion/calendario?temporada=14&competicion=9565676&grupo=9667430&jornada=1&tipojuego=2,2026-08-03T21:07:08.659728+00:00
2018-2019,14,9565676,9667430,4949215,C.D.E. SERGIO PACHON Y ANTONIO LOPEZ 'B',https://www.rffm.es/competicion/calendario?temporada=14&competicion=9565676&grupo=9667430&jornada=1&tipojuego=2,2026-08-03T21:07:08.659728+00:00
2018-2019,14,9565676,9667430,4944594,E.M.F. HUMANES 'C',https://www.rffm.es/competicion/calendario?temporada=14&competicion=9565676&grupo=9667430&jornada=1&tipojuego=2,2026-08-03T21:07:08.659728+00:00
2018-2019,14,9565676,9667430,524710,C.D. LUGO FUENLABRADA 'E',https://www.rffm.es/competicion/calendario?temporada=14&competicion=9565676&grupo=9667430&jornada=1&tipojuego=2,2026-08-03T21:07:08.659728+00:00
2018-2019,14,9565676,9667430,4944596,E.M.F. HUMANES 'E',https://www.rffm.es/competicion/calendario?temporada=14&competicion=9565676&grupo=9667430&jornada=1&tipojuego=2,2026-08-03T21:07:08.659728+00:00
2018-2019,14,9565676,9667430,334104,MOSTOLES C.F. 'B',https://www.rffm.es/competicion/calendario?temporada=14&competicion=9565676&grupo=9667430&jornada=1&tipojuego=2,2026-08-03T21:07:08.659728+00:00
2018-2019,14,9565676,9667430,6817774,C.D. FUENLABRADA EL NARANJO 'B',https://www.rffm.es/competicion/calendario?temporada=14&competicion=9565676&grupo=9667430&jornada=1&tipojuego=2,2026-08-03T21:07:08.659728+00:00
2018-2019,14,9565676,9668027,680459,A.D. NUEVO VERSALLES LORANCA 'C',https://www.rffm.es/competicion/calendario?temporada=14&competicion=9565676&grupo=9668027&jornada=1&tipojuego=2,2026-08-03T21:07:12.824760+00:00
2018-2019,14,9565676,9668027,467265,A.D. RAYO 13 - ESCUELA 'A',https://www.rffm.es/competicion/calendario?temporada=14&competicion=9565676&grupo=9668027&jornada=1&tipojuego=2,2026-08-03T21:07:12.824760+00:00
2018-2019,14,9565676,9668027,466958,E.M.F. MORALEJA DE ENMEDIO 'D',https://www.rffm.es/competicion/calendario?temporada=14&competicion=9565676&grupo=9668027&jornada=1&tipojuego=2,2026-08-03T21:07:12.824760+00:00
2018-2019,14,9565676,9668027,2732490,C.F. FUENLABRADA S.A.D. 'C',https://www.rffm.es/competicion/calendario?temporada=14&competicion=9565676&grupo=9668027&jornada=1&tipojuego=2,2026-08-03T21:07:12.824760+00:00
2018-2019,14,9565676,9668027,2278737,E.M.F. MORALEJA DE ENMEDIO 'B',https://www.rffm.es/competicion/calendario?temporada=14&competicion=9565676&grupo=9668027&jornada=1&tipojuego=2,2026-08-03T21:07:12.824760+00:00
2018-2019,14,9565676,9668027,1574,C.F. TRIVAL VALDERAS ALCORCON 'B',https://www.rffm.es/competicion/calendario?temporada=14&competicion=9565676&grupo=9668027&jornada=1&tipojuego=2,2026-08-03T21:07:12.824760+00:00
2018-2019,14,9565676,9668027,2732492,C.F. FUENLABRADA S.A.D. 'D',https://www.rffm.es/competicion/calendario?temporada=14&competicion=9565676&grupo=9668027&jornada=1&tipojuego=2,2026-08-03T21:07:12.824760+00:00
2018-2019,14,9565676,9668027,680583,E.M.F. MORALEJA DE ENMEDIO 'C',https://www.rffm.es/competicion/calendario?temporada=14&competicion=9565676&grupo=9668027&jornada=1&tipojuego=2,2026-08-03T21:07:12.824760+00:00
2018-2019,14,9565676,9668027,1727,C.D. ARROYO 'B',https://www.rffm.es/competicion/calendario?temporada=14&competicion=9565676&grupo=9668027&jornada=1&tipojuego=2,2026-08-03T21:07:12.824760+00:00
2018-2019,14,9565676,9668027,9026769,C.D. LIBERTAD FUENLABREÑA BALOMPIE 'A',https://www.rffm.es/competicion/calendario?temporada=14&competicion=9565676&grupo=9668027&jornada=1&tipojuego=2,2026-08-03T21:07:12.824760+00:00
2018-2019,14,9565676,9668027,321544,C.D. MOSTOLES U.R.J.C. 'F',https://www.rffm.es/competicion/calendario?temporada=14&competicion=9565676&grupo=9668027&jornada=1&tipojuego=2,2026-08-03T21:07:12.824760+00:00
2018-2019,14,9565676,9668027,846761,A.D. NUEVO VERSALLES LORANCA 'D',https://www.rffm.es/competicion/calendario?temporada=14&competicion=9565676&grupo=9668027&jornada=1&tipojuego=2,2026-08-03T21:07:12.824760+00:00
2018-2019,14,9565676,9668131,846734,A.D. ALCORCON S.A.D. 'B',https://www.rffm.es/competicion/calendario?temporada=14&competicion=9565676&grupo=9668131&jornada=1&tipojuego=2,2026-08-03T21:07:19.192387+00:00
2018-2019,14,9565676,9668131,846736,A.D. ALCORCON S.A.D. 'D',https://www.rffm.es/competicion/calendario?temporada=14&competicion=9565676&grupo=9668131&jornada=1&tipojuego=2,2026-08-03T21:07:19.192387+00:00
2018-2019,14,9565676,9668131,300154,MOSTOLES C.F. 'C',https://www.rffm.es/competicion/calendario?temporada=14&competicion=9565676&grupo=9668131&jornada=1&tipojuego=2,2026-08-03T21:07:19.192387+00:00
2018-2019,14,9565676,9668131,321542,C.D. MOSTOLES U.R.J.C. 'D',https://www.rffm.es/competicion/calendario?temporada=14&competicion=9565676&grupo=9668131&jornada=1&tipojuego=2,2026-08-03T21:07:19.192387+00:00
2018-2019,14,9565676,9668131,6817761,C.D. MUNICIPAL ARROYOMOLINOS 'I',https://www.rffm.es/competicion/calendario?temporada=14&competicion=9565676&grupo=9668131&jornada=1&tipojuego=2,2026-08-03T21:07:19.192387+00:00
2018-2019,14,9565676,9668131,300150,C.D. MUNICIPAL ARROYOMOLINOS 'E',https://www.rffm.es/competicion/calendario?temporada=14&competicion=9565676&grupo=9668131&jornada=1&tipojuego=2,2026-08-03T21:07:19.192387+00:00
2018-2019,14,9565676,9668131,1031832,C.D. MUNICIPAL ARROYOMOLINOS 'F',https://www.rffm.es/competicion/calendario?temporada=14&competicion=9565676&grupo=9668131&jornada=1&tipojuego=2,2026-08-03T21:07:19.192387+00:00
2018-2019,14,9565676,9668131,4911010,C.D. MUNICIPAL ARROYOMOLINOS 'H',https://www.rffm.es/competicion/calendario?temporada=14&competicion=9565676&grupo=9668131&jornada=1&tipojuego=2,2026-08-03T21:07:19.192387+00:00
2018-2019,14,9565676,9668131,300149,C.D. MUNICIPAL ARROYOMOLINOS 'D',https://www.rffm.es/competicion/calendario?temporada=14&competicion=9565676&grupo=9668131&jornada=1&tipojuego=2,2026-08-03T21:07:19.192387+00:00
2018-2019,14,9565676,9668131,1576,C.F. TRIVAL VALDERAS ALCORCON 'D',https://www.rffm.es/competicion/calendario?temporada=14&competicion=9565676&grupo=9668131&jornada=1&tipojuego=2,2026-08-03T21:07:19.192387+00:00
2018-2019,14,9565676,9668131,1032388,C.D. MOSTOLES U.R.J.C. 'H',https://www.rffm.es/competicion/calendario?temporada=14&competicion=9565676&grupo=9668131&jornada=1&tipojuego=2,2026-08-03T21:07:19.192387+00:00
2018-2019,14,9565676,9668131,3075788,MOSTOLES C.F. 'D',https://www.rffm.es/competicion/calendario?temporada=14&competicion=9565676&grupo=9668131&jornada=1&tipojuego=2,2026-08-03T21:07:19.192387+00:00
2018-2019,14,9565676,9668131,2714314,C.D. MUNICIPAL ARROYOMOLINOS 'G',https://www.rffm.es/competicion/calendario?temporada=14&competicion=9565676&grupo=9668131&jornada=1&tipojuego=2,2026-08-03T21:07:19.192387+00:00
2018-2019,14,9565676,9668131,846735,A.D. ALCORCON S.A.D. 'C',https://www.rffm.es/competicion/calendario?temporada=14&competicion=9565676&grupo=9668131&jornada=1&tipojuego=2,2026-08-03T21:07:19.192387+00:00
2018-2019,14,9565676,9668347,770541,ATLETICO VALDEIGLESIAS 'A',https://www.rffm.es/competicion/calendario?temporada=14&competicion=9565676&grupo=9668347&jornada=1&tipojuego=2,2026-08-03T21:07:21.943829+00:00
2018-2019,14,9565676,9668347,770543,ATLETICO VALDEIGLESIAS 'C',https://www.rffm.es/competicion/calendario?temporada=14&competicion=9565676&grupo=9668347&jornada=1&tipojuego=2,2026-08-03T21:07:21.943829+00:00
2018-2019,14,9565676,9668347,770540,F.C. PELAYOS,https://www.rffm.es/competicion/calendario?temporada=14&competicion=9565676&grupo=9668347&jornada=1&tipojuego=2,2026-08-03T21:07:21.943829+00:00
2018-2019,14,9565676,9668347,770542,ATLETICO VALDEIGLESIAS 'B',https://www.rffm.es/competicion/calendario?temporada=14&competicion=9565676&grupo=9668347&jornada=1&tipojuego=2,2026-08-03T21:07:21.943829+00:00
2018-2019,14,9565676,9668347,770539,A.D. CADALSO,https://www.rffm.es/competicion/calendario?temporada=14&competicion=9565676&grupo=9668347&jornada=1&tipojuego=2,2026-08-03T21:07:21.943829+00:00
2018-2019,14,9565676,9668347,1074543,ATLETICO VALDEIGLESIAS-CEBREROS 'F',https://www.rffm.es/competicion/calendario?temporada=14&competicion=9565676&grupo=9668347&jornada=1&tipojuego=2,2026-08-03T21:07:21.943829+00:00
2018-2019,14,9565676,9668347,846751,ATLETICO VALDEIGLESIAS 'D',https://www.rffm.es/competicion/calendario?temporada=14&competicion=9565676&grupo=9668347&jornada=1&tipojuego=2,2026-08-03T21:07:21.943829+00:00
2018-2019,14,9565676,9668347,848613,C.D. EL TIEMBLO,https://www.rffm.es/competicion/calendario?temporada=14&competicion=9565676&grupo=9668347&jornada=1&tipojuego=2,2026-08-03T21:07:21.943829+00:00
2018-2019,14,9565676,9668347,1032349,ATLETICO VALDEIGLESIAS-SOTILLO ADRADA 'E',https://www.rffm.es/competicion/calendario?temporada=14&competicion=9565676&grupo=9668347&jornada=1&tipojuego=2,2026-08-03T21:07:21.943829+00:00
2018-2019,14,9565676,9668347,770545,C.F. CENICIENTOS,https://www.rffm.es/competicion/calendario?temporada=14&competicion=9565676&grupo=9668347&jornada=1&tipojuego=2,2026-08-03T21:07:21.943829+00:00
2018-2019,14,9565676,9668531,847154,A.D. PIQUEÑAS 'B',https://www.rffm.es/competicion/calendario?temporada=14&competicion=9565676&grupo=9668531&jornada=1&tipojuego=2,2026-08-03T21:07:26.037892+00:00
2018-2019,14,9565676,9668531,727544,A.D. VILLAVICIOSA DE ODON 'C',https://www.rffm.es/competicion/calendario?temporada=14&competicion=9565676&grupo=9668531&jornada=1&tipojuego=2,2026-08-03T21:07:26.037892+00:00
2018-2019,14,9565676,9668531,851121,C.D. LIBERTAD ALCORCON 'A',https://www.rffm.es/competicion/calendario?temporada=14&competicion=9565676&grupo=9668531&jornada=1&tipojuego=2,2026-08-03T21:07:26.037892+00:00
2018-2019,14,9565676,9668531,949085,C.D. LIBERTAD ALCORCON 'B',https://www.rffm.es/competicion/calendario?temporada=14&competicion=9565676&grupo=9668531&jornada=1&tipojuego=2,2026-08-03T21:07:26.037892+00:00
2018-2019,14,9565676,9668531,3029934,A.D. VILLAVICIOSA DE ODON 'F',https://www.rffm.es/competicion/calendario?temporada=14&competicion=9565676&grupo=9668531&jornada=1&tipojuego=2,2026-08-03T21:07:26.037892+00:00
2018-2019,14,9565676,9668531,1575,C.F. TRIVAL VALDERAS ALCORCON 'C',https://www.rffm.es/competicion/calendario?temporada=14&competicion=9565676&grupo=9668531&jornada=1&tipojuego=2,2026-08-03T21:07:26.037892+00:00
2018-2019,14,9565676,9668531,437,A.D. VILLAVICIOSA DE ODON 'D',https://www.rffm.es/competicion/calendario?temporada=14&competicion=9565676&grupo=9668531&jornada=1&tipojuego=2,2026-08-03T21:07:26.037892+00:00
2018-2019,14,9565676,9668531,321543,C.D. MOSTOLES U.R.J.C. 'E',https://www.rffm.es/competicion/calendario?temporada=14&competicion=9565676&grupo=9668531&jornada=1&tipojuego=2,2026-08-03T21:07:26.037892+00:00
2018-2019,14,9565676,9668531,1032389,C.D. MOSTOLES U.R.J.C. 'I',https://www.rffm.es/competicion/calendario?temporada=14&competicion=9565676&grupo=9668531&jornada=1&tipojuego=2,2026-08-03T21:07:26.037892+00:00
2018-2019,14,9565676,9668531,436,A.D. VILLAVICIOSA DE ODON 'B',https://www.rffm.es/competicion/calendario?temporada=14&competicion=9565676&grupo=9668531&jornada=1&tipojuego=2,2026-08-03T21:07:26.037892+00:00
2018-2019,14,9565676,9668531,560247,C.D. NUEVO BOADILLA 'D',https://www.rffm.es/competicion/calendario?temporada=14&competicion=9565676&grupo=9668531&jornada=1&tipojuego=2,2026-08-03T21:07:26.037892+00:00
2018-2019,14,9565676,9668531,7501399,A.D. VILLAVICIOSA DE ODON 'G',https://www.rffm.es/competicion/calendario?temporada=14&competicion=9565676&grupo=9668531&jornada=1&tipojuego=2,2026-08-03T21:07:26.037892+00:00
2018-2019,14,9565676,9668531,3356506,S.A.D. HELADE,https://www.rffm.es/competicion/calendario?temporada=14&competicion=9565676&grupo=9668531&jornada=1&tipojuego=2,2026-08-03T21:07:26.037892+00:00
2018-2019,14,9565676,9668531,2365539,A.D. VILLAVICIOSA DE ODON 'E',https://www.rffm.es/competicion/calendario?temporada=14&competicion=9565676&grupo=9668531&jornada=1&tipojuego=2,2026-08-03T21:07:26.037892+00:00
2018-2019,14,9565676,9716181,680579,C.D. CLUNY POZUELO,https://www.rffm.es/competicion/calendario?temporada=14&competicion=9565676&grupo=9716181&jornada=1&tipojuego=2,2026-08-03T21:07:29.322630+00:00
2018-2019,14,9565676,9716181,334109,ARAVACA C.F. 'C',https://www.rffm.es/competicion/calendario?temporada=14&competicion=9565676&grupo=9716181&jornada=1&tipojuego=2,2026-08-03T21:07:29.322630+00:00
2018-2019,14,9565676,9716181,300164,EEPP SAN FERNANDO ESCOLAPIOS,https://www.rffm.es/competicion/calendario?temporada=14&competicion=9565676&grupo=9716181&jornada=1&tipojuego=2,2026-08-03T21:07:29.322630+00:00
2018-2019,14,9565676,9716181,1886,C.F. POZUELO DE ALARCON 'C',https://www.rffm.es/competicion/calendario?temporada=14&competicion=9565676&grupo=9716181&jornada=1&tipojuego=2,2026-08-03T21:07:29.322630+00:00
2018-2019,14,9565676,9716181,1885,C.F. POZUELO DE ALARCON 'B',https://www.rffm.es/competicion/calendario?temporada=14&competicion=9565676&grupo=9716181&jornada=1&tipojuego=2,2026-08-03T21:07:29.322630+00:00
2018-2019,14,9565676,9716181,300109,ARAVACA C.F. 'B',https://www.rffm.es/competicion/calendario?temporada=14&competicion=9565676&grupo=9716181&jornada=1&tipojuego=2,2026-08-03T21:07:29.322630+00:00
2018-2019,14,9565676,9716181,2277020,C.D. INDEPENDIENTE DE ARAVACA,https://www.rffm.es/competicion/calendario?temporada=14&competicion=9565676&grupo=9716181&jornada=1&tipojuego=2,2026-08-03T21:07:29.322630+00:00
2018-2019,14,9565676,9716181,406107,C.F. POZUELO DE ALARCON 'F',https://www.rffm.es/competicion/calendario?temporada=14&competicion=9565676&grupo=9716181&jornada=1&tipojuego=2,2026-08-03T21:07:29.322630+00:00
2018-2019,14,9565676,9716181,719214,ARAVACA C.F. 'D',https://www.rffm.es/competicion/calendario?temporada=14&competicion=9565676&grupo=9716181&jornada=1&tipojuego=2,2026-08-03T21:07:29.322630+00:00
2018-2019,14,9565676,9716181,548560,C.F. POZUELO DE ALARCON 'D',https://www.rffm.es/competicion/calendario?temporada=14&competicion=9565676&grupo=9716181&jornada=1&tipojuego=2,2026-08-03T21:07:29.322630+00:00
2018-2019,14,9565676,9716181,548561,C.F. POZUELO DE ALARCON 'E',https://www.rffm.es/competicion/calendario?temporada=14&competicion=9565676&grupo=9716181&jornada=1&tipojuego=2,2026-08-03T21:07:29.322630+00:00
2018-2019,14,9565676,9716181,1544,C.D. RETAMAR,https://www.rffm.es/competicion/calendario?temporada=14&competicion=9565676&grupo=9716181&jornada=1&tipojuego=2,2026-08-03T21:07:29.322630+00:00
2018-2019,14,9565676,9716255,560248,C.D. NUEVO BOADILLA 'E',https://www.rffm.es/competicion/calendario?temporada=14&competicion=9565676&grupo=9716255&jornada=1&tipojuego=2,2026-08-03T21:07:33.080537+00:00
2018-2019,14,9565676,9716255,848170,C.D. NUEVO BOADILLA 'I',https://www.rffm.es/competicion/calendario?temporada=14&competicion=9565676&grupo=9716255&jornada=1&tipojuego=2,2026-08-03T21:07:33.080537+00:00
2018-2019,14,9565676,9716255,2277757,REEBOK SPORTS CLUB ACADEMIA DE FUTBOL 'A',https://www.rffm.es/competicion/calendario?temporada=14&competicion=9565676&grupo=9716255&jornada=1&tipojuego=2,2026-08-03T21:07:33.080537+00:00
2018-2019,14,9565676,9716255,2728611,C.D. UNION DE ARAVACA 'A',https://www.rffm.es/competicion/calendario?temporada=14&competicion=9565676&grupo=9716255&jornada=1&tipojuego=2,2026-08-03T21:07:33.080537+00:00
2018-2019,14,9565676,9716255,334144,E.F.M.O. BOADILLA 'E',https://www.rffm.es/competicion/calendario?temporada=14&competicion=9565676&grupo=9716255&jornada=1&tipojuego=2,2026-08-03T21:07:33.080537+00:00
2018-2019,14,9565676,9716255,300166,E.F.M.O. BOADILLA 'D',https://www.rffm.es/competicion/calendario?temporada=14&competicion=9565676&grupo=9716255&jornada=1&tipojuego=2,2026-08-03T21:07:33.080537+00:00
2018-2019,14,9565676,9716255,3209,CLUB LAS ENCINAS DE BOADILLA,https://www.rffm.es/competicion/calendario?temporada=14&competicion=9565676&grupo=9716255&jornada=1&tipojuego=2,2026-08-03T21:07:33.080537+00:00
2018-2019,14,9565676,9716255,846789,E.F.M.O. BOADILLA 'F',https://www.rffm.es/competicion/calendario?temporada=14&competicion=9565676&grupo=9716255&jornada=1&tipojuego=2,2026-08-03T21:07:33.080537+00:00
2018-2019,14,9565676,9716255,2743274,C.D. NUEVO BOADILLA 'L',https://www.rffm.es/competicion/calendario?temporada=14&competicion=9565676&grupo=9716255&jornada=1&tipojuego=2,2026-08-03T21:07:33.080537+00:00
2018-2019,14,9565676,9716255,848172,C.D. NUEVO BOADILLA 'K',https://www.rffm.es/competicion/calendario?temporada=14&competicion=9565676&grupo=9716255&jornada=1&tipojuego=2,2026-08-03T21:07:33.080537+00:00
2018-2019,14,9565676,9716255,2218,C.F. RAYO MAJADAHONDA 'C',https://www.rffm.es/competicion/calendario?temporada=14&competicion=9565676&grupo=9716255&jornada=1&tipojuego=2,2026-08-03T21:07:33.080537+00:00
2018-2019,14,9565676,9716255,560249,C.D. NUEVO BOADILLA 'F',https://www.rffm.es/competicion/calendario?temporada=14&competicion=9565676&grupo=9716255&jornada=1&tipojuego=2,2026-08-03T21:07:33.080537+00:00
2018-2019,14,9565676,9716280,1752,E.F.M.O. BOADILLA 'C',https://www.rffm.es/competicion/calendario?temporada=14&competicion=9565676&grupo=9716280&jornada=1&tipojuego=2,2026-08-03T21:07:35.632326+00:00
2018-2019,14,9565676,9716280,8918706,C.D.E. AUPA 'B',https://www.rffm.es/competicion/calendario?temporada=14&competicion=9565676&grupo=9716280&jornada=1&tipojuego=2,2026-08-03T21:07:35.632326+00:00
2018-2019,14,9565676,9716280,3355017,MOSTOLES C.F. 'E',https://www.rffm.es/competicion/calendario?temporada=14&competicion=9565676&grupo=9716280&jornada=1&tipojuego=2,2026-08-03T21:07:35.632326+00:00
2018-2019,14,9565676,9716280,680476,C.D. NUEVO BOADILLA 'H',https://www.rffm.es/competicion/calendario?temporada=14&competicion=9565676&grupo=9716280&jornada=1&tipojuego=2,2026-08-03T21:07:35.632326+00:00
2018-2019,14,9565676,9716280,2269961,E.F.M.O. BOADILLA 'H',https://www.rffm.es/competicion/calendario?temporada=14&competicion=9565676&grupo=9716280&jornada=1&tipojuego=2,2026-08-03T21:07:35.632326+00:00
2018-2019,14,9565676,9716280,4073395,C.D. NUEVO BOADILLA 'N',https://www.rffm.es/competicion/calendario?temporada=14&competicion=9565676&grupo=9716280&jornada=1&tipojuego=2,2026-08-03T21:07:35.632326+00:00
2018-2019,14,9565676,9716280,4937440,C.D. UNION DE ARAVACA 'B',https://www.rffm.es/competicion/calendario?temporada=14&competicion=9565676&grupo=9716280&jornada=1&tipojuego=2,2026-08-03T21:07:35.632326+00:00
2018-2019,14,9565676,9716280,846790,E.F.M.O. BOADILLA 'G',https://www.rffm.es/competicion/calendario?temporada=14&competicion=9565676&grupo=9716280&jornada=1&tipojuego=2,2026-08-03T21:07:35.632326+00:00
2018-2019,14,9565676,9716280,848171,C.D. NUEVO BOADILLA 'J',https://www.rffm.es/competicion/calendario?temporada=14&competicion=9565676&grupo=9716280&jornada=1&tipojuego=2,2026-08-03T21:07:35.632326+00:00
2018-2019,14,9565676,9716280,2743275,C.D. NUEVO BOADILLA 'M',https://www.rffm.es/competicion/calendario?temporada=14&competicion=9565676&grupo=9716280&jornada=1&tipojuego=2,2026-08-03T21:07:35.632326+00:00
2018-2019,14,9565676,9716280,2219,C.F. RAYO MAJADAHONDA 'D',https://www.rffm.es/competicion/calendario?temporada=14&competicion=9565676&grupo=9716280&jornada=1&tipojuego=2,2026-08-03T21:07:35.632326+00:00
2018-2019,14,9565676,9716280,680474,C.D. NUEVO BOADILLA 'G',https://www.rffm.es/competicion/calendario?temporada=14&competicion=9565676&grupo=9716280&jornada=1&tipojuego=2,2026-08-03T21:07:35.632326+00:00
2018-2019,14,9565676,9716448,1031823,C.D. VALLMONT 'C',https://www.rffm.es/competicion/calendario?temporada=14&competicion=9565676&grupo=9716448&jornada=1&tipojuego=2,2026-08-03T21:07:38.569268+00:00
2018-2019,14,9565676,9716448,847139,C.D. MOSTOLES U.R.J.C. 'G',https://www.rffm.es/competicion/calendario?temporada=14&competicion=9565676&grupo=9716448&jornada=1&tipojuego=2,2026-08-03T21:07:38.569268+00:00
2018-2019,14,9565676,9716448,7564005,C.D.E. F.P.A. LAS ROZAS 'D',https://www.rffm.es/competicion/calendario?temporada=14&competicion=9565676&grupo=9716448&jornada=1&tipojuego=2,2026-08-03T21:07:38.569268+00:00
2018-2019,14,9565676,9716448,9824495,MOSTOLES C.F. 'F',https://www.rffm.es/competicion/calendario?temporada=14&competicion=9565676&grupo=9716448&jornada=1&tipojuego=2,2026-08-03T21:07:38.569268+00:00
2018-2019,14,9565676,9716448,2297,ESCUELA FUTBOL DE BRUNETE 'B',https://www.rffm.es/competicion/calendario?temporada=14&competicion=9565676&grupo=9716448&jornada=1&tipojuego=2,2026-08-03T21:07:38.569268+00:00
2018-2019,14,9565676,9716448,307,LAS ROZAS C.F. 'C',https://www.rffm.es/competicion/calendario?temporada=14&competicion=9565676&grupo=9716448&jornada=1&tipojuego=2,2026-08-03T21:07:38.569268+00:00
2018-2019,14,9565676,9716448,2298,ESCUELA FUTBOL DE BRUNETE 'D',https://www.rffm.es/competicion/calendario?temporada=14&competicion=9565676&grupo=9716448&jornada=1&tipojuego=2,2026-08-03T21:07:38.569268+00:00
2018-2019,14,9565676,9716448,524074,ESCUELA FUTBOL DE BRUNETE 'C',https://www.rffm.es/competicion/calendario?temporada=14&competicion=9565676&grupo=9716448&jornada=1&tipojuego=2,2026-08-03T21:07:38.569268+00:00
2018-2019,14,9565676,9716448,466952,LAS ROZAS C.F. 'D',https://www.rffm.es/competicion/calendario?temporada=14&competicion=9565676&grupo=9716448&jornada=1&tipojuego=2,2026-08-03T21:07:38.569268+00:00
2018-2019,14,9565676,9716448,6821042,C.D.E. F.P.A. LAS ROZAS 'C',https://www.rffm.es/competicion/calendario?temporada=14&competicion=9565676&grupo=9716448&jornada=1&tipojuego=2,2026-08-03T21:07:38.569268+00:00
2018-2019,14,9565676,9716448,4931183,C.D. VALLMONT 'E',https://www.rffm.es/competicion/calendario?temporada=14&competicion=9565676&grupo=9716448&jornada=1&tipojuego=2,2026-08-03T21:07:38.569268+00:00
2018-2019,14,9565676,9716490,2275774,C.D.A. NAVALCARNERO 'B',https://www.rffm.es/competicion/calendario?temporada=14&competicion=9565676&grupo=9716490&jornada=1&tipojuego=2,2026-08-03T21:07:42.925284+00:00
2018-2019,14,9565676,9716490,9026828,ATLETICO NAVALCARNERO 'D',https://www.rffm.es/competicion/calendario?temporada=14&competicion=9565676&grupo=9716490&jornada=1&tipojuego=2,2026-08-03T21:07:42.925284+00:00
2018-2019,14,9565676,9716490,1031825,F.S. NAVALCARNERO 'B',https://www.rffm.es/competicion/calendario?temporada=14&competicion=9565676&grupo=9716490&jornada=1&tipojuego=2,2026-08-03T21:07:42.925284+00:00
2018-2019,14,9565676,9716490,8920164,C.D. MUNICIPAL ARROYOMOLINOS 'J',https://www.rffm.es/competicion/calendario?temporada=14&competicion=9565676&grupo=9716490&jornada=1&tipojuego=2,2026-08-03T21:07:42.925284+00:00
2018-2019,14,9565676,9716490,8966819,C.D. PINAR DE NAVALCARNERO 'A',https://www.rffm.es/competicion/calendario?temporada=14&competicion=9565676&grupo=9716490&jornada=1&tipojuego=2,2026-08-03T21:07:42.925284+00:00
2018-2019,14,9565676,9716490,2276930,F.S. NAVALCARNERO 'C',https://www.rffm.es/competicion/calendario?temporada=14&competicion=9565676&grupo=9716490&jornada=1&tipojuego=2,2026-08-03T21:07:42.925284+00:00
2018-2019,14,9565676,9716490,467179,C.D. EL ALAMO 'B',https://www.rffm.es/competicion/calendario?temporada=14&competicion=9565676&grupo=9716490&jornada=1&tipojuego=2,2026-08-03T21:07:42.925284+00:00
2018-2019,14,9565676,9716490,6817664,ATLETICO NAVALCARNERO 'B',https://www.rffm.es/competicion/calendario?temporada=14&competicion=9565676&grupo=9716490&jornada=1&tipojuego=2,2026-08-03T21:07:42.925284+00:00
2018-2019,14,9565676,9716490,2276074,ATLETICO NAVALCARNERO 'A',https://www.rffm.es/competicion/calendario?temporada=14&competicion=9565676&grupo=9716490&jornada=1&tipojuego=2,2026-08-03T21:07:42.925284+00:00
2018-2019,14,9565676,9716490,2729938,C.D.A. NAVALCARNERO 'D',https://www.rffm.es/competicion/calendario?temporada=14&competicion=9565676&grupo=9716490&jornada=1&tipojuego=2,2026-08-03T21:07:42.925284+00:00
2018-2019,14,9565676,9716490,8947058,ATLETICO NAVALCARNERO 'C',https://www.rffm.es/competicion/calendario?temporada=14&competicion=9565676&grupo=9716490&jornada=1&tipojuego=2,2026-08-03T21:07:42.925284+00:00
2018-2019,14,9565676,9716490,2729937,C.D.A. NAVALCARNERO 'C',https://www.rffm.es/competicion/calendario?temporada=14&competicion=9565676&grupo=9716490&jornada=1&tipojuego=2,2026-08-03T21:07:42.925284+00:00
2018-2019,14,9565676,9716516,4944527,C.D. ANTAVILLA 'A',https://www.rffm.es/competicion/calendario?temporada=14&competicion=9565676&grupo=9716516&jornada=1&tipojuego=2,2026-08-03T21:07:46.008547+00:00
2018-2019,14,9565676,9716516,6817748,C.D. ANTAVILLA 'C',https://www.rffm.es/competicion/calendario?temporada=14&competicion=9565676&grupo=9716516&jornada=1&tipojuego=2,2026-08-03T21:07:46.008547+00:00
2018-2019,14,9565676,9716516,1837,C.D. VILLANUEVA DE LA CAÑADA 'A',https://www.rffm.es/competicion/calendario?temporada=14&competicion=9565676&grupo=9716516&jornada=1&tipojuego=2,2026-08-03T21:07:46.008547+00:00
2018-2019,14,9565676,9716516,1031824,C.D. VALLMONT 'B',https://www.rffm.es/competicion/calendario?temporada=14&competicion=9565676&grupo=9716516&jornada=1&tipojuego=2,2026-08-03T21:07:46.008547+00:00
2018-2019,14,9565676,9716516,391601,F.C. VILLANUEVA DEL PARDILLO 'B',https://www.rffm.es/competicion/calendario?temporada=14&competicion=9565676&grupo=9716516&jornada=1&tipojuego=2,2026-08-03T21:07:46.008547+00:00
2018-2019,14,9565676,9716516,5676156,C.D. VILLANUEVA DE LA CAÑADA 'C',https://www.rffm.es/competicion/calendario?temporada=14&competicion=9565676&grupo=9716516&jornada=1&tipojuego=2,2026-08-03T21:07:46.008547+00:00
2018-2019,14,9565676,9716516,2274609,C.D. VALLMONT 'D',https://www.rffm.es/competicion/calendario?temporada=14&competicion=9565676&grupo=9716516&jornada=1&tipojuego=2,2026-08-03T21:07:46.008547+00:00
2018-2019,14,9565676,9716516,1031376,F.C. VILLANUEVA DEL PARDILLO 'C',https://www.rffm.es/competicion/calendario?temporada=14&competicion=9565676&grupo=9716516&jornada=1&tipojuego=2,2026-08-03T21:07:46.008547+00:00
2018-2019,14,9565676,9716516,2279723,C.D. SEK EL CASTILLO-U.C.J.C.,https://www.rffm.es/competicion/calendario?temporada=14&competicion=9565676&grupo=9716516&jornada=1&tipojuego=2,2026-08-03T21:07:46.008547+00:00
2018-2019,14,9565676,9716516,885382,C.D. VILLANUEVA DE LA CAÑADA 'B',https://www.rffm.es/competicion/calendario?temporada=14&competicion=9565676&grupo=9716516&jornada=1&tipojuego=2,2026-08-03T21:07:46.008547+00:00
2018-2019,14,9565676,9716516,6821041,C.D.E. F.P.A. LAS ROZAS 'B',https://www.rffm.es/competicion/calendario?temporada=14&competicion=9565676&grupo=9716516&jornada=1&tipojuego=2,2026-08-03T21:07:46.008547+00:00
2018-2019,14,9565676,9716516,6390488,C.D. ANTAVILLA 'B',https://www.rffm.es/competicion/calendario?temporada=14&competicion=9565676&grupo=9716516&jornada=1&tipojuego=2,2026-08-03T21:07:46.008547+00:00
2018-2019,14,9565676,9717126,2384128,C.D. SEVILLA LA NUEVA 'B',https://www.rffm.es/competicion/calendario?temporada=14&competicion=9565676&grupo=9717126&jornada=1&tipojuego=2,2026-08-03T21:07:49.351853+00:00
2018-2019,14,9565676,9717126,917567,C.D. NAVAS DEL REY,https://www.rffm.es/competicion/calendario?temporada=14&competicion=9565676&grupo=9717126&jornada=1&tipojuego=2,2026-08-03T21:07:49.351853+00:00
2018-2019,14,9565676,9717126,846750,C.D. VILLAMANTILLA,https://www.rffm.es/competicion/calendario?temporada=14&competicion=9565676&grupo=9717126&jornada=1&tipojuego=2,2026-08-03T21:07:49.351853+00:00
2018-2019,14,9565676,9717126,1031834,ROBLEDO C.F.,https://www.rffm.es/competicion/calendario?temporada=14&competicion=9565676&grupo=9717126&jornada=1&tipojuego=2,2026-08-03T21:07:49.351853+00:00
2018-2019,14,9565676,9717126,6821020,E.F. HALCONES MADRID-ALDEA DEL FRESNO 'A',https://www.rffm.es/competicion/calendario?temporada=14&competicion=9565676&grupo=9717126&jornada=1&tipojuego=2,2026-08-03T21:07:49.351853+00:00
2018-2019,14,9565676,9717126,2409350,C.D. VILLA DEL PRADO 'B',https://www.rffm.es/competicion/calendario?temporada=14&competicion=9565676&grupo=9717126&jornada=1&tipojuego=2,2026-08-03T21:07:49.351853+00:00
2018-2019,14,9565676,9717126,524204,C.F. QUIJORNA 'A',https://www.rffm.es/competicion/calendario?temporada=14&competicion=9565676&grupo=9717126&jornada=1&tipojuego=2,2026-08-03T21:07:49.351853+00:00
2018-2019,14,9565676,9717126,6283971,C.F. QUIJORNA 'B',https://www.rffm.es/competicion/calendario?temporada=14&competicion=9565676&grupo=9717126&jornada=1&tipojuego=2,2026-08-03T21:07:49.351853+00:00
2018-2019,14,9565676,9717126,770538,C.D. VILLA DEL PRADO 'A',https://www.rffm.es/competicion/calendario?temporada=14&competicion=9565676&grupo=9717126&jornada=1&tipojuego=2,2026-08-03T21:07:49.351853+00:00
2018-2019,14,9565676,9717126,8961153,E.F. HALCONES MADRID-VILLAMANTA 'B',https://www.rffm.es/competicion/calendario?temporada=14&competicion=9565676&grupo=9717126&jornada=1&tipojuego=2,2026-08-03T21:07:49.351853+00:00
2018-2019,14,9565676,9717126,782518,ESCUELA MUNICIPAL DE FUTBOL CHAPINERIA,https://www.rffm.es/competicion/calendario?temporada=14&competicion=9565676&grupo=9717126&jornada=1&tipojuego=2,2026-08-03T21:07:49.351853+00:00
2018-2019,14,9565676,9717126,9187414,C.D.E. VILLANUEVA DE PERALES,https://www.rffm.es/competicion/calendario?temporada=14&competicion=9565676&grupo=9717126&jornada=1&tipojuego=2,2026-08-03T21:07:49.351853+00:00
2018-2019,14,9565676,9717126,5536632,C.D. VILLA DEL PRADO 'C',https://www.rffm.es/competicion/calendario?temporada=14&competicion=9565676&grupo=9717126&jornada=1&tipojuego=2,2026-08-03T21:07:49.351853+00:00
2018-2019,14,10315628,10429716,1324,JUVENTUD SANSE 'B',https://www.rffm.es/competicion/calendario?temporada=14&competicion=10315628&grupo=10429716&jornada=1&tipojuego=2,2026-08-03T21:07:52.855044+00:00
2018-2019,14,10315628,10429716,2386220,U.D. SAN SEBASTIAN REYES 'D',https://www.rffm.es/competicion/calendario?temporada=14&competicion=10315628&grupo=10429716&jornada=1&tipojuego=2,2026-08-03T21:07:52.855044+00:00
2018-2019,14,10315628,10429716,2283801,CLUB CHAMARTIN-R 'B',https://www.rffm.es/competicion/calendario?temporada=14&competicion=10315628&grupo=10429716&jornada=1&tipojuego=2,2026-08-03T21:07:52.855044+00:00
2018-2019,14,10315628,10429716,1084,C.D. CARRANZA 'B',https://www.rffm.es/competicion/calendario?temporada=14&competicion=10315628&grupo=10429716&jornada=1&tipojuego=2,2026-08-03T21:07:52.855044+00:00
2018-2019,14,10315628,10429716,406,S.A.D. FUND. C.D. RECUERDO 'A',https://www.rffm.es/competicion/calendario?temporada=14&competicion=10315628&grupo=10429716&jornada=1&tipojuego=2,2026-08-03T21:07:52.855044+00:00
2018-2019,14,10315628,10429716,419,U.D. SAN SEBASTIAN REYES 'E',https://www.rffm.es/competicion/calendario?temporada=14&competicion=10315628&grupo=10429716&jornada=1&tipojuego=2,2026-08-03T21:07:52.855044+00:00
2018-2019,14,10315628,10429716,6821025,UNION EUROPA SANSE 'A',https://www.rffm.es/competicion/calendario?temporada=14&competicion=10315628&grupo=10429716&jornada=1&tipojuego=2,2026-08-03T21:07:52.855044+00:00
2018-2019,14,10315628,10429716,1325,JUVENTUD SANSE 'E',https://www.rffm.es/competicion/calendario?temporada=14&competicion=10315628&grupo=10429716&jornada=1&tipojuego=2,2026-08-03T21:07:52.855044+00:00
2018-2019,14,10315628,10429716,3075646,U.D.SAN SEBASTIAN REYES 'B',https://www.rffm.es/competicion/calendario?temporada=14&competicion=10315628&grupo=10429716&jornada=1&tipojuego=2,2026-08-03T21:07:52.855044+00:00
2018-2019,14,10315628,10429716,307833,ATLETICO MADRILEÑO C.F. 'E',https://www.rffm.es/competicion/calendario?temporada=14&competicion=10315628&grupo=10429716&jornada=1&tipojuego=2,2026-08-03T21:07:52.855044+00:00
2018-2019,14,10315628,10429716,540035,JUVENTUD SANSE 'C',https://www.rffm.es/competicion/calendario?temporada=14&competicion=10315628&grupo=10429716&jornada=1&tipojuego=2,2026-08-03T21:07:52.855044+00:00
2018-2019,14,10315628,10429716,3015897,U.D.SAN SEBASTIAN REYES 'C',https://www.rffm.es/competicion/calendario?temporada=14&competicion=10315628&grupo=10429716&jornada=1&tipojuego=2,2026-08-03T21:07:52.855044+00:00
2018-2019,14,10315628,10429716,1222,CLUB CHAMARTIN-R 'A',https://www.rffm.es/competicion/calendario?temporada=14&competicion=10315628&grupo=10429716&jornada=1&tipojuego=2,2026-08-03T21:07:52.855044+00:00
2018-2019,14,10315628,10429716,1326,JUVENTUD SANSE 'D',https://www.rffm.es/competicion/calendario?temporada=14&competicion=10315628&grupo=10429716&jornada=1&tipojuego=2,2026-08-03T21:07:52.855044+00:00
2018-2019,14,10315628,10429724,7882511,U.D. SAN SEBASTIAN REYES 'G',https://www.rffm.es/competicion/calendario?temporada=14&competicion=10315628&grupo=10429724&jornada=1&tipojuego=2,2026-08-03T21:07:57.525044+00:00
2018-2019,14,10315628,10429724,2743776,JUVENTUD SANSE 'I',https://www.rffm.es/competicion/calendario?temporada=14&competicion=10315628&grupo=10429724&jornada=1&tipojuego=2,2026-08-03T21:07:57.525044+00:00
2018-2019,14,10315628,10429724,7275369,CLUB FUENTELARREYNA 'E',https://www.rffm.es/competicion/calendario?temporada=14&competicion=10315628&grupo=10429724&jornada=1&tipojuego=2,2026-08-03T21:07:57.525044+00:00
2018-2019,14,10315628,10429724,1031636,JUVENTUD SANSE 'F',https://www.rffm.es/competicion/calendario?temporada=14&competicion=10315628&grupo=10429724&jornada=1&tipojuego=2,2026-08-03T21:07:57.525044+00:00
2018-2019,14,10315628,10429724,846782,RAYO CIUDAD ALCOBENDAS C.F. 'D',https://www.rffm.es/competicion/calendario?temporada=14&competicion=10315628&grupo=10429724&jornada=1&tipojuego=2,2026-08-03T21:07:57.525044+00:00
2018-2019,14,10315628,10429724,2274981,C.D.E. ACADEMIA DE FUTBOL ALCOBENDAS 'F',https://www.rffm.es/competicion/calendario?temporada=14&competicion=10315628&grupo=10429724&jornada=1&tipojuego=2,2026-08-03T21:07:57.525044+00:00
2018-2019,14,10315628,10429724,334130,C.D.E. ACADEMIA DE FUTBOL ALCOBENDAS 'C',https://www.rffm.es/competicion/calendario?temporada=14&competicion=10315628&grupo=10429724&jornada=1&tipojuego=2,2026-08-03T21:07:57.525044+00:00
2018-2019,14,10315628,10429724,3128768,JUVENTUD SANSE-TRINITY COLLEGE 'K',https://www.rffm.es/competicion/calendario?temporada=14&competicion=10315628&grupo=10429724&jornada=1&tipojuego=2,2026-08-03T21:07:57.525044+00:00
2018-2019,14,10315628,10429724,2743777,JUVENTUD SANSE-TRINITY COLLEGE 'M',https://www.rffm.es/competicion/calendario?temporada=14&competicion=10315628&grupo=10429724&jornada=1&tipojuego=2,2026-08-03T21:07:57.525044+00:00
2018-2019,14,10315628,10429724,3228,JARAMA RACE 'B',https://www.rffm.es/competicion/calendario?temporada=14&competicion=10315628&grupo=10429724&jornada=1&tipojuego=2,2026-08-03T21:07:57.525044+00:00
2018-2019,14,10315628,10429724,2272010,JUVENTUD SANSE 'G',https://www.rffm.es/competicion/calendario?temporada=14&competicion=10315628&grupo=10429724&jornada=1&tipojuego=2,2026-08-03T21:07:57.525044+00:00
2018-2019,14,10315628,10429724,846739,U.D .SAN SEBASTIAN REYES 'F',https://www.rffm.es/competicion/calendario?temporada=14&competicion=10315628&grupo=10429724&jornada=1&tipojuego=2,2026-08-03T21:07:57.525044+00:00
2018-2019,14,10315628,10429724,9885411,RAYO CIUDAD ALCOBENDAS C.F. 'I',https://www.rffm.es/competicion/calendario?temporada=14&competicion=10315628&grupo=10429724&jornada=1&tipojuego=2,2026-08-03T21:07:57.525044+00:00
2018-2019,14,10315628,10429724,2272011,JUVENTUD SANSE 'H',https://www.rffm.es/competicion/calendario?temporada=14&competicion=10315628&grupo=10429724&jornada=1&tipojuego=2,2026-08-03T21:07:57.525044+00:00
2018-2019,14,10315628,10503626,680984,BOCA JUNIORS,https://www.rffm.es/competicion/calendario?temporada=14&competicion=10315628&grupo=10503626&jornada=1&tipojuego=2,2026-08-03T21:08:00.733381+00:00
2018-2019,14,10315628,10503626,846731,UNION DEPORTIVA LA POVEDA 'D',https://www.rffm.es/competicion/calendario?temporada=14&competicion=10315628&grupo=10503626&jornada=1&tipojuego=2,2026-08-03T21:08:00.733381+00:00
2018-2019,14,10315628,10503626,8944327,A.D. SPORTING SAN FERNANDO DE HENARES 'A',https://www.rffm.es/competicion/calendario?temporada=14&competicion=10315628&grupo=10503626&jornada=1&tipojuego=2,2026-08-03T21:08:00.733381+00:00
2018-2019,14,10315628,10503626,681033,ESCUELA DE FUTBOL ARGANDA 'E',https://www.rffm.es/competicion/calendario?temporada=14&competicion=10315628&grupo=10503626&jornada=1&tipojuego=2,2026-08-03T21:08:00.733381+00:00
2018-2019,14,10315628,10503626,8939784,RIVAS FUTBOL CLUB 'C',https://www.rffm.es/competicion/calendario?temporada=14&competicion=10315628&grupo=10503626&jornada=1&tipojuego=2,2026-08-03T21:08:00.733381+00:00
2018-2019,14,10315628,10503626,680785,ESCUELA DE FUTBOL ARGANDA 'C',https://www.rffm.es/competicion/calendario?temporada=14&competicion=10315628&grupo=10503626&jornada=1&tipojuego=2,2026-08-03T21:08:00.733381+00:00
2018-2019,14,10315628,10503626,3342569,C.F. CAMPO REAL 'B',https://www.rffm.es/competicion/calendario?temporada=14&competicion=10315628&grupo=10503626&jornada=1&tipojuego=2,2026-08-03T21:08:00.733381+00:00
2018-2019,14,10315628,10503626,3343930,A.D. ARGANDA C.F. 'C',https://www.rffm.es/competicion/calendario?temporada=14&competicion=10315628&grupo=10503626&jornada=1&tipojuego=2,2026-08-03T21:08:00.733381+00:00
2018-2019,14,10315628,10503626,8962922,A.D. SPORTING SAN FERNANDO DE HENARES 'B',https://www.rffm.es/competicion/calendario?temporada=14&competicion=10315628&grupo=10503626&jornada=1&tipojuego=2,2026-08-03T21:08:00.733381+00:00
2018-2019,14,10315628,10503626,3359671,C.D. RAYO VELILLA 'A',https://www.rffm.es/competicion/calendario?temporada=14&competicion=10315628&grupo=10503626&jornada=1&tipojuego=2,2026-08-03T21:08:00.733381+00:00
2018-2019,14,10315628,10503626,526036,ESC. MUN. FUT. VILLAREJO 'B',https://www.rffm.es/competicion/calendario?temporada=14&competicion=10315628&grupo=10503626&jornada=1&tipojuego=2,2026-08-03T21:08:00.733381+00:00
2018-2019,14,10315628,10503626,7564313,RIVAS FUTBOL CLUB 'B',https://www.rffm.es/competicion/calendario?temporada=14&competicion=10315628&grupo=10503626&jornada=1&tipojuego=2,2026-08-03T21:08:00.733381+00:00
2018-2019,14,10315628,10503628,2720902,C.D. MEJOREÑO 'B',https://www.rffm.es/competicion/calendario?temporada=14&competicion=10315628&grupo=10503628&jornada=1&tipojuego=2,2026-08-03T21:08:03.426817+00:00
2018-2019,14,10315628,10503628,4929108,E.M.F. DE CARABAÑA 'B',https://www.rffm.es/competicion/calendario?temporada=14&competicion=10315628&grupo=10503628&jornada=1&tipojuego=2,2026-08-03T21:08:03.426817+00:00
2018-2019,14,10315628,10503628,8927511,ATLETICO LOECHES 'B',https://www.rffm.es/competicion/calendario?temporada=14&competicion=10315628&grupo=10503628&jornada=1&tipojuego=2,2026-08-03T21:08:03.426817+00:00
2018-2019,14,10315628,10503628,5309269,C.D. RAYO VELILLA 'B',https://www.rffm.es/competicion/calendario?temporada=14&competicion=10315628&grupo=10503628&jornada=1&tipojuego=2,2026-08-03T21:08:03.426817+00:00
2018-2019,14,10315628,10503628,467020,C.D. ESC. FUTBOL MEJORADA 'B',https://www.rffm.es/competicion/calendario?temporada=14&competicion=10315628&grupo=10503628&jornada=1&tipojuego=2,2026-08-03T21:08:03.426817+00:00
2018-2019,14,10315628,10503628,3342552,A.D. ARGANDA C.F. 'B',https://www.rffm.es/competicion/calendario?temporada=14&competicion=10315628&grupo=10503628&jornada=1&tipojuego=2,2026-08-03T21:08:03.426817+00:00
2018-2019,14,10315628,10503628,4047211,C.F. CAMPO REAL 'C',https://www.rffm.es/competicion/calendario?temporada=14&competicion=10315628&grupo=10503628&jornada=1&tipojuego=2,2026-08-03T21:08:03.426817+00:00
2018-2019,14,10315628,10503628,573214,C.D. ESC. FUTBOL MEJORADA 'C',https://www.rffm.es/competicion/calendario?temporada=14&competicion=10315628&grupo=10503628&jornada=1&tipojuego=2,2026-08-03T21:08:03.426817+00:00
2018-2019,14,10315628,10503628,6814129,ATLETICO VELILLA 'A',https://www.rffm.es/competicion/calendario?temporada=14&competicion=10315628&grupo=10503628&jornada=1&tipojuego=2,2026-08-03T21:08:03.426817+00:00
2018-2019,14,10315628,10503628,6815348,ATLETICO VELILLA 'B',https://www.rffm.es/competicion/calendario?temporada=14&competicion=10315628&grupo=10503628&jornada=1&tipojuego=2,2026-08-03T21:08:03.426817+00:00
2018-2019,14,10315628,10503628,9893471,A.D. A.TOLEDO OLIVOS C.F. 'C',https://www.rffm.es/competicion/calendario?temporada=14&competicion=10315628&grupo=10503628&jornada=1&tipojuego=2,2026-08-03T21:08:03.426817+00:00
2018-2019,14,10315628,10503628,680786,ESCUELA DE FUTBOL ARGANDA 'D',https://www.rffm.es/competicion/calendario?temporada=14&competicion=10315628&grupo=10503628&jornada=1&tipojuego=2,2026-08-03T21:08:03.426817+00:00
2018-2019,14,10315628,10503628,3357254,ESCUELA F. RIVAS VACIAMADRID,https://www.rffm.es/competicion/calendario?temporada=14&competicion=10315628&grupo=10503628&jornada=1&tipojuego=2,2026-08-03T21:08:03.426817+00:00
2018-2019,14,10315628,10503639,4944592,E.M.F. HUMANES 'A',https://www.rffm.es/competicion/calendario?temporada=14&competicion=10315628&grupo=10503639&jornada=1&tipojuego=2,2026-08-03T21:08:06.026595+00:00
2018-2019,14,10315628,10503639,2113,C.D. LUGO FUENLABRADA 'B',https://www.rffm.es/competicion/calendario?temporada=14&competicion=10315628&grupo=10503639&jornada=1&tipojuego=2,2026-08-03T21:08:06.026595+00:00
2018-2019,14,10315628,10503639,334104,MOSTOLES C.F. 'B',https://www.rffm.es/competicion/calendario?temporada=14&competicion=10315628&grupo=10503639&jornada=1&tipojuego=2,2026-08-03T21:08:06.026595+00:00
2018-2019,14,10315628,10503639,467013,MOSTOLES C.F. 'A',https://www.rffm.es/competicion/calendario?temporada=14&competicion=10315628&grupo=10503639&jornada=1&tipojuego=2,2026-08-03T21:08:06.026595+00:00
2018-2019,14,10315628,10503639,2112,C.D. LUGO FUENLABRADA 'A',https://www.rffm.es/competicion/calendario?temporada=14&competicion=10315628&grupo=10503639&jornada=1&tipojuego=2,2026-08-03T21:08:06.026595+00:00
2018-2019,14,10315628,10503639,4949215,C.D.E. SERGIO PACHON Y ANTONIO LOPEZ 'B',https://www.rffm.es/competicion/calendario?temporada=14&competicion=10315628&grupo=10503639&jornada=1&tipojuego=2,2026-08-03T21:08:06.026595+00:00
2018-2019,14,10315628,10503639,2729706,C.D.E.F. PACO CORDOBA 'B',https://www.rffm.es/competicion/calendario?temporada=14&competicion=10315628&grupo=10503639&jornada=1&tipojuego=2,2026-08-03T21:08:06.026595+00:00
2018-2019,14,10315628,10503639,300517,A.D. NUEVO VERSALLES LORANCA 'B',https://www.rffm.es/competicion/calendario?temporada=14&competicion=10315628&grupo=10503639&jornada=1&tipojuego=2,2026-08-03T21:08:06.026595+00:00
2018-2019,14,10315628,10503639,6817773,C.D. FUENLABRADA EL NARANJO 'A',https://www.rffm.es/competicion/calendario?temporada=14&competicion=10315628&grupo=10503639&jornada=1&tipojuego=2,2026-08-03T21:08:06.026595+00:00
2018-2019,14,10315628,10503639,4944594,E.M.F. HUMANES 'C',https://www.rffm.es/competicion/calendario?temporada=14&competicion=10315628&grupo=10503639&jornada=1&tipojuego=2,2026-08-03T21:08:06.026595+00:00
2018-2019,14,10315628,10503639,2729704,C.D.E.F. PACO CORDOBA 'A',https://www.rffm.es/competicion/calendario?temporada=14&competicion=10315628&grupo=10503639&jornada=1&tipojuego=2,2026-08-03T21:08:06.026595+00:00
2018-2019,14,10315628,10503639,524710,C.D. LUGO FUENLABRADA 'E',https://www.rffm.es/competicion/calendario?temporada=14&competicion=10315628&grupo=10503639&jornada=1&tipojuego=2,2026-08-03T21:08:06.026595+00:00
2018-2019,14,10315628,10503656,4944596,E.M.F. HUMANES 'E',https://www.rffm.es/competicion/calendario?temporada=14&competicion=10315628&grupo=10503656&jornada=1&tipojuego=2,2026-08-03T21:08:08.524325+00:00
2018-2019,14,10315628,10503656,2732494,C.F. FUENLABRADA S.A.D. 'B',https://www.rffm.es/competicion/calendario?temporada=14&competicion=10315628&grupo=10503656&jornada=1&tipojuego=2,2026-08-03T21:08:08.524325+00:00
2018-2019,14,10315628,10503656,3359811,C.D. ATLETICO FUENLABREÑO 'A',https://www.rffm.es/competicion/calendario?temporada=14&competicion=10315628&grupo=10503656&jornada=1&tipojuego=2,2026-08-03T21:08:08.524325+00:00
2018-2019,14,10315628,10503656,6817774,C.D. FUENLABRADA EL NARANJO 'B',https://www.rffm.es/competicion/calendario?temporada=14&competicion=10315628&grupo=10503656&jornada=1&tipojuego=2,2026-08-03T21:08:08.524325+00:00
2018-2019,14,10315628,10503656,3359813,C.D. ATLETICO FUENLABREÑO 'B',https://www.rffm.es/competicion/calendario?temporada=14&competicion=10315628&grupo=10503656&jornada=1&tipojuego=2,2026-08-03T21:08:08.524325+00:00
2018-2019,14,10315628,10503656,6798408,C.D.E. SERGIO PACHON Y ANTONIO LOPEZ 'C',https://www.rffm.es/competicion/calendario?temporada=14&competicion=10315628&grupo=10503656&jornada=1&tipojuego=2,2026-08-03T21:08:08.524325+00:00
2018-2019,14,10315628,10503656,1726,C.D. ARROYO 'A',https://www.rffm.es/competicion/calendario?temporada=14&competicion=10315628&grupo=10503656&jornada=1&tipojuego=2,2026-08-03T21:08:08.524325+00:00
2018-2019,14,10315628,10503656,6798415,C.D.E. SERGIO PACHON Y ANTONIO LOPEZ 'D',https://www.rffm.es/competicion/calendario?temporada=14&competicion=10315628&grupo=10503656&jornada=1&tipojuego=2,2026-08-03T21:08:08.524325+00:00
2018-2019,14,10315628,10503656,3007205,C.D. RACING CALYPSO,https://www.rffm.es/competicion/calendario?temporada=14&competicion=10315628&grupo=10503656&jornada=1&tipojuego=2,2026-08-03T21:08:08.524325+00:00
2018-2019,14,10315628,10503656,4941530,SAN PEDRO DE HUMANES 'A',https://www.rffm.es/competicion/calendario?temporada=14&competicion=10315628&grupo=10503656&jornada=1&tipojuego=2,2026-08-03T21:08:08.524325+00:00
2018-2019,14,10315628,10503656,4944595,E.M.F. HUMANES 'D',https://www.rffm.es/competicion/calendario?temporada=14&competicion=10315628&grupo=10503656&jornada=1&tipojuego=2,2026-08-03T21:08:08.524325+00:00
2018-2019,14,10315628,10503656,4944593,E.M.F. HUMANES 'B',https://www.rffm.es/competicion/calendario?temporada=14&competicion=10315628&grupo=10503656&jornada=1&tipojuego=2,2026-08-03T21:08:08.524325+00:00
2018-2019,14,10315628,10503681,560248,C.D. NUEVO BOADILLA 'E',https://www.rffm.es/competicion/calendario?temporada=14&competicion=10315628&grupo=10503681&jornada=1&tipojuego=2,2026-08-03T21:08:11.080422+00:00
2018-2019,14,10315628,10503681,2219,C.F. RAYO MAJADAHONDA 'D',https://www.rffm.es/competicion/calendario?temporada=14&competicion=10315628&grupo=10503681&jornada=1&tipojuego=2,2026-08-03T21:08:11.080422+00:00
2018-2019,14,10315628,10503681,846789,E.F.M.O. BOADILLA 'F',https://www.rffm.es/competicion/calendario?temporada=14&competicion=10315628&grupo=10503681&jornada=1&tipojuego=2,2026-08-03T21:08:11.080422+00:00
2018-2019,14,10315628,10503681,2743275,C.D. NUEVO BOADILLA 'M',https://www.rffm.es/competicion/calendario?temporada=14&competicion=10315628&grupo=10503681&jornada=1&tipojuego=2,2026-08-03T21:08:11.080422+00:00
2018-2019,14,10315628,10503681,334144,E.F.M.O. BOADILLA 'E',https://www.rffm.es/competicion/calendario?temporada=14&competicion=10315628&grupo=10503681&jornada=1&tipojuego=2,2026-08-03T21:08:11.080422+00:00
2018-2019,14,10315628,10503681,4937440,C.D. UNION DE ARAVACA 'B',https://www.rffm.es/competicion/calendario?temporada=14&competicion=10315628&grupo=10503681&jornada=1&tipojuego=2,2026-08-03T21:08:11.080422+00:00
2018-2019,14,10315628,10503681,2218,C.F. RAYO MAJADAHONDA 'C',https://www.rffm.es/competicion/calendario?temporada=14&competicion=10315628&grupo=10503681&jornada=1&tipojuego=2,2026-08-03T21:08:11.080422+00:00
2018-2019,14,10315628,10503681,4073395,C.D. NUEVO BOADILLA 'N',https://www.rffm.es/competicion/calendario?temporada=14&competicion=10315628&grupo=10503681&jornada=1&tipojuego=2,2026-08-03T21:08:11.080422+00:00
2018-2019,14,10315628,10503681,1752,E.F.M.O. BOADILLA 'C',https://www.rffm.es/competicion/calendario?temporada=14&competicion=10315628&grupo=10503681&jornada=1&tipojuego=2,2026-08-03T21:08:11.080422+00:00
2018-2019,14,10315628,10503681,2728611,C.D. UNION DE ARAVACA 'A',https://www.rffm.es/competicion/calendario?temporada=14&competicion=10315628&grupo=10503681&jornada=1&tipojuego=2,2026-08-03T21:08:11.080422+00:00
2018-2019,14,10315628,10503681,680474,C.D. NUEVO BOADILLA 'G',https://www.rffm.es/competicion/calendario?temporada=14&competicion=10315628&grupo=10503681&jornada=1&tipojuego=2,2026-08-03T21:08:11.080422+00:00
2018-2019,14,10315628,10503681,848170,C.D. NUEVO BOADILLA 'I',https://www.rffm.es/competicion/calendario?temporada=14&competicion=10315628&grupo=10503681&jornada=1&tipojuego=2,2026-08-03T21:08:11.080422+00:00
2018-2019,14,10315628,10503706,2277757,REEBOK SPORTS CLUB ACADEMIA DE FUTBOL 'A',https://www.rffm.es/competicion/calendario?temporada=14&competicion=10315628&grupo=10503706&jornada=1&tipojuego=2,2026-08-03T21:08:13.597239+00:00
2018-2019,14,10315628,10503706,680476,C.D. NUEVO BOADILLA 'H',https://www.rffm.es/competicion/calendario?temporada=14&competicion=10315628&grupo=10503706&jornada=1&tipojuego=2,2026-08-03T21:08:13.597239+00:00
2018-2019,14,10315628,10503706,2743274,C.D. NUEVO BOADILLA 'L',https://www.rffm.es/competicion/calendario?temporada=14&competicion=10315628&grupo=10503706&jornada=1&tipojuego=2,2026-08-03T21:08:13.597239+00:00
2018-2019,14,10315628,10503706,846790,E.F.M.O. BOADILLA 'G',https://www.rffm.es/competicion/calendario?temporada=14&competicion=10315628&grupo=10503706&jornada=1&tipojuego=2,2026-08-03T21:08:13.597239+00:00
2018-2019,14,10315628,10503706,848172,C.D. NUEVO BOADILLA 'K',https://www.rffm.es/competicion/calendario?temporada=14&competicion=10315628&grupo=10503706&jornada=1&tipojuego=2,2026-08-03T21:08:13.597239+00:00
2018-2019,14,10315628,10503706,300166,E.F.M.O. BOADILLA 'D',https://www.rffm.es/competicion/calendario?temporada=14&competicion=10315628&grupo=10503706&jornada=1&tipojuego=2,2026-08-03T21:08:13.597239+00:00
2018-2019,14,10315628,10503706,3355017,MOSTOLES C.F. 'E',https://www.rffm.es/competicion/calendario?temporada=14&competicion=10315628&grupo=10503706&jornada=1&tipojuego=2,2026-08-03T21:08:13.597239+00:00
2018-2019,14,10315628,10503706,560249,C.D. NUEVO BOADILLA 'F',https://www.rffm.es/competicion/calendario?temporada=14&competicion=10315628&grupo=10503706&jornada=1&tipojuego=2,2026-08-03T21:08:13.597239+00:00
2018-2019,14,10315628,10503706,2269961,E.F.M.O. BOADILLA 'H',https://www.rffm.es/competicion/calendario?temporada=14&competicion=10315628&grupo=10503706&jornada=1&tipojuego=2,2026-08-03T21:08:13.597239+00:00
2018-2019,14,10315628,10503706,848171,C.D. NUEVO BOADILLA 'J',https://www.rffm.es/competicion/calendario?temporada=14&competicion=10315628&grupo=10503706&jornada=1&tipojuego=2,2026-08-03T21:08:13.597239+00:00
2018-2019,14,10315628,10503706,3209,CLUB LAS ENCINAS DE BOADILLA,https://www.rffm.es/competicion/calendario?temporada=14&competicion=10315628&grupo=10503706&jornada=1&tipojuego=2,2026-08-03T21:08:13.597239+00:00
2018-2019,14,10638293,10638296,4936392,RACING VILLAVERDE C.F. 'D',https://www.rffm.es/competicion/calendario?temporada=14&competicion=10638293&grupo=10638296&jornada=1&tipojuego=2,2026-08-03T21:08:15.878470+00:00
2018-2019,14,10638293,10638296,8927929,C.D. PARACUELLOS SPORT 'D',https://www.rffm.es/competicion/calendario?temporada=14&competicion=10638293&grupo=10638296&jornada=1&tipojuego=2,2026-08-03T21:08:15.878470+00:00
2018-2019,14,10638293,10638296,2276074,ATLETICO NAVALCARNERO 'A',https://www.rffm.es/competicion/calendario?temporada=14&competicion=10638293&grupo=10638296&jornada=1&tipojuego=2,2026-08-03T21:08:15.878470+00:00
2018-2019,14,10638293,10638296,560247,C.D. NUEVO BOADILLA 'D',https://www.rffm.es/competicion/calendario?temporada=14&competicion=10638293&grupo=10638296&jornada=1&tipojuego=2,2026-08-03T21:08:15.878470+00:00
2018-2019,14,10638293,10638296,2737474,CLUB DE FUTBOL ISIDORO SAN JOSE 'A',https://www.rffm.es/competicion/calendario?temporada=14&competicion=10638293&grupo=10638296&jornada=1&tipojuego=2,2026-08-03T21:08:15.878470+00:00
2018-2019,14,10638293,10655359,300111,A.D. ESPERANZA 'B',https://www.rffm.es/competicion/calendario?temporada=14&competicion=10638293&grupo=10655359&jornada=1&tipojuego=2,2026-08-03T21:08:18.110733+00:00
2018-2019,14,10638293,10655359,4929108,E.M.F. DE CARABAÑA 'B',https://www.rffm.es/competicion/calendario?temporada=14&competicion=10638293&grupo=10655359&jornada=1&tipojuego=2,2026-08-03T21:08:18.110733+00:00
2018-2019,14,10638293,10655359,304711,C.D. GALAPAGAR 'B',https://www.rffm.es/competicion/calendario?temporada=14&competicion=10638293&grupo=10655359&jornada=1&tipojuego=2,2026-08-03T21:08:18.110733+00:00
2018-2019,14,10638293,10655359,1664,A.D. ILLESCAS 'C',https://www.rffm.es/competicion/calendario?temporada=14&competicion=10638293&grupo=10655359&jornada=1&tipojuego=2,2026-08-03T21:08:18.110733+00:00
2018-2019,14,10638293,10655359,2272642,MADRID C.F. FEMENINO 'A',https://www.rffm.es/competicion/calendario?temporada=14&competicion=10638293&grupo=10655359&jornada=1&tipojuego=2,2026-08-03T21:08:18.110733+00:00
2018-2019,14,10638293,10655363,300136,C.D. JUVENTUD PARLA,https://www.rffm.es/competicion/calendario?temporada=14&competicion=10638293&grupo=10655363&jornada=1&tipojuego=2,2026-08-03T21:08:20.666652+00:00
2018-2019,14,10638293,10655363,680984,BOCA JUNIORS,https://www.rffm.es/competicion/calendario?temporada=14&competicion=10638293&grupo=10655363&jornada=1&tipojuego=2,2026-08-03T21:08:20.666652+00:00
2018-2019,14,10638293,10655363,1574,C.F. TRIVAL VALDERAS ALCORCON 'B',https://www.rffm.es/competicion/calendario?temporada=14&competicion=10638293&grupo=10655363&jornada=1&tipojuego=2,2026-08-03T21:08:20.666652+00:00
2018-2019,14,10638293,10655363,2620,A.D. JUVENTUD CANARIO 'A',https://www.rffm.es/competicion/calendario?temporada=14&competicion=10638293&grupo=10655363&jornada=1&tipojuego=2,2026-08-03T21:08:20.666652+00:00
2018-2019,14,10638293,10655363,747,C.D. SANTA EUGENIA 1976 'A',https://www.rffm.es/competicion/calendario?temporada=14&competicion=10638293&grupo=10655363&jornada=1&tipojuego=2,2026-08-03T21:08:20.666652+00:00
2018-2019,14,10638293,10655366,300123,E.M.F. AGUILAS MORATALAZ 'A',https://www.rffm.es/competicion/calendario?temporada=14&competicion=10638293&grupo=10655366&jornada=1&tipojuego=2,2026-08-03T21:08:22.781492+00:00
2018-2019,14,10638293,10655366,2309150,A.D. UNION CARRASCAL 'A',https://www.rffm.es/competicion/calendario?temporada=14&competicion=10638293&grupo=10655366&jornada=1&tipojuego=2,2026-08-03T21:08:22.781492+00:00
2018-2019,14,10638293,10655366,383612,C.D. SESEÑA FUTBOL BASE 'A',https://www.rffm.es/competicion/calendario?temporada=14&competicion=10638293&grupo=10655366&jornada=1&tipojuego=2,2026-08-03T21:08:22.781492+00:00
2018-2019,14,10638293,10655366,891028,A.D. UNION ADARVE 'G',https://www.rffm.es/competicion/calendario?temporada=14&competicion=10638293&grupo=10655366&jornada=1&tipojuego=2,2026-08-03T21:08:22.781492+00:00
2018-2019,14,10638293,10655366,3354041,ESCUELA DE FUTBOL A.F.E. 'A',https://www.rffm.es/competicion/calendario?temporada=14&competicion=10638293&grupo=10655366&jornada=1&tipojuego=2,2026-08-03T21:08:22.781492+00:00
2018-2019,14,10638293,10655367,2167,ASOC.DEP.CULT. SANFER 'A',https://www.rffm.es/competicion/calendario?temporada=14&competicion=10638293&grupo=10655367&jornada=1&tipojuego=2,2026-08-03T21:08:25.700041+00:00
2018-2019,14,10638293,10655367,304374,S.A.D. LICEO EUROPEO 'A',https://www.rffm.es/competicion/calendario?temporada=14&competicion=10638293&grupo=10655367&jornada=1&tipojuego=2,2026-08-03T21:08:25.700041+00:00
2018-2019,14,10638293,10655367,3065,S.A.D. MARIANISTAS AMOROS 'A',https://www.rffm.es/competicion/calendario?temporada=14&competicion=10638293&grupo=10655367&jornada=1&tipojuego=2,2026-08-03T21:08:25.700041+00:00
2018-2019,14,10638293,10655367,524204,C.F. QUIJORNA 'A',https://www.rffm.es/competicion/calendario?temporada=14&competicion=10638293&grupo=10655367&jornada=1&tipojuego=2,2026-08-03T21:08:25.700041+00:00
2018-2019,14,10638293,10655525,1031540,C.F. MADRID RIO 'B',https://www.rffm.es/competicion/calendario?temporada=14&competicion=10638293&grupo=10655525&jornada=1&tipojuego=2,2026-08-03T21:08:27.682330+00:00
2018-2019,14,10638293,10655525,2274274,C.D. ALZOLA-HALCONES 'C',https://www.rffm.es/competicion/calendario?temporada=14&competicion=10638293&grupo=10655525&jornada=1&tipojuego=2,2026-08-03T21:08:27.682330+00:00
2018-2019,14,10638293,10655525,321542,C.D. MOSTOLES U.R.J.C. 'D',https://www.rffm.es/competicion/calendario?temporada=14&competicion=10638293&grupo=10655525&jornada=1&tipojuego=2,2026-08-03T21:08:27.682330+00:00
2018-2019,14,10638293,10655525,2740044,COLEGIO MIRAMADRID 'C',https://www.rffm.es/competicion/calendario?temporada=14&competicion=10638293&grupo=10655525&jornada=1&tipojuego=2,2026-08-03T21:08:27.682330+00:00
2018-2019,14,10638293,10655526,847389,SAN MARTIN DE LA VEGA C.F. 'A',https://www.rffm.es/competicion/calendario?temporada=14&competicion=10638293&grupo=10655526&jornada=1&tipojuego=2,2026-08-03T21:08:30.002889+00:00
2018-2019,14,10638293,10655526,2046,C.D. FUTBOL TRES CANTOS 'D',https://www.rffm.es/competicion/calendario?temporada=14&competicion=10638293&grupo=10655526&jornada=1&tipojuego=2,2026-08-03T21:08:30.002889+00:00
2018-2019,14,10638293,10655526,491,C.D. CANILLAS 'C',https://www.rffm.es/competicion/calendario?temporada=14&competicion=10638293&grupo=10655526&jornada=1&tipojuego=2,2026-08-03T21:08:30.002889+00:00
2018-2019,14,10638293,10655526,334122,C.F. ALALPARDO 'C',https://www.rffm.es/competicion/calendario?temporada=14&competicion=10638293&grupo=10655526&jornada=1&tipojuego=2,2026-08-03T21:08:30.002889+00:00
2018-2019,14,10638293,10655528,770541,ATLETICO VALDEIGLESIAS 'A',https://www.rffm.es/competicion/calendario?temporada=14&competicion=10638293&grupo=10655528&jornada=1&tipojuego=2,2026-08-03T21:08:32.314734+00:00
2018-2019,14,10638293,10655528,6798408,C.D.E. SERGIO PACHON Y ANTONIO LOPEZ 'C',https://www.rffm.es/competicion/calendario?temporada=14&competicion=10638293&grupo=10655528&jornada=1&tipojuego=2,2026-08-03T21:08:32.314734+00:00
2018-2019,14,10638293,10655528,2535,C.D. VIRGEN DE MIRASIERRA 'A',https://www.rffm.es/competicion/calendario?temporada=14&competicion=10638293&grupo=10655528&jornada=1&tipojuego=2,2026-08-03T21:08:32.314734+00:00
2018-2019,14,10638293,10655528,665,C.D. DOSA 'A',https://www.rffm.es/competicion/calendario?temporada=14&competicion=10638293&grupo=10655528&jornada=1&tipojuego=2,2026-08-03T21:08:32.314734+00:00
2018-2019,14,10638293,10655646,1120,A.D. NAYA 'A',https://www.rffm.es/competicion/calendario?temporada=14&competicion=10638293&grupo=10655646&jornada=1&tipojuego=2,2026-08-03T21:08:34.483293+00:00
2018-2019,14,10638293,10655646,2112,C.D. LUGO FUENLABRADA 'A',https://www.rffm.es/competicion/calendario?temporada=14&competicion=10638293&grupo=10655646&jornada=1&tipojuego=2,2026-08-03T21:08:34.483293+00:00
2018-2019,14,10638293,10655646,315333,RECREATIVO SOTO DEL REAL C.F. 'C',https://www.rffm.es/competicion/calendario?temporada=14&competicion=10638293&grupo=10655646&jornada=1&tipojuego=2,2026-08-03T21:08:34.483293+00:00
2018-2019,14,10638293,10655646,2273588,GREDOS SAN DIEGO-ALCALA 'I',https://www.rffm.es/competicion/calendario?temporada=14&competicion=10638293&grupo=10655646&jornada=1&tipojuego=2,2026-08-03T21:08:34.483293+00:00
2018-2019,14,10638293,10655646,467017,C.D. SAN FERNANDO 'B',https://www.rffm.es/competicion/calendario?temporada=14&competicion=10638293&grupo=10655646&jornada=1&tipojuego=2,2026-08-03T21:08:34.483293+00:00
2018-2019,14,10638293,10655650,600715,CAMARMA C.F. 'A',https://www.rffm.es/competicion/calendario?temporada=14&competicion=10638293&grupo=10655650&jornada=1&tipojuego=2,2026-08-03T21:08:36.710600+00:00
2018-2019,14,10638293,10655650,300164,EEPP SAN FERNANDO ESCOLAPIOS,https://www.rffm.es/competicion/calendario?temporada=14&competicion=10638293&grupo=10655650&jornada=1&tipojuego=2,2026-08-03T21:08:36.710600+00:00
2018-2019,14,10638293,10655650,334118,ATLETICO VILLALBA 'B',https://www.rffm.es/competicion/calendario?temporada=14&competicion=10638293&grupo=10655650&jornada=1&tipojuego=2,2026-08-03T21:08:36.710600+00:00
2018-2019,14,10638293,10655650,326,A.D. PARLA 'A',https://www.rffm.es/competicion/calendario?temporada=14&competicion=10638293&grupo=10655650&jornada=1&tipojuego=2,2026-08-03T21:08:36.710600+00:00
2018-2019,14,10638293,10655650,1398,C.F. INTER DE VALDEMORO 'A',https://www.rffm.es/competicion/calendario?temporada=14&competicion=10638293&grupo=10655650&jornada=1&tipojuego=2,2026-08-03T21:08:36.710600+00:00
2018-2019,14,10638293,10655654,6818145,C.D. FAIRPLAY PARLA 'D',https://www.rffm.es/competicion/calendario?temporada=14&competicion=10638293&grupo=10655654&jornada=1&tipojuego=2,2026-08-03T21:08:39.032179+00:00
2018-2019,14,10638293,10655654,6826495,S.A.D. VILLAVERDE SAN ANDRES 'C',https://www.rffm.es/competicion/calendario?temporada=14&competicion=10638293&grupo=10655654&jornada=1&tipojuego=2,2026-08-03T21:08:39.032179+00:00
2018-2019,14,10638293,10655654,334090,S.A.D. FUNDACION RAYO VALLECANO 'D',https://www.rffm.es/competicion/calendario?temporada=14&competicion=10638293&grupo=10655654&jornada=1&tipojuego=2,2026-08-03T21:08:39.032179+00:00
2018-2019,14,10638293,10655654,847139,C.D. MOSTOLES U.R.J.C. 'G',https://www.rffm.es/competicion/calendario?temporada=14&competicion=10638293&grupo=10655654&jornada=1&tipojuego=2,2026-08-03T21:08:39.032179+00:00
2018-2019,14,10638293,10655654,3358574,TORRELODONES C.F. 'A',https://www.rffm.es/competicion/calendario?temporada=14&competicion=10638293&grupo=10655654&jornada=1&tipojuego=2,2026-08-03T21:08:39.032179+00:00
2018-2019,14,10638293,10655656,2218,C.F. RAYO MAJADAHONDA 'C',https://www.rffm.es/competicion/calendario?temporada=14&competicion=10638293&grupo=10655656&jornada=1&tipojuego=2,2026-08-03T21:08:41.657440+00:00
2018-2019,14,10638293,10655656,307831,ATLETICO MADRILEÑO C.F. 'D',https://www.rffm.es/competicion/calendario?temporada=14&competicion=10638293&grupo=10655656&jornada=1&tipojuego=2,2026-08-03T21:08:41.657440+00:00
2018-2019,14,10638293,10655656,9051313,RECREATIVO SOTO DEL REAL C.F. 'D',https://www.rffm.es/competicion/calendario?temporada=14&competicion=10638293&grupo=10655656&jornada=1&tipojuego=2,2026-08-03T21:08:41.657440+00:00
2018-2019,14,10638293,10655656,560249,C.D. NUEVO BOADILLA 'F',https://www.rffm.es/competicion/calendario?temporada=14&competicion=10638293&grupo=10655656&jornada=1&tipojuego=2,2026-08-03T21:08:41.657440+00:00
2018-2019,14,10638293,10655656,334089,S.A.D. FUNDACION RAYO VALLECANO 'C',https://www.rffm.es/competicion/calendario?temporada=14&competicion=10638293&grupo=10655656&jornada=1&tipojuego=2,2026-08-03T21:08:41.657440+00:00
2018-2019,14,10638293,10655657,846752,ATLETICO LA GARENA 'A',https://www.rffm.es/competicion/calendario?temporada=14&competicion=10638293&grupo=10655657&jornada=1&tipojuego=2,2026-08-03T21:08:43.967846+00:00
2018-2019,14,10638293,10655657,3228,JARAMA RACE 'B',https://www.rffm.es/competicion/calendario?temporada=14&competicion=10638293&grupo=10655657&jornada=1&tipojuego=2,2026-08-03T21:08:43.967846+00:00
2018-2019,14,10638293,10655657,7275101,C.D. QUINI ALVAREZ-DFA 'B',https://www.rffm.es/competicion/calendario?temporada=14&competicion=10638293&grupo=10655657&jornada=1&tipojuego=2,2026-08-03T21:08:43.967846+00:00
2018-2019,14,10638293,10655657,846946,S.A.D. LICEO EUROPEO 'E',https://www.rffm.es/competicion/calendario?temporada=14&competicion=10638293&grupo=10655657&jornada=1&tipojuego=2,2026-08-03T21:08:43.967846+00:00
2018-2019,14,10638293,10655661,55,REAL C.D. CARABANCHEL 'A',https://www.rffm.es/competicion/calendario?temporada=14&competicion=10638293&grupo=10655661&jornada=1&tipojuego=2,2026-08-03T21:08:46.153361+00:00
2018-2019,14,10638293,10655661,935,LA MUTUAL JUAN XXIII 'A',https://www.rffm.es/competicion/calendario?temporada=14&competicion=10638293&grupo=10655661&jornada=1&tipojuego=2,2026-08-03T21:08:46.153361+00:00
2018-2019,14,10638293,10655661,2733738,C.D. SANTA BARBARA GETAFE 'A',https://www.rffm.es/competicion/calendario?temporada=14&competicion=10638293&grupo=10655661&jornada=1&tipojuego=2,2026-08-03T21:08:46.153361+00:00
2018-2019,14,10638293,10655661,4944527,C.D. ANTAVILLA 'A',https://www.rffm.es/competicion/calendario?temporada=14&competicion=10638293&grupo=10655661&jornada=1&tipojuego=2,2026-08-03T21:08:46.153361+00:00
2018-2019,14,10638293,10655666,2276906,UNION DEPORTIVA SAN AGUSTIN DEL GUADALIX 'A',https://www.rffm.es/competicion/calendario?temporada=14&competicion=10638293&grupo=10655666&jornada=1&tipojuego=2,2026-08-03T21:08:49.056270+00:00
2018-2019,14,10638293,10655666,2741388,C.D. SAMPER 'B',https://www.rffm.es/competicion/calendario?temporada=14&competicion=10638293&grupo=10655666&jornada=1&tipojuego=2,2026-08-03T21:08:49.056270+00:00
2018-2019,14,10638293,10655666,1974,CLUB SAN JOSE DEL PARQUE 'A',https://www.rffm.es/competicion/calendario?temporada=14&competicion=10638293&grupo=10655666&jornada=1&tipojuego=2,2026-08-03T21:08:49.056270+00:00
2018-2019,14,10638293,10655666,308707,ESCUELA DEP.MORATALAZ 'E',https://www.rffm.es/competicion/calendario?temporada=14&competicion=10638293&grupo=10655666&jornada=1&tipojuego=2,2026-08-03T21:08:49.056270+00:00
2018-2019,14,10638293,10655668,4947057,SPORTING LAS TABLAS 'A',https://www.rffm.es/competicion/calendario?temporada=14&competicion=10638293&grupo=10655668&jornada=1&tipojuego=2,2026-08-03T21:08:51.304239+00:00
2018-2019,14,10638293,10655668,3355895,ATLETICO CLUB DE SOCIOS,https://www.rffm.es/competicion/calendario?temporada=14&competicion=10638293&grupo=10655668&jornada=1&tipojuego=2,2026-08-03T21:08:51.304239+00:00
2018-2019,14,10638293,10655668,467015,C.D. NUEVAS PALOMERAS 'B',https://www.rffm.es/competicion/calendario?temporada=14&competicion=10638293&grupo=10655668&jornada=1&tipojuego=2,2026-08-03T21:08:51.304239+00:00
2018-2019,14,10638293,10655668,406,S.A.D. FUND. C.D. RECUERDO 'A',https://www.rffm.es/competicion/calendario?temporada=14&competicion=10638293&grupo=10655668&jornada=1&tipojuego=2,2026-08-03T21:08:51.304239+00:00
2018-2019,14,10663031,10663058,383612,C.D. SESEÑA FUTBOL BASE 'A',https://www.rffm.es/competicion/calendario?temporada=14&competicion=10663031&grupo=10663058&jornada=1&tipojuego=2,2026-08-03T21:08:53.449014+00:00
2018-2019,14,10663031,10663058,524204,C.F. QUIJORNA 'A',https://www.rffm.es/competicion/calendario?temporada=14&competicion=10663031&grupo=10663058&jornada=1&tipojuego=2,2026-08-03T21:08:53.449014+00:00
2018-2019,14,10663031,10663058,3358574,TORRELODONES C.F. 'A',https://www.rffm.es/competicion/calendario?temporada=14&competicion=10663031&grupo=10663058&jornada=1&tipojuego=2,2026-08-03T21:08:53.449014+00:00
2018-2019,14,10663031,10663058,4947057,SPORTING LAS TABLAS 'A',https://www.rffm.es/competicion/calendario?temporada=14&competicion=10663031&grupo=10663058&jornada=1&tipojuego=2,2026-08-03T21:08:53.449014+00:00
2018-2019,14,10638311,10638327,560247,C.D. NUEVO BOADILLA 'D',https://www.rffm.es/competicion/calendario?temporada=14&competicion=10638311&grupo=10638327&jornada=1&tipojuego=2,2026-08-03T21:08:56.189866+00:00
2018-2019,14,10638311,10638327,300111,A.D. ESPERANZA 'B',https://www.rffm.es/competicion/calendario?temporada=14&competicion=10638311&grupo=10638327&jornada=1&tipojuego=2,2026-08-03T21:08:56.189866+00:00
2018-2019,14,10638311,10638327,680984,BOCA JUNIORS,https://www.rffm.es/competicion/calendario?temporada=14&competicion=10638311&grupo=10638327&jornada=1&tipojuego=2,2026-08-03T21:08:56.189866+00:00
2018-2019,14,10638311,10638327,383612,C.D. SESEÑA FUTBOL BASE 'A',https://www.rffm.es/competicion/calendario?temporada=14&competicion=10638311&grupo=10638327&jornada=1&tipojuego=2,2026-08-03T21:08:56.189866+00:00
2018-2019,14,10638311,10638327,524204,C.F. QUIJORNA 'A',https://www.rffm.es/competicion/calendario?temporada=14&competicion=10638311&grupo=10638327&jornada=1&tipojuego=2,2026-08-03T21:08:56.189866+00:00
2018-2019,14,10638311,10638327,1031540,C.F. MADRID RIO 'B',https://www.rffm.es/competicion/calendario?temporada=14&competicion=10638311&grupo=10638327&jornada=1&tipojuego=2,2026-08-03T21:08:56.189866+00:00
2018-2019,14,10638311,10638327,334122,C.F. ALALPARDO 'C',https://www.rffm.es/competicion/calendario?temporada=14&competicion=10638311&grupo=10638327&jornada=1&tipojuego=2,2026-08-03T21:08:56.189866+00:00
2018-2019,14,10638311,10638327,770541,ATLETICO VALDEIGLESIAS 'A',https://www.rffm.es/competicion/calendario?temporada=14&competicion=10638311&grupo=10638327&jornada=1&tipojuego=2,2026-08-03T21:08:56.189866+00:00
2018-2019,14,10638311,10638327,2273588,GREDOS SAN DIEGO-ALCALA 'I',https://www.rffm.es/competicion/calendario?temporada=14&competicion=10638311&grupo=10638327&jornada=1&tipojuego=2,2026-08-03T21:08:56.189866+00:00
2018-2019,14,10638311,10638327,300164,EEPP SAN FERNANDO ESCOLAPIOS,https://www.rffm.es/competicion/calendario?temporada=14&competicion=10638311&grupo=10638327&jornada=1&tipojuego=2,2026-08-03T21:08:56.189866+00:00
2018-2019,14,10638311,10638327,3358574,TORRELODONES C.F. 'A',https://www.rffm.es/competicion/calendario?temporada=14&competicion=10638311&grupo=10638327&jornada=1&tipojuego=2,2026-08-03T21:08:56.189866+00:00
2018-2019,14,10638311,10638327,307831,ATLETICO MADRILEÑO C.F. 'D',https://www.rffm.es/competicion/calendario?temporada=14&competicion=10638311&grupo=10638327&jornada=1&tipojuego=2,2026-08-03T21:08:56.189866+00:00
2018-2019,14,10638311,10638327,7275101,C.D. QUINI ALVAREZ-DFA 'B',https://www.rffm.es/competicion/calendario?temporada=14&competicion=10638311&grupo=10638327&jornada=1&tipojuego=2,2026-08-03T21:08:56.189866+00:00
2018-2019,14,10638311,10638327,2733738,C.D. SANTA BARBARA GETAFE 'A',https://www.rffm.es/competicion/calendario?temporada=14&competicion=10638311&grupo=10638327&jornada=1&tipojuego=2,2026-08-03T21:08:56.189866+00:00
2018-2019,14,10638311,10638327,1974,CLUB SAN JOSE DEL PARQUE 'A',https://www.rffm.es/competicion/calendario?temporada=14&competicion=10638311&grupo=10638327&jornada=1&tipojuego=2,2026-08-03T21:08:56.189866+00:00
2018-2019,14,10638311,10638327,4947057,SPORTING LAS TABLAS 'A',https://www.rffm.es/competicion/calendario?temporada=14&competicion=10638311&grupo=10638327&jornada=1&tipojuego=2,2026-08-03T21:08:56.189866+00:00
2018-2019,14,18566103,18534274,18346139,C.D. EL VALLE 'B',https://www.rffm.es/competicion/calendario?temporada=14&competicion=18566103&grupo=18534274&jornada=1&tipojuego=3,2026-08-03T21:08:58.538733+00:00
2018-2019,14,18566103,18534274,18406019,CORAZONISTAS ,https://www.rffm.es/competicion/calendario?temporada=14&competicion=18566103&grupo=18534274&jornada=1&tipojuego=3,2026-08-03T21:08:58.538733+00:00
2018-2019,14,18566103,18534274,18310553,FUTURO VELILLA,https://www.rffm.es/competicion/calendario?temporada=14&competicion=18566103&grupo=18534274&jornada=1&tipojuego=3,2026-08-03T21:08:58.538733+00:00
2018-2019,14,18566103,18534274,17156065,C.D.R. LA PALOMA,https://www.rffm.es/competicion/calendario?temporada=14&competicion=18566103&grupo=18534274&jornada=1&tipojuego=3,2026-08-03T21:08:58.538733+00:00
2018-2019,14,18566103,18534275,18310481,C.D.E. EL VALLE 'A',https://www.rffm.es/competicion/calendario?temporada=14&competicion=18566103&grupo=18534275&jornada=1&tipojuego=3,2026-08-03T21:09:00.780110+00:00
2018-2019,14,18566103,18534275,18378836,E.F.S. HUMANES,https://www.rffm.es/competicion/calendario?temporada=14&competicion=18566103&grupo=18534275&jornada=1&tipojuego=3,2026-08-03T21:09:00.780110+00:00
2018-2019,14,18566103,18534275,18499696,LA VEGA FUTSAL,https://www.rffm.es/competicion/calendario?temporada=14&competicion=18566103&grupo=18534275&jornada=1&tipojuego=3,2026-08-03T21:09:00.780110+00:00
2018-2019,14,18566103,18534275,18463724,F.S. LAS TABLAS,https://www.rffm.es/competicion/calendario?temporada=14&competicion=18566103&grupo=18534275&jornada=1&tipojuego=3,2026-08-03T21:09:00.780110+00:00
2018-2019,14,18568509,18536681,18346139,C.D. EL VALLE 'B',https://www.rffm.es/competicion/calendario?temporada=14&competicion=18568509&grupo=18536681&jornada=1&tipojuego=3,2026-08-03T21:09:03.507140+00:00
2018-2019,14,18568509,18536681,18463724,F.S. LAS TABLAS,https://www.rffm.es/competicion/calendario?temporada=14&competicion=18568509&grupo=18536681&jornada=1&tipojuego=3,2026-08-03T21:09:03.507140+00:00
2018-2019,14,18568509,18536681,18310481,C.D.E. EL VALLE 'A',https://www.rffm.es/competicion/calendario?temporada=14&competicion=18568509&grupo=18536681&jornada=1&tipojuego=3,2026-08-03T21:09:03.507140+00:00
2018-2019,14,18568509,18536681,18406019,CORAZONISTAS ,https://www.rffm.es/competicion/calendario?temporada=14&competicion=18568509&grupo=18536681&jornada=1&tipojuego=3,2026-08-03T21:09:03.507140+00:00
2018-2019,14,18427351,18395961,18499696,LA VEGA FUTSAL,https://www.rffm.es/competicion/calendario?temporada=14&competicion=18427351&grupo=18395961&jornada=1&tipojuego=3,2026-08-03T21:09:06.009648+00:00
2018-2019,14,18427351,18395961,18406019,CORAZONISTAS ,https://www.rffm.es/competicion/calendario?temporada=14&competicion=18427351&grupo=18395961&jornada=1&tipojuego=3,2026-08-03T21:09:06.009648+00:00
2018-2019,14,18427351,18395961,18310481,C.D.E. EL VALLE 'A',https://www.rffm.es/competicion/calendario?temporada=14&competicion=18427351&grupo=18395961&jornada=1&tipojuego=3,2026-08-03T21:09:06.009648+00:00
2018-2019,14,18427351,18395961,18310553,FUTURO VELILLA,https://www.rffm.es/competicion/calendario?temporada=14&competicion=18427351&grupo=18395961&jornada=1&tipojuego=3,2026-08-03T21:09:06.009648+00:00
2018-2019,14,18427351,18395961,18463724,F.S. LAS TABLAS,https://www.rffm.es/competicion/calendario?temporada=14&competicion=18427351&grupo=18395961&jornada=1&tipojuego=3,2026-08-03T21:09:06.009648+00:00
2018-2019,14,18427351,18395961,18378836,E.F.S. HUMANES,https://www.rffm.es/competicion/calendario?temporada=14&competicion=18427351&grupo=18395961&jornada=1&tipojuego=3,2026-08-03T21:09:06.009648+00:00
2018-2019,14,18427351,18395961,17156065,C.D.R. LA PALOMA,https://www.rffm.es/competicion/calendario?temporada=14&competicion=18427351&grupo=18395961&jornada=1&tipojuego=3,2026-08-03T21:09:06.009648+00:00
2018-2019,14,18427351,18395961,18346139,C.D. EL VALLE 'B',https://www.rffm.es/competicion/calendario?temporada=14&competicion=18427351&grupo=18395961&jornada=1&tipojuego=3,2026-08-03T21:09:06.009648+00:00
