match_id,team_id,player_id,player_name_raw,minute,minute_raw,goal_type_raw,source_url,scraped_at
1573547,2212,10139862,"FEREZ HERNAN, ANGEL",12,12,100,https://www.rffm.es/acta-partido/1573547,2026-08-07T03:24:22.196787+00:00
1573547,2212,10139862,"FEREZ HERNAN, ANGEL",40,40,101,https://www.rffm.es/acta-partido/1573547,2026-08-07T03:24:22.196787+00:00
1573547,2212,10192168,"HERAS RODRÍGUEZ, SERGIO",47,47,100,https://www.rffm.es/acta-partido/1573547,2026-08-07T03:24:22.196787+00:00
1573547,2212,10192346,"CORRAL GARCÍA, DARÍO",57,57,100,https://www.rffm.es/acta-partido/1573547,2026-08-07T03:24:22.196787+00:00
1573547,1747,11579866,"GUARNIDO MAZUECOS, RODRIGO",27,27,100,https://www.rffm.es/acta-partido/1573547,2026-08-07T03:24:22.196787+00:00
1573547,1747,7890714,"GONZALEZ ALVITE, ALVARO",36,36,100,https://www.rffm.es/acta-partido/1573547,2026-08-07T03:24:22.196787+00:00
1573548,33,9011203,"RUIZ LOPEZ, GONZALO",11,11,100,https://www.rffm.es/acta-partido/1573548,2026-08-07T03:24:22.563268+00:00
1573548,33,9011203,"RUIZ LOPEZ, GONZALO",13,13,100,https://www.rffm.es/acta-partido/1573548,2026-08-07T03:24:22.563268+00:00
1573548,33,9011203,"RUIZ LOPEZ, GONZALO",25,25,100,https://www.rffm.es/acta-partido/1573548,2026-08-07T03:24:22.563268+00:00
1573548,33,10199161,"AMAYA RODRIGUES, MARCO",29,29,100,https://www.rffm.es/acta-partido/1573548,2026-08-07T03:24:22.563268+00:00
1573548,33,8522896,"FERNANDEZ LLAMAZARES TEJEDOR, LUCAS",44,44,100,https://www.rffm.es/acta-partido/1573548,2026-08-07T03:24:22.563268+00:00
1573548,33,13677849,"BERMUDEZ MORENO, JOTUEL",45,45,100,https://www.rffm.es/acta-partido/1573548,2026-08-07T03:24:22.563268+00:00
1573544,378276,8392740,"RODRÍGUEZ SANZ, OLIVER",28,28,100,https://www.rffm.es/acta-partido/1573544,2026-08-07T03:24:22.570723+00:00
1573544,378276,8338379,"GALAN GARCIA, ALEJANDRO",60,60,100,https://www.rffm.es/acta-partido/1573544,2026-08-07T03:24:22.570723+00:00
1573544,1606,8522874,"ALARCON ALCOLEA, JUAN",2,2,100,https://www.rffm.es/acta-partido/1573544,2026-08-07T03:24:22.570723+00:00
1573544,1606,8425441,"POPA, ERIK STEFAN",30,30,101,https://www.rffm.es/acta-partido/1573544,2026-08-07T03:24:22.570723+00:00
1573544,1606,8587586,"GARCIA TORREJON, HECTOR",34,34,100,https://www.rffm.es/acta-partido/1573544,2026-08-07T03:24:22.570723+00:00
1573550,12,7918677,"LOPEZ ANDEREZ, MIKEL",3,3,100,https://www.rffm.es/acta-partido/1573550,2026-08-07T03:24:22.836610+00:00
1573550,12,8338612,"ROMERO SANZ, ALBERTO",13,13,100,https://www.rffm.es/acta-partido/1573550,2026-08-07T03:24:22.836610+00:00
1573550,12,7918677,"LOPEZ ANDEREZ, MIKEL",23,23,100,https://www.rffm.es/acta-partido/1573550,2026-08-07T03:24:22.836610+00:00
1573550,12,12064458,"RUIZ SANTA QUITERIA INTILLAQUE, ALBERTO",31,31,100,https://www.rffm.es/acta-partido/1573550,2026-08-07T03:24:22.836610+00:00
1573550,12,7918677,"LOPEZ ANDEREZ, MIKEL",56,56,100,https://www.rffm.es/acta-partido/1573550,2026-08-07T03:24:22.836610+00:00
1573550,12,13467092,"GUILLEN PEREZ DE TUDELA, BELTRAN",58,58,100,https://www.rffm.es/acta-partido/1573550,2026-08-07T03:24:22.836610+00:00
1573545,3356322,9856508,"SANCHEZ PRIETO, ALEX",22,22,100,https://www.rffm.es/acta-partido/1573545,2026-08-07T03:24:22.837829+00:00
1573545,680452,8493941,"LOSA RODRIGUEZ, MARCOS",16,16,100,https://www.rffm.es/acta-partido/1573545,2026-08-07T03:24:22.837829+00:00
1573546,680430,8463784,"ASENSIO CANALES, JORGE",3,3,100,https://www.rffm.es/acta-partido/1573546,2026-08-07T03:24:22.843572+00:00
1573546,680430,7791902,"MADROÑO RAPOSO, MARIO",12,12,100,https://www.rffm.es/acta-partido/1573546,2026-08-07T03:24:22.843572+00:00
1573549,65,7774207,"GARGOLES JIMENEZ, ALEJANDRO",21,21,102,https://www.rffm.es/acta-partido/1573549,2026-08-07T03:24:22.947893+00:00
1573549,65,8464607,"TRIGO BARRIOS, NICOLAS",50,50,100,https://www.rffm.es/acta-partido/1573549,2026-08-07T03:24:22.947893+00:00
1573549,576,8353217,"GIMENO LAGO, JUAN",13,13,100,https://www.rffm.es/acta-partido/1573549,2026-08-07T03:24:22.947893+00:00
1573558,12,7918677,"LOPEZ ANDEREZ, MIKEL",1,1,100,https://www.rffm.es/acta-partido/1573558,2026-08-07T03:24:22.958759+00:00
1573558,12,7918677,"LOPEZ ANDEREZ, MIKEL",3,3,100,https://www.rffm.es/acta-partido/1573558,2026-08-07T03:24:22.958759+00:00
1573558,12,8208983,"LOBATO GARCIA, HUGO",10,10,100,https://www.rffm.es/acta-partido/1573558,2026-08-07T03:24:22.958759+00:00
1573558,12,7918677,"LOPEZ ANDEREZ, MIKEL",25,25,100,https://www.rffm.es/acta-partido/1573558,2026-08-07T03:24:22.958759+00:00
1573558,12,7918677,"LOPEZ ANDEREZ, MIKEL",31,31,100,https://www.rffm.es/acta-partido/1573558,2026-08-07T03:24:22.958759+00:00
1573558,65,8076036,"LOMAS CORRALES, MARCOS",53,53,100,https://www.rffm.es/acta-partido/1573558,2026-08-07T03:24:22.958759+00:00
1573558,65,8534583,"ROCH DE LA VEGA, CARLOS",59,59,100,https://www.rffm.es/acta-partido/1573558,2026-08-07T03:24:22.958759+00:00
1573543,102,11332341,"PULIDO JIMENO, RUBEN",3,3,100,https://www.rffm.es/acta-partido/1573543,2026-08-07T03:24:22.965372+00:00
1573543,102,8032516,"FERNANDEZ GARCIA, AARON",29,29,100,https://www.rffm.es/acta-partido/1573543,2026-08-07T03:24:22.965372+00:00
1573543,102,11332341,"PULIDO JIMENO, RUBEN",35,35,100,https://www.rffm.es/acta-partido/1573543,2026-08-07T03:24:22.965372+00:00
1573543,102,8429984,"MALONGA VIERA, DWYANE",39,39,100,https://www.rffm.es/acta-partido/1573543,2026-08-07T03:24:22.965372+00:00
1573554,680430,8463784,"ASENSIO CANALES, JORGE",2,2,100,https://www.rffm.es/acta-partido/1573554,2026-08-07T03:24:23.455701+00:00
1573554,3356322,8058772,"COBOS BRAVO, RODRIGO",43,43,100,https://www.rffm.es/acta-partido/1573554,2026-08-07T03:24:23.455701+00:00
1573551,846961,13151924,"FERNANDEZ TORDESILLAS, DANIEL",45,45,100,https://www.rffm.es/acta-partido/1573551,2026-08-07T03:24:23.496054+00:00
1573555,1747,11579866,"GUARNIDO MAZUECOS, RODRIGO",8,8,100,https://www.rffm.es/acta-partido/1573555,2026-08-07T03:24:23.542685+00:00
1573555,1747,9925497,"MIRANDA GIL, CARLOS",43,43,100,https://www.rffm.es/acta-partido/1573555,2026-08-07T03:24:23.542685+00:00
1573555,1747,11579866,"GUARNIDO MAZUECOS, RODRIGO",56,56,100,https://www.rffm.es/acta-partido/1573555,2026-08-07T03:24:23.542685+00:00
1573555,2137,8695388,"VILLANUEVA COGOLLO, MARCOS",12,12,100,https://www.rffm.es/acta-partido/1573555,2026-08-07T03:24:23.542685+00:00
1573555,2137,13267639,"MENDOLA CLAVER, LORENZO JULIAN",35,35,100,https://www.rffm.es/acta-partido/1573555,2026-08-07T03:24:23.542685+00:00
1573555,2137,13267639,"MENDOLA CLAVER, LORENZO JULIAN",44,44,100,https://www.rffm.es/acta-partido/1573555,2026-08-07T03:24:23.542685+00:00
1573556,1571,8484330,"CARROZA PIZARRO, PABLO",12,12,100,https://www.rffm.es/acta-partido/1573556,2026-08-07T03:24:23.547611+00:00
1573556,1571,8482228,"BARROSO MENENDEZ, OSCAR",48,48,100,https://www.rffm.es/acta-partido/1573556,2026-08-07T03:24:23.547611+00:00
1573564,2212,11831180,"GUZMAN RUANO, JOSE ANTONIO",47,47,100,https://www.rffm.es/acta-partido/1573564,2026-08-07T03:24:23.562720+00:00
1573564,576,8669136,"SANZ BURGUILLO, GUILLERMO",23,23,100,https://www.rffm.es/acta-partido/1573564,2026-08-07T03:24:23.562720+00:00
1573564,576,15412308,"RECUERO GONZALEZ, PABLO",49,49,100,https://www.rffm.es/acta-partido/1573564,2026-08-07T03:24:23.562720+00:00
1573564,576,8096588,"PALAZUELOS CARNICERO, CARLOS",51,51,100,https://www.rffm.es/acta-partido/1573564,2026-08-07T03:24:23.562720+00:00
1573557,576,15412308,"RECUERO GONZALEZ, PABLO",1,1,100,https://www.rffm.es/acta-partido/1573557,2026-08-07T03:24:23.575543+00:00
1573557,33,8489440,"GARAIYURREBASO CONDE, JON",9,9,100,https://www.rffm.es/acta-partido/1573557,2026-08-07T03:24:23.575543+00:00
1573552,1606,8523086,"PIEDRAFITA ARMIJO, JORGE",20,20,100,https://www.rffm.es/acta-partido/1573552,2026-08-07T03:24:23.684811+00:00
1573552,1606,8052744,"ROJO GONZALEZ, MARCOS",50,50,100,https://www.rffm.es/acta-partido/1573552,2026-08-07T03:24:23.684811+00:00
1573552,102,11332341,"PULIDO JIMENO, RUBEN",21,21,100,https://www.rffm.es/acta-partido/1573552,2026-08-07T03:24:23.684811+00:00
1573552,102,11332341,"PULIDO JIMENO, RUBEN",32,32,100,https://www.rffm.es/acta-partido/1573552,2026-08-07T03:24:23.684811+00:00
1573553,680452,13361374,"CABALLERO RAMOS, IZAN",28,28,100,https://www.rffm.es/acta-partido/1573553,2026-08-07T03:24:23.940830+00:00
1573553,378276,13932431,"NEVADO VILLAMARIN, DIEGO",4,4,100,https://www.rffm.es/acta-partido/1573553,2026-08-07T03:24:23.940830+00:00
1573553,378276,8866481,"SAEZ ESTEBAN, CARLOS",21,21,100,https://www.rffm.es/acta-partido/1573553,2026-08-07T03:24:23.940830+00:00
1573562,1747,9925497,"MIRANDA GIL, CARLOS",3,3,100,https://www.rffm.es/acta-partido/1573562,2026-08-07T03:24:24.373303+00:00
1573562,1747,9925497,"MIRANDA GIL, CARLOS",20,20,100,https://www.rffm.es/acta-partido/1573562,2026-08-07T03:24:24.373303+00:00
1573562,1747,11579866,"GUARNIDO MAZUECOS, RODRIGO",37,37,100,https://www.rffm.es/acta-partido/1573562,2026-08-07T03:24:24.373303+00:00
1573559,1606,8522874,"ALARCON ALCOLEA, JUAN",59,59,100,https://www.rffm.es/acta-partido/1573559,2026-08-07T03:24:24.399928+00:00
1573566,846961,11727724,"GONZALEZ SANCHEZ MORAGO, RAUL",12,12,100,https://www.rffm.es/acta-partido/1573566,2026-08-07T03:24:24.718405+00:00
1573566,846961,13159206,"POYATOS HENAO, RAFAEL",54,54,100,https://www.rffm.es/acta-partido/1573566,2026-08-07T03:24:24.718405+00:00
1573566,65,8076036,"LOMAS CORRALES, MARCOS",15,15,100,https://www.rffm.es/acta-partido/1573566,2026-08-07T03:24:24.718405+00:00
1573566,65,8269245,"GOMEZ GARCIA, IZAN",37,37,100,https://www.rffm.es/acta-partido/1573566,2026-08-07T03:24:24.718405+00:00
1573560,102,8429984,"MALONGA VIERA, DWYANE",29,29,100,https://www.rffm.es/acta-partido/1573560,2026-08-07T03:24:24.769386+00:00
1573565,33,13677849,"BERMUDEZ MORENO, JOTUEL",60,60,100,https://www.rffm.es/acta-partido/1573565,2026-08-07T03:24:24.848047+00:00
1573565,12,15622526,"MUÑOZ HEREDIA, THIAGO",14,14,100,https://www.rffm.es/acta-partido/1573565,2026-08-07T03:24:24.848047+00:00
1573565,12,11695145,"CENDOYA GONZALEZ, DAVID",20,20,100,https://www.rffm.es/acta-partido/1573565,2026-08-07T03:24:24.848047+00:00
1573565,12,15608118,"GARCIA MARTIN, DAVID",21,21,100,https://www.rffm.es/acta-partido/1573565,2026-08-07T03:24:24.848047+00:00
1573565,12,12064458,"RUIZ SANTA QUITERIA INTILLAQUE, ALBERTO",52,52,100,https://www.rffm.es/acta-partido/1573565,2026-08-07T03:24:24.848047+00:00
1573561,378276,13932431,"NEVADO VILLAMARIN, DIEGO",21,21,100,https://www.rffm.es/acta-partido/1573561,2026-08-07T03:24:24.875103+00:00
1573561,378276,8878340,"CAMILLERI NAVARRO, ARTURO",45,45,102,https://www.rffm.es/acta-partido/1573561,2026-08-07T03:24:24.875103+00:00
1573561,680430,8472908,"FERNANDEZ GARCIA, JOSE CARLOS",13,13,100,https://www.rffm.es/acta-partido/1573561,2026-08-07T03:24:24.875103+00:00
1573561,680430,12540878,"RODRIGUEZ DO CARMO, NICOLAS",56,56,100,https://www.rffm.es/acta-partido/1573561,2026-08-07T03:24:24.875103+00:00
1573563,2137,6974482,"MARTIN FALCE, LUCAS",39,39,101,https://www.rffm.es/acta-partido/1573563,2026-08-07T03:24:24.893184+00:00
1573563,2137,8462401,"ALMEIDA ESPEJO, GUILLERMO",45,45,100,https://www.rffm.es/acta-partido/1573563,2026-08-07T03:24:24.893184+00:00
1573563,2137,14455316,"RIOCHI TUKU, OLIVER",48,48,100,https://www.rffm.es/acta-partido/1573563,2026-08-07T03:24:24.893184+00:00
1573563,2137,10862180,"MITROFAN, ALEX SEBASTIAN",60,60,100,https://www.rffm.es/acta-partido/1573563,2026-08-07T03:24:24.893184+00:00
1573572,576,12185755,"HIGAZY, MALIK SHARIF EZZAT",39,39,100,https://www.rffm.es/acta-partido/1573572,2026-08-07T03:24:25.175010+00:00
1573573,12,6720166,"ESSID GARCIA, ADAM",6,6,100,https://www.rffm.es/acta-partido/1573573,2026-08-07T03:24:25.603107+00:00
1573573,12,12064458,"RUIZ SANTA QUITERIA INTILLAQUE, ALBERTO",12,12,101,https://www.rffm.es/acta-partido/1573573,2026-08-07T03:24:25.603107+00:00
1573573,12,12064458,"RUIZ SANTA QUITERIA INTILLAQUE, ALBERTO",16,16,100,https://www.rffm.es/acta-partido/1573573,2026-08-07T03:24:25.603107+00:00
1573573,12,12064458,"RUIZ SANTA QUITERIA INTILLAQUE, ALBERTO",22,22,100,https://www.rffm.es/acta-partido/1573573,2026-08-07T03:24:25.603107+00:00
1573573,12,6720166,"ESSID GARCIA, ADAM",42,42,100,https://www.rffm.es/acta-partido/1573573,2026-08-07T03:24:25.603107+00:00
1573573,12,6720166,"ESSID GARCIA, ADAM",45,45,100,https://www.rffm.es/acta-partido/1573573,2026-08-07T03:24:25.603107+00:00
1573573,12,8338612,"ROMERO SANZ, ALBERTO",49,49,100,https://www.rffm.es/acta-partido/1573573,2026-08-07T03:24:25.603107+00:00
1573573,12,10175631,"BERCOVITZ LLORENTE, BELTRAN",51,51,100,https://www.rffm.es/acta-partido/1573573,2026-08-07T03:24:25.603107+00:00
1573573,12,10175631,"BERCOVITZ LLORENTE, BELTRAN",54,54,100,https://www.rffm.es/acta-partido/1573573,2026-08-07T03:24:25.603107+00:00
1573571,1571,10081482,"GARCIA GOMEZ, ADRIAN",54,54,100,https://www.rffm.es/acta-partido/1573571,2026-08-07T03:24:25.608202+00:00
1573570,1747,8043913,"MOYA SABIN, MAURO",4,4,100,https://www.rffm.es/acta-partido/1573570,2026-08-07T03:24:25.991618+00:00
1573570,1747,12621690,"LEON PEREZ-PIQUERAS, ALEJANDRO",18,18,100,https://www.rffm.es/acta-partido/1573570,2026-08-07T03:24:25.991618+00:00
1573570,378276,13932431,"NEVADO VILLAMARIN, DIEGO",28,28,100,https://www.rffm.es/acta-partido/1573570,2026-08-07T03:24:25.991618+00:00
1573568,680452,12626027,"CHAIB SEJRI, ILYAS",25,25,100,https://www.rffm.es/acta-partido/1573568,2026-08-07T03:24:25.997825+00:00
1573568,487,13965887,"DEL REY BELINCHON, MARIO",5,5,100,https://www.rffm.es/acta-partido/1573568,2026-08-07T03:24:25.997825+00:00
1573568,487,13244075,"VAZQUEZ SUAREZ, DAVID",54,54,101,https://www.rffm.es/acta-partido/1573568,2026-08-07T03:24:25.997825+00:00
1573574,33,13677849,"BERMUDEZ MORENO, JOTUEL",8,8,100,https://www.rffm.es/acta-partido/1573574,2026-08-07T03:24:26.064250+00:00
1573574,33,8489440,"GARAIYURREBASO CONDE, JON",26,26,100,https://www.rffm.es/acta-partido/1573574,2026-08-07T03:24:26.064250+00:00
1573574,33,8489440,"GARAIYURREBASO CONDE, JON",40,40,100,https://www.rffm.es/acta-partido/1573574,2026-08-07T03:24:26.064250+00:00
1573569,102,8429984,"MALONGA VIERA, DWYANE",6,6,100,https://www.rffm.es/acta-partido/1573569,2026-08-07T03:24:26.067902+00:00
1573569,102,11332341,"PULIDO JIMENO, RUBEN",13,13,100,https://www.rffm.es/acta-partido/1573569,2026-08-07T03:24:26.067902+00:00
1573569,102,8429984,"MALONGA VIERA, DWYANE",38,38,100,https://www.rffm.es/acta-partido/1573569,2026-08-07T03:24:26.067902+00:00
1573569,102,8429984,"MALONGA VIERA, DWYANE",51,51,100,https://www.rffm.es/acta-partido/1573569,2026-08-07T03:24:26.067902+00:00
1573569,102,7657729,"REDONDO BACIERO, GAEL",56,56,100,https://www.rffm.es/acta-partido/1573569,2026-08-07T03:24:26.067902+00:00
1573567,1606,8587586,"GARCIA TORREJON, HECTOR",23,23,100,https://www.rffm.es/acta-partido/1573567,2026-08-07T03:24:26.073099+00:00
1573576,680430,7926247,"GARCIA MARTINEZ, HUGO",25,25,102,https://www.rffm.es/acta-partido/1573576,2026-08-07T03:24:26.438453+00:00
1573576,680430,8463784,"ASENSIO CANALES, JORGE",49,49,100,https://www.rffm.es/acta-partido/1573576,2026-08-07T03:24:26.438453+00:00
1573577,102,7657729,"REDONDO BACIERO, GAEL",35,35,100,https://www.rffm.es/acta-partido/1573577,2026-08-07T03:24:26.861602+00:00
1573577,102,8032516,"FERNANDEZ GARCIA, AARON",41,41,100,https://www.rffm.es/acta-partido/1573577,2026-08-07T03:24:26.861602+00:00
1573577,1747,7890714,"GONZALEZ ALVITE, ALVARO",16,16,100,https://www.rffm.es/acta-partido/1573577,2026-08-07T03:24:26.861602+00:00
1573578,378276,13932431,"NEVADO VILLAMARIN, DIEGO",11,11,100,https://www.rffm.es/acta-partido/1573578,2026-08-07T03:24:26.871458+00:00
1573578,1571,9573097,"MONTES BIRLANGA, EDUARDO",7,7,100,https://www.rffm.es/acta-partido/1573578,2026-08-07T03:24:26.871458+00:00
1573578,1571,8482406,"MARTINEZ CHAMORRO, MARCO",19,19,100,https://www.rffm.es/acta-partido/1573578,2026-08-07T03:24:26.871458+00:00
1573578,1571,9994885,"NKOUE, RICARDO BRYAN",23,23,100,https://www.rffm.es/acta-partido/1573578,2026-08-07T03:24:26.871458+00:00
1573578,1571,9003425,"ROMERO ORTEGA, PELAYO",38,38,100,https://www.rffm.es/acta-partido/1573578,2026-08-07T03:24:26.871458+00:00
1573578,1571,10081482,"GARCIA GOMEZ, ADRIAN",53,53,100,https://www.rffm.es/acta-partido/1573578,2026-08-07T03:24:26.871458+00:00
1573578,1571,8482228,"BARROSO MENENDEZ, OSCAR",55,55,100,https://www.rffm.es/acta-partido/1573578,2026-08-07T03:24:26.871458+00:00
1573581,65,8452625,"JIMENEZ GOMEZ, ISMAEL",11,11,100,https://www.rffm.es/acta-partido/1573581,2026-08-07T03:24:27.173555+00:00
1573581,65,10905912,"RODRÍGUEZ BARREIRA, MARCOS",14,14,100,https://www.rffm.es/acta-partido/1573581,2026-08-07T03:24:27.173555+00:00
1573581,65,8464607,"TRIGO BARRIOS, NICOLAS",18,18,100,https://www.rffm.es/acta-partido/1573581,2026-08-07T03:24:27.173555+00:00
1573581,65,10134309,"GOMEZ BERROCAL, NACHO",32,32,100,https://www.rffm.es/acta-partido/1573581,2026-08-07T03:24:27.173555+00:00
1573581,65,8269245,"GOMEZ GARCIA, IZAN",40,40,100,https://www.rffm.es/acta-partido/1573581,2026-08-07T03:24:27.173555+00:00
1573581,65,8536696,"ROBLES MIDOUNE, DARIO",50,50,100,https://www.rffm.es/acta-partido/1573581,2026-08-07T03:24:27.173555+00:00
1573581,65,8269245,"GOMEZ GARCIA, IZAN",52,52,100,https://www.rffm.es/acta-partido/1573581,2026-08-07T03:24:27.173555+00:00
1573581,65,8522910,"CABANILLAS CALVO, YZAN",53,53,100,https://www.rffm.es/acta-partido/1573581,2026-08-07T03:24:27.173555+00:00
1573581,65,8455971,"SERRANO CANTERO, ADRIAN",55,55,100,https://www.rffm.es/acta-partido/1573581,2026-08-07T03:24:27.173555+00:00
1573581,65,8455971,"SERRANO CANTERO, ADRIAN",59,59,100,https://www.rffm.es/acta-partido/1573581,2026-08-07T03:24:27.173555+00:00
1573575,1606,8529375,"GOÑI ZAZO, ANGEL",1,1,100,https://www.rffm.es/acta-partido/1573575,2026-08-07T03:24:27.214266+00:00
1573575,1606,8425441,"POPA, ERIK STEFAN",34,34,100,https://www.rffm.es/acta-partido/1573575,2026-08-07T03:24:27.214266+00:00
1573582,846961,8480634,"LLORENS LOPEZ, ENRIQUE",34,34,100,https://www.rffm.es/acta-partido/1573582,2026-08-07T03:24:27.219966+00:00
1573582,33,10199161,"AMAYA RODRIGUES, MARCO",7,7,100,https://www.rffm.es/acta-partido/1573582,2026-08-07T03:24:27.219966+00:00
1573582,33,13677849,"BERMUDEZ MORENO, JOTUEL",16,16,100,https://www.rffm.es/acta-partido/1573582,2026-08-07T03:24:27.219966+00:00
1573582,33,8489440,"GARAIYURREBASO CONDE, JON",30,30,100,https://www.rffm.es/acta-partido/1573582,2026-08-07T03:24:27.219966+00:00
1573582,33,10199161,"AMAYA RODRIGUES, MARCO",56,56,100,https://www.rffm.es/acta-partido/1573582,2026-08-07T03:24:27.219966+00:00
1573579,576,15516362,"RECUERO GONZALEZ, RAUL",51,51,100,https://www.rffm.es/acta-partido/1573579,2026-08-07T03:24:27.631109+00:00
1573587,576,15516362,"RECUERO GONZALEZ, RAUL",7,7,100,https://www.rffm.es/acta-partido/1573587,2026-08-07T03:24:27.705987+00:00
1573587,576,10706382,"BIELSA DIAZ, ADRIAN",10,10,100,https://www.rffm.es/acta-partido/1573587,2026-08-07T03:24:27.705987+00:00
1573587,576,15412308,"RECUERO GONZALEZ, PABLO",27,27,100,https://www.rffm.es/acta-partido/1573587,2026-08-07T03:24:27.705987+00:00
1573587,576,15516362,"RECUERO GONZALEZ, RAUL",33,33,100,https://www.rffm.es/acta-partido/1573587,2026-08-07T03:24:27.705987+00:00
1573587,576,8096588,"PALAZUELOS CARNICERO, CARLOS",47,47,100,https://www.rffm.es/acta-partido/1573587,2026-08-07T03:24:27.705987+00:00
1573587,576,10190375,"VILLALBA GUDIEL, DANIEL",49,49,100,https://www.rffm.es/acta-partido/1573587,2026-08-07T03:24:27.705987+00:00
1573587,576,7918768,"SANCHEZ-TEMBLEQUE RUIZ, PABLO",53,53,100,https://www.rffm.es/acta-partido/1573587,2026-08-07T03:24:27.705987+00:00
1573580,12,7918677,"LOPEZ ANDEREZ, MIKEL",2,2,100,https://www.rffm.es/acta-partido/1573580,2026-08-07T03:24:27.785594+00:00
1573580,12,6948711,"POYATOS CASTELLO, MARCO",11,11,100,https://www.rffm.es/acta-partido/1573580,2026-08-07T03:24:27.785594+00:00
1573580,12,7918677,"LOPEZ ANDEREZ, MIKEL",13,13,100,https://www.rffm.es/acta-partido/1573580,2026-08-07T03:24:27.785594+00:00
1573580,12,7874511,"SANZ GRACIA, ENZO",44,44,100,https://www.rffm.es/acta-partido/1573580,2026-08-07T03:24:27.785594+00:00
1573580,12,15608118,"GARCIA MARTIN, DAVID",49,49,100,https://www.rffm.es/acta-partido/1573580,2026-08-07T03:24:27.785594+00:00
1573580,12,13467092,"GUILLEN PEREZ DE TUDELA, BELTRAN",52,52,100,https://www.rffm.es/acta-partido/1573580,2026-08-07T03:24:27.785594+00:00
1573580,12,10175631,"BERCOVITZ LLORENTE, BELTRAN",55,55,100,https://www.rffm.es/acta-partido/1573580,2026-08-07T03:24:27.785594+00:00
1573580,12,10175631,"BERCOVITZ LLORENTE, BELTRAN",58,58,100,https://www.rffm.es/acta-partido/1573580,2026-08-07T03:24:27.785594+00:00
1573580,12,9456399,"MINGUEZ CASTRO, PABLO",59,59,100,https://www.rffm.es/acta-partido/1573580,2026-08-07T03:24:27.785594+00:00
1573586,1571,8482406,"MARTINEZ CHAMORRO, MARCO",70,70,100,https://www.rffm.es/acta-partido/1573586,2026-08-07T03:24:28.137190+00:00
1573586,1571,8484330,"CARROZA PIZARRO, PABLO",79,79,100,https://www.rffm.es/acta-partido/1573586,2026-08-07T03:24:28.137190+00:00
1573586,102,9948355,"FERNANDEZ DE SANTIAGO, DANIEL",14,14,100,https://www.rffm.es/acta-partido/1573586,2026-08-07T03:24:28.137190+00:00
1573586,102,9948355,"FERNANDEZ DE SANTIAGO, DANIEL",29,29,100,https://www.rffm.es/acta-partido/1573586,2026-08-07T03:24:28.137190+00:00
1573590,33,13677849,"BERMUDEZ MORENO, JOTUEL",45,45,100,https://www.rffm.es/acta-partido/1573590,2026-08-07T03:24:28.150573+00:00
1573590,33,9011203,"RUIZ LOPEZ, GONZALO",53,53,100,https://www.rffm.es/acta-partido/1573590,2026-08-07T03:24:28.150573+00:00
1573590,33,10199161,"AMAYA RODRIGUES, MARCO",59,59,100,https://www.rffm.es/acta-partido/1573590,2026-08-07T03:24:28.150573+00:00
1573588,12,8208983,"LOBATO GARCIA, HUGO",16,16,100,https://www.rffm.es/acta-partido/1573588,2026-08-07T03:24:28.447328+00:00
1573588,12,6720166,"ESSID GARCIA, ADAM",27,27,100,https://www.rffm.es/acta-partido/1573588,2026-08-07T03:24:28.447328+00:00
1573588,12,8338612,"ROMERO SANZ, ALBERTO",47,47,100,https://www.rffm.es/acta-partido/1573588,2026-08-07T03:24:28.447328+00:00
1573585,1747,8043862,"MIÑAMBRES GUTIERREZ, AITOR",15,15,100,https://www.rffm.es/acta-partido/1573585,2026-08-07T03:24:28.453526+00:00
1573585,1747,11579866,"GUARNIDO MAZUECOS, RODRIGO",59,59,100,https://www.rffm.es/acta-partido/1573585,2026-08-07T03:24:28.453526+00:00
1573585,487,12705489,"MORAN INDART, JACOBO",40,40,100,https://www.rffm.es/acta-partido/1573585,2026-08-07T03:24:28.453526+00:00
1573585,487,13965887,"DEL REY BELINCHON, MARIO",46,46,100,https://www.rffm.es/acta-partido/1573585,2026-08-07T03:24:28.453526+00:00
1573584,680430,9924789,"GARCIA MOCHALES GARCIA, DANIEL",54,54,100,https://www.rffm.es/acta-partido/1573584,2026-08-07T03:24:28.478634+00:00
1573584,1606,8045537,"GARCIA GIL, YAGO",9,9,100,https://www.rffm.es/acta-partido/1573584,2026-08-07T03:24:28.478634+00:00
1573584,1606,8045537,"GARCIA GIL, YAGO",20,20,100,https://www.rffm.es/acta-partido/1573584,2026-08-07T03:24:28.478634+00:00
1573589,65,8269245,"GOMEZ GARCIA, IZAN",8,8,100,https://www.rffm.es/acta-partido/1573589,2026-08-07T03:24:28.573179+00:00
1573589,65,8455971,"SERRANO CANTERO, ADRIAN",33,33,100,https://www.rffm.es/acta-partido/1573589,2026-08-07T03:24:28.573179+00:00
1573589,65,8466436,"PINOS LOPEZ, JORGE",40,40,100,https://www.rffm.es/acta-partido/1573589,2026-08-07T03:24:28.573179+00:00
1573589,65,8269245,"GOMEZ GARCIA, IZAN",47,47,100,https://www.rffm.es/acta-partido/1573589,2026-08-07T03:24:28.573179+00:00
1573597,33,13677849,"BERMUDEZ MORENO, JOTUEL",20,20,100,https://www.rffm.es/acta-partido/1573597,2026-08-07T03:24:28.731465+00:00
1573597,33,9014442,"BARBANY BERRUEZO, VICTOR",23,23,100,https://www.rffm.es/acta-partido/1573597,2026-08-07T03:24:28.731465+00:00
1573597,33,7907159,"FERNANDEZ SANCHEZ, HUGO",52,52,100,https://www.rffm.es/acta-partido/1573597,2026-08-07T03:24:28.731465+00:00
1573598,846961,14169522,"TRUJILLO GARCIA, GERONIMO",7,7,100,https://www.rffm.es/acta-partido/1573598,2026-08-07T03:24:29.388594+00:00
1573598,2212,10139862,"FEREZ HERNAN, ANGEL",6,6,100,https://www.rffm.es/acta-partido/1573598,2026-08-07T03:24:29.388594+00:00
1573598,2212,10205254,"MADRID ORTEGA, MARTIN",29,29,100,https://www.rffm.es/acta-partido/1573598,2026-08-07T03:24:29.388594+00:00
1573591,680452,13200289,"RIVAS CABALLERO, ALVARO",13,13,100,https://www.rffm.es/acta-partido/1573591,2026-08-07T03:24:29.727134+00:00
1573591,680452,8493487,"GARCIA MATEOS, CAYETANO",39,39,100,https://www.rffm.es/acta-partido/1573591,2026-08-07T03:24:29.727134+00:00
1573591,680430,8463784,"ASENSIO CANALES, JORGE",31,31,100,https://www.rffm.es/acta-partido/1573591,2026-08-07T03:24:29.727134+00:00
1573595,378276,13932431,"NEVADO VILLAMARIN, DIEGO",3,3,100,https://www.rffm.es/acta-partido/1573595,2026-08-07T03:24:29.732879+00:00
1573595,378276,13932431,"NEVADO VILLAMARIN, DIEGO",50,50,100,https://www.rffm.es/acta-partido/1573595,2026-08-07T03:24:29.732879+00:00
1573595,12,12064458,"RUIZ SANTA QUITERIA INTILLAQUE, ALBERTO",5,5,100,https://www.rffm.es/acta-partido/1573595,2026-08-07T03:24:29.732879+00:00
1573595,12,8338612,"ROMERO SANZ, ALBERTO",39,39,100,https://www.rffm.es/acta-partido/1573595,2026-08-07T03:24:29.732879+00:00
1573595,12,15608118,"GARCIA MARTIN, DAVID",41,41,100,https://www.rffm.es/acta-partido/1573595,2026-08-07T03:24:29.732879+00:00
1573595,12,12064458,"RUIZ SANTA QUITERIA INTILLAQUE, ALBERTO",44,44,100,https://www.rffm.es/acta-partido/1573595,2026-08-07T03:24:29.732879+00:00
1573595,12,10175631,"BERCOVITZ LLORENTE, BELTRAN",56,56,100,https://www.rffm.es/acta-partido/1573595,2026-08-07T03:24:29.732879+00:00
1573595,12,11695145,"CENDOYA GONZALEZ, DAVID",58,58,100,https://www.rffm.es/acta-partido/1573595,2026-08-07T03:24:29.732879+00:00
1573596,65,8452625,"JIMENEZ GOMEZ, ISMAEL",21,21,100,https://www.rffm.es/acta-partido/1573596,2026-08-07T03:24:29.758056+00:00
1573596,65,8534583,"ROCH DE LA VEGA, CARLOS",60,60,100,https://www.rffm.es/acta-partido/1573596,2026-08-07T03:24:29.758056+00:00
1573593,487,10148877,"ARROJO ROBLES, MARIO",22,22,100,https://www.rffm.es/acta-partido/1573593,2026-08-07T03:24:29.916498+00:00
1573593,1571,8484330,"CARROZA PIZARRO, PABLO",24,24,100,https://www.rffm.es/acta-partido/1573593,2026-08-07T03:24:29.916498+00:00
1573593,1571,10081482,"GARCIA GOMEZ, ADRIAN",33,33,100,https://www.rffm.es/acta-partido/1573593,2026-08-07T03:24:29.916498+00:00
1573593,1571,8482406,"MARTINEZ CHAMORRO, MARCO",57,57,100,https://www.rffm.es/acta-partido/1573593,2026-08-07T03:24:29.916498+00:00
1573602,576,10190375,"VILLALBA GUDIEL, DANIEL",29,29,100,https://www.rffm.es/acta-partido/1573602,2026-08-07T03:24:30.171102+00:00
1573602,576,10706382,"BIELSA DIAZ, ADRIAN",52,52,100,https://www.rffm.es/acta-partido/1573602,2026-08-07T03:24:30.171102+00:00
1573600,1747,7890714,"GONZALEZ ALVITE, ALVARO",45,45,100,https://www.rffm.es/acta-partido/1573600,2026-08-07T03:24:30.622884+00:00
1573603,12,12064458,"RUIZ SANTA QUITERIA INTILLAQUE, ALBERTO",1,1,100,https://www.rffm.es/acta-partido/1573603,2026-08-07T03:24:30.636000+00:00
1573603,12,12064458,"RUIZ SANTA QUITERIA INTILLAQUE, ALBERTO",8,8,101,https://www.rffm.es/acta-partido/1573603,2026-08-07T03:24:30.636000+00:00
1573603,12,7918677,"LOPEZ ANDEREZ, MIKEL",17,17,100,https://www.rffm.es/acta-partido/1573603,2026-08-07T03:24:30.636000+00:00
1573603,12,10175631,"BERCOVITZ LLORENTE, BELTRAN",22,22,100,https://www.rffm.es/acta-partido/1573603,2026-08-07T03:24:30.636000+00:00
1573603,12,7918677,"LOPEZ ANDEREZ, MIKEL",31,31,100,https://www.rffm.es/acta-partido/1573603,2026-08-07T03:24:30.636000+00:00
1573603,12,12064458,"RUIZ SANTA QUITERIA INTILLAQUE, ALBERTO",52,52,101,https://www.rffm.es/acta-partido/1573603,2026-08-07T03:24:30.636000+00:00
1573605,33,9014442,"BARBANY BERRUEZO, VICTOR",23,23,100,https://www.rffm.es/acta-partido/1573605,2026-08-07T03:24:30.938180+00:00
1573605,33,7871077,"GARCIA PASCUAL, HUGO",28,28,100,https://www.rffm.es/acta-partido/1573605,2026-08-07T03:24:30.938180+00:00
1573605,33,8669102,"CARABIAS BORONDO, HUGO",33,33,100,https://www.rffm.es/acta-partido/1573605,2026-08-07T03:24:30.938180+00:00
1573605,33,10199161,"AMAYA RODRIGUES, MARCO",39,39,101,https://www.rffm.es/acta-partido/1573605,2026-08-07T03:24:30.938180+00:00
1573605,33,9011203,"RUIZ LOPEZ, GONZALO",59,59,100,https://www.rffm.es/acta-partido/1573605,2026-08-07T03:24:30.938180+00:00
1573604,65,8455971,"SERRANO CANTERO, ADRIAN",22,22,100,https://www.rffm.es/acta-partido/1573604,2026-08-07T03:24:31.019596+00:00
1573604,65,8123543,"REY ESCOBAR, PABLO",29,29,100,https://www.rffm.es/acta-partido/1573604,2026-08-07T03:24:31.019596+00:00
1573604,65,11787454,"HERRERO GONZÁLEZ, DAVID",50,50,100,https://www.rffm.es/acta-partido/1573604,2026-08-07T03:24:31.019596+00:00
1573606,2212,7997429,"ESPINOSA BAUTISTA, GONZALO MIGUEL",2,2,101,https://www.rffm.es/acta-partido/1573606,2026-08-07T03:24:31.039556+00:00
1573606,2212,7997429,"ESPINOSA BAUTISTA, GONZALO MIGUEL",23,23,100,https://www.rffm.es/acta-partido/1573606,2026-08-07T03:24:31.039556+00:00
1573606,2137,6974482,"MARTIN FALCE, LUCAS",11,11,101,https://www.rffm.es/acta-partido/1573606,2026-08-07T03:24:31.039556+00:00
1573606,2137,8462401,"ALMEIDA ESPEJO, GUILLERMO",32,32,100,https://www.rffm.es/acta-partido/1573606,2026-08-07T03:24:31.039556+00:00
1573606,2137,7055615,"SOLER MORCUENDE, MARIO",34,34,100,https://www.rffm.es/acta-partido/1573606,2026-08-07T03:24:31.039556+00:00
1573606,2137,13289655,"CARREÑO SORIA, OLIVER",43,43,100,https://www.rffm.es/acta-partido/1573606,2026-08-07T03:24:31.039556+00:00
1573606,2137,12482784,"MARTIN DEL RIO, DANIEL",45,45,100,https://www.rffm.es/acta-partido/1573606,2026-08-07T03:24:31.039556+00:00
1573606,2137,13289655,"CARREÑO SORIA, OLIVER",48,48,100,https://www.rffm.es/acta-partido/1573606,2026-08-07T03:24:31.039556+00:00
1573599,680430,9924789,"GARCIA MOCHALES GARCIA, DANIEL",19,19,100,https://www.rffm.es/acta-partido/1573599,2026-08-07T03:24:31.062624+00:00
1573601,1571,9572218,"GARCIA LOPEZ, JUAN",59,59,100,https://www.rffm.es/acta-partido/1573601,2026-08-07T03:24:31.127298+00:00
1573601,1606,8529514,"PEREZ HERRAEZ, NICOLAS",45,45,100,https://www.rffm.es/acta-partido/1573601,2026-08-07T03:24:31.127298+00:00
1573609,576,10706301,"FERNANDEZ RAMIRO, IVAN",9,9,100,https://www.rffm.es/acta-partido/1573609,2026-08-07T03:24:31.864464+00:00
1573609,576,15516362,"RECUERO GONZALEZ, RAUL",59,59,100,https://www.rffm.es/acta-partido/1573609,2026-08-07T03:24:31.864464+00:00
1573612,378276,13932431,"NEVADO VILLAMARIN, DIEGO",48,48,101,https://www.rffm.es/acta-partido/1573612,2026-08-07T03:24:31.874469+00:00
1573612,33,7871077,"GARCIA PASCUAL, HUGO",7,7,100,https://www.rffm.es/acta-partido/1573612,2026-08-07T03:24:31.874469+00:00
1573612,33,7871077,"GARCIA PASCUAL, HUGO",12,12,100,https://www.rffm.es/acta-partido/1573612,2026-08-07T03:24:31.874469+00:00
1573612,33,6722544,"PRIETO ATEF AL DWEIK, ALEJANDRO",24,24,100,https://www.rffm.es/acta-partido/1573612,2026-08-07T03:24:31.874469+00:00
1573612,33,7871077,"GARCIA PASCUAL, HUGO",26,26,100,https://www.rffm.es/acta-partido/1573612,2026-08-07T03:24:31.874469+00:00
1573612,33,10905864,"LOPEZ FAURA, DIEGO",29,29,100,https://www.rffm.es/acta-partido/1573612,2026-08-07T03:24:31.874469+00:00
1573612,33,10199161,"AMAYA RODRIGUES, MARCO",30,30,100,https://www.rffm.es/acta-partido/1573612,2026-08-07T03:24:31.874469+00:00
1573612,33,7871077,"GARCIA PASCUAL, HUGO",31,31,100,https://www.rffm.es/acta-partido/1573612,2026-08-07T03:24:31.874469+00:00
1573612,33,9014442,"BARBANY BERRUEZO, VICTOR",54,54,100,https://www.rffm.es/acta-partido/1573612,2026-08-07T03:24:31.874469+00:00
1573613,3356322,8541776,"SALAS CAPOTE, MATEO",36,36,100,https://www.rffm.es/acta-partido/1573613,2026-08-07T03:24:32.150449+00:00
1573613,3356322,13181992,"LEON RODRIGUEZ, AITOR",50,50,100,https://www.rffm.es/acta-partido/1573613,2026-08-07T03:24:32.150449+00:00
1573614,846961,8480634,"LLORENS LOPEZ, ENRIQUE",17,17,101,https://www.rffm.es/acta-partido/1573614,2026-08-07T03:24:32.220016+00:00
1573614,2137,13267639,"MENDOLA CLAVER, LORENZO JULIAN",3,3,100,https://www.rffm.es/acta-partido/1573614,2026-08-07T03:24:32.220016+00:00
1573614,2137,12482784,"MARTIN DEL RIO, DANIEL",46,46,100,https://www.rffm.es/acta-partido/1573614,2026-08-07T03:24:32.220016+00:00
1573614,2137,14455316,"RIOCHI TUKU, OLIVER",66,66,100,https://www.rffm.es/acta-partido/1573614,2026-08-07T03:24:32.220016+00:00
1573610,12,7874511,"SANZ GRACIA, ENZO",20,20,100,https://www.rffm.es/acta-partido/1573610,2026-08-07T03:24:32.277947+00:00
1573610,12,7918677,"LOPEZ ANDEREZ, MIKEL",31,31,100,https://www.rffm.es/acta-partido/1573610,2026-08-07T03:24:32.277947+00:00
1573610,12,9588295,"CARRASCO CRISTOBAL, MARCOS",34,34,100,https://www.rffm.es/acta-partido/1573610,2026-08-07T03:24:32.277947+00:00
1573610,12,7918677,"LOPEZ ANDEREZ, MIKEL",53,53,100,https://www.rffm.es/acta-partido/1573610,2026-08-07T03:24:32.277947+00:00
1573610,12,7918677,"LOPEZ ANDEREZ, MIKEL",58,58,100,https://www.rffm.es/acta-partido/1573610,2026-08-07T03:24:32.277947+00:00
1573610,12,9456399,"MINGUEZ CASTRO, PABLO",59,59,100,https://www.rffm.es/acta-partido/1573610,2026-08-07T03:24:32.277947+00:00
1573608,680452,13110772,"ANA CARRETERO, CARLOS",49,49,100,https://www.rffm.es/acta-partido/1573608,2026-08-07T03:24:32.305097+00:00
1573608,1571,9571995,"SALAMANCA ESPINOSA, ANTONIO",32,32,100,https://www.rffm.es/acta-partido/1573608,2026-08-07T03:24:32.305097+00:00
1573607,1747,7890714,"GONZALEZ ALVITE, ALVARO",26,26,100,https://www.rffm.es/acta-partido/1573607,2026-08-07T03:24:32.318987+00:00
1573607,1747,12699721,"VAZQUEZ CASTRILLO, JAVIER",51,51,100,https://www.rffm.es/acta-partido/1573607,2026-08-07T03:24:32.318987+00:00
1573617,576,15412308,"RECUERO GONZALEZ, PABLO",22,22,101,https://www.rffm.es/acta-partido/1573617,2026-08-07T03:24:32.674472+00:00
1573617,576,8096588,"PALAZUELOS CARNICERO, CARLOS",34,34,100,https://www.rffm.es/acta-partido/1573617,2026-08-07T03:24:32.674472+00:00
1573621,2212,7997429,"ESPINOSA BAUTISTA, GONZALO MIGUEL",38,38,101,https://www.rffm.es/acta-partido/1573621,2026-08-07T03:24:33.070999+00:00
1573621,2212,11831083,"GODOY GARCIA, MARCOS",48,48,100,https://www.rffm.es/acta-partido/1573621,2026-08-07T03:24:33.070999+00:00
1573621,378276,8392740,"RODRÍGUEZ SANZ, OLIVER",9,9,100,https://www.rffm.es/acta-partido/1573621,2026-08-07T03:24:33.070999+00:00
1573621,378276,13932431,"NEVADO VILLAMARIN, DIEGO",31,31,100,https://www.rffm.es/acta-partido/1573621,2026-08-07T03:24:33.070999+00:00
1573621,378276,13932431,"NEVADO VILLAMARIN, DIEGO",39,39,100,https://www.rffm.es/acta-partido/1573621,2026-08-07T03:24:33.070999+00:00
1573621,378276,9629804,"TOJAR MORENO, RODRIGO",53,53,100,https://www.rffm.es/acta-partido/1573621,2026-08-07T03:24:33.070999+00:00
1573618,12,6720166,"ESSID GARCIA, ADAM",43,43,100,https://www.rffm.es/acta-partido/1573618,2026-08-07T03:24:33.099974+00:00
1573618,12,7918677,"LOPEZ ANDEREZ, MIKEL",55,55,100,https://www.rffm.es/acta-partido/1573618,2026-08-07T03:24:33.099974+00:00
1573618,12,7874511,"SANZ GRACIA, ENZO",57,57,100,https://www.rffm.es/acta-partido/1573618,2026-08-07T03:24:33.099974+00:00
1573615,846961,7960340,"ACITO MUÑOZ, MAURO",29,29,100,https://www.rffm.es/acta-partido/1573615,2026-08-07T03:24:33.484245+00:00
1573615,846961,15768755,"ATWI MAQUILON, FADEL SLEIMAN",33,33,100,https://www.rffm.es/acta-partido/1573615,2026-08-07T03:24:33.484245+00:00
1573620,33,10199161,"AMAYA RODRIGUES, MARCO",5,5,100,https://www.rffm.es/acta-partido/1573620,2026-08-07T03:24:33.489150+00:00
1573620,33,10905864,"LOPEZ FAURA, DIEGO",12,12,100,https://www.rffm.es/acta-partido/1573620,2026-08-07T03:24:33.489150+00:00
1573620,33,10905864,"LOPEZ FAURA, DIEGO",41,41,100,https://www.rffm.es/acta-partido/1573620,2026-08-07T03:24:33.489150+00:00
1573620,33,11792118,"DELGADO CASTELLANOS, IKER",54,54,100,https://www.rffm.es/acta-partido/1573620,2026-08-07T03:24:33.489150+00:00
1573616,1571,6690809,"MARTINEZ ARIAS, SERGIO",37,37,100,https://www.rffm.es/acta-partido/1573616,2026-08-07T03:24:33.555320+00:00
1573619,65,8464607,"TRIGO BARRIOS, NICOLAS",15,15,100,https://www.rffm.es/acta-partido/1573619,2026-08-07T03:24:33.567288+00:00
1573619,65,8466436,"PINOS LOPEZ, JORGE",22,22,100,https://www.rffm.es/acta-partido/1573619,2026-08-07T03:24:33.567288+00:00
1573619,65,8076036,"LOMAS CORRALES, MARCOS",23,23,100,https://www.rffm.es/acta-partido/1573619,2026-08-07T03:24:33.567288+00:00
1573619,65,8466436,"PINOS LOPEZ, JORGE",24,24,100,https://www.rffm.es/acta-partido/1573619,2026-08-07T03:24:33.567288+00:00
1573619,65,8455971,"SERRANO CANTERO, ADRIAN",36,36,100,https://www.rffm.es/acta-partido/1573619,2026-08-07T03:24:33.567288+00:00
1573619,65,8455971,"SERRANO CANTERO, ADRIAN",38,38,100,https://www.rffm.es/acta-partido/1573619,2026-08-07T03:24:33.567288+00:00
1573745,12,6720166,"ESSID GARCIA, ADAM",5,5,100,https://www.rffm.es/acta-partido/1573745,2026-08-07T03:24:33.955709+00:00
1573745,12,9456399,"MINGUEZ CASTRO, PABLO",10,10,100,https://www.rffm.es/acta-partido/1573745,2026-08-07T03:24:33.955709+00:00
1573745,12,6720166,"ESSID GARCIA, ADAM",27,27,100,https://www.rffm.es/acta-partido/1573745,2026-08-07T03:24:33.955709+00:00
1573745,12,8338612,"ROMERO SANZ, ALBERTO",41,41,100,https://www.rffm.es/acta-partido/1573745,2026-08-07T03:24:33.955709+00:00
1573745,12,7918677,"LOPEZ ANDEREZ, MIKEL",51,51,100,https://www.rffm.es/acta-partido/1573745,2026-08-07T03:24:33.955709+00:00
1573745,12,9493237,"FERNÁNDEZ GALLARDO, HUGO",54,54,100,https://www.rffm.es/acta-partido/1573745,2026-08-07T03:24:33.955709+00:00
1573628,102,8429984,"MALONGA VIERA, DWYANE",18,18,100,https://www.rffm.es/acta-partido/1573628,2026-08-07T03:24:34.389193+00:00
1573628,102,10936538,"BURGOS LAFITTE, JAIME",28,28,100,https://www.rffm.es/acta-partido/1573628,2026-08-07T03:24:34.389193+00:00
1573628,102,7657729,"REDONDO BACIERO, GAEL",59,59,100,https://www.rffm.es/acta-partido/1573628,2026-08-07T03:24:34.389193+00:00
1573623,1747,8043862,"MIÑAMBRES GUTIERREZ, AITOR",6,6,100,https://www.rffm.es/acta-partido/1573623,2026-08-07T03:24:34.403172+00:00
1573623,1747,11579866,"GUARNIDO MAZUECOS, RODRIGO",30,30,100,https://www.rffm.es/acta-partido/1573623,2026-08-07T03:24:34.403172+00:00
1573623,1571,8484330,"CARROZA PIZARRO, PABLO",39,39,100,https://www.rffm.es/acta-partido/1573623,2026-08-07T03:24:34.403172+00:00
1573627,487,13345351,"ALONSO OJEA, GABRIEL",46,46,100,https://www.rffm.es/acta-partido/1573627,2026-08-07T03:24:34.732216+00:00
1573627,33,8489440,"GARAIYURREBASO CONDE, JON",11,11,100,https://www.rffm.es/acta-partido/1573627,2026-08-07T03:24:34.732216+00:00
1573627,33,9011203,"RUIZ LOPEZ, GONZALO",14,14,100,https://www.rffm.es/acta-partido/1573627,2026-08-07T03:24:34.732216+00:00
1573627,33,10199161,"AMAYA RODRIGUES, MARCO",17,17,100,https://www.rffm.es/acta-partido/1573627,2026-08-07T03:24:34.732216+00:00
1573627,33,10199161,"AMAYA RODRIGUES, MARCO",35,35,100,https://www.rffm.es/acta-partido/1573627,2026-08-07T03:24:34.732216+00:00
1573627,33,9011203,"RUIZ LOPEZ, GONZALO",48,48,100,https://www.rffm.es/acta-partido/1573627,2026-08-07T03:24:34.732216+00:00
1573627,33,9014442,"BARBANY BERRUEZO, VICTOR",54,54,100,https://www.rffm.es/acta-partido/1573627,2026-08-07T03:24:34.732216+00:00
1573627,33,10199161,"AMAYA RODRIGUES, MARCO",58,58,100,https://www.rffm.es/acta-partido/1573627,2026-08-07T03:24:34.732216+00:00
1573624,680430,8472908,"FERNANDEZ GARCIA, JOSE CARLOS",7,7,100,https://www.rffm.es/acta-partido/1573624,2026-08-07T03:24:34.737499+00:00
1573624,680430,8470938,"CAPITAN GONZALEZ, LEO",42,42,102,https://www.rffm.es/acta-partido/1573624,2026-08-07T03:24:34.737499+00:00
1573624,680430,8463784,"ASENSIO CANALES, JORGE",59,59,100,https://www.rffm.es/acta-partido/1573624,2026-08-07T03:24:34.737499+00:00
1573624,576,8353217,"GIMENO LAGO, JUAN",28,28,100,https://www.rffm.es/acta-partido/1573624,2026-08-07T03:24:34.737499+00:00
1573624,576,10706382,"BIELSA DIAZ, ADRIAN",40,40,100,https://www.rffm.es/acta-partido/1573624,2026-08-07T03:24:34.737499+00:00
1573624,576,10190375,"VILLALBA GUDIEL, DANIEL",54,54,101,https://www.rffm.es/acta-partido/1573624,2026-08-07T03:24:34.737499+00:00
1573629,378276,13932431,"NEVADO VILLAMARIN, DIEGO",2,2,100,https://www.rffm.es/acta-partido/1573629,2026-08-07T03:24:34.820471+00:00
1573630,846961,13151924,"FERNANDEZ TORDESILLAS, DANIEL",34,34,100,https://www.rffm.es/acta-partido/1573630,2026-08-07T03:24:34.834896+00:00
1573630,3356322,9063938,"IVACKOVIC TODUA, MARCO ZORAN",1,1,100,https://www.rffm.es/acta-partido/1573630,2026-08-07T03:24:34.834896+00:00
1573632,576,10706301,"FERNANDEZ RAMIRO, IVAN",12,12,100,https://www.rffm.es/acta-partido/1573632,2026-08-07T03:24:35.166713+00:00
1573632,576,10190375,"VILLALBA GUDIEL, DANIEL",23,23,100,https://www.rffm.es/acta-partido/1573632,2026-08-07T03:24:35.166713+00:00
1573632,576,15412308,"RECUERO GONZALEZ, PABLO",26,26,100,https://www.rffm.es/acta-partido/1573632,2026-08-07T03:24:35.166713+00:00
1573632,1747,11579866,"GUARNIDO MAZUECOS, RODRIGO",32,32,100,https://www.rffm.es/acta-partido/1573632,2026-08-07T03:24:35.166713+00:00
1573635,33,7871077,"GARCIA PASCUAL, HUGO",3,3,100,https://www.rffm.es/acta-partido/1573635,2026-08-07T03:24:35.579577+00:00
1573635,33,9011203,"RUIZ LOPEZ, GONZALO",17,17,100,https://www.rffm.es/acta-partido/1573635,2026-08-07T03:24:35.579577+00:00
1573635,33,10199161,"AMAYA RODRIGUES, MARCO",24,24,100,https://www.rffm.es/acta-partido/1573635,2026-08-07T03:24:35.579577+00:00
1573635,33,10199161,"AMAYA RODRIGUES, MARCO",27,27,100,https://www.rffm.es/acta-partido/1573635,2026-08-07T03:24:35.579577+00:00
1573635,33,7871077,"GARCIA PASCUAL, HUGO",35,35,100,https://www.rffm.es/acta-partido/1573635,2026-08-07T03:24:35.579577+00:00
1573635,33,8489440,"GARAIYURREBASO CONDE, JON",50,50,100,https://www.rffm.es/acta-partido/1573635,2026-08-07T03:24:35.579577+00:00
1573635,33,10905864,"LOPEZ FAURA, DIEGO",55,55,100,https://www.rffm.es/acta-partido/1573635,2026-08-07T03:24:35.579577+00:00
1573633,12,12064458,"RUIZ SANTA QUITERIA INTILLAQUE, ALBERTO",8,8,100,https://www.rffm.es/acta-partido/1573633,2026-08-07T03:24:35.585948+00:00
1573633,12,12064458,"RUIZ SANTA QUITERIA INTILLAQUE, ALBERTO",29,29,100,https://www.rffm.es/acta-partido/1573633,2026-08-07T03:24:35.585948+00:00
1573633,12,7918677,"LOPEZ ANDEREZ, MIKEL",50,50,100,https://www.rffm.es/acta-partido/1573633,2026-08-07T03:24:35.585948+00:00
1573633,12,12064458,"RUIZ SANTA QUITERIA INTILLAQUE, ALBERTO",53,53,100,https://www.rffm.es/acta-partido/1573633,2026-08-07T03:24:35.585948+00:00
1573633,12,7918677,"LOPEZ ANDEREZ, MIKEL",59,59,100,https://www.rffm.es/acta-partido/1573633,2026-08-07T03:24:35.585948+00:00
1573634,65,8522910,"CABANILLAS CALVO, YZAN",19,19,100,https://www.rffm.es/acta-partido/1573634,2026-08-07T03:24:36.189204+00:00
1573634,65,8466436,"PINOS LOPEZ, JORGE",33,33,100,https://www.rffm.es/acta-partido/1573634,2026-08-07T03:24:36.189204+00:00
1573634,65,11787454,"HERRERO GONZÁLEZ, DAVID",51,51,100,https://www.rffm.es/acta-partido/1573634,2026-08-07T03:24:36.189204+00:00
1573634,65,11787454,"HERRERO GONZÁLEZ, DAVID",54,54,100,https://www.rffm.es/acta-partido/1573634,2026-08-07T03:24:36.189204+00:00
1573634,680452,8572300,"CALVO LOPEZ, DANIEL",57,57,102,https://www.rffm.es/acta-partido/1573634,2026-08-07T03:24:36.189204+00:00
1573638,3356322,8058772,"COBOS BRAVO, RODRIGO",13,13,100,https://www.rffm.es/acta-partido/1573638,2026-08-07T03:24:36.284548+00:00
1573638,3356322,8541776,"SALAS CAPOTE, MATEO",59,59,100,https://www.rffm.es/acta-partido/1573638,2026-08-07T03:24:36.284548+00:00
1573638,378276,13932431,"NEVADO VILLAMARIN, DIEGO",25,25,100,https://www.rffm.es/acta-partido/1573638,2026-08-07T03:24:36.284548+00:00
1573638,378276,13932431,"NEVADO VILLAMARIN, DIEGO",60,60,100,https://www.rffm.es/acta-partido/1573638,2026-08-07T03:24:36.284548+00:00
1573637,102,8032516,"FERNANDEZ GARCIA, AARON",8,8,100,https://www.rffm.es/acta-partido/1573637,2026-08-07T03:24:36.291705+00:00
1573636,2212,7997429,"ESPINOSA BAUTISTA, GONZALO MIGUEL",10,10,100,https://www.rffm.es/acta-partido/1573636,2026-08-07T03:24:36.305897+00:00
1573636,2212,11834715,"RODRIGUEZ MARTIN, MIGUEL",40,40,100,https://www.rffm.es/acta-partido/1573636,2026-08-07T03:24:36.305897+00:00
1573636,487,7795942,"MARCOS YANGUAS, ADRIAN",3,3,100,https://www.rffm.es/acta-partido/1573636,2026-08-07T03:24:36.305897+00:00
1573631,846961,7960340,"ACITO MUÑOZ, MAURO",12,12,100,https://www.rffm.es/acta-partido/1573631,2026-08-07T03:24:36.330334+00:00
1573631,846961,15768755,"ATWI MAQUILON, FADEL SLEIMAN",19,19,100,https://www.rffm.es/acta-partido/1573631,2026-08-07T03:24:36.330334+00:00
1573631,846961,7905129,"GASCO TORIBIO, MATEO",28,28,100,https://www.rffm.es/acta-partido/1573631,2026-08-07T03:24:36.330334+00:00
1573631,846961,8480634,"LLORENS LOPEZ, ENRIQUE",36,36,100,https://www.rffm.es/acta-partido/1573631,2026-08-07T03:24:36.330334+00:00
1573645,102,11332341,"PULIDO JIMENO, RUBEN",2,2,100,https://www.rffm.es/acta-partido/1573645,2026-08-07T03:24:36.483111+00:00
1573645,102,8429984,"MALONGA VIERA, DWYANE",55,55,100,https://www.rffm.es/acta-partido/1573645,2026-08-07T03:24:36.483111+00:00
1573645,102,7774207,"GARGOLES JIMENEZ, ALEJANDRO",58,58,100,https://www.rffm.es/acta-partido/1573645,2026-08-07T03:24:36.483111+00:00
1573646,846961,15768755,"ATWI MAQUILON, FADEL SLEIMAN",60,60,101,https://www.rffm.es/acta-partido/1573646,2026-08-07T03:24:36.873919+00:00
1573640,12,7918677,"LOPEZ ANDEREZ, MIKEL",16,16,100,https://www.rffm.es/acta-partido/1573640,2026-08-07T03:24:36.890467+00:00
1573640,12,8338612,"ROMERO SANZ, ALBERTO",22,22,100,https://www.rffm.es/acta-partido/1573640,2026-08-07T03:24:36.890467+00:00
1573640,12,15622526,"MUÑOZ HEREDIA, THIAGO",31,31,100,https://www.rffm.es/acta-partido/1573640,2026-08-07T03:24:36.890467+00:00
1573640,12,10175631,"BERCOVITZ LLORENTE, BELTRAN",33,33,100,https://www.rffm.es/acta-partido/1573640,2026-08-07T03:24:36.890467+00:00
1573640,12,7918677,"LOPEZ ANDEREZ, MIKEL",34,34,100,https://www.rffm.es/acta-partido/1573640,2026-08-07T03:24:36.890467+00:00
1573640,12,12064458,"RUIZ SANTA QUITERIA INTILLAQUE, ALBERTO",37,37,100,https://www.rffm.es/acta-partido/1573640,2026-08-07T03:24:36.890467+00:00
1573640,12,7918677,"LOPEZ ANDEREZ, MIKEL",58,58,100,https://www.rffm.es/acta-partido/1573640,2026-08-07T03:24:36.890467+00:00
1573639,576,15516362,"RECUERO GONZALEZ, RAUL",58,58,100,https://www.rffm.es/acta-partido/1573639,2026-08-07T03:24:37.202630+00:00
1573639,576,15516362,"RECUERO GONZALEZ, RAUL",59,59,100,https://www.rffm.es/acta-partido/1573639,2026-08-07T03:24:37.202630+00:00
1573642,33,10199161,"AMAYA RODRIGUES, MARCO",8,8,100,https://www.rffm.es/acta-partido/1573642,2026-08-07T03:24:37.203282+00:00
1573642,33,10199161,"AMAYA RODRIGUES, MARCO",18,18,100,https://www.rffm.es/acta-partido/1573642,2026-08-07T03:24:37.203282+00:00
1573642,33,10199161,"AMAYA RODRIGUES, MARCO",31,31,100,https://www.rffm.es/acta-partido/1573642,2026-08-07T03:24:37.203282+00:00
1573642,33,8489440,"GARAIYURREBASO CONDE, JON",33,33,100,https://www.rffm.es/acta-partido/1573642,2026-08-07T03:24:37.203282+00:00
1573642,33,10199161,"AMAYA RODRIGUES, MARCO",36,36,100,https://www.rffm.es/acta-partido/1573642,2026-08-07T03:24:37.203282+00:00
1573642,33,10905864,"LOPEZ FAURA, DIEGO",47,47,100,https://www.rffm.es/acta-partido/1573642,2026-08-07T03:24:37.203282+00:00
1573642,33,10905864,"LOPEZ FAURA, DIEGO",51,51,100,https://www.rffm.es/acta-partido/1573642,2026-08-07T03:24:37.203282+00:00
1573642,33,9011203,"RUIZ LOPEZ, GONZALO",52,52,100,https://www.rffm.es/acta-partido/1573642,2026-08-07T03:24:37.203282+00:00
1573644,487,7795942,"MARCOS YANGUAS, ADRIAN",3,3,100,https://www.rffm.es/acta-partido/1573644,2026-08-07T03:24:37.282893+00:00
1573644,2137,12482784,"MARTIN DEL RIO, DANIEL",59,59,100,https://www.rffm.es/acta-partido/1573644,2026-08-07T03:24:37.282893+00:00
1573641,680430,8472908,"FERNANDEZ GARCIA, JOSE CARLOS",25,25,100,https://www.rffm.es/acta-partido/1573641,2026-08-07T03:24:37.288098+00:00
1573641,680430,8463784,"ASENSIO CANALES, JORGE",31,31,100,https://www.rffm.es/acta-partido/1573641,2026-08-07T03:24:37.288098+00:00
1573641,65,8269245,"GOMEZ GARCIA, IZAN",6,6,100,https://www.rffm.es/acta-partido/1573641,2026-08-07T03:24:37.288098+00:00
1573641,65,8269245,"GOMEZ GARCIA, IZAN",10,10,100,https://www.rffm.es/acta-partido/1573641,2026-08-07T03:24:37.288098+00:00
1573641,65,10134309,"GOMEZ BERROCAL, NACHO",24,24,100,https://www.rffm.es/acta-partido/1573641,2026-08-07T03:24:37.288098+00:00
1573641,65,10134309,"GOMEZ BERROCAL, NACHO",30,30,100,https://www.rffm.es/acta-partido/1573641,2026-08-07T03:24:37.288098+00:00
1573641,65,8076036,"LOMAS CORRALES, MARCOS",33,33,100,https://www.rffm.es/acta-partido/1573641,2026-08-07T03:24:37.288098+00:00
1573641,65,8123543,"REY ESCOBAR, PABLO",36,36,102,https://www.rffm.es/acta-partido/1573641,2026-08-07T03:24:37.288098+00:00
1573641,65,8522910,"CABANILLAS CALVO, YZAN",60,60,100,https://www.rffm.es/acta-partido/1573641,2026-08-07T03:24:37.288098+00:00
1573643,1606,8045537,"GARCIA GIL, YAGO",59,59,100,https://www.rffm.es/acta-partido/1573643,2026-08-07T03:24:37.306765+00:00
1573648,12,8515562,"VALVERDE MARTIN, SERGIO",5,5,100,https://www.rffm.es/acta-partido/1573648,2026-08-07T03:24:37.672735+00:00
1573648,12,12064458,"RUIZ SANTA QUITERIA INTILLAQUE, ALBERTO",11,11,100,https://www.rffm.es/acta-partido/1573648,2026-08-07T03:24:37.672735+00:00
1573648,12,11695145,"CENDOYA GONZALEZ, DAVID",26,26,100,https://www.rffm.es/acta-partido/1573648,2026-08-07T03:24:37.672735+00:00
1573648,12,12064458,"RUIZ SANTA QUITERIA INTILLAQUE, ALBERTO",29,29,100,https://www.rffm.es/acta-partido/1573648,2026-08-07T03:24:37.672735+00:00
1573648,12,8338612,"ROMERO SANZ, ALBERTO",50,50,100,https://www.rffm.es/acta-partido/1573648,2026-08-07T03:24:37.672735+00:00
1573648,12,8338612,"ROMERO SANZ, ALBERTO",58,58,100,https://www.rffm.es/acta-partido/1573648,2026-08-07T03:24:37.672735+00:00
1573650,33,6722544,"PRIETO ATEF AL DWEIK, ALEJANDRO",24,24,100,https://www.rffm.es/acta-partido/1573650,2026-08-07T03:24:38.112324+00:00
1573650,33,8489440,"GARAIYURREBASO CONDE, JON",25,25,100,https://www.rffm.es/acta-partido/1573650,2026-08-07T03:24:38.112324+00:00
1573650,33,9011203,"RUIZ LOPEZ, GONZALO",48,48,100,https://www.rffm.es/acta-partido/1573650,2026-08-07T03:24:38.112324+00:00
1573650,33,9011203,"RUIZ LOPEZ, GONZALO",55,55,100,https://www.rffm.es/acta-partido/1573650,2026-08-07T03:24:38.112324+00:00
1573652,2137,13289655,"CARREÑO SORIA, OLIVER",5,5,100,https://www.rffm.es/acta-partido/1573652,2026-08-07T03:24:38.126798+00:00
1573652,2137,12482784,"MARTIN DEL RIO, DANIEL",54,54,100,https://www.rffm.es/acta-partido/1573652,2026-08-07T03:24:38.126798+00:00
1573652,1606,8587586,"GARCIA TORREJON, HECTOR",22,22,100,https://www.rffm.es/acta-partido/1573652,2026-08-07T03:24:38.126798+00:00
1573649,65,8076036,"LOMAS CORRALES, MARCOS",13,13,100,https://www.rffm.es/acta-partido/1573649,2026-08-07T03:24:38.416011+00:00
1573649,65,8534583,"ROCH DE LA VEGA, CARLOS",24,24,100,https://www.rffm.es/acta-partido/1573649,2026-08-07T03:24:38.416011+00:00
1573649,65,8466436,"PINOS LOPEZ, JORGE",50,50,100,https://www.rffm.es/acta-partido/1573649,2026-08-07T03:24:38.416011+00:00
1573649,65,8269245,"GOMEZ GARCIA, IZAN",52,52,100,https://www.rffm.es/acta-partido/1573649,2026-08-07T03:24:38.416011+00:00
1573649,65,10134309,"GOMEZ BERROCAL, NACHO",59,59,100,https://www.rffm.es/acta-partido/1573649,2026-08-07T03:24:38.416011+00:00
1573649,1747,8042571,"ORCHE BULLIDO, MIGUEL",10,10,100,https://www.rffm.es/acta-partido/1573649,2026-08-07T03:24:38.416011+00:00
1573649,1747,8043913,"MOYA SABIN, MAURO",38,38,100,https://www.rffm.es/acta-partido/1573649,2026-08-07T03:24:38.416011+00:00
1573647,846961,15768755,"ATWI MAQUILON, FADEL SLEIMAN",35,35,101,https://www.rffm.es/acta-partido/1573647,2026-08-07T03:24:38.418679+00:00
1573647,846961,10119583,"TEJERO CAÑETE, JAVIER",59,59,100,https://www.rffm.es/acta-partido/1573647,2026-08-07T03:24:38.418679+00:00
1573654,378276,8338293,"LAPORTA FERNANDEZ CABALLERO, MARCO FELIPE",59,59,100,https://www.rffm.es/acta-partido/1573654,2026-08-07T03:24:38.455443+00:00
1573654,102,11332341,"PULIDO JIMENO, RUBEN",14,14,100,https://www.rffm.es/acta-partido/1573654,2026-08-07T03:24:38.455443+00:00
1573654,102,11332341,"PULIDO JIMENO, RUBEN",18,18,100,https://www.rffm.es/acta-partido/1573654,2026-08-07T03:24:38.455443+00:00
1573654,102,7657729,"REDONDO BACIERO, GAEL",21,21,100,https://www.rffm.es/acta-partido/1573654,2026-08-07T03:24:38.455443+00:00
1573654,102,10189861,"ABANDA PEREZ, PABLO",23,23,100,https://www.rffm.es/acta-partido/1573654,2026-08-07T03:24:38.455443+00:00
1573654,102,8429984,"MALONGA VIERA, DWYANE",27,27,100,https://www.rffm.es/acta-partido/1573654,2026-08-07T03:24:38.455443+00:00
1573654,102,11332341,"PULIDO JIMENO, RUBEN",40,40,100,https://www.rffm.es/acta-partido/1573654,2026-08-07T03:24:38.455443+00:00
1573653,3356322,7909106,"PRADA PLAZA, IVAN",32,32,100,https://www.rffm.es/acta-partido/1573653,2026-08-07T03:24:38.504178+00:00
1573653,3356322,7909106,"PRADA PLAZA, IVAN",35,35,100,https://www.rffm.es/acta-partido/1573653,2026-08-07T03:24:38.504178+00:00
1573653,3356322,8183751,"SANCHEZ CALDERON, MARCOS",69,69,100,https://www.rffm.es/acta-partido/1573653,2026-08-07T03:24:38.504178+00:00
1573651,2212,7997429,"ESPINOSA BAUTISTA, GONZALO MIGUEL",39,39,100,https://www.rffm.es/acta-partido/1573651,2026-08-07T03:24:38.524060+00:00
1573651,680452,8008014,"JIMENEZ JIMENEZ, ISAAC",30,30,100,https://www.rffm.es/acta-partido/1573651,2026-08-07T03:24:38.524060+00:00
1573651,680452,8008014,"JIMENEZ JIMENEZ, ISAAC",44,44,100,https://www.rffm.es/acta-partido/1573651,2026-08-07T03:24:38.524060+00:00
1573661,487,12705535,"DEL CAMPO ROMERO, PABLO",13,13,100,https://www.rffm.es/acta-partido/1573661,2026-08-07T03:24:39.376947+00:00
1573661,378276,13932431,"NEVADO VILLAMARIN, DIEGO",28,28,100,https://www.rffm.es/acta-partido/1573661,2026-08-07T03:24:39.376947+00:00
1573661,378276,13932431,"NEVADO VILLAMARIN, DIEGO",37,37,100,https://www.rffm.es/acta-partido/1573661,2026-08-07T03:24:39.376947+00:00
1573655,576,8659339,"VELASCO GARCIA, GONZALO",8,8,100,https://www.rffm.es/acta-partido/1573655,2026-08-07T03:24:39.399648+00:00
1573655,576,8096588,"PALAZUELOS CARNICERO, CARLOS",27,27,100,https://www.rffm.es/acta-partido/1573655,2026-08-07T03:24:39.399648+00:00
1573655,12,7918677,"LOPEZ ANDEREZ, MIKEL",18,18,100,https://www.rffm.es/acta-partido/1573655,2026-08-07T03:24:39.399648+00:00
1573655,12,15622526,"MUÑOZ HEREDIA, THIAGO",21,21,100,https://www.rffm.es/acta-partido/1573655,2026-08-07T03:24:39.399648+00:00
1573655,12,7918677,"LOPEZ ANDEREZ, MIKEL",36,36,100,https://www.rffm.es/acta-partido/1573655,2026-08-07T03:24:39.399648+00:00
1573655,12,12064458,"RUIZ SANTA QUITERIA INTILLAQUE, ALBERTO",49,49,100,https://www.rffm.es/acta-partido/1573655,2026-08-07T03:24:39.399648+00:00
1573656,65,8534583,"ROCH DE LA VEGA, CARLOS",1,1,100,https://www.rffm.es/acta-partido/1573656,2026-08-07T03:24:39.404976+00:00
1573656,65,8534583,"ROCH DE LA VEGA, CARLOS",32,32,100,https://www.rffm.es/acta-partido/1573656,2026-08-07T03:24:39.404976+00:00
1573656,65,11787454,"HERRERO GONZÁLEZ, DAVID",48,48,100,https://www.rffm.es/acta-partido/1573656,2026-08-07T03:24:39.404976+00:00
1573656,65,8466436,"PINOS LOPEZ, JORGE",54,54,100,https://www.rffm.es/acta-partido/1573656,2026-08-07T03:24:39.404976+00:00
1573660,1606,8045537,"GARCIA GIL, YAGO",2,2,100,https://www.rffm.es/acta-partido/1573660,2026-08-07T03:24:39.745626+00:00
1573660,1606,8045537,"GARCIA GIL, YAGO",42,42,100,https://www.rffm.es/acta-partido/1573660,2026-08-07T03:24:39.745626+00:00
1573660,3356322,11558054,"PEIDRO SALAMERO, JAIME",46,46,100,https://www.rffm.es/acta-partido/1573660,2026-08-07T03:24:39.745626+00:00
1573660,3356322,9856508,"SANCHEZ PRIETO, ALEX",51,51,100,https://www.rffm.es/acta-partido/1573660,2026-08-07T03:24:39.745626+00:00
1573662,102,8429984,"MALONGA VIERA, DWYANE",4,4,100,https://www.rffm.es/acta-partido/1573662,2026-08-07T03:24:39.827612+00:00
1573662,102,8429984,"MALONGA VIERA, DWYANE",13,13,100,https://www.rffm.es/acta-partido/1573662,2026-08-07T03:24:39.827612+00:00
1573662,102,11332341,"PULIDO JIMENO, RUBEN",25,25,100,https://www.rffm.es/acta-partido/1573662,2026-08-07T03:24:39.827612+00:00
1573662,102,10773477,"ORTIZ CHAMIZO, LUCA",28,28,100,https://www.rffm.es/acta-partido/1573662,2026-08-07T03:24:39.827612+00:00
1573662,102,9948355,"FERNANDEZ DE SANTIAGO, DANIEL",43,43,100,https://www.rffm.es/acta-partido/1573662,2026-08-07T03:24:39.827612+00:00
1573662,102,8520598,"ROMERO HOYOS, ALVARO ",57,57,100,https://www.rffm.es/acta-partido/1573662,2026-08-07T03:24:39.827612+00:00
1573657,1747,8043659,"LILLO SANCHEZ, IGNACIO",28,28,100,https://www.rffm.es/acta-partido/1573657,2026-08-07T03:24:39.871170+00:00
1573657,1747,11579866,"GUARNIDO MAZUECOS, RODRIGO",35,35,100,https://www.rffm.es/acta-partido/1573657,2026-08-07T03:24:39.871170+00:00
1573657,33,10199161,"AMAYA RODRIGUES, MARCO",14,14,100,https://www.rffm.es/acta-partido/1573657,2026-08-07T03:24:39.871170+00:00
1573657,33,7871077,"GARCIA PASCUAL, HUGO",57,57,100,https://www.rffm.es/acta-partido/1573657,2026-08-07T03:24:39.871170+00:00
1573659,2137,10083581,"CASTELLANOS GARCIA, JUAN",2,2,100,https://www.rffm.es/acta-partido/1573659,2026-08-07T03:24:39.903924+00:00
1573670,12,6720166,"ESSID GARCIA, ADAM",34,34,100,https://www.rffm.es/acta-partido/1573670,2026-08-07T03:24:40.223440+00:00
1573670,12,8120255,"ASENCIO ARIZA, PABLO",41,41,100,https://www.rffm.es/acta-partido/1573670,2026-08-07T03:24:40.223440+00:00
1573667,1747,8799040,"DIAZ DE YNCLAN, BELTRAN",9,9,100,https://www.rffm.es/acta-partido/1573667,2026-08-07T03:24:40.601785+00:00
1573667,1747,9925497,"MIRANDA GIL, CARLOS",30,30,100,https://www.rffm.es/acta-partido/1573667,2026-08-07T03:24:40.601785+00:00
1573667,1747,11579866,"GUARNIDO MAZUECOS, RODRIGO",31,31,100,https://www.rffm.es/acta-partido/1573667,2026-08-07T03:24:40.601785+00:00
1573667,1747,8042571,"ORCHE BULLIDO, MIGUEL",35,35,100,https://www.rffm.es/acta-partido/1573667,2026-08-07T03:24:40.601785+00:00
1573667,2212,11831180,"GUZMAN RUANO, JOSE ANTONIO",39,39,100,https://www.rffm.es/acta-partido/1573667,2026-08-07T03:24:40.601785+00:00
1573669,576,10706382,"BIELSA DIAZ, ADRIAN",14,14,100,https://www.rffm.es/acta-partido/1573669,2026-08-07T03:24:40.893971+00:00
1573669,65,8269245,"GOMEZ GARCIA, IZAN",33,33,100,https://www.rffm.es/acta-partido/1573669,2026-08-07T03:24:40.893971+00:00
1573669,65,8534583,"ROCH DE LA VEGA, CARLOS",58,58,100,https://www.rffm.es/acta-partido/1573669,2026-08-07T03:24:40.893971+00:00
1573664,1606,8529514,"PEREZ HERRAEZ, NICOLAS",10,10,100,https://www.rffm.es/acta-partido/1573664,2026-08-07T03:24:40.948168+00:00
1573664,1606,8425441,"POPA, ERIK STEFAN",40,40,100,https://www.rffm.es/acta-partido/1573664,2026-08-07T03:24:40.948168+00:00
1573664,378276,13932431,"NEVADO VILLAMARIN, DIEGO",7,7,100,https://www.rffm.es/acta-partido/1573664,2026-08-07T03:24:40.948168+00:00
1573664,378276,13932431,"NEVADO VILLAMARIN, DIEGO",22,22,100,https://www.rffm.es/acta-partido/1573664,2026-08-07T03:24:40.948168+00:00
1573666,680430,8472908,"FERNANDEZ GARCIA, JOSE CARLOS",2,2,100,https://www.rffm.es/acta-partido/1573666,2026-08-07T03:24:40.958049+00:00
1573666,680430,8463784,"ASENSIO CANALES, JORGE",43,43,100,https://www.rffm.es/acta-partido/1573666,2026-08-07T03:24:40.958049+00:00
1573666,680430,13200072,"CABAÑERO ESQUIVEL, IGNACIO",50,50,100,https://www.rffm.es/acta-partido/1573666,2026-08-07T03:24:40.958049+00:00
1573666,2137,6974482,"MARTIN FALCE, LUCAS",39,39,100,https://www.rffm.es/acta-partido/1573666,2026-08-07T03:24:40.958049+00:00
1573663,487,13965887,"DEL REY BELINCHON, MARIO",8,8,100,https://www.rffm.es/acta-partido/1573663,2026-08-07T03:24:40.977854+00:00
1573663,102,10773477,"ORTIZ CHAMIZO, LUCA",14,14,100,https://www.rffm.es/acta-partido/1573663,2026-08-07T03:24:40.977854+00:00
1573663,102,8429984,"MALONGA VIERA, DWYANE",57,57,100,https://www.rffm.es/acta-partido/1573663,2026-08-07T03:24:40.977854+00:00
1573668,33,10199161,"AMAYA RODRIGUES, MARCO",54,54,100,https://www.rffm.es/acta-partido/1573668,2026-08-07T03:24:41.016412+00:00
1573665,680452,8415657,"TORREJON GIL, MARCOS",16,16,100,https://www.rffm.es/acta-partido/1573665,2026-08-07T03:24:41.035799+00:00
1573665,3356322,8183949,"DAZA ORTIZ DE LA TORRE, CARLOS",39,39,100,https://www.rffm.es/acta-partido/1573665,2026-08-07T03:24:41.035799+00:00
1573665,3356322,9922268,"GOMEZ RUIZ, ALEJANDRO",52,52,100,https://www.rffm.es/acta-partido/1573665,2026-08-07T03:24:41.035799+00:00
1573665,3356322,9856508,"SANCHEZ PRIETO, ALEX",55,55,100,https://www.rffm.es/acta-partido/1573665,2026-08-07T03:24:41.035799+00:00
1573677,33,6722544,"PRIETO ATEF AL DWEIK, ALEJANDRO",38,38,100,https://www.rffm.es/acta-partido/1573677,2026-08-07T03:24:41.421577+00:00
1573677,33,8489440,"GARAIYURREBASO CONDE, JON",52,52,100,https://www.rffm.es/acta-partido/1573677,2026-08-07T03:24:41.421577+00:00
1573672,1606,8529358,"BARRADO GARCIA, NICOLAS",41,41,100,https://www.rffm.es/acta-partido/1573672,2026-08-07T03:24:41.881688+00:00
1573676,2212,7997429,"ESPINOSA BAUTISTA, GONZALO MIGUEL",12,12,100,https://www.rffm.es/acta-partido/1573676,2026-08-07T03:24:41.889965+00:00
1573676,2212,10191297,"BRIONES VERDE, NICOLAS",37,37,100,https://www.rffm.es/acta-partido/1573676,2026-08-07T03:24:41.889965+00:00
1573676,2212,10205254,"MADRID ORTEGA, MARTIN",42,42,100,https://www.rffm.es/acta-partido/1573676,2026-08-07T03:24:41.889965+00:00
1573676,1571,8484330,"CARROZA PIZARRO, PABLO",47,47,100,https://www.rffm.es/acta-partido/1573676,2026-08-07T03:24:41.889965+00:00
1573676,1571,8482406,"MARTINEZ CHAMORRO, MARCO",55,55,100,https://www.rffm.es/acta-partido/1573676,2026-08-07T03:24:41.889965+00:00
1573676,1571,10081482,"GARCIA GOMEZ, ADRIAN",58,58,100,https://www.rffm.es/acta-partido/1573676,2026-08-07T03:24:41.889965+00:00
1573676,1571,9994885,"NKOUE, RICARDO BRYAN",62,62,100,https://www.rffm.es/acta-partido/1573676,2026-08-07T03:24:41.889965+00:00
1573675,1747,8043913,"MOYA SABIN, MAURO",38,38,100,https://www.rffm.es/acta-partido/1573675,2026-08-07T03:24:42.172461+00:00
1573675,1747,11579866,"GUARNIDO MAZUECOS, RODRIGO",40,40,100,https://www.rffm.es/acta-partido/1573675,2026-08-07T03:24:42.172461+00:00
1573671,846961,15768755,"ATWI MAQUILON, FADEL SLEIMAN",5,5,100,https://www.rffm.es/acta-partido/1573671,2026-08-07T03:24:42.182457+00:00
1573678,65,8466436,"PINOS LOPEZ, JORGE",51,51,100,https://www.rffm.es/acta-partido/1573678,2026-08-07T03:24:42.372587+00:00
1573678,12,7918677,"LOPEZ ANDEREZ, MIKEL",12,12,100,https://www.rffm.es/acta-partido/1573678,2026-08-07T03:24:42.372587+00:00
1573678,12,7918677,"LOPEZ ANDEREZ, MIKEL",25,25,100,https://www.rffm.es/acta-partido/1573678,2026-08-07T03:24:42.372587+00:00
1573678,12,10175631,"BERCOVITZ LLORENTE, BELTRAN",33,33,100,https://www.rffm.es/acta-partido/1573678,2026-08-07T03:24:42.372587+00:00
1573678,12,7918677,"LOPEZ ANDEREZ, MIKEL",39,39,100,https://www.rffm.es/acta-partido/1573678,2026-08-07T03:24:42.372587+00:00
1573678,12,7918677,"LOPEZ ANDEREZ, MIKEL",45,45,100,https://www.rffm.es/acta-partido/1573678,2026-08-07T03:24:42.372587+00:00
1573678,12,7918677,"LOPEZ ANDEREZ, MIKEL",55,55,100,https://www.rffm.es/acta-partido/1573678,2026-08-07T03:24:42.372587+00:00
1573678,12,11695145,"CENDOYA GONZALEZ, DAVID",59,59,100,https://www.rffm.es/acta-partido/1573678,2026-08-07T03:24:42.372587+00:00
1573673,378276,10103472,"ESCUDERO SOTO, MARIO",4,4,100,https://www.rffm.es/acta-partido/1573673,2026-08-07T03:24:42.377877+00:00
1573673,378276,13932431,"NEVADO VILLAMARIN, DIEGO",40,40,100,https://www.rffm.es/acta-partido/1573673,2026-08-07T03:24:42.377877+00:00
1573673,378276,13932431,"NEVADO VILLAMARIN, DIEGO",56,56,100,https://www.rffm.es/acta-partido/1573673,2026-08-07T03:24:42.377877+00:00
1573673,378276,13932431,"NEVADO VILLAMARIN, DIEGO",59,59,100,https://www.rffm.es/acta-partido/1573673,2026-08-07T03:24:42.377877+00:00
1573673,378276,15875966,"DOUCET, OWEN YVES",59,59,100,https://www.rffm.es/acta-partido/1573673,2026-08-07T03:24:42.377877+00:00
1573673,680452,8415657,"TORREJON GIL, MARCOS",23,23,100,https://www.rffm.es/acta-partido/1573673,2026-08-07T03:24:42.377877+00:00
1573673,680452,13110772,"ANA CARRETERO, CARLOS",36,36,100,https://www.rffm.es/acta-partido/1573673,2026-08-07T03:24:42.377877+00:00
1573674,3356322,8183949,"DAZA ORTIZ DE LA TORRE, CARLOS",11,11,100,https://www.rffm.es/acta-partido/1573674,2026-08-07T03:24:42.388288+00:00
1573686,65,8536696,"ROBLES MIDOUNE, DARIO",22,22,100,https://www.rffm.es/acta-partido/1573686,2026-08-07T03:24:42.685843+00:00
1573686,65,8269245,"GOMEZ GARCIA, IZAN",25,25,100,https://www.rffm.es/acta-partido/1573686,2026-08-07T03:24:42.685843+00:00
1573686,65,8534583,"ROCH DE LA VEGA, CARLOS",48,48,100,https://www.rffm.es/acta-partido/1573686,2026-08-07T03:24:42.685843+00:00
1573683,2137,10083581,"CASTELLANOS GARCIA, JUAN",53,53,100,https://www.rffm.es/acta-partido/1573683,2026-08-07T03:24:43.140398+00:00
1573683,2137,14455316,"RIOCHI TUKU, OLIVER",58,58,100,https://www.rffm.es/acta-partido/1573683,2026-08-07T03:24:43.140398+00:00
1573682,1747,9925497,"MIRANDA GIL, CARLOS",38,38,100,https://www.rffm.es/acta-partido/1573682,2026-08-07T03:24:43.152785+00:00
1573682,1747,7890714,"GONZALEZ ALVITE, ALVARO",59,59,100,https://www.rffm.es/acta-partido/1573682,2026-08-07T03:24:43.152785+00:00
1573682,3356322,7909106,"PRADA PLAZA, IVAN",8,8,100,https://www.rffm.es/acta-partido/1573682,2026-08-07T03:24:43.152785+00:00
1573682,3356322,13181992,"LEON RODRIGUEZ, AITOR",29,29,100,https://www.rffm.es/acta-partido/1573682,2026-08-07T03:24:43.152785+00:00
1573681,680430,8463784,"ASENSIO CANALES, JORGE",24,24,100,https://www.rffm.es/acta-partido/1573681,2026-08-07T03:24:43.445423+00:00
1573681,680430,13200072,"CABAÑERO ESQUIVEL, IGNACIO",45,45,100,https://www.rffm.es/acta-partido/1573681,2026-08-07T03:24:43.445423+00:00
1573681,680430,8472908,"FERNANDEZ GARCIA, JOSE CARLOS",48,48,100,https://www.rffm.es/acta-partido/1573681,2026-08-07T03:24:43.445423+00:00
1573681,378276,15875966,"DOUCET, OWEN YVES",5,5,101,https://www.rffm.es/acta-partido/1573681,2026-08-07T03:24:43.445423+00:00
1573685,12,12064458,"RUIZ SANTA QUITERIA INTILLAQUE, ALBERTO",42,42,100,https://www.rffm.es/acta-partido/1573685,2026-08-07T03:24:43.456418+00:00
1573685,12,8338612,"ROMERO SANZ, ALBERTO",54,54,100,https://www.rffm.es/acta-partido/1573685,2026-08-07T03:24:43.456418+00:00
1573685,12,8120255,"ASENCIO ARIZA, PABLO",58,58,101,https://www.rffm.es/acta-partido/1573685,2026-08-07T03:24:43.456418+00:00
1573684,576,10167677,"DANESCU, ALESSANDRO",3,3,100,https://www.rffm.es/acta-partido/1573684,2026-08-07T03:24:43.485289+00:00
1573684,576,10706301,"FERNANDEZ RAMIRO, IVAN",59,59,100,https://www.rffm.es/acta-partido/1573684,2026-08-07T03:24:43.485289+00:00
1573680,680452,13110772,"ANA CARRETERO, CARLOS",47,47,100,https://www.rffm.es/acta-partido/1573680,2026-08-07T03:24:43.606441+00:00
1573680,102,8429984,"MALONGA VIERA, DWYANE",15,15,100,https://www.rffm.es/acta-partido/1573680,2026-08-07T03:24:43.606441+00:00
1573680,102,7657729,"REDONDO BACIERO, GAEL",59,59,100,https://www.rffm.es/acta-partido/1573680,2026-08-07T03:24:43.606441+00:00
1573679,1606,8522874,"ALARCON ALCOLEA, JUAN",3,3,100,https://www.rffm.es/acta-partido/1573679,2026-08-07T03:24:43.629875+00:00
1573679,1606,8531324,"MARTINEZ JIMENEZ, SERGIO",14,14,100,https://www.rffm.es/acta-partido/1573679,2026-08-07T03:24:43.629875+00:00
1573679,487,13965887,"DEL REY BELINCHON, MARIO",59,59,100,https://www.rffm.es/acta-partido/1573679,2026-08-07T03:24:43.629875+00:00
1573694,33,10199161,"AMAYA RODRIGUES, MARCO",27,27,100,https://www.rffm.es/acta-partido/1573694,2026-08-07T03:24:43.964576+00:00
1573694,33,10905864,"LOPEZ FAURA, DIEGO",59,59,100,https://www.rffm.es/acta-partido/1573694,2026-08-07T03:24:43.964576+00:00
1573689,102,7657729,"REDONDO BACIERO, GAEL",7,7,100,https://www.rffm.es/acta-partido/1573689,2026-08-07T03:24:44.456680+00:00
1573689,102,7657729,"REDONDO BACIERO, GAEL",11,11,100,https://www.rffm.es/acta-partido/1573689,2026-08-07T03:24:44.456680+00:00
1573689,102,7774207,"GARGOLES JIMENEZ, ALEJANDRO",27,27,100,https://www.rffm.es/acta-partido/1573689,2026-08-07T03:24:44.456680+00:00
1573689,102,10189861,"ABANDA PEREZ, PABLO",37,37,100,https://www.rffm.es/acta-partido/1573689,2026-08-07T03:24:44.456680+00:00
1573689,102,11332341,"PULIDO JIMENO, RUBEN",53,53,100,https://www.rffm.es/acta-partido/1573689,2026-08-07T03:24:44.456680+00:00
1573689,680430,7931697,"GOZALO SANZ, SAUL",40,40,100,https://www.rffm.es/acta-partido/1573689,2026-08-07T03:24:44.456680+00:00
1573693,2212,7997429,"ESPINOSA BAUTISTA, GONZALO MIGUEL",44,44,100,https://www.rffm.es/acta-partido/1573693,2026-08-07T03:24:44.462006+00:00
1573693,12,8338612,"ROMERO SANZ, ALBERTO",11,11,101,https://www.rffm.es/acta-partido/1573693,2026-08-07T03:24:44.462006+00:00
1573693,12,7874511,"SANZ GRACIA, ENZO",17,17,100,https://www.rffm.es/acta-partido/1573693,2026-08-07T03:24:44.462006+00:00
1573693,12,8338612,"ROMERO SANZ, ALBERTO",29,29,100,https://www.rffm.es/acta-partido/1573693,2026-08-07T03:24:44.462006+00:00
1573693,12,9493237,"FERNÁNDEZ GALLARDO, HUGO",32,32,100,https://www.rffm.es/acta-partido/1573693,2026-08-07T03:24:44.462006+00:00
1573693,12,6720166,"ESSID GARCIA, ADAM",39,39,100,https://www.rffm.es/acta-partido/1573693,2026-08-07T03:24:44.462006+00:00
1573693,12,13467092,"GUILLEN PEREZ DE TUDELA, BELTRAN",49,49,100,https://www.rffm.es/acta-partido/1573693,2026-08-07T03:24:44.462006+00:00
1573693,12,9493237,"FERNÁNDEZ GALLARDO, HUGO",53,53,100,https://www.rffm.es/acta-partido/1573693,2026-08-07T03:24:44.462006+00:00
1573693,12,8208983,"LOBATO GARCIA, HUGO",59,59,101,https://www.rffm.es/acta-partido/1573693,2026-08-07T03:24:44.462006+00:00
1573692,576,15412308,"RECUERO GONZALEZ, PABLO",4,4,100,https://www.rffm.es/acta-partido/1573692,2026-08-07T03:24:45.008885+00:00
1573692,576,11262752,"PAVON MORILLAS, MARTIN",26,26,100,https://www.rffm.es/acta-partido/1573692,2026-08-07T03:24:45.008885+00:00
1573692,576,15412308,"RECUERO GONZALEZ, PABLO",29,29,100,https://www.rffm.es/acta-partido/1573692,2026-08-07T03:24:45.008885+00:00
1573692,576,10706382,"BIELSA DIAZ, ADRIAN",38,38,100,https://www.rffm.es/acta-partido/1573692,2026-08-07T03:24:45.008885+00:00
1573692,576,8353217,"GIMENO LAGO, JUAN",52,52,100,https://www.rffm.es/acta-partido/1573692,2026-08-07T03:24:45.008885+00:00
1573692,576,10190375,"VILLALBA GUDIEL, DANIEL",54,54,100,https://www.rffm.es/acta-partido/1573692,2026-08-07T03:24:45.008885+00:00
1573692,576,8096588,"PALAZUELOS CARNICERO, CARLOS",69,69,100,https://www.rffm.es/acta-partido/1573692,2026-08-07T03:24:45.008885+00:00
1573691,3356322,7909106,"PRADA PLAZA, IVAN",5,5,100,https://www.rffm.es/acta-partido/1573691,2026-08-07T03:24:45.086082+00:00
1573691,3356322,13181992,"LEON RODRIGUEZ, AITOR",37,37,100,https://www.rffm.es/acta-partido/1573691,2026-08-07T03:24:45.086082+00:00
1573691,1571,8484330,"CARROZA PIZARRO, PABLO",69,69,100,https://www.rffm.es/acta-partido/1573691,2026-08-07T03:24:45.086082+00:00
1573688,487,14463490,"TENA VALERO, CRISTIAN",56,56,100,https://www.rffm.es/acta-partido/1573688,2026-08-07T03:24:45.086397+00:00
1573688,487,10148877,"ARROJO ROBLES, MARIO",59,59,100,https://www.rffm.es/acta-partido/1573688,2026-08-07T03:24:45.086397+00:00
1573688,680452,13361374,"CABALLERO RAMOS, IZAN",37,37,100,https://www.rffm.es/acta-partido/1573688,2026-08-07T03:24:45.086397+00:00
1573690,378276,13932431,"NEVADO VILLAMARIN, DIEGO",10,10,100,https://www.rffm.es/acta-partido/1573690,2026-08-07T03:24:45.165276+00:00
1573690,378276,13932431,"NEVADO VILLAMARIN, DIEGO",44,44,101,https://www.rffm.es/acta-partido/1573690,2026-08-07T03:24:45.165276+00:00
1573700,12,15608118,"GARCIA MARTIN, DAVID",31,31,101,https://www.rffm.es/acta-partido/1573700,2026-08-07T03:24:45.249079+00:00
1573700,12,8208983,"LOBATO GARCIA, HUGO",43,43,100,https://www.rffm.es/acta-partido/1573700,2026-08-07T03:24:45.249079+00:00
1573700,12,11695145,"CENDOYA GONZALEZ, DAVID",45,45,100,https://www.rffm.es/acta-partido/1573700,2026-08-07T03:24:45.249079+00:00
1573700,12,7909709,"VALENZUELA ALONSO, ALEJANDRO",59,59,100,https://www.rffm.es/acta-partido/1573700,2026-08-07T03:24:45.249079+00:00
1573699,576,10706301,"FERNANDEZ RAMIRO, IVAN",5,5,100,https://www.rffm.es/acta-partido/1573699,2026-08-07T03:24:45.672265+00:00
1573699,576,8096588,"PALAZUELOS CARNICERO, CARLOS",18,18,100,https://www.rffm.es/acta-partido/1573699,2026-08-07T03:24:45.672265+00:00
1573702,33,7871077,"GARCIA PASCUAL, HUGO",2,2,100,https://www.rffm.es/acta-partido/1573702,2026-08-07T03:24:45.681001+00:00
1573702,33,7871077,"GARCIA PASCUAL, HUGO",7,7,100,https://www.rffm.es/acta-partido/1573702,2026-08-07T03:24:45.681001+00:00
1573702,33,9011203,"RUIZ LOPEZ, GONZALO",11,11,100,https://www.rffm.es/acta-partido/1573702,2026-08-07T03:24:45.681001+00:00
1573702,33,7950560,"LOBERA GARCIA, ERIC",22,22,101,https://www.rffm.es/acta-partido/1573702,2026-08-07T03:24:45.681001+00:00
1573697,1747,11579866,"GUARNIDO MAZUECOS, RODRIGO",29,29,100,https://www.rffm.es/acta-partido/1573697,2026-08-07T03:24:45.973573+00:00
1573697,102,10936538,"BURGOS LAFITTE, JAIME",46,46,100,https://www.rffm.es/acta-partido/1573697,2026-08-07T03:24:45.973573+00:00
1573696,680430,8472908,"FERNANDEZ GARCIA, JOSE CARLOS",25,25,100,https://www.rffm.es/acta-partido/1573696,2026-08-07T03:24:46.043559+00:00
1573696,680430,13203698,"ALONSO DELGADO ECHAGUE, MARIO",40,40,100,https://www.rffm.es/acta-partido/1573696,2026-08-07T03:24:46.043559+00:00
1573698,378276,13932431,"NEVADO VILLAMARIN, DIEGO",20,20,101,https://www.rffm.es/acta-partido/1573698,2026-08-07T03:24:46.086079+00:00
1573698,378276,13932431,"NEVADO VILLAMARIN, DIEGO",24,24,100,https://www.rffm.es/acta-partido/1573698,2026-08-07T03:24:46.086079+00:00
1573701,65,8534583,"ROCH DE LA VEGA, CARLOS",21,21,100,https://www.rffm.es/acta-partido/1573701,2026-08-07T03:24:46.096621+00:00
1573701,65,8076036,"LOMAS CORRALES, MARCOS",37,37,100,https://www.rffm.es/acta-partido/1573701,2026-08-07T03:24:46.096621+00:00
1573695,680452,13200289,"RIVAS CABALLERO, ALVARO",43,43,100,https://www.rffm.es/acta-partido/1573695,2026-08-07T03:24:46.194121+00:00
1573695,1606,8045537,"GARCIA GIL, YAGO",35,35,100,https://www.rffm.es/acta-partido/1573695,2026-08-07T03:24:46.194121+00:00
1573710,33,10905864,"LOPEZ FAURA, DIEGO",4,4,100,https://www.rffm.es/acta-partido/1573710,2026-08-07T03:24:46.437264+00:00
1573710,33,9011203,"RUIZ LOPEZ, GONZALO",13,13,100,https://www.rffm.es/acta-partido/1573710,2026-08-07T03:24:46.437264+00:00
1573710,33,10199161,"AMAYA RODRIGUES, MARCO",32,32,100,https://www.rffm.es/acta-partido/1573710,2026-08-07T03:24:46.437264+00:00
1573710,33,8669068,"CASTELLANOS PASTOR, IVÁN",42,42,100,https://www.rffm.es/acta-partido/1573710,2026-08-07T03:24:46.437264+00:00
1573710,33,10199161,"AMAYA RODRIGUES, MARCO",43,43,100,https://www.rffm.es/acta-partido/1573710,2026-08-07T03:24:46.437264+00:00
1573710,33,7907159,"FERNANDEZ SANCHEZ, HUGO",45,45,100,https://www.rffm.es/acta-partido/1573710,2026-08-07T03:24:46.437264+00:00
1573710,33,9014442,"BARBANY BERRUEZO, VICTOR",49,49,100,https://www.rffm.es/acta-partido/1573710,2026-08-07T03:24:46.437264+00:00
1573703,846961,14169522,"TRUJILLO GARCIA, GERONIMO",15,15,100,https://www.rffm.es/acta-partido/1573703,2026-08-07T03:24:46.885767+00:00
1573706,102,10773477,"ORTIZ CHAMIZO, LUCA",15,15,100,https://www.rffm.es/acta-partido/1573706,2026-08-07T03:24:46.891211+00:00
1573705,487,13965887,"DEL REY BELINCHON, MARIO",59,59,100,https://www.rffm.es/acta-partido/1573705,2026-08-07T03:24:47.149586+00:00
1573709,2137,8522893,"MAGAZ CARPINTERO, HUGO",10,10,100,https://www.rffm.es/acta-partido/1573709,2026-08-07T03:24:47.211967+00:00
1573709,65,8464607,"TRIGO BARRIOS, NICOLAS",24,24,101,https://www.rffm.es/acta-partido/1573709,2026-08-07T03:24:47.211967+00:00
1573709,65,11787454,"HERRERO GONZÁLEZ, DAVID",33,33,100,https://www.rffm.es/acta-partido/1573709,2026-08-07T03:24:47.211967+00:00
1573709,65,8269245,"GOMEZ GARCIA, IZAN",37,37,100,https://www.rffm.es/acta-partido/1573709,2026-08-07T03:24:47.211967+00:00
1573709,65,11787454,"HERRERO GONZÁLEZ, DAVID",58,58,100,https://www.rffm.es/acta-partido/1573709,2026-08-07T03:24:47.211967+00:00
1573707,576,10706382,"BIELSA DIAZ, ADRIAN",13,13,100,https://www.rffm.es/acta-partido/1573707,2026-08-07T03:24:47.250200+00:00
1573707,576,15516362,"RECUERO GONZALEZ, RAUL",38,38,100,https://www.rffm.es/acta-partido/1573707,2026-08-07T03:24:47.250200+00:00
1573707,576,8096588,"PALAZUELOS CARNICERO, CARLOS",53,53,100,https://www.rffm.es/acta-partido/1573707,2026-08-07T03:24:47.250200+00:00
1573704,1606,8052744,"ROJO GONZALEZ, MARCOS",46,46,100,https://www.rffm.es/acta-partido/1573704,2026-08-07T03:24:47.279284+00:00
1573704,1606,8052744,"ROJO GONZALEZ, MARCOS",51,51,100,https://www.rffm.es/acta-partido/1573704,2026-08-07T03:24:47.279284+00:00
1573704,1606,14933008,"CHAVEZ DUQUE, JUAN PABLO",56,56,100,https://www.rffm.es/acta-partido/1573704,2026-08-07T03:24:47.279284+00:00
1573708,12,10175631,"BERCOVITZ LLORENTE, BELTRAN",18,18,100,https://www.rffm.es/acta-partido/1573708,2026-08-07T03:24:47.292856+00:00
1573708,12,10175631,"BERCOVITZ LLORENTE, BELTRAN",21,21,100,https://www.rffm.es/acta-partido/1573708,2026-08-07T03:24:47.292856+00:00
1573708,12,8120255,"ASENCIO ARIZA, PABLO",52,52,100,https://www.rffm.es/acta-partido/1573708,2026-08-07T03:24:47.292856+00:00
1573708,12,11695145,"CENDOYA GONZALEZ, DAVID",56,56,100,https://www.rffm.es/acta-partido/1573708,2026-08-07T03:24:47.292856+00:00
1573718,2212,10192168,"HERAS RODRÍGUEZ, SERGIO",6,6,100,https://www.rffm.es/acta-partido/1573718,2026-08-07T03:24:47.726593+00:00
1573718,846961,6718940,"GOMEZ VAZQUEZ, ALEJANDRO",37,37,100,https://www.rffm.es/acta-partido/1573718,2026-08-07T03:24:47.726593+00:00
1573718,846961,7905129,"GASCO TORIBIO, MATEO",40,40,100,https://www.rffm.es/acta-partido/1573718,2026-08-07T03:24:47.726593+00:00
1573718,846961,8480634,"LLORENS LOPEZ, ENRIQUE",60,60,100,https://www.rffm.es/acta-partido/1573718,2026-08-07T03:24:47.726593+00:00
1573717,33,10199161,"AMAYA RODRIGUES, MARCO",1,1,100,https://www.rffm.es/acta-partido/1573717,2026-08-07T03:24:48.100128+00:00
1573717,33,8669102,"CARABIAS BORONDO, HUGO",8,8,100,https://www.rffm.es/acta-partido/1573717,2026-08-07T03:24:48.100128+00:00
1573717,33,10199161,"AMAYA RODRIGUES, MARCO",11,11,100,https://www.rffm.es/acta-partido/1573717,2026-08-07T03:24:48.100128+00:00
1573717,33,7967853,"CAMARERO PINTO, MARCO",20,20,100,https://www.rffm.es/acta-partido/1573717,2026-08-07T03:24:48.100128+00:00
1573717,33,7871077,"GARCIA PASCUAL, HUGO",22,22,100,https://www.rffm.es/acta-partido/1573717,2026-08-07T03:24:48.100128+00:00
1573717,33,9011203,"RUIZ LOPEZ, GONZALO",29,29,100,https://www.rffm.es/acta-partido/1573717,2026-08-07T03:24:48.100128+00:00
1573717,33,8489440,"GARAIYURREBASO CONDE, JON",33,33,100,https://www.rffm.es/acta-partido/1573717,2026-08-07T03:24:48.100128+00:00
1573717,33,8479679,"CARNERO GARCIA, ANTONIO",35,35,100,https://www.rffm.es/acta-partido/1573717,2026-08-07T03:24:48.100128+00:00
1573717,33,8479679,"CARNERO GARCIA, ANTONIO",37,37,100,https://www.rffm.es/acta-partido/1573717,2026-08-07T03:24:48.100128+00:00
1573717,33,8489440,"GARAIYURREBASO CONDE, JON",42,42,100,https://www.rffm.es/acta-partido/1573717,2026-08-07T03:24:48.100128+00:00
1573715,12,7918677,"LOPEZ ANDEREZ, MIKEL",9,9,100,https://www.rffm.es/acta-partido/1573715,2026-08-07T03:24:48.105729+00:00
1573715,12,8338612,"ROMERO SANZ, ALBERTO",13,13,100,https://www.rffm.es/acta-partido/1573715,2026-08-07T03:24:48.105729+00:00
1573715,12,15608118,"GARCIA MARTIN, DAVID",15,15,100,https://www.rffm.es/acta-partido/1573715,2026-08-07T03:24:48.105729+00:00
1573715,12,7874511,"SANZ GRACIA, ENZO",19,19,100,https://www.rffm.es/acta-partido/1573715,2026-08-07T03:24:48.105729+00:00
1573715,12,15608118,"GARCIA MARTIN, DAVID",22,22,100,https://www.rffm.es/acta-partido/1573715,2026-08-07T03:24:48.105729+00:00
1573715,12,15622526,"MUÑOZ HEREDIA, THIAGO",24,24,100,https://www.rffm.es/acta-partido/1573715,2026-08-07T03:24:48.105729+00:00
1573715,12,7874511,"SANZ GRACIA, ENZO",33,33,100,https://www.rffm.es/acta-partido/1573715,2026-08-07T03:24:48.105729+00:00
1573715,12,15608118,"GARCIA MARTIN, DAVID",48,48,100,https://www.rffm.es/acta-partido/1573715,2026-08-07T03:24:48.105729+00:00
1573715,12,13467092,"GUILLEN PEREZ DE TUDELA, BELTRAN",50,50,100,https://www.rffm.es/acta-partido/1573715,2026-08-07T03:24:48.105729+00:00
1573713,1571,9571995,"SALAMANCA ESPINOSA, ANTONIO",2,2,100,https://www.rffm.es/acta-partido/1573713,2026-08-07T03:24:48.408594+00:00
1573713,1571,9572429,"GARCIA MARTIN, GUILLERMO",10,10,100,https://www.rffm.es/acta-partido/1573713,2026-08-07T03:24:48.408594+00:00
1573713,1571,8484330,"CARROZA PIZARRO, PABLO",18,18,100,https://www.rffm.es/acta-partido/1573713,2026-08-07T03:24:48.408594+00:00
1573713,1571,9572272,"VAZQUEZ FERNANDEZ, VICTOR",36,36,100,https://www.rffm.es/acta-partido/1573713,2026-08-07T03:24:48.408594+00:00
1573713,1571,10081482,"GARCIA GOMEZ, ADRIAN",57,57,100,https://www.rffm.es/acta-partido/1573713,2026-08-07T03:24:48.408594+00:00
1573713,1571,8644506,"REAL BARREIRO, MARCOS",59,59,100,https://www.rffm.es/acta-partido/1573713,2026-08-07T03:24:48.408594+00:00
1573713,487,11201874,"REY PEROMINGO, MIGUEL",31,31,100,https://www.rffm.es/acta-partido/1573713,2026-08-07T03:24:48.408594+00:00
1573712,1747,7890714,"GONZALEZ ALVITE, ALVARO",41,41,101,https://www.rffm.es/acta-partido/1573712,2026-08-07T03:24:48.517669+00:00
1573712,1606,14933008,"CHAVEZ DUQUE, JUAN PABLO",2,2,100,https://www.rffm.es/acta-partido/1573712,2026-08-07T03:24:48.517669+00:00
1573712,1606,8587586,"GARCIA TORREJON, HECTOR",3,3,100,https://www.rffm.es/acta-partido/1573712,2026-08-07T03:24:48.517669+00:00
1573712,1606,10085678,"VIDAURRE HONDARZA, HUGO",12,12,100,https://www.rffm.es/acta-partido/1573712,2026-08-07T03:24:48.517669+00:00
1573712,1606,8522874,"ALARCON ALCOLEA, JUAN",20,20,100,https://www.rffm.es/acta-partido/1573712,2026-08-07T03:24:48.517669+00:00
1573712,1606,8529358,"BARRADO GARCIA, NICOLAS",31,31,100,https://www.rffm.es/acta-partido/1573712,2026-08-07T03:24:48.517669+00:00
1573714,102,10773477,"ORTIZ CHAMIZO, LUCA",16,16,100,https://www.rffm.es/acta-partido/1573714,2026-08-07T03:24:48.518390+00:00
1573714,102,7657729,"REDONDO BACIERO, GAEL",41,41,100,https://www.rffm.es/acta-partido/1573714,2026-08-07T03:24:48.518390+00:00
1573716,65,10905912,"RODRÍGUEZ BARREIRA, MARCOS",31,31,100,https://www.rffm.es/acta-partido/1573716,2026-08-07T03:24:48.539078+00:00
1573711,680430,7923925,"DE FRUTOS SANCHEZ, MARIO",40,40,100,https://www.rffm.es/acta-partido/1573711,2026-08-07T03:24:48.557533+00:00
1573719,846961,13151924,"FERNANDEZ TORDESILLAS, DANIEL",14,14,100,https://www.rffm.es/acta-partido/1573719,2026-08-07T03:24:49.244203+00:00
1573719,680430,8472908,"FERNANDEZ GARCIA, JOSE CARLOS",25,25,100,https://www.rffm.es/acta-partido/1573719,2026-08-07T03:24:49.244203+00:00
1573719,680430,8463784,"ASENSIO CANALES, JORGE",27,27,100,https://www.rffm.es/acta-partido/1573719,2026-08-07T03:24:49.244203+00:00
1573726,2137,11335237,"PRADOS RISCO, DAVID",3,3,100,https://www.rffm.es/acta-partido/1573726,2026-08-07T03:24:49.358549+00:00
1573726,2137,13267639,"MENDOLA CLAVER, LORENZO JULIAN",23,23,100,https://www.rffm.es/acta-partido/1573726,2026-08-07T03:24:49.358549+00:00
1573726,2137,6974482,"MARTIN FALCE, LUCAS",54,54,100,https://www.rffm.es/acta-partido/1573726,2026-08-07T03:24:49.358549+00:00
1573726,2212,10139862,"FEREZ HERNAN, ANGEL",10,10,100,https://www.rffm.es/acta-partido/1573726,2026-08-07T03:24:49.358549+00:00
1573723,102,11332341,"PULIDO JIMENO, RUBEN",12,12,100,https://www.rffm.es/acta-partido/1573723,2026-08-07T03:24:49.365310+00:00
1573723,102,11332341,"PULIDO JIMENO, RUBEN",34,34,100,https://www.rffm.es/acta-partido/1573723,2026-08-07T03:24:49.365310+00:00
1573723,102,11332341,"PULIDO JIMENO, RUBEN",47,47,101,https://www.rffm.es/acta-partido/1573723,2026-08-07T03:24:49.365310+00:00
1573723,12,6948711,"POYATOS CASTELLO, MARCO",23,23,100,https://www.rffm.es/acta-partido/1573723,2026-08-07T03:24:49.365310+00:00
1573723,12,10175631,"BERCOVITZ LLORENTE, BELTRAN",41,41,100,https://www.rffm.es/acta-partido/1573723,2026-08-07T03:24:49.365310+00:00
1573723,12,6720166,"ESSID GARCIA, ADAM",43,43,100,https://www.rffm.es/acta-partido/1573723,2026-08-07T03:24:49.365310+00:00
1573724,378276,13932431,"NEVADO VILLAMARIN, DIEGO",25,25,100,https://www.rffm.es/acta-partido/1573724,2026-08-07T03:24:49.638064+00:00
1573724,378276,13932431,"NEVADO VILLAMARIN, DIEGO",50,50,100,https://www.rffm.es/acta-partido/1573724,2026-08-07T03:24:49.638064+00:00
1573724,65,8269245,"GOMEZ GARCIA, IZAN",34,34,100,https://www.rffm.es/acta-partido/1573724,2026-08-07T03:24:49.638064+00:00
1573724,65,11787454,"HERRERO GONZÁLEZ, DAVID",40,40,100,https://www.rffm.es/acta-partido/1573724,2026-08-07T03:24:49.638064+00:00
1573724,65,11787454,"HERRERO GONZÁLEZ, DAVID",43,43,100,https://www.rffm.es/acta-partido/1573724,2026-08-07T03:24:49.638064+00:00
1573722,576,15516362,"RECUERO GONZALEZ, RAUL",3,3,100,https://www.rffm.es/acta-partido/1573722,2026-08-07T03:24:49.667164+00:00
1573722,576,15516362,"RECUERO GONZALEZ, RAUL",14,14,100,https://www.rffm.es/acta-partido/1573722,2026-08-07T03:24:49.667164+00:00
1573722,576,15516362,"RECUERO GONZALEZ, RAUL",31,31,100,https://www.rffm.es/acta-partido/1573722,2026-08-07T03:24:49.667164+00:00
1573722,576,8096588,"PALAZUELOS CARNICERO, CARLOS",59,59,100,https://www.rffm.es/acta-partido/1573722,2026-08-07T03:24:49.667164+00:00
1573722,576,10167677,"DANESCU, ALESSANDRO",60,60,100,https://www.rffm.es/acta-partido/1573722,2026-08-07T03:24:49.667164+00:00
1573721,1571,8484330,"CARROZA PIZARRO, PABLO",10,10,100,https://www.rffm.es/acta-partido/1573721,2026-08-07T03:24:49.698958+00:00
1573721,1571,6690809,"MARTINEZ ARIAS, SERGIO",20,20,100,https://www.rffm.es/acta-partido/1573721,2026-08-07T03:24:49.698958+00:00
1573720,1747,9925497,"MIRANDA GIL, CARLOS",47,47,100,https://www.rffm.es/acta-partido/1573720,2026-08-07T03:24:49.721849+00:00
1573725,33,10905864,"LOPEZ FAURA, DIEGO",6,6,100,https://www.rffm.es/acta-partido/1573725,2026-08-07T03:24:49.740660+00:00
1573725,33,10905864,"LOPEZ FAURA, DIEGO",34,34,100,https://www.rffm.es/acta-partido/1573725,2026-08-07T03:24:49.740660+00:00
1573725,33,7950560,"LOBERA GARCIA, ERIC",38,38,100,https://www.rffm.es/acta-partido/1573725,2026-08-07T03:24:49.740660+00:00
1573727,1747,11579866,"GUARNIDO MAZUECOS, RODRIGO",19,19,100,https://www.rffm.es/acta-partido/1573727,2026-08-07T03:24:50.173209+00:00
1573732,33,7871077,"GARCIA PASCUAL, HUGO",6,6,100,https://www.rffm.es/acta-partido/1573732,2026-08-07T03:24:50.625457+00:00
1573732,33,7871077,"GARCIA PASCUAL, HUGO",22,22,100,https://www.rffm.es/acta-partido/1573732,2026-08-07T03:24:50.625457+00:00
1573732,33,9014442,"BARBANY BERRUEZO, VICTOR",28,28,100,https://www.rffm.es/acta-partido/1573732,2026-08-07T03:24:50.625457+00:00
1573732,33,10905864,"LOPEZ FAURA, DIEGO",34,34,100,https://www.rffm.es/acta-partido/1573732,2026-08-07T03:24:50.625457+00:00
1573732,33,10156522,"FERNANDEZ, BENJAMIN",50,50,100,https://www.rffm.es/acta-partido/1573732,2026-08-07T03:24:50.625457+00:00
1573732,378276,15875966,"DOUCET, OWEN YVES",32,32,100,https://www.rffm.es/acta-partido/1573732,2026-08-07T03:24:50.625457+00:00
1573729,576,8353217,"GIMENO LAGO, JUAN",60,60,100,https://www.rffm.es/acta-partido/1573729,2026-08-07T03:24:50.630269+00:00
1573729,1606,8523086,"PIEDRAFITA ARMIJO, JORGE",30,30,100,https://www.rffm.es/acta-partido/1573729,2026-08-07T03:24:50.630269+00:00
1573733,2212,10191297,"BRIONES VERDE, NICOLAS",3,3,100,https://www.rffm.es/acta-partido/1573733,2026-08-07T03:24:50.908081+00:00
1573733,3356322,7909106,"PRADA PLAZA, IVAN",10,10,100,https://www.rffm.es/acta-partido/1573733,2026-08-07T03:24:50.908081+00:00
1573730,12,10175631,"BERCOVITZ LLORENTE, BELTRAN",1,1,100,https://www.rffm.es/acta-partido/1573730,2026-08-07T03:24:50.939076+00:00
1573730,12,10175631,"BERCOVITZ LLORENTE, BELTRAN",13,13,100,https://www.rffm.es/acta-partido/1573730,2026-08-07T03:24:50.939076+00:00
1573730,12,10175631,"BERCOVITZ LLORENTE, BELTRAN",28,28,100,https://www.rffm.es/acta-partido/1573730,2026-08-07T03:24:50.939076+00:00
1573730,12,6720166,"ESSID GARCIA, ADAM",38,38,100,https://www.rffm.es/acta-partido/1573730,2026-08-07T03:24:50.939076+00:00
1573730,12,7909709,"VALENZUELA ALONSO, ALEJANDRO",44,44,100,https://www.rffm.es/acta-partido/1573730,2026-08-07T03:24:50.939076+00:00
1573730,12,6720166,"ESSID GARCIA, ADAM",48,48,100,https://www.rffm.es/acta-partido/1573730,2026-08-07T03:24:50.939076+00:00
1573730,12,12579176,"RIESGO MADARIAGA, PAUL",52,52,100,https://www.rffm.es/acta-partido/1573730,2026-08-07T03:24:50.939076+00:00
1573730,12,6720166,"ESSID GARCIA, ADAM",57,57,100,https://www.rffm.es/acta-partido/1573730,2026-08-07T03:24:50.939076+00:00
1573734,846961,6718940,"GOMEZ VAZQUEZ, ALEJANDRO",27,27,100,https://www.rffm.es/acta-partido/1573734,2026-08-07T03:24:51.046796+00:00
1573728,1571,8469663,"CUESTA MANSO, MARCO",4,4,100,https://www.rffm.es/acta-partido/1573728,2026-08-07T03:24:51.109166+00:00
1573728,1571,8644506,"REAL BARREIRO, MARCOS",23,23,100,https://www.rffm.es/acta-partido/1573728,2026-08-07T03:24:51.109166+00:00
1573728,1571,8484330,"CARROZA PIZARRO, PABLO",24,24,100,https://www.rffm.es/acta-partido/1573728,2026-08-07T03:24:51.109166+00:00
1573728,1571,8484330,"CARROZA PIZARRO, PABLO",26,26,100,https://www.rffm.es/acta-partido/1573728,2026-08-07T03:24:51.109166+00:00
1573728,1571,8482228,"BARROSO MENENDEZ, OSCAR",38,38,100,https://www.rffm.es/acta-partido/1573728,2026-08-07T03:24:51.109166+00:00
1573728,1571,9571995,"SALAMANCA ESPINOSA, ANTONIO",48,48,100,https://www.rffm.es/acta-partido/1573728,2026-08-07T03:24:51.109166+00:00
1573728,1571,6690809,"MARTINEZ ARIAS, SERGIO",59,59,100,https://www.rffm.es/acta-partido/1573728,2026-08-07T03:24:51.109166+00:00
1573728,680452,8493275,"MAROTO SANCHEZ, DIEGO",34,34,100,https://www.rffm.es/acta-partido/1573728,2026-08-07T03:24:51.109166+00:00
1573728,680452,8008014,"JIMENEZ JIMENEZ, ISAAC",52,52,100,https://www.rffm.es/acta-partido/1573728,2026-08-07T03:24:51.109166+00:00
1573737,576,10085278,"ALONSO SANCHEZ, JULIO",1,1,100,https://www.rffm.es/acta-partido/1573737,2026-08-07T03:24:51.867032+00:00
1573737,576,15516362,"RECUERO GONZALEZ, RAUL",12,12,100,https://www.rffm.es/acta-partido/1573737,2026-08-07T03:24:51.867032+00:00
1573737,576,15516362,"RECUERO GONZALEZ, RAUL",15,15,100,https://www.rffm.es/acta-partido/1573737,2026-08-07T03:24:51.867032+00:00
1573735,846961,8480634,"LLORENS LOPEZ, ENRIQUE",70,70,100,https://www.rffm.es/acta-partido/1573735,2026-08-07T03:24:51.867621+00:00
1573735,1747,7890714,"GONZALEZ ALVITE, ALVARO",20,20,100,https://www.rffm.es/acta-partido/1573735,2026-08-07T03:24:51.867621+00:00
1573742,3356322,8183949,"DAZA ORTIZ DE LA TORRE, CARLOS",19,19,100,https://www.rffm.es/acta-partido/1573742,2026-08-07T03:24:52.214906+00:00
1573742,2137,10862180,"MITROFAN, ALEX SEBASTIAN",16,16,100,https://www.rffm.es/acta-partido/1573742,2026-08-07T03:24:52.214906+00:00
1573738,1606,8522874,"ALARCON ALCOLEA, JUAN",37,37,100,https://www.rffm.es/acta-partido/1573738,2026-08-07T03:24:52.244465+00:00
1573738,12,6720166,"ESSID GARCIA, ADAM",5,5,100,https://www.rffm.es/acta-partido/1573738,2026-08-07T03:24:52.244465+00:00
1573738,12,10175631,"BERCOVITZ LLORENTE, BELTRAN",10,10,100,https://www.rffm.es/acta-partido/1573738,2026-08-07T03:24:52.244465+00:00
1573738,12,6720166,"ESSID GARCIA, ADAM",35,35,100,https://www.rffm.es/acta-partido/1573738,2026-08-07T03:24:52.244465+00:00
1573738,12,15608118,"GARCIA MARTIN, DAVID",51,51,100,https://www.rffm.es/acta-partido/1573738,2026-08-07T03:24:52.244465+00:00
1573738,12,13467092,"GUILLEN PEREZ DE TUDELA, BELTRAN",58,58,101,https://www.rffm.es/acta-partido/1573738,2026-08-07T03:24:52.244465+00:00
1573736,680430,8463784,"ASENSIO CANALES, JORGE",5,5,100,https://www.rffm.es/acta-partido/1573736,2026-08-07T03:24:52.257414+00:00
1573736,1571,9573097,"MONTES BIRLANGA, EDUARDO",33,33,100,https://www.rffm.es/acta-partido/1573736,2026-08-07T03:24:52.257414+00:00
1573739,487,11201874,"REY PEROMINGO, MIGUEL",43,43,100,https://www.rffm.es/acta-partido/1573739,2026-08-07T03:24:52.412715+00:00
1573739,65,8536696,"ROBLES MIDOUNE, DARIO",6,6,100,https://www.rffm.es/acta-partido/1573739,2026-08-07T03:24:52.412715+00:00
1573739,65,8076036,"LOMAS CORRALES, MARCOS",9,9,100,https://www.rffm.es/acta-partido/1573739,2026-08-07T03:24:52.412715+00:00
1573739,65,8464607,"TRIGO BARRIOS, NICOLAS",29,29,100,https://www.rffm.es/acta-partido/1573739,2026-08-07T03:24:52.412715+00:00
1573741,2212,7997429,"ESPINOSA BAUTISTA, GONZALO MIGUEL",35,35,100,https://www.rffm.es/acta-partido/1573741,2026-08-07T03:24:52.435091+00:00
1573741,2212,10192168,"HERAS RODRÍGUEZ, SERGIO",53,53,100,https://www.rffm.es/acta-partido/1573741,2026-08-07T03:24:52.435091+00:00
1573625,12,8338612,"ROMERO SANZ, ALBERTO",12,12,100,https://www.rffm.es/acta-partido/1573625,2026-08-07T03:24:52.687331+00:00
1573625,12,7909709,"VALENZUELA ALONSO, ALEJANDRO",26,26,100,https://www.rffm.es/acta-partido/1573625,2026-08-07T03:24:52.687331+00:00
1573625,12,8338612,"ROMERO SANZ, ALBERTO",28,28,100,https://www.rffm.es/acta-partido/1573625,2026-08-07T03:24:52.687331+00:00
1573625,12,9456399,"MINGUEZ CASTRO, PABLO",31,31,100,https://www.rffm.es/acta-partido/1573625,2026-08-07T03:24:52.687331+00:00
1573625,12,13467092,"GUILLEN PEREZ DE TUDELA, BELTRAN",48,48,100,https://www.rffm.es/acta-partido/1573625,2026-08-07T03:24:52.687331+00:00
1573625,12,9456399,"MINGUEZ CASTRO, PABLO",57,57,100,https://www.rffm.es/acta-partido/1573625,2026-08-07T03:24:52.687331+00:00
1573744,576,15516362,"RECUERO GONZALEZ, RAUL",5,5,100,https://www.rffm.es/acta-partido/1573744,2026-08-07T03:24:53.139083+00:00
1573744,576,10706271,"MANZANO CAMBA, ROBERTO",20,20,100,https://www.rffm.es/acta-partido/1573744,2026-08-07T03:24:53.139083+00:00
1573744,576,8353217,"GIMENO LAGO, JUAN",28,28,100,https://www.rffm.es/acta-partido/1573744,2026-08-07T03:24:53.139083+00:00
1573744,576,15516362,"RECUERO GONZALEZ, RAUL",55,55,100,https://www.rffm.es/acta-partido/1573744,2026-08-07T03:24:53.139083+00:00
1573743,1571,8482406,"MARTINEZ CHAMORRO, MARCO",35,35,100,https://www.rffm.es/acta-partido/1573743,2026-08-07T03:24:53.151107+00:00
1573743,1747,13172000,"GUTIERREZ SAN NICOLAS, HUGO",20,20,100,https://www.rffm.es/acta-partido/1573743,2026-08-07T03:24:53.151107+00:00
1573746,65,10134309,"GOMEZ BERROCAL, NACHO",55,55,100,https://www.rffm.es/acta-partido/1573746,2026-08-07T03:24:53.411327+00:00
1573747,33,9011203,"RUIZ LOPEZ, GONZALO",3,3,100,https://www.rffm.es/acta-partido/1573747,2026-08-07T03:24:53.821284+00:00
1573747,33,9011203,"RUIZ LOPEZ, GONZALO",17,17,100,https://www.rffm.es/acta-partido/1573747,2026-08-07T03:24:53.821284+00:00
1573747,33,7871077,"GARCIA PASCUAL, HUGO",33,33,100,https://www.rffm.es/acta-partido/1573747,2026-08-07T03:24:53.821284+00:00
1573748,102,7657729,"REDONDO BACIERO, GAEL",16,16,100,https://www.rffm.es/acta-partido/1573748,2026-08-07T03:24:53.837948+00:00
1573748,102,8057778,"GONZALEZ GOMEZ, ISMAEL",30,30,100,https://www.rffm.es/acta-partido/1573748,2026-08-07T03:24:53.837948+00:00
1573748,102,10773477,"ORTIZ CHAMIZO, LUCA",47,47,100,https://www.rffm.es/acta-partido/1573748,2026-08-07T03:24:53.837948+00:00
1573748,102,8057778,"GONZALEZ GOMEZ, ISMAEL",54,54,100,https://www.rffm.es/acta-partido/1573748,2026-08-07T03:24:53.837948+00:00
1573755,33,8489440,"GARAIYURREBASO CONDE, JON",12,12,100,https://www.rffm.es/acta-partido/1573755,2026-08-07T03:24:53.974195+00:00
1573755,33,8489440,"GARAIYURREBASO CONDE, JON",27,27,100,https://www.rffm.es/acta-partido/1573755,2026-08-07T03:24:53.974195+00:00
1573755,33,10199161,"AMAYA RODRIGUES, MARCO",46,46,100,https://www.rffm.es/acta-partido/1573755,2026-08-07T03:24:53.974195+00:00
1573750,846961,14169522,"TRUJILLO GARCIA, GERONIMO",31,31,100,https://www.rffm.es/acta-partido/1573750,2026-08-07T03:24:54.001521+00:00
1573750,846961,7905129,"GASCO TORIBIO, MATEO",55,55,100,https://www.rffm.es/acta-partido/1573750,2026-08-07T03:24:54.001521+00:00
1573749,2137,8522893,"MAGAZ CARPINTERO, HUGO",26,26,100,https://www.rffm.es/acta-partido/1573749,2026-08-07T03:24:54.010202+00:00
1573749,2137,6974482,"MARTIN FALCE, LUCAS",39,39,100,https://www.rffm.es/acta-partido/1573749,2026-08-07T03:24:54.010202+00:00
1573749,378276,13932431,"NEVADO VILLAMARIN, DIEGO",9,9,100,https://www.rffm.es/acta-partido/1573749,2026-08-07T03:24:54.010202+00:00
1573749,378276,13932431,"NEVADO VILLAMARIN, DIEGO",11,11,100,https://www.rffm.es/acta-partido/1573749,2026-08-07T03:24:54.010202+00:00
1573754,65,8522910,"CABANILLAS CALVO, YZAN",37,37,100,https://www.rffm.es/acta-partido/1573754,2026-08-07T03:24:54.378906+00:00
1573754,65,8076036,"LOMAS CORRALES, MARCOS",42,42,100,https://www.rffm.es/acta-partido/1573754,2026-08-07T03:24:54.378906+00:00
1573754,65,8076036,"LOMAS CORRALES, MARCOS",56,56,100,https://www.rffm.es/acta-partido/1573754,2026-08-07T03:24:54.378906+00:00
1573752,576,10706301,"FERNANDEZ RAMIRO, IVAN",7,7,100,https://www.rffm.es/acta-partido/1573752,2026-08-07T03:24:54.504282+00:00
1573752,576,10167677,"DANESCU, ALESSANDRO",12,12,100,https://www.rffm.es/acta-partido/1573752,2026-08-07T03:24:54.504282+00:00
1573752,576,10706382,"BIELSA DIAZ, ADRIAN",30,30,100,https://www.rffm.es/acta-partido/1573752,2026-08-07T03:24:54.504282+00:00
1573752,576,8096588,"PALAZUELOS CARNICERO, CARLOS",58,58,100,https://www.rffm.es/acta-partido/1573752,2026-08-07T03:24:54.504282+00:00
1573751,846961,7960340,"ACITO MUÑOZ, MAURO",43,43,101,https://www.rffm.es/acta-partido/1573751,2026-08-07T03:24:54.716407+00:00
1573751,846961,10092492,"BLANCO GUERRERO, ALEJANDRO",46,46,100,https://www.rffm.es/acta-partido/1573751,2026-08-07T03:24:54.716407+00:00
1573751,1571,8484330,"CARROZA PIZARRO, PABLO",14,14,100,https://www.rffm.es/acta-partido/1573751,2026-08-07T03:24:54.716407+00:00
1573760,12,7874511,"SANZ GRACIA, ENZO",7,7,100,https://www.rffm.es/acta-partido/1573760,2026-08-07T03:24:54.721797+00:00
1573760,12,11839473,"PARRA BRUGAROLAS, FERNANDO",12,12,100,https://www.rffm.es/acta-partido/1573760,2026-08-07T03:24:54.721797+00:00
1573760,12,7874511,"SANZ GRACIA, ENZO",15,15,100,https://www.rffm.es/acta-partido/1573760,2026-08-07T03:24:54.721797+00:00
1573760,12,7874511,"SANZ GRACIA, ENZO",21,21,100,https://www.rffm.es/acta-partido/1573760,2026-08-07T03:24:54.721797+00:00
1573760,1747,7890714,"GONZALEZ ALVITE, ALVARO",40,40,100,https://www.rffm.es/acta-partido/1573760,2026-08-07T03:24:54.721797+00:00
1573757,102,11332341,"PULIDO JIMENO, RUBEN",19,19,100,https://www.rffm.es/acta-partido/1573757,2026-08-07T03:24:54.746741+00:00
1573757,102,8032516,"FERNANDEZ GARCIA, AARON",26,26,100,https://www.rffm.es/acta-partido/1573757,2026-08-07T03:24:54.746741+00:00
1573757,102,8057778,"GONZALEZ GOMEZ, ISMAEL",38,38,100,https://www.rffm.es/acta-partido/1573757,2026-08-07T03:24:54.746741+00:00
1573757,102,8032516,"FERNANDEZ GARCIA, AARON",43,43,100,https://www.rffm.es/acta-partido/1573757,2026-08-07T03:24:54.746741+00:00
1573757,102,7657729,"REDONDO BACIERO, GAEL",56,56,100,https://www.rffm.es/acta-partido/1573757,2026-08-07T03:24:54.746741+00:00
1573757,2137,10862180,"MITROFAN, ALEX SEBASTIAN",47,47,100,https://www.rffm.es/acta-partido/1573757,2026-08-07T03:24:54.746741+00:00
1573757,2137,10862180,"MITROFAN, ALEX SEBASTIAN",48,48,100,https://www.rffm.es/acta-partido/1573757,2026-08-07T03:24:54.746741+00:00
1573753,12,9493237,"FERNÁNDEZ GALLARDO, HUGO",20,20,100,https://www.rffm.es/acta-partido/1573753,2026-08-07T03:24:54.768743+00:00
1573753,12,9493237,"FERNÁNDEZ GALLARDO, HUGO",23,23,100,https://www.rffm.es/acta-partido/1573753,2026-08-07T03:24:54.768743+00:00
1573753,12,9493237,"FERNÁNDEZ GALLARDO, HUGO",29,29,100,https://www.rffm.es/acta-partido/1573753,2026-08-07T03:24:54.768743+00:00
1573753,12,11695145,"CENDOYA GONZALEZ, DAVID",41,41,100,https://www.rffm.es/acta-partido/1573753,2026-08-07T03:24:54.768743+00:00
1573753,12,11695145,"CENDOYA GONZALEZ, DAVID",49,49,100,https://www.rffm.es/acta-partido/1573753,2026-08-07T03:24:54.768743+00:00
1573753,12,8338612,"ROMERO SANZ, ALBERTO",57,57,100,https://www.rffm.es/acta-partido/1573753,2026-08-07T03:24:54.768743+00:00
1573758,378276,13932431,"NEVADO VILLAMARIN, DIEGO",31,31,100,https://www.rffm.es/acta-partido/1573758,2026-08-07T03:24:54.915496+00:00
1573758,378276,8392740,"RODRÍGUEZ SANZ, OLIVER",44,44,100,https://www.rffm.es/acta-partido/1573758,2026-08-07T03:24:54.915496+00:00
1573756,487,12705535,"DEL CAMPO ROMERO, PABLO",25,25,100,https://www.rffm.es/acta-partido/1573756,2026-08-07T03:24:55.166917+00:00
1573762,33,7871077,"GARCIA PASCUAL, HUGO",1,1,100,https://www.rffm.es/acta-partido/1573762,2026-08-07T03:24:55.606250+00:00
1573762,33,7871077,"GARCIA PASCUAL, HUGO",7,7,100,https://www.rffm.es/acta-partido/1573762,2026-08-07T03:24:55.606250+00:00
1573762,33,7871077,"GARCIA PASCUAL, HUGO",14,14,100,https://www.rffm.es/acta-partido/1573762,2026-08-07T03:24:55.606250+00:00
1573762,33,8489440,"GARAIYURREBASO CONDE, JON",21,21,100,https://www.rffm.es/acta-partido/1573762,2026-08-07T03:24:55.606250+00:00
1573762,33,10199161,"AMAYA RODRIGUES, MARCO",23,23,100,https://www.rffm.es/acta-partido/1573762,2026-08-07T03:24:55.606250+00:00
1573762,33,7871077,"GARCIA PASCUAL, HUGO",29,29,100,https://www.rffm.es/acta-partido/1573762,2026-08-07T03:24:55.606250+00:00
1573762,33,10936920,"GALAN LAVADO, LUIS",31,31,100,https://www.rffm.es/acta-partido/1573762,2026-08-07T03:24:55.606250+00:00
1573762,33,10199161,"AMAYA RODRIGUES, MARCO",39,39,100,https://www.rffm.es/acta-partido/1573762,2026-08-07T03:24:55.606250+00:00
1573762,33,10199161,"AMAYA RODRIGUES, MARCO",41,41,100,https://www.rffm.es/acta-partido/1573762,2026-08-07T03:24:55.606250+00:00
1573762,33,9011203,"RUIZ LOPEZ, GONZALO",43,43,100,https://www.rffm.es/acta-partido/1573762,2026-08-07T03:24:55.606250+00:00
1573762,33,9011203,"RUIZ LOPEZ, GONZALO",45,45,100,https://www.rffm.es/acta-partido/1573762,2026-08-07T03:24:55.606250+00:00
1573759,576,10167677,"DANESCU, ALESSANDRO",48,48,100,https://www.rffm.es/acta-partido/1573759,2026-08-07T03:24:55.611865+00:00
1573759,1571,9572429,"GARCIA MARTIN, GUILLERMO",9,9,100,https://www.rffm.es/acta-partido/1573759,2026-08-07T03:24:55.611865+00:00
1573759,1571,9994885,"NKOUE, RICARDO BRYAN",24,24,100,https://www.rffm.es/acta-partido/1573759,2026-08-07T03:24:55.611865+00:00
1573761,65,13933477,"LERROUX SANCHEZ, ENRIQUE",29,29,100,https://www.rffm.es/acta-partido/1573761,2026-08-07T03:24:55.912494+00:00
1573761,65,8464607,"TRIGO BARRIOS, NICOLAS",31,31,100,https://www.rffm.es/acta-partido/1573761,2026-08-07T03:24:55.912494+00:00
1573761,65,8522910,"CABANILLAS CALVO, YZAN",60,60,100,https://www.rffm.es/acta-partido/1573761,2026-08-07T03:24:55.912494+00:00
1573761,680430,9775766,"GARCIA ARRONIZ, MARCOS",48,48,100,https://www.rffm.es/acta-partido/1573761,2026-08-07T03:24:55.912494+00:00
1573763,1606,8531324,"MARTINEZ JIMENEZ, SERGIO",7,7,100,https://www.rffm.es/acta-partido/1573763,2026-08-07T03:24:55.935106+00:00
1573763,1606,8587586,"GARCIA TORREJON, HECTOR",34,34,100,https://www.rffm.es/acta-partido/1573763,2026-08-07T03:24:55.935106+00:00
1573763,1606,8523086,"PIEDRAFITA ARMIJO, JORGE",53,53,100,https://www.rffm.es/acta-partido/1573763,2026-08-07T03:24:55.935106+00:00
1573765,3356322,7909106,"PRADA PLAZA, IVAN",7,7,100,https://www.rffm.es/acta-partido/1573765,2026-08-07T03:24:56.043520+00:00
1573765,102,11332341,"PULIDO JIMENO, RUBEN",39,39,101,https://www.rffm.es/acta-partido/1573765,2026-08-07T03:24:56.043520+00:00
1573765,102,11332341,"PULIDO JIMENO, RUBEN",43,43,100,https://www.rffm.es/acta-partido/1573765,2026-08-07T03:24:56.043520+00:00
1573764,2137,10862180,"MITROFAN, ALEX SEBASTIAN",1,1,100,https://www.rffm.es/acta-partido/1573764,2026-08-07T03:24:56.052235+00:00
1573764,2137,9820525,"BUENO FRAIDIAZ, MARTIN",4,4,100,https://www.rffm.es/acta-partido/1573764,2026-08-07T03:24:56.052235+00:00
1573764,2137,8522893,"MAGAZ CARPINTERO, HUGO",22,22,100,https://www.rffm.es/acta-partido/1573764,2026-08-07T03:24:56.052235+00:00
1573764,2137,10862180,"MITROFAN, ALEX SEBASTIAN",52,52,100,https://www.rffm.es/acta-partido/1573764,2026-08-07T03:24:56.052235+00:00
1573764,2137,8489715,"AMORES LIZANA, ADRIAN",59,59,100,https://www.rffm.es/acta-partido/1573764,2026-08-07T03:24:56.052235+00:00
1573764,487,13345351,"ALONSO OJEA, GABRIEL",14,14,100,https://www.rffm.es/acta-partido/1573764,2026-08-07T03:24:56.052235+00:00
1573768,12,10175631,"BERCOVITZ LLORENTE, BELTRAN",6,6,100,https://www.rffm.es/acta-partido/1573768,2026-08-07T03:24:56.425338+00:00
1573768,12,10175631,"BERCOVITZ LLORENTE, BELTRAN",23,23,100,https://www.rffm.es/acta-partido/1573768,2026-08-07T03:24:56.425338+00:00
1573768,12,6720166,"ESSID GARCIA, ADAM",37,37,100,https://www.rffm.es/acta-partido/1573768,2026-08-07T03:24:56.425338+00:00
1573770,680430,8463784,"ASENSIO CANALES, JORGE",6,6,100,https://www.rffm.es/acta-partido/1573770,2026-08-07T03:24:56.875089+00:00
1573770,33,10199161,"AMAYA RODRIGUES, MARCO",18,18,100,https://www.rffm.es/acta-partido/1573770,2026-08-07T03:24:56.875089+00:00
1573770,33,7871077,"GARCIA PASCUAL, HUGO",39,39,100,https://www.rffm.es/acta-partido/1573770,2026-08-07T03:24:56.875089+00:00
1573770,33,7871077,"GARCIA PASCUAL, HUGO",59,59,100,https://www.rffm.es/acta-partido/1573770,2026-08-07T03:24:56.875089+00:00
1573767,576,8096588,"PALAZUELOS CARNICERO, CARLOS",18,18,100,https://www.rffm.es/acta-partido/1573767,2026-08-07T03:24:56.878079+00:00
1573767,576,15412308,"RECUERO GONZALEZ, PABLO",36,36,100,https://www.rffm.es/acta-partido/1573767,2026-08-07T03:24:56.878079+00:00
1573773,487,8052541,"JACOME MORAL, PABLO SEBASTIAN",15,15,100,https://www.rffm.es/acta-partido/1573773,2026-08-07T03:24:57.207089+00:00
1573773,487,10148877,"ARROJO ROBLES, MARIO",58,58,100,https://www.rffm.es/acta-partido/1573773,2026-08-07T03:24:57.207089+00:00
1573773,3356322,9063938,"IVACKOVIC TODUA, MARCO ZORAN",25,25,100,https://www.rffm.es/acta-partido/1573773,2026-08-07T03:24:57.207089+00:00
1573769,1747,7890714,"GONZALEZ ALVITE, ALVARO",26,26,100,https://www.rffm.es/acta-partido/1573769,2026-08-07T03:24:57.218276+00:00
1573769,65,8269245,"GOMEZ GARCIA, IZAN",23,23,100,https://www.rffm.es/acta-partido/1573769,2026-08-07T03:24:57.218276+00:00
1573771,680452,10031792,"IGUAL D'ANGELO, IKER",37,37,100,https://www.rffm.es/acta-partido/1573771,2026-08-07T03:24:57.314253+00:00
1573771,680452,8494004,"RODRIGUEZ TISCAR, DOMINGO",44,44,100,https://www.rffm.es/acta-partido/1573771,2026-08-07T03:24:57.314253+00:00
1573771,2212,10192168,"HERAS RODRÍGUEZ, SERGIO",4,4,100,https://www.rffm.es/acta-partido/1573771,2026-08-07T03:24:57.314253+00:00
1573771,2212,7997429,"ESPINOSA BAUTISTA, GONZALO MIGUEL",7,7,100,https://www.rffm.es/acta-partido/1573771,2026-08-07T03:24:57.314253+00:00
1573771,2212,10192057,"MONTERO CANUT, DANIEL",19,19,100,https://www.rffm.es/acta-partido/1573771,2026-08-07T03:24:57.314253+00:00
1573774,102,8018209,"BARTOLOME ALEGRIA, PABLO JORGE",36,36,100,https://www.rffm.es/acta-partido/1573774,2026-08-07T03:24:57.366849+00:00
1573774,102,8057778,"GONZALEZ GOMEZ, ISMAEL",40,40,100,https://www.rffm.es/acta-partido/1573774,2026-08-07T03:24:57.366849+00:00
1573774,102,9948355,"FERNANDEZ DE SANTIAGO, DANIEL",44,44,100,https://www.rffm.es/acta-partido/1573774,2026-08-07T03:24:57.366849+00:00
1573775,12,7918677,"LOPEZ ANDEREZ, MIKEL",25,25,100,https://www.rffm.es/acta-partido/1573775,2026-08-07T03:24:57.725699+00:00
1573775,12,15608118,"GARCIA MARTIN, DAVID",30,30,100,https://www.rffm.es/acta-partido/1573775,2026-08-07T03:24:57.725699+00:00
1573775,12,7874511,"SANZ GRACIA, ENZO",41,41,100,https://www.rffm.es/acta-partido/1573775,2026-08-07T03:24:57.725699+00:00
1573775,12,12064458,"RUIZ SANTA QUITERIA INTILLAQUE, ALBERTO",60,60,100,https://www.rffm.es/acta-partido/1573775,2026-08-07T03:24:57.725699+00:00
1573775,576,15412308,"RECUERO GONZALEZ, PABLO",45,45,100,https://www.rffm.es/acta-partido/1573775,2026-08-07T03:24:57.725699+00:00
1573772,1606,14933008,"CHAVEZ DUQUE, JUAN PABLO",15,15,100,https://www.rffm.es/acta-partido/1573772,2026-08-07T03:24:57.733287+00:00
1573772,1606,8052744,"ROJO GONZALEZ, MARCOS",56,56,100,https://www.rffm.es/acta-partido/1573772,2026-08-07T03:24:57.733287+00:00
1573772,2137,12482784,"MARTIN DEL RIO, DANIEL",29,29,100,https://www.rffm.es/acta-partido/1573772,2026-08-07T03:24:57.733287+00:00
1573772,2137,10862180,"MITROFAN, ALEX SEBASTIAN",37,37,100,https://www.rffm.es/acta-partido/1573772,2026-08-07T03:24:57.733287+00:00
1573777,33,10936920,"GALAN LAVADO, LUIS",11,11,100,https://www.rffm.es/acta-partido/1573777,2026-08-07T03:24:58.108710+00:00
1573777,33,8489440,"GARAIYURREBASO CONDE, JON",42,42,100,https://www.rffm.es/acta-partido/1573777,2026-08-07T03:24:58.108710+00:00
1573777,33,10905864,"LOPEZ FAURA, DIEGO",48,48,100,https://www.rffm.es/acta-partido/1573777,2026-08-07T03:24:58.108710+00:00
1573777,33,10905864,"LOPEZ FAURA, DIEGO",54,54,100,https://www.rffm.es/acta-partido/1573777,2026-08-07T03:24:58.108710+00:00
1573777,33,10936920,"GALAN LAVADO, LUIS",58,58,100,https://www.rffm.es/acta-partido/1573777,2026-08-07T03:24:58.108710+00:00
1573776,65,8269245,"GOMEZ GARCIA, IZAN",32,32,100,https://www.rffm.es/acta-partido/1573776,2026-08-07T03:24:58.112977+00:00
1573776,65,13151750,"OLIVER REY, IGNACIO",57,57,100,https://www.rffm.es/acta-partido/1573776,2026-08-07T03:24:58.112977+00:00
1573776,1571,9573097,"MONTES BIRLANGA, EDUARDO",45,45,100,https://www.rffm.es/acta-partido/1573776,2026-08-07T03:24:58.112977+00:00
1573776,1571,9994885,"NKOUE, RICARDO BRYAN",53,53,100,https://www.rffm.es/acta-partido/1573776,2026-08-07T03:24:58.112977+00:00
1573780,3356322,8183949,"DAZA ORTIZ DE LA TORRE, CARLOS",5,5,100,https://www.rffm.es/acta-partido/1573780,2026-08-07T03:24:58.469830+00:00
1573780,3356322,11558054,"PEIDRO SALAMERO, JAIME",35,35,100,https://www.rffm.es/acta-partido/1573780,2026-08-07T03:24:58.469830+00:00
1573780,1606,15902558,"ROMERO HURTADO, DAVID ALEJANDRO",45,45,100,https://www.rffm.es/acta-partido/1573780,2026-08-07T03:24:58.469830+00:00
1573780,1606,8052744,"ROJO GONZALEZ, MARCOS",54,54,100,https://www.rffm.es/acta-partido/1573780,2026-08-07T03:24:58.469830+00:00
1573779,2137,10862180,"MITROFAN, ALEX SEBASTIAN",23,23,100,https://www.rffm.es/acta-partido/1573779,2026-08-07T03:24:58.550526+00:00
1573779,680452,8008014,"JIMENEZ JIMENEZ, ISAAC",38,38,100,https://www.rffm.es/acta-partido/1573779,2026-08-07T03:24:58.550526+00:00
1573778,2212,7997429,"ESPINOSA BAUTISTA, GONZALO MIGUEL",18,18,100,https://www.rffm.es/acta-partido/1573778,2026-08-07T03:24:58.551139+00:00
1573778,2212,7997429,"ESPINOSA BAUTISTA, GONZALO MIGUEL",21,21,100,https://www.rffm.es/acta-partido/1573778,2026-08-07T03:24:58.551139+00:00
1573778,2212,10192168,"HERAS RODRÍGUEZ, SERGIO",37,37,100,https://www.rffm.es/acta-partido/1573778,2026-08-07T03:24:58.551139+00:00
1573778,680430,9924789,"GARCIA MOCHALES GARCIA, DANIEL",28,28,100,https://www.rffm.es/acta-partido/1573778,2026-08-07T03:24:58.551139+00:00
1573778,680430,8472908,"FERNANDEZ GARCIA, JOSE CARLOS",55,55,100,https://www.rffm.es/acta-partido/1573778,2026-08-07T03:24:58.551139+00:00
1573778,680430,7925743,"CASTRO CRUZ, ERIC",59,59,100,https://www.rffm.es/acta-partido/1573778,2026-08-07T03:24:58.551139+00:00
1573782,846961,8480634,"LLORENS LOPEZ, ENRIQUE",23,23,100,https://www.rffm.es/acta-partido/1573782,2026-08-07T03:24:58.734582+00:00
1573782,102,8429984,"MALONGA VIERA, DWYANE",12,12,100,https://www.rffm.es/acta-partido/1573782,2026-08-07T03:24:58.734582+00:00
1573782,102,8429984,"MALONGA VIERA, DWYANE",16,16,100,https://www.rffm.es/acta-partido/1573782,2026-08-07T03:24:58.734582+00:00
1573782,102,8032516,"FERNANDEZ GARCIA, AARON",32,32,100,https://www.rffm.es/acta-partido/1573782,2026-08-07T03:24:58.734582+00:00
1573782,102,7657729,"REDONDO BACIERO, GAEL",42,42,100,https://www.rffm.es/acta-partido/1573782,2026-08-07T03:24:58.734582+00:00
1573781,378276,13932431,"NEVADO VILLAMARIN, DIEGO",22,22,100,https://www.rffm.es/acta-partido/1573781,2026-08-07T03:24:58.968312+00:00
1573781,378276,13932431,"NEVADO VILLAMARIN, DIEGO",43,43,100,https://www.rffm.es/acta-partido/1573781,2026-08-07T03:24:58.968312+00:00
1573781,487,13345351,"ALONSO OJEA, GABRIEL",24,24,100,https://www.rffm.es/acta-partido/1573781,2026-08-07T03:24:58.968312+00:00
1573781,487,14463490,"TENA VALERO, CRISTIAN",26,26,100,https://www.rffm.es/acta-partido/1573781,2026-08-07T03:24:58.968312+00:00
1573781,487,9922306,"CALVO GUILLEN, RAFAEL",55,55,100,https://www.rffm.es/acta-partido/1573781,2026-08-07T03:24:58.968312+00:00
1578661,553,7992572,"SEGURA LLORENTE, GONZALO",17,17,100,https://www.rffm.es/acta-partido/1578661,2026-08-07T03:24:59.057705+00:00
1578661,846960,8245945,"CARREÑO LLAVE, ALEJANDRO",23,23,101,https://www.rffm.es/acta-partido/1578661,2026-08-07T03:24:59.057705+00:00
1578656,2330,8409701,"MARTIN SANZ, ADRIAN",29,29,100,https://www.rffm.es/acta-partido/1578656,2026-08-07T03:24:59.388872+00:00
1578656,2330,8026100,"GAROZ PANIAGUA, LUCAS",34,34,100,https://www.rffm.es/acta-partido/1578656,2026-08-07T03:24:59.388872+00:00
1578656,2330,10905874,"SANTAMARÍA DE LA FUENTE, NACHO",35,35,100,https://www.rffm.es/acta-partido/1578656,2026-08-07T03:24:59.388872+00:00
1578656,2330,9529298,"FERNÁNDEZ LLANOS, LUCA",37,37,100,https://www.rffm.es/acta-partido/1578656,2026-08-07T03:24:59.388872+00:00
1578656,2330,8502362,"LOPESINO ARRANZ, SERGIO",41,41,100,https://www.rffm.es/acta-partido/1578656,2026-08-07T03:24:59.388872+00:00
1578655,404,11763531,"RODRIGUEZ QUINTANILLA, GONZALO",42,42,101,https://www.rffm.es/acta-partido/1578655,2026-08-07T03:24:59.401242+00:00
1578655,404,8499173,"MASCARELL AGUNDEZ, GONZALO",50,50,100,https://www.rffm.es/acta-partido/1578655,2026-08-07T03:24:59.401242+00:00
1578655,2243,8522354,"GONZALEZ VILLAFRUELA, VICTOR",21,21,100,https://www.rffm.es/acta-partido/1578655,2026-08-07T03:24:59.401242+00:00
1578655,2243,8522471,"FERNANDEZ MARTINEZ, DIEGO",38,38,100,https://www.rffm.es/acta-partido/1578655,2026-08-07T03:24:59.401242+00:00
1578655,2243,8529480,"CASTRO CABARCOS, JUAN",58,58,100,https://www.rffm.es/acta-partido/1578655,2026-08-07T03:24:59.401242+00:00
1578659,300414,9035623,"BARBA REDONDO, CARLOS",7,7,100,https://www.rffm.es/acta-partido/1578659,2026-08-07T03:24:59.723563+00:00
1578659,300414,9824823,"PARDO GOMEZ, PABLO",14,14,100,https://www.rffm.es/acta-partido/1578659,2026-08-07T03:24:59.723563+00:00
1578659,300414,7910491,"PEREZ MARCO, HUGO",18,18,100,https://www.rffm.es/acta-partido/1578659,2026-08-07T03:24:59.723563+00:00
1578659,300414,7911265,"GIRON DE VELASCO GONZALEZ, JAIME",20,20,100,https://www.rffm.es/acta-partido/1578659,2026-08-07T03:24:59.723563+00:00
1578659,300414,8099240,"HOYOS NIETO, DIEGO",23,23,100,https://www.rffm.es/acta-partido/1578659,2026-08-07T03:24:59.723563+00:00
1578659,300414,11323004,"MARTINEZ LISBOA, RAYAN",36,36,101,https://www.rffm.es/acta-partido/1578659,2026-08-07T03:24:59.723563+00:00
1578659,300414,7911738,"SANZ CORRAL, RAUL",42,42,100,https://www.rffm.es/acta-partido/1578659,2026-08-07T03:24:59.723563+00:00
1578659,300414,7909390,"CANO GARCIA, GONZALO",51,51,100,https://www.rffm.es/acta-partido/1578659,2026-08-07T03:24:59.723563+00:00
1578659,300414,10193787,"MURO CHAVEZ, IKER",57,57,100,https://www.rffm.es/acta-partido/1578659,2026-08-07T03:24:59.723563+00:00
1578659,300414,11323004,"MARTINEZ LISBOA, RAYAN",63,63,100,https://www.rffm.es/acta-partido/1578659,2026-08-07T03:24:59.723563+00:00
1578659,300414,11323004,"MARTINEZ LISBOA, RAYAN",69,69,100,https://www.rffm.es/acta-partido/1578659,2026-08-07T03:24:59.723563+00:00
1578659,448,8467145,"GONZALO HERNANDO, GUZMAN",32,32,102,https://www.rffm.es/acta-partido/1578659,2026-08-07T03:24:59.723563+00:00
1578662,300422,8500693,"ARANDA CAMPOS, ALEX",47,47,100,https://www.rffm.es/acta-partido/1578662,2026-08-07T03:24:59.776177+00:00
1578662,300422,11810774,"MARTIN ACEBES, LUCAS",48,48,100,https://www.rffm.es/acta-partido/1578662,2026-08-07T03:24:59.776177+00:00
1578662,300422,11810774,"MARTIN ACEBES, LUCAS",50,50,100,https://www.rffm.es/acta-partido/1578662,2026-08-07T03:24:59.776177+00:00
1578662,203,11593261,"GARCIA ROMERA, LUIS",11,11,100,https://www.rffm.es/acta-partido/1578662,2026-08-07T03:24:59.776177+00:00
1578658,6819635,7655122,"CALONGE CASTAÑEDA, ADRIAN",11,11,101,https://www.rffm.es/acta-partido/1578658,2026-08-07T03:24:59.783426+00:00
1578658,6819635,7655122,"CALONGE CASTAÑEDA, ADRIAN",31,31,100,https://www.rffm.es/acta-partido/1578658,2026-08-07T03:24:59.783426+00:00
1578658,80,10081129,"ALVAREZ MARTINEZ, ISAAC JOSE",56,56,100,https://www.rffm.es/acta-partido/1578658,2026-08-07T03:24:59.783426+00:00
1578658,80,10081129,"ALVAREZ MARTINEZ, ISAAC JOSE",59,59,100,https://www.rffm.es/acta-partido/1578658,2026-08-07T03:24:59.783426+00:00
1578665,1319,8569443,"MARTIN RODOLFO-MASERA, ENRIQUE",14,14,100,https://www.rffm.es/acta-partido/1578665,2026-08-07T03:24:59.829991+00:00
1578665,1319,10128354,"CARRETERO BARBOSA, LEONIDAS VICENTE",31,31,100,https://www.rffm.es/acta-partido/1578665,2026-08-07T03:24:59.829991+00:00
1578665,1319,10216352,"STEFANUTTI, LEONARDO",43,43,100,https://www.rffm.es/acta-partido/1578665,2026-08-07T03:24:59.829991+00:00
1578665,1319,10128354,"CARRETERO BARBOSA, LEONIDAS VICENTE",45,45,100,https://www.rffm.es/acta-partido/1578665,2026-08-07T03:24:59.829991+00:00
1578665,1319,10128354,"CARRETERO BARBOSA, LEONIDAS VICENTE",53,53,100,https://www.rffm.es/acta-partido/1578665,2026-08-07T03:24:59.829991+00:00
1578665,1319,10128270,"BALBI VILA, SEBASTIAN VICENTE",54,54,100,https://www.rffm.es/acta-partido/1578665,2026-08-07T03:24:59.829991+00:00
1578660,302,8669169,"PÉREZ RADULESCU, GABRIEL NICOLÁS",3,3,100,https://www.rffm.es/acta-partido/1578660,2026-08-07T03:25:00.182198+00:00
1578660,302,13956934,"LOZANO VALCARCEL, DARIO",39,39,100,https://www.rffm.es/acta-partido/1578660,2026-08-07T03:25:00.182198+00:00
1578660,302,13956934,"LOZANO VALCARCEL, DARIO",46,46,100,https://www.rffm.es/acta-partido/1578660,2026-08-07T03:25:00.182198+00:00
1578660,302,11824232,"AHUMADA RODRIGUEZ, MIGUEL",57,57,100,https://www.rffm.es/acta-partido/1578660,2026-08-07T03:25:00.182198+00:00
1578660,1770,14372204,"GARCIA DE SANTOS, PABLO",43,43,101,https://www.rffm.es/acta-partido/1578660,2026-08-07T03:25:00.182198+00:00
1578660,1770,11795534,"MARTIN DIEZ, DAVID",56,56,102,https://www.rffm.es/acta-partido/1578660,2026-08-07T03:25:00.182198+00:00
1578670,203,8351577,"GARCIA LAGO DIAZ, DANIEL",60,60,100,https://www.rffm.es/acta-partido/1578670,2026-08-07T03:25:00.689973+00:00
1578670,553,12773836,"VERA HERRERO, CESAR",26,26,100,https://www.rffm.es/acta-partido/1578670,2026-08-07T03:25:00.689973+00:00
1578670,553,8511863,"MARTI NOVA, MAX",53,53,100,https://www.rffm.es/acta-partido/1578670,2026-08-07T03:25:00.689973+00:00
1578670,553,10286691,"FERRERO SERRANO, IZAN ADRIÁN",55,55,100,https://www.rffm.es/acta-partido/1578670,2026-08-07T03:25:00.689973+00:00
1578668,300414,8489005,"HERNANDEZ FRANCO, BELTRAN",4,4,100,https://www.rffm.es/acta-partido/1578668,2026-08-07T03:25:00.717357+00:00
1578668,300414,11323004,"MARTINEZ LISBOA, RAYAN",22,22,100,https://www.rffm.es/acta-partido/1578668,2026-08-07T03:25:00.717357+00:00
1578668,300414,9035623,"BARBA REDONDO, CARLOS",32,32,100,https://www.rffm.es/acta-partido/1578668,2026-08-07T03:25:00.717357+00:00
1578664,2330,10905874,"SANTAMARÍA DE LA FUENTE, NACHO",2,2,100,https://www.rffm.es/acta-partido/1578664,2026-08-07T03:25:01.021198+00:00
1578664,2330,8456039,"RODRIGUEZ SANCHEZ, SERGIO",23,23,100,https://www.rffm.es/acta-partido/1578664,2026-08-07T03:25:01.021198+00:00
1578664,2330,8026100,"GAROZ PANIAGUA, LUCAS",24,24,100,https://www.rffm.es/acta-partido/1578664,2026-08-07T03:25:01.021198+00:00
1578664,2330,10905874,"SANTAMARÍA DE LA FUENTE, NACHO",27,27,100,https://www.rffm.es/acta-partido/1578664,2026-08-07T03:25:01.021198+00:00
1578664,2330,8502362,"LOPESINO ARRANZ, SERGIO",29,29,100,https://www.rffm.es/acta-partido/1578664,2026-08-07T03:25:01.021198+00:00
1578664,2330,9529298,"FERNÁNDEZ LLANOS, LUCA",38,38,100,https://www.rffm.es/acta-partido/1578664,2026-08-07T03:25:01.021198+00:00
1578678,300422,11810774,"MARTIN ACEBES, LUCAS",10,10,100,https://www.rffm.es/acta-partido/1578678,2026-08-07T03:25:01.614858+00:00
1578678,300422,9922503,"ESTEVE PARRADO, ALVARO",14,14,100,https://www.rffm.es/acta-partido/1578678,2026-08-07T03:25:01.614858+00:00
1578666,80,8631741,"APAHIDEAN, ROBERT ANDREI",1,1,100,https://www.rffm.es/acta-partido/1578666,2026-08-07T03:25:01.630621+00:00
1578666,80,8631741,"APAHIDEAN, ROBERT ANDREI",8,8,100,https://www.rffm.es/acta-partido/1578666,2026-08-07T03:25:01.630621+00:00
1578666,80,8350541,"CASAS ALBA, EIDAN",25,25,100,https://www.rffm.es/acta-partido/1578666,2026-08-07T03:25:01.630621+00:00
1578666,80,15980941,"GONZALEZ MARQUIS, ALEJANDRO",37,37,100,https://www.rffm.es/acta-partido/1578666,2026-08-07T03:25:01.630621+00:00
1578666,80,15980941,"GONZALEZ MARQUIS, ALEJANDRO",50,50,100,https://www.rffm.es/acta-partido/1578666,2026-08-07T03:25:01.630621+00:00
1578666,80,14351875,"PALOMINO PETEIRA, GABRIEL",53,53,101,https://www.rffm.es/acta-partido/1578666,2026-08-07T03:25:01.630621+00:00
1578666,80,8631741,"APAHIDEAN, ROBERT ANDREI",59,59,100,https://www.rffm.es/acta-partido/1578666,2026-08-07T03:25:01.630621+00:00
1578667,448,11404344,"IRIARTE VILLANUEVA, ASIER",19,19,101,https://www.rffm.es/acta-partido/1578667,2026-08-07T03:25:01.662430+00:00
1578667,6819635,10129908,"AUCOUTURIER, NOA",9,9,100,https://www.rffm.es/acta-partido/1578667,2026-08-07T03:25:01.662430+00:00
1578667,6819635,8487002,"SANTANA MOTA, ANTHONY JUNIOR",11,11,100,https://www.rffm.es/acta-partido/1578667,2026-08-07T03:25:01.662430+00:00
1578667,6819635,7655122,"CALONGE CASTAÑEDA, ADRIAN",30,30,100,https://www.rffm.es/acta-partido/1578667,2026-08-07T03:25:01.662430+00:00
1578667,6819635,7655122,"CALONGE CASTAÑEDA, ADRIAN",32,32,100,https://www.rffm.es/acta-partido/1578667,2026-08-07T03:25:01.662430+00:00
1578667,6819635,10129908,"AUCOUTURIER, NOA",35,35,100,https://www.rffm.es/acta-partido/1578667,2026-08-07T03:25:01.662430+00:00
1578667,6819635,7655122,"CALONGE CASTAÑEDA, ADRIAN",38,38,100,https://www.rffm.es/acta-partido/1578667,2026-08-07T03:25:01.662430+00:00
1578667,6819635,13204293,"CONTRERAS SARBU, PATRICK",46,46,100,https://www.rffm.es/acta-partido/1578667,2026-08-07T03:25:01.662430+00:00
1578669,846960,7900031,"DE LA FUENTE RODRIGUEZ, MARIO",14,14,100,https://www.rffm.es/acta-partido/1578669,2026-08-07T03:25:01.721390+00:00
1578669,846960,8245945,"CARREÑO LLAVE, ALEJANDRO",55,55,100,https://www.rffm.es/acta-partido/1578669,2026-08-07T03:25:01.721390+00:00
1578671,2243,9974064,"ABUIN SEGURA, UNAI",53,53,100,https://www.rffm.es/acta-partido/1578671,2026-08-07T03:25:02.114576+00:00
1578671,2330,8462009,"PATRASCU, ANDREI",22,22,100,https://www.rffm.es/acta-partido/1578671,2026-08-07T03:25:02.114576+00:00
1578671,2330,8519133,"ALVAREZ INIGO, IVAN",28,28,100,https://www.rffm.es/acta-partido/1578671,2026-08-07T03:25:02.114576+00:00
1578671,2330,8471046,"CAÑIBANO GONZALEZ, IZAN",29,29,100,https://www.rffm.es/acta-partido/1578671,2026-08-07T03:25:02.114576+00:00
1578671,2330,8519133,"ALVAREZ INIGO, IVAN",34,34,100,https://www.rffm.es/acta-partido/1578671,2026-08-07T03:25:02.114576+00:00
1578671,2330,9529298,"FERNÁNDEZ LLANOS, LUCA",38,38,100,https://www.rffm.es/acta-partido/1578671,2026-08-07T03:25:02.114576+00:00
1578671,2330,8026100,"GAROZ PANIAGUA, LUCAS",44,44,100,https://www.rffm.es/acta-partido/1578671,2026-08-07T03:25:02.114576+00:00
1578673,1319,10128354,"CARRETERO BARBOSA, LEONIDAS VICENTE",39,39,100,https://www.rffm.es/acta-partido/1578673,2026-08-07T03:25:02.158856+00:00
1578673,80,8531373,"SAAVEDRA RICO, DANIEL",9,9,100,https://www.rffm.es/acta-partido/1578673,2026-08-07T03:25:02.158856+00:00
1578673,80,8531373,"SAAVEDRA RICO, DANIEL",14,14,100,https://www.rffm.es/acta-partido/1578673,2026-08-07T03:25:02.158856+00:00
1578673,80,8029450,"LOECHES HERRAIZ, PABLO",57,57,102,https://www.rffm.es/acta-partido/1578673,2026-08-07T03:25:02.158856+00:00
1578663,2243,9974064,"ABUIN SEGURA, UNAI",12,12,100,https://www.rffm.es/acta-partido/1578663,2026-08-07T03:25:02.491246+00:00
1578663,2243,8525584,"LOPEZ FERNANDEZ, CARLOS",29,29,100,https://www.rffm.es/acta-partido/1578663,2026-08-07T03:25:02.491246+00:00
1578663,300422,8205403,"FERNANDEZ AZNAR, IVAN",25,25,100,https://www.rffm.es/acta-partido/1578663,2026-08-07T03:25:02.491246+00:00
1578663,300422,8205403,"FERNANDEZ AZNAR, IVAN",46,46,100,https://www.rffm.es/acta-partido/1578663,2026-08-07T03:25:02.491246+00:00
1578663,300422,10905933,"VERGARA RUIZ, ALVARO",49,49,100,https://www.rffm.es/acta-partido/1578663,2026-08-07T03:25:02.491246+00:00
1578672,404,8514936,"RODRIGO SUAREZ, MATEO",16,16,100,https://www.rffm.es/acta-partido/1578672,2026-08-07T03:25:02.603142+00:00
1578672,404,8164921,"RODRIGUEZ GUEORGUIEV, LEONARDO",58,58,100,https://www.rffm.es/acta-partido/1578672,2026-08-07T03:25:02.603142+00:00
1578672,404,8499173,"MASCARELL AGUNDEZ, GONZALO",60,60,100,https://www.rffm.es/acta-partido/1578672,2026-08-07T03:25:02.603142+00:00
1578672,2213,14811424,"DEHESA HERNANDEZ, NICOLAS",54,54,100,https://www.rffm.es/acta-partido/1578672,2026-08-07T03:25:02.603142+00:00
1578675,6819635,7655122,"CALONGE CASTAÑEDA, ADRIAN",15,15,100,https://www.rffm.es/acta-partido/1578675,2026-08-07T03:25:02.688947+00:00
1578675,6819635,10129908,"AUCOUTURIER, NOA",53,53,100,https://www.rffm.es/acta-partido/1578675,2026-08-07T03:25:02.688947+00:00
1578675,1770,14278772,"GONZALEZ BELTRAN, ALEJANDRO",57,57,100,https://www.rffm.es/acta-partido/1578675,2026-08-07T03:25:02.688947+00:00
1578677,302,15487906,"DE BUNES PARDO, ALEJANDRO",52,52,100,https://www.rffm.es/acta-partido/1578677,2026-08-07T03:25:02.691765+00:00
1578677,302,2791794,"BUITRAGO CORDOVA, ALEJANDRO",56,56,100,https://www.rffm.es/acta-partido/1578677,2026-08-07T03:25:02.691765+00:00
1578674,466803,9606408,"GARCIA DEL POZO JIMENEZ, JAIME",8,8,100,https://www.rffm.es/acta-partido/1578674,2026-08-07T03:25:02.702586+00:00
1578674,466803,14797697,"CAÑIZARES MARTINEZ, MIGUEL",25,25,100,https://www.rffm.es/acta-partido/1578674,2026-08-07T03:25:02.702586+00:00
1578674,466803,14797697,"CAÑIZARES MARTINEZ, MIGUEL",34,34,100,https://www.rffm.es/acta-partido/1578674,2026-08-07T03:25:02.702586+00:00
1578674,466803,14742579,"OCAÑA FAJARDO, JAIME",51,51,102,https://www.rffm.es/acta-partido/1578674,2026-08-07T03:25:02.702586+00:00
1578674,466803,7651891,"GARCIA DELGADO, CARLOS",59,59,100,https://www.rffm.es/acta-partido/1578674,2026-08-07T03:25:02.702586+00:00
1578674,448,16005813,"AGEA MARTULL, MIGUEL",36,36,100,https://www.rffm.es/acta-partido/1578674,2026-08-07T03:25:02.702586+00:00
1578676,300414,7911265,"GIRON DE VELASCO GONZALEZ, JAIME",24,24,100,https://www.rffm.es/acta-partido/1578676,2026-08-07T03:25:03.074857+00:00
1578676,300414,11323004,"MARTINEZ LISBOA, RAYAN",41,41,100,https://www.rffm.es/acta-partido/1578676,2026-08-07T03:25:03.074857+00:00
1578676,300414,7911265,"GIRON DE VELASCO GONZALEZ, JAIME",56,56,100,https://www.rffm.es/acta-partido/1578676,2026-08-07T03:25:03.074857+00:00
1578676,300414,7911738,"SANZ CORRAL, RAUL",59,59,100,https://www.rffm.es/acta-partido/1578676,2026-08-07T03:25:03.074857+00:00
1578686,553,8270276,"CALDERON RAMIREZ, ISAAC ALEXANDER",4,4,100,https://www.rffm.es/acta-partido/1578686,2026-08-07T03:25:03.362163+00:00
1578686,553,12773836,"VERA HERRERO, CESAR",40,40,101,https://www.rffm.es/acta-partido/1578686,2026-08-07T03:25:03.362163+00:00
1578681,80,8631741,"APAHIDEAN, ROBERT ANDREI",13,13,100,https://www.rffm.es/acta-partido/1578681,2026-08-07T03:25:03.367977+00:00
1578681,80,7951454,"CRUZ HURTADO, GONZALO",16,16,100,https://www.rffm.es/acta-partido/1578681,2026-08-07T03:25:03.367977+00:00
1578681,80,8631741,"APAHIDEAN, ROBERT ANDREI",26,26,100,https://www.rffm.es/acta-partido/1578681,2026-08-07T03:25:03.367977+00:00
1578681,80,7951104,"ALONSO GARCIA ANTON, FERNANDO",52,52,100,https://www.rffm.es/acta-partido/1578681,2026-08-07T03:25:03.367977+00:00
1578684,846960,8440328,"CANO DE LA PUENTE, ALEJANDRO",59,59,100,https://www.rffm.es/acta-partido/1578684,2026-08-07T03:25:03.598364+00:00
1578684,6819635,9853508,"GAMALLO SANCHEZ-JAUREGUI, ENRIQUE",26,26,100,https://www.rffm.es/acta-partido/1578684,2026-08-07T03:25:03.598364+00:00
1578684,6819635,9007372,"TORRES MUÑOZ, UNAX",38,38,100,https://www.rffm.es/acta-partido/1578684,2026-08-07T03:25:03.598364+00:00
1578684,6819635,8385536,"MARIN MARTIN, SERGIO",57,57,100,https://www.rffm.es/acta-partido/1578684,2026-08-07T03:25:03.598364+00:00
1578684,6819635,10182066,"GARCIA ACOSTA, IÑIGO",60,60,100,https://www.rffm.es/acta-partido/1578684,2026-08-07T03:25:03.598364+00:00
1578685,203,11754569,"DOMINGUEZ SANCHEZ, MARCO",46,46,100,https://www.rffm.es/acta-partido/1578685,2026-08-07T03:25:03.613413+00:00
1578685,300414,7911265,"GIRON DE VELASCO GONZALEZ, JAIME",9,9,100,https://www.rffm.es/acta-partido/1578685,2026-08-07T03:25:03.613413+00:00
1578685,300414,7911738,"SANZ CORRAL, RAUL",29,29,100,https://www.rffm.es/acta-partido/1578685,2026-08-07T03:25:03.613413+00:00
1578685,300414,11323004,"MARTINEZ LISBOA, RAYAN",42,42,100,https://www.rffm.es/acta-partido/1578685,2026-08-07T03:25:03.613413+00:00
1578680,2213,10191092,"BURGOS FERNANDEZ, DAVID",29,29,100,https://www.rffm.es/acta-partido/1578680,2026-08-07T03:25:04.402033+00:00
1578680,2243,9974008,"MATOS FABIAN, JONATHAN",2,2,100,https://www.rffm.es/acta-partido/1578680,2026-08-07T03:25:04.402033+00:00
1578680,2243,8523092,"CECILIO ACEITUNO, HUGO",5,5,100,https://www.rffm.es/acta-partido/1578680,2026-08-07T03:25:04.402033+00:00
1578683,1770,14279847,"OSPINA RAMIREZ, DYLAN",15,15,100,https://www.rffm.es/acta-partido/1578683,2026-08-07T03:25:04.506713+00:00
1578683,1770,16004201,"DIAZ PARDO, BRAIS",22,22,100,https://www.rffm.es/acta-partido/1578683,2026-08-07T03:25:04.506713+00:00
1578683,1770,14579963,"SOSA CALDERON, SAMUEL KIBSAIM",46,46,100,https://www.rffm.es/acta-partido/1578683,2026-08-07T03:25:04.506713+00:00
1578683,1770,14279847,"OSPINA RAMIREZ, DYLAN",51,51,100,https://www.rffm.es/acta-partido/1578683,2026-08-07T03:25:04.506713+00:00
1578682,448,16039532,"MORENO HERNANDEZ, DANIEL",27,27,100,https://www.rffm.es/acta-partido/1578682,2026-08-07T03:25:04.529595+00:00
1578682,1319,9862375,"SOSA FERNÁNDEZ, MARIO",1,1,100,https://www.rffm.es/acta-partido/1578682,2026-08-07T03:25:04.529595+00:00
1578682,1319,10128354,"CARRETERO BARBOSA, LEONIDAS VICENTE",5,5,100,https://www.rffm.es/acta-partido/1578682,2026-08-07T03:25:04.529595+00:00
1578682,1319,10128354,"CARRETERO BARBOSA, LEONIDAS VICENTE",6,6,100,https://www.rffm.es/acta-partido/1578682,2026-08-07T03:25:04.529595+00:00
1578682,1319,8458740,"NAZAR GARCIA ESCRIBANO, HUGO",8,8,100,https://www.rffm.es/acta-partido/1578682,2026-08-07T03:25:04.529595+00:00
1578682,1319,13687676,"LÓPEZ DEL REY, GONZALO",18,18,100,https://www.rffm.es/acta-partido/1578682,2026-08-07T03:25:04.529595+00:00
1578682,1319,12665621,"RAZO FERNÁNDEZ, NICOLÁS",33,33,100,https://www.rffm.es/acta-partido/1578682,2026-08-07T03:25:04.529595+00:00
1578682,1319,7794654,"PEY WOZNIAK, DIEGO",50,50,100,https://www.rffm.es/acta-partido/1578682,2026-08-07T03:25:04.529595+00:00
1578682,1319,7794654,"PEY WOZNIAK, DIEGO",55,55,100,https://www.rffm.es/acta-partido/1578682,2026-08-07T03:25:04.529595+00:00
1578689,404,8164921,"RODRIGUEZ GUEORGUIEV, LEONARDO",6,6,100,https://www.rffm.es/acta-partido/1578689,2026-08-07T03:25:04.706126+00:00
1578689,404,8465380,"CASAUS ORTIZ, DIEGO",8,8,100,https://www.rffm.es/acta-partido/1578689,2026-08-07T03:25:04.706126+00:00
1578689,404,8465380,"CASAUS ORTIZ, DIEGO",10,10,100,https://www.rffm.es/acta-partido/1578689,2026-08-07T03:25:04.706126+00:00
1578689,404,8164921,"RODRIGUEZ GUEORGUIEV, LEONARDO",16,16,100,https://www.rffm.es/acta-partido/1578689,2026-08-07T03:25:04.706126+00:00
1578689,404,8164921,"RODRIGUEZ GUEORGUIEV, LEONARDO",19,19,100,https://www.rffm.es/acta-partido/1578689,2026-08-07T03:25:04.706126+00:00
1578689,404,8465380,"CASAUS ORTIZ, DIEGO",29,29,100,https://www.rffm.es/acta-partido/1578689,2026-08-07T03:25:04.706126+00:00
1578689,404,10257310,"PEREZ DE AYALA LOPEZ DE CARRIZOSA, CARLOS",29,29,100,https://www.rffm.es/acta-partido/1578689,2026-08-07T03:25:04.706126+00:00
1578689,404,8164921,"RODRIGUEZ GUEORGUIEV, LEONARDO",35,35,100,https://www.rffm.es/acta-partido/1578689,2026-08-07T03:25:04.706126+00:00
1578689,404,8164921,"RODRIGUEZ GUEORGUIEV, LEONARDO",36,36,100,https://www.rffm.es/acta-partido/1578689,2026-08-07T03:25:04.706126+00:00
1578689,404,11764383,"GUILLAMON VELA, JAIME",38,38,100,https://www.rffm.es/acta-partido/1578689,2026-08-07T03:25:04.706126+00:00
1578689,404,11763482,"DIAZ DEL MESE, FEDERICO",39,39,100,https://www.rffm.es/acta-partido/1578689,2026-08-07T03:25:04.706126+00:00
1578689,404,8514936,"RODRIGO SUAREZ, MATEO",41,41,100,https://www.rffm.es/acta-partido/1578689,2026-08-07T03:25:04.706126+00:00
1578689,404,8494407,"BERISTAIN BENITEZ, JAVIER",52,52,101,https://www.rffm.es/acta-partido/1578689,2026-08-07T03:25:04.706126+00:00
1578689,404,8514936,"RODRIGO SUAREZ, MATEO",57,57,100,https://www.rffm.es/acta-partido/1578689,2026-08-07T03:25:04.706126+00:00
1578694,302,8669169,"PÉREZ RADULESCU, GABRIEL NICOLÁS",36,36,100,https://www.rffm.es/acta-partido/1578694,2026-08-07T03:25:04.711388+00:00
1578694,302,11839639,"FRAMIT LOPEZ, BELTRAN",60,60,100,https://www.rffm.es/acta-partido/1578694,2026-08-07T03:25:04.711388+00:00
1578687,2330,9529298,"FERNÁNDEZ LLANOS, LUCA",23,23,100,https://www.rffm.es/acta-partido/1578687,2026-08-07T03:25:04.716748+00:00
1578687,2330,8462009,"PATRASCU, ANDREI",26,26,100,https://www.rffm.es/acta-partido/1578687,2026-08-07T03:25:04.716748+00:00
1578687,2330,8409701,"MARTIN SANZ, ADRIAN",44,44,100,https://www.rffm.es/acta-partido/1578687,2026-08-07T03:25:04.716748+00:00
1578688,2243,8525584,"LOPEZ FERNANDEZ, CARLOS",3,3,100,https://www.rffm.es/acta-partido/1578688,2026-08-07T03:25:04.848026+00:00
1578688,80,8531373,"SAAVEDRA RICO, DANIEL",14,14,100,https://www.rffm.es/acta-partido/1578688,2026-08-07T03:25:04.848026+00:00
1578688,80,7951104,"ALONSO GARCIA ANTON, FERNANDO",20,20,100,https://www.rffm.es/acta-partido/1578688,2026-08-07T03:25:04.848026+00:00
1578688,80,14351875,"PALOMINO PETEIRA, GABRIEL",26,26,100,https://www.rffm.es/acta-partido/1578688,2026-08-07T03:25:04.848026+00:00
1578688,80,8531373,"SAAVEDRA RICO, DANIEL",29,29,100,https://www.rffm.es/acta-partido/1578688,2026-08-07T03:25:04.848026+00:00
1578688,80,8631741,"APAHIDEAN, ROBERT ANDREI",34,34,100,https://www.rffm.es/acta-partido/1578688,2026-08-07T03:25:04.848026+00:00
1578692,6819635,7655122,"CALONGE CASTAÑEDA, ADRIAN",41,41,101,https://www.rffm.es/acta-partido/1578692,2026-08-07T03:25:04.859417+00:00
1578692,6819635,7655122,"CALONGE CASTAÑEDA, ADRIAN",56,56,100,https://www.rffm.es/acta-partido/1578692,2026-08-07T03:25:04.859417+00:00
1578693,300414,7911738,"SANZ CORRAL, RAUL",3,3,100,https://www.rffm.es/acta-partido/1578693,2026-08-07T03:25:04.999020+00:00
1578693,300414,10193787,"MURO CHAVEZ, IKER",11,11,100,https://www.rffm.es/acta-partido/1578693,2026-08-07T03:25:04.999020+00:00
1578693,300414,10193787,"MURO CHAVEZ, IKER",22,22,100,https://www.rffm.es/acta-partido/1578693,2026-08-07T03:25:04.999020+00:00
1578693,553,8511863,"MARTI NOVA, MAX",53,53,100,https://www.rffm.es/acta-partido/1578693,2026-08-07T03:25:04.999020+00:00
1578691,846960,13238924,"HUMPERT MARGUEÑO, ALEJANDRO",1,1,100,https://www.rffm.es/acta-partido/1578691,2026-08-07T03:25:05.062309+00:00
1578691,846960,13162987,"BUENO RUIZ, ALEJANDRO",5,5,100,https://www.rffm.es/acta-partido/1578691,2026-08-07T03:25:05.062309+00:00
1578691,846960,13162987,"BUENO RUIZ, ALEJANDRO",12,12,100,https://www.rffm.es/acta-partido/1578691,2026-08-07T03:25:05.062309+00:00
1578691,846960,8539220,"IVAN, GABRIEL STEFAN",54,54,100,https://www.rffm.es/acta-partido/1578691,2026-08-07T03:25:05.062309+00:00
1578691,846960,8375972,"LOPEZ ALONSO, MARIO",61,61,100,https://www.rffm.es/acta-partido/1578691,2026-08-07T03:25:05.062309+00:00
1578691,846960,8440328,"CANO DE LA PUENTE, ALEJANDRO",64,64,100,https://www.rffm.es/acta-partido/1578691,2026-08-07T03:25:05.062309+00:00
1578691,846960,8375972,"LOPEZ ALONSO, MARIO",66,66,100,https://www.rffm.es/acta-partido/1578691,2026-08-07T03:25:05.062309+00:00
1578691,846960,8529078,"MELIKYAN MKRTCHYAN, ALEXEY",69,69,100,https://www.rffm.es/acta-partido/1578691,2026-08-07T03:25:05.062309+00:00
1578691,846960,8440328,"CANO DE LA PUENTE, ALEJANDRO",73,73,100,https://www.rffm.es/acta-partido/1578691,2026-08-07T03:25:05.062309+00:00
1578690,1319,8569443,"MARTIN RODOLFO-MASERA, ENRIQUE",6,6,100,https://www.rffm.es/acta-partido/1578690,2026-08-07T03:25:05.234123+00:00
1578690,1319,10128354,"CARRETERO BARBOSA, LEONIDAS VICENTE",10,10,100,https://www.rffm.es/acta-partido/1578690,2026-08-07T03:25:05.234123+00:00
1578690,1319,10128354,"CARRETERO BARBOSA, LEONIDAS VICENTE",56,56,100,https://www.rffm.es/acta-partido/1578690,2026-08-07T03:25:05.234123+00:00
1578690,1770,14279847,"OSPINA RAMIREZ, DYLAN",2,2,100,https://www.rffm.es/acta-partido/1578690,2026-08-07T03:25:05.234123+00:00
1578690,1770,20241078,"TOLEDANO MARTIN, RUBEN",11,11,100,https://www.rffm.es/acta-partido/1578690,2026-08-07T03:25:05.234123+00:00
1578695,2213,14768538,"AIT SALEM SIMON, ISMAEL",29,29,102,https://www.rffm.es/acta-partido/1578695,2026-08-07T03:25:05.887944+00:00
1578695,300422,10905933,"VERGARA RUIZ, ALVARO",3,3,100,https://www.rffm.es/acta-partido/1578695,2026-08-07T03:25:05.887944+00:00
1578695,300422,10706889,"BEKHOUCHA LEMLAL, RAYAN",9,9,100,https://www.rffm.es/acta-partido/1578695,2026-08-07T03:25:05.887944+00:00
1578695,300422,10905933,"VERGARA RUIZ, ALVARO",16,16,100,https://www.rffm.es/acta-partido/1578695,2026-08-07T03:25:05.887944+00:00
1578695,300422,11810774,"MARTIN ACEBES, LUCAS",55,55,100,https://www.rffm.es/acta-partido/1578695,2026-08-07T03:25:05.887944+00:00
1578695,300422,11201986,"MONEDERO MONTERO, DANIEL",59,59,101,https://www.rffm.es/acta-partido/1578695,2026-08-07T03:25:05.887944+00:00
1578698,404,8164921,"RODRIGUEZ GUEORGUIEV, LEONARDO",26,26,100,https://www.rffm.es/acta-partido/1578698,2026-08-07T03:25:05.909430+00:00
1578698,404,8164921,"RODRIGUEZ GUEORGUIEV, LEONARDO",38,38,100,https://www.rffm.es/acta-partido/1578698,2026-08-07T03:25:05.909430+00:00
1578698,404,8499173,"MASCARELL AGUNDEZ, GONZALO",46,46,100,https://www.rffm.es/acta-partido/1578698,2026-08-07T03:25:05.909430+00:00
1578699,846960,8539220,"IVAN, GABRIEL STEFAN",3,3,100,https://www.rffm.es/acta-partido/1578699,2026-08-07T03:25:05.948531+00:00
1578699,846960,10165347,"PASCUAL MARTINEZ, RODRIGO",47,47,100,https://www.rffm.es/acta-partido/1578699,2026-08-07T03:25:05.948531+00:00
1578699,846960,8458420,"BARRANCO PEREDA, ALVARO",58,58,100,https://www.rffm.es/acta-partido/1578699,2026-08-07T03:25:05.948531+00:00
1578699,1319,10128354,"CARRETERO BARBOSA, LEONIDAS VICENTE",36,36,101,https://www.rffm.es/acta-partido/1578699,2026-08-07T03:25:05.948531+00:00
1578696,2330,8456039,"RODRIGUEZ SANCHEZ, SERGIO",15,15,100,https://www.rffm.es/acta-partido/1578696,2026-08-07T03:25:06.084305+00:00
1578697,2243,9974064,"ABUIN SEGURA, UNAI",10,10,101,https://www.rffm.es/acta-partido/1578697,2026-08-07T03:25:06.232621+00:00
1578697,2243,9968544,"MARTINEZ MARTIN, TEO",36,36,100,https://www.rffm.es/acta-partido/1578697,2026-08-07T03:25:06.232621+00:00
1578697,2243,8578770,"ZAZO CONSUEGRA, GONZALO",48,48,100,https://www.rffm.es/acta-partido/1578697,2026-08-07T03:25:06.232621+00:00
1578700,203,7492803,"GONZALEZ MANZANO, ANGEL",2,2,100,https://www.rffm.es/acta-partido/1578700,2026-08-07T03:25:06.329561+00:00
1578700,203,8351577,"GARCIA LAGO DIAZ, DANIEL",17,17,100,https://www.rffm.es/acta-partido/1578700,2026-08-07T03:25:06.329561+00:00
1578700,203,8159492,"GARRIDO ORTEGO, AITOR",25,25,100,https://www.rffm.es/acta-partido/1578700,2026-08-07T03:25:06.329561+00:00
1578700,203,7492803,"GONZALEZ MANZANO, ANGEL",32,32,100,https://www.rffm.es/acta-partido/1578700,2026-08-07T03:25:06.329561+00:00
1578700,203,8159543,"JIMENEZ MARTINEZ, ISMAEL",48,48,100,https://www.rffm.es/acta-partido/1578700,2026-08-07T03:25:06.329561+00:00
1578700,203,11593261,"GARCIA ROMERA, LUIS",52,52,100,https://www.rffm.es/acta-partido/1578700,2026-08-07T03:25:06.329561+00:00
1578701,553,13203924,"JIMENEZ BARRIO, OSCAR",19,19,100,https://www.rffm.es/acta-partido/1578701,2026-08-07T03:25:06.466514+00:00
1578701,553,12773836,"VERA HERRERO, CESAR",33,33,100,https://www.rffm.es/acta-partido/1578701,2026-08-07T03:25:06.466514+00:00
1578701,553,8270276,"CALDERON RAMIREZ, ISAAC ALEXANDER",47,47,100,https://www.rffm.es/acta-partido/1578701,2026-08-07T03:25:06.466514+00:00
1578701,6819635,7655122,"CALONGE CASTAÑEDA, ADRIAN",16,16,100,https://www.rffm.es/acta-partido/1578701,2026-08-07T03:25:06.466514+00:00
1578701,6819635,14476793,"FERNÁNDEZ VIDAL, NOEL",38,38,100,https://www.rffm.es/acta-partido/1578701,2026-08-07T03:25:06.466514+00:00
1578706,404,8164921,"RODRIGUEZ GUEORGUIEV, LEONARDO",1,1,100,https://www.rffm.es/acta-partido/1578706,2026-08-07T03:25:06.895530+00:00
1578706,404,8514936,"RODRIGO SUAREZ, MATEO",56,56,100,https://www.rffm.es/acta-partido/1578706,2026-08-07T03:25:06.895530+00:00
1578706,404,8499173,"MASCARELL AGUNDEZ, GONZALO",59,59,100,https://www.rffm.es/acta-partido/1578706,2026-08-07T03:25:06.895530+00:00
1578706,846960,13162987,"BUENO RUIZ, ALEJANDRO",32,32,100,https://www.rffm.es/acta-partido/1578706,2026-08-07T03:25:06.895530+00:00
1578706,846960,7900031,"DE LA FUENTE RODRIGUEZ, MARIO",48,48,100,https://www.rffm.es/acta-partido/1578706,2026-08-07T03:25:06.895530+00:00
1578710,300414,7911738,"SANZ CORRAL, RAUL",18,18,100,https://www.rffm.es/acta-partido/1578710,2026-08-07T03:25:06.897983+00:00
1578710,300414,7911265,"GIRON DE VELASCO GONZALEZ, JAIME",69,69,100,https://www.rffm.es/acta-partido/1578710,2026-08-07T03:25:06.897983+00:00
1578705,2243,8522471,"FERNANDEZ MARTINEZ, DIEGO",1,1,100,https://www.rffm.es/acta-partido/1578705,2026-08-07T03:25:07.112092+00:00
1578705,1770,14279847,"OSPINA RAMIREZ, DYLAN",13,13,100,https://www.rffm.es/acta-partido/1578705,2026-08-07T03:25:07.112092+00:00
1578707,1319,10128354,"CARRETERO BARBOSA, LEONIDAS VICENTE",3,3,100,https://www.rffm.es/acta-partido/1578707,2026-08-07T03:25:07.245317+00:00
1578707,1319,9770152,"MARTIN PIJACEK, SAMUEL",55,55,100,https://www.rffm.es/acta-partido/1578707,2026-08-07T03:25:07.245317+00:00
1578707,203,7492803,"GONZALEZ MANZANO, ANGEL",29,29,100,https://www.rffm.es/acta-partido/1578707,2026-08-07T03:25:07.245317+00:00
1578707,203,8474021,"GARCIA CALVO, RODRIGO",31,31,100,https://www.rffm.es/acta-partido/1578707,2026-08-07T03:25:07.245317+00:00
1578707,203,8474021,"GARCIA CALVO, RODRIGO",54,54,100,https://www.rffm.es/acta-partido/1578707,2026-08-07T03:25:07.245317+00:00
1578709,6819635,7655122,"CALONGE CASTAÑEDA, ADRIAN",33,33,100,https://www.rffm.es/acta-partido/1578709,2026-08-07T03:25:07.261709+00:00
1578709,302,11824232,"AHUMADA RODRIGUEZ, MIGUEL",20,20,100,https://www.rffm.es/acta-partido/1578709,2026-08-07T03:25:07.261709+00:00
1578709,302,15508240,"CAMARA MUÑOZ, ERIC",42,42,100,https://www.rffm.es/acta-partido/1578709,2026-08-07T03:25:07.261709+00:00
1578703,80,8631741,"APAHIDEAN, ROBERT ANDREI",49,49,100,https://www.rffm.es/acta-partido/1578703,2026-08-07T03:25:07.558197+00:00
1578703,80,8631741,"APAHIDEAN, ROBERT ANDREI",59,59,100,https://www.rffm.es/acta-partido/1578703,2026-08-07T03:25:07.558197+00:00
1578704,2330,8026100,"GAROZ PANIAGUA, LUCAS",3,3,100,https://www.rffm.es/acta-partido/1578704,2026-08-07T03:25:07.561041+00:00
1578704,2330,13684524,"BLANCHARD, ALEJANDRO DANIEL",5,5,100,https://www.rffm.es/acta-partido/1578704,2026-08-07T03:25:07.561041+00:00
1578704,2330,13684524,"BLANCHARD, ALEJANDRO DANIEL",8,8,100,https://www.rffm.es/acta-partido/1578704,2026-08-07T03:25:07.561041+00:00
1578704,2330,10905874,"SANTAMARÍA DE LA FUENTE, NACHO",10,10,100,https://www.rffm.es/acta-partido/1578704,2026-08-07T03:25:07.561041+00:00
1578704,2330,8026100,"GAROZ PANIAGUA, LUCAS",13,13,100,https://www.rffm.es/acta-partido/1578704,2026-08-07T03:25:07.561041+00:00
1578704,2330,13684524,"BLANCHARD, ALEJANDRO DANIEL",23,23,100,https://www.rffm.es/acta-partido/1578704,2026-08-07T03:25:07.561041+00:00
1578704,2330,8502362,"LOPESINO ARRANZ, SERGIO",25,25,100,https://www.rffm.es/acta-partido/1578704,2026-08-07T03:25:07.561041+00:00
1578704,2330,8026100,"GAROZ PANIAGUA, LUCAS",28,28,100,https://www.rffm.es/acta-partido/1578704,2026-08-07T03:25:07.561041+00:00
1578704,2330,8462009,"PATRASCU, ANDREI",29,29,100,https://www.rffm.es/acta-partido/1578704,2026-08-07T03:25:07.561041+00:00
1578704,2330,13684524,"BLANCHARD, ALEJANDRO DANIEL",34,34,100,https://www.rffm.es/acta-partido/1578704,2026-08-07T03:25:07.561041+00:00
1578704,2330,9529298,"FERNÁNDEZ LLANOS, LUCA",37,37,100,https://www.rffm.es/acta-partido/1578704,2026-08-07T03:25:07.561041+00:00
1578704,2330,9529298,"FERNÁNDEZ LLANOS, LUCA",55,55,100,https://www.rffm.es/acta-partido/1578704,2026-08-07T03:25:07.561041+00:00
1578704,2330,8519133,"ALVAREZ INIGO, IVAN",58,58,100,https://www.rffm.es/acta-partido/1578704,2026-08-07T03:25:07.561041+00:00
1578708,466803,8219127,"MERONIAC RUSU, RADU",11,11,100,https://www.rffm.es/acta-partido/1578708,2026-08-07T03:25:07.698216+00:00
1578708,553,7992572,"SEGURA LLORENTE, GONZALO",28,28,100,https://www.rffm.es/acta-partido/1578708,2026-08-07T03:25:07.698216+00:00
1578708,553,8270276,"CALDERON RAMIREZ, ISAAC ALEXANDER",54,54,100,https://www.rffm.es/acta-partido/1578708,2026-08-07T03:25:07.698216+00:00
1578711,80,7951454,"CRUZ HURTADO, GONZALO",15,15,100,https://www.rffm.es/acta-partido/1578711,2026-08-07T03:25:08.145182+00:00
1578711,80,8631741,"APAHIDEAN, ROBERT ANDREI",48,48,100,https://www.rffm.es/acta-partido/1578711,2026-08-07T03:25:08.145182+00:00
1578711,300422,10167846,"ROMERO RODRIGUEZ, IVAN",22,22,100,https://www.rffm.es/acta-partido/1578711,2026-08-07T03:25:08.145182+00:00
1578713,2330,8026100,"GAROZ PANIAGUA, LUCAS",32,32,100,https://www.rffm.es/acta-partido/1578713,2026-08-07T03:25:08.149874+00:00
1578713,2330,13684524,"BLANCHARD, ALEJANDRO DANIEL",43,43,100,https://www.rffm.es/acta-partido/1578713,2026-08-07T03:25:08.149874+00:00
1578713,2330,9529298,"FERNÁNDEZ LLANOS, LUCA",55,55,100,https://www.rffm.es/acta-partido/1578713,2026-08-07T03:25:08.149874+00:00
1578718,300414,9824823,"PARDO GOMEZ, PABLO",56,56,100,https://www.rffm.es/acta-partido/1578718,2026-08-07T03:25:08.396341+00:00
1578718,6819635,7655122,"CALONGE CASTAÑEDA, ADRIAN",11,11,100,https://www.rffm.es/acta-partido/1578718,2026-08-07T03:25:08.396341+00:00
1578714,846960,10897254,"RODRIGUEZ VILLASEÑOR, LUCAS",20,20,100,https://www.rffm.es/acta-partido/1578714,2026-08-07T03:25:08.571980+00:00
1578714,846960,13162987,"BUENO RUIZ, ALEJANDRO",31,31,100,https://www.rffm.es/acta-partido/1578714,2026-08-07T03:25:08.571980+00:00
1578714,2243,8523000,"RIBALDA BLANCO, ADRIAN",23,23,100,https://www.rffm.es/acta-partido/1578714,2026-08-07T03:25:08.571980+00:00
1578716,553,8511863,"MARTI NOVA, MAX",12,12,100,https://www.rffm.es/acta-partido/1578716,2026-08-07T03:25:08.580235+00:00
1578716,553,8270276,"CALDERON RAMIREZ, ISAAC ALEXANDER",14,14,100,https://www.rffm.es/acta-partido/1578716,2026-08-07T03:25:08.580235+00:00
1578716,553,10286691,"FERRERO SERRANO, IZAN ADRIÁN",25,25,100,https://www.rffm.es/acta-partido/1578716,2026-08-07T03:25:08.580235+00:00
1578716,553,10286691,"FERRERO SERRANO, IZAN ADRIÁN",36,36,100,https://www.rffm.es/acta-partido/1578716,2026-08-07T03:25:08.580235+00:00
1578716,553,10192880,"PRIOR GONZALEZ ELIPE, IVAN",59,59,100,https://www.rffm.es/acta-partido/1578716,2026-08-07T03:25:08.580235+00:00
1578716,1319,10128354,"CARRETERO BARBOSA, LEONIDAS VICENTE",42,42,100,https://www.rffm.es/acta-partido/1578716,2026-08-07T03:25:08.580235+00:00
1578716,1319,10128354,"CARRETERO BARBOSA, LEONIDAS VICENTE",59,59,101,https://www.rffm.es/acta-partido/1578716,2026-08-07T03:25:08.580235+00:00
1578712,448,8467364,"RUBIO SOTO YARRITU, ELOY",8,8,100,https://www.rffm.es/acta-partido/1578712,2026-08-07T03:25:08.847793+00:00
1578712,448,16035210,"GUIJARRO PARRA, VICTOR",41,41,100,https://www.rffm.es/acta-partido/1578712,2026-08-07T03:25:08.847793+00:00
1578712,2213,10431917,"GOMEZ-ACEBO MESIA, AGUSTIN JUAN",2,2,100,https://www.rffm.es/acta-partido/1578712,2026-08-07T03:25:08.847793+00:00
1578712,2213,10431917,"GOMEZ-ACEBO MESIA, AGUSTIN JUAN",21,21,100,https://www.rffm.es/acta-partido/1578712,2026-08-07T03:25:08.847793+00:00
1578712,2213,10431917,"GOMEZ-ACEBO MESIA, AGUSTIN JUAN",34,34,100,https://www.rffm.es/acta-partido/1578712,2026-08-07T03:25:08.847793+00:00
1578715,203,8159426,"GARRIDO LOPEZ, OSCAR",5,5,100,https://www.rffm.es/acta-partido/1578715,2026-08-07T03:25:08.851864+00:00
1578715,203,8473920,"MARTINEZ RICO, DANIEL",59,59,102,https://www.rffm.es/acta-partido/1578715,2026-08-07T03:25:08.851864+00:00
1578715,404,11764025,"JIMENEZ LACADENA, JAVIER",27,27,100,https://www.rffm.es/acta-partido/1578715,2026-08-07T03:25:08.851864+00:00
1578717,302,15487906,"DE BUNES PARDO, ALEJANDRO",14,14,100,https://www.rffm.es/acta-partido/1578717,2026-08-07T03:25:08.979725+00:00
1578717,302,15508240,"CAMARA MUÑOZ, ERIC",20,20,100,https://www.rffm.es/acta-partido/1578717,2026-08-07T03:25:08.979725+00:00
1578717,302,15508240,"CAMARA MUÑOZ, ERIC",24,24,100,https://www.rffm.es/acta-partido/1578717,2026-08-07T03:25:08.979725+00:00
1578717,302,11824232,"AHUMADA RODRIGUEZ, MIGUEL",33,33,100,https://www.rffm.es/acta-partido/1578717,2026-08-07T03:25:08.979725+00:00
1578717,302,12241751,"QUIRALTE GARCIA MIGUEL, JUAN",36,36,101,https://www.rffm.es/acta-partido/1578717,2026-08-07T03:25:08.979725+00:00
1578720,2213,11440343,"SAKIR CARRILLO, LUCAS",52,52,100,https://www.rffm.es/acta-partido/1578720,2026-08-07T03:25:09.453506+00:00
1578720,1770,14302210,"SANCHEZ TOBAR, ADRIEN JHOAN",47,47,100,https://www.rffm.es/acta-partido/1578720,2026-08-07T03:25:09.453506+00:00
1578720,1770,14302210,"SANCHEZ TOBAR, ADRIEN JHOAN",54,54,101,https://www.rffm.es/acta-partido/1578720,2026-08-07T03:25:09.453506+00:00
1578726,300422,10706889,"BEKHOUCHA LEMLAL, RAYAN",6,6,100,https://www.rffm.es/acta-partido/1578726,2026-08-07T03:25:09.457679+00:00
1578726,6819635,9007372,"TORRES MUÑOZ, UNAX",25,25,100,https://www.rffm.es/acta-partido/1578726,2026-08-07T03:25:09.457679+00:00
1578719,80,10076371,"ESPAÑA SANCHEZ, MARCOS",25,25,100,https://www.rffm.es/acta-partido/1578719,2026-08-07T03:25:09.754967+00:00
1578719,80,10239646,"KHOSRAVI LANCHA, KUROSH",34,34,100,https://www.rffm.es/acta-partido/1578719,2026-08-07T03:25:09.754967+00:00
1578719,80,7951454,"CRUZ HURTADO, GONZALO",37,37,100,https://www.rffm.es/acta-partido/1578719,2026-08-07T03:25:09.754967+00:00
1578719,80,7951104,"ALONSO GARCIA ANTON, FERNANDO",41,41,100,https://www.rffm.es/acta-partido/1578719,2026-08-07T03:25:09.754967+00:00
1578719,80,8017850,"PRIETO PEREZ, HUGO",44,44,100,https://www.rffm.es/acta-partido/1578719,2026-08-07T03:25:09.754967+00:00
1578719,80,7951104,"ALONSO GARCIA ANTON, FERNANDO",53,53,100,https://www.rffm.es/acta-partido/1578719,2026-08-07T03:25:09.754967+00:00
1578719,80,8350541,"CASAS ALBA, EIDAN",59,59,100,https://www.rffm.es/acta-partido/1578719,2026-08-07T03:25:09.754967+00:00
1578724,1319,10128354,"CARRETERO BARBOSA, LEONIDAS VICENTE",18,18,100,https://www.rffm.es/acta-partido/1578724,2026-08-07T03:25:09.795556+00:00
1578724,302,13956934,"LOZANO VALCARCEL, DARIO",4,4,100,https://www.rffm.es/acta-partido/1578724,2026-08-07T03:25:09.795556+00:00
1578724,302,10181590,"CASTROVIEJO VAZQUEZ, DANIEL",10,10,100,https://www.rffm.es/acta-partido/1578724,2026-08-07T03:25:09.795556+00:00
1578724,302,15487906,"DE BUNES PARDO, ALEJANDRO",33,33,100,https://www.rffm.es/acta-partido/1578724,2026-08-07T03:25:09.795556+00:00
1578725,300414,8489005,"HERNANDEZ FRANCO, BELTRAN",4,4,100,https://www.rffm.es/acta-partido/1578725,2026-08-07T03:25:10.298457+00:00
1578725,300414,8489005,"HERNANDEZ FRANCO, BELTRAN",10,10,100,https://www.rffm.es/acta-partido/1578725,2026-08-07T03:25:10.298457+00:00
1578725,300414,9824823,"PARDO GOMEZ, PABLO",36,36,100,https://www.rffm.es/acta-partido/1578725,2026-08-07T03:25:10.298457+00:00
1578725,300414,12634977,"LERMA ENSEÑAT, ALVARO",57,57,100,https://www.rffm.es/acta-partido/1578725,2026-08-07T03:25:10.298457+00:00
1578722,2243,8525584,"LOPEZ FERNANDEZ, CARLOS",8,8,100,https://www.rffm.es/acta-partido/1578722,2026-08-07T03:25:10.444811+00:00
1578722,203,10436089,"PALAU ALLEGUE, MARIO",12,12,100,https://www.rffm.es/acta-partido/1578722,2026-08-07T03:25:10.444811+00:00
1578722,203,7492803,"GONZALEZ MANZANO, ANGEL",17,17,100,https://www.rffm.es/acta-partido/1578722,2026-08-07T03:25:10.444811+00:00
1578722,203,10436089,"PALAU ALLEGUE, MARIO",22,22,100,https://www.rffm.es/acta-partido/1578722,2026-08-07T03:25:10.444811+00:00
1578722,203,13200297,"CESPEDES VALVERDE, ANDHERSON GERAR",29,29,100,https://www.rffm.es/acta-partido/1578722,2026-08-07T03:25:10.444811+00:00
1578722,203,7492803,"GONZALEZ MANZANO, ANGEL",58,58,100,https://www.rffm.es/acta-partido/1578722,2026-08-07T03:25:10.444811+00:00
1578722,203,7492803,"GONZALEZ MANZANO, ANGEL",60,60,100,https://www.rffm.es/acta-partido/1578722,2026-08-07T03:25:10.444811+00:00
1578721,2330,9529298,"FERNÁNDEZ LLANOS, LUCA",9,9,100,https://www.rffm.es/acta-partido/1578721,2026-08-07T03:25:10.546812+00:00
1578721,2330,13684524,"BLANCHARD, ALEJANDRO DANIEL",25,25,100,https://www.rffm.es/acta-partido/1578721,2026-08-07T03:25:10.546812+00:00
1578721,2330,8026100,"GAROZ PANIAGUA, LUCAS",50,50,100,https://www.rffm.es/acta-partido/1578721,2026-08-07T03:25:10.546812+00:00
1578721,846960,7900031,"DE LA FUENTE RODRIGUEZ, MARIO",55,55,100,https://www.rffm.es/acta-partido/1578721,2026-08-07T03:25:10.546812+00:00
1578734,6819635,7655122,"CALONGE CASTAÑEDA, ADRIAN",5,5,100,https://www.rffm.es/acta-partido/1578734,2026-08-07T03:25:10.597170+00:00
1578734,6819635,9853508,"GAMALLO SANCHEZ-JAUREGUI, ENRIQUE",23,23,100,https://www.rffm.es/acta-partido/1578734,2026-08-07T03:25:10.597170+00:00
1578734,6819635,9853508,"GAMALLO SANCHEZ-JAUREGUI, ENRIQUE",38,38,100,https://www.rffm.es/acta-partido/1578734,2026-08-07T03:25:10.597170+00:00
1578734,6819635,14476793,"FERNÁNDEZ VIDAL, NOEL",46,46,100,https://www.rffm.es/acta-partido/1578734,2026-08-07T03:25:10.597170+00:00
1578734,6819635,10182066,"GARCIA ACOSTA, IÑIGO",55,55,100,https://www.rffm.es/acta-partido/1578734,2026-08-07T03:25:10.597170+00:00
1578733,300414,9824823,"PARDO GOMEZ, PABLO",7,7,100,https://www.rffm.es/acta-partido/1578733,2026-08-07T03:25:10.638189+00:00
1578733,300414,9808033,"DE LA LASTRA GOYARROLA, ENRIQUE",14,14,100,https://www.rffm.es/acta-partido/1578733,2026-08-07T03:25:10.638189+00:00
1578733,300414,8489005,"HERNANDEZ FRANCO, BELTRAN",18,18,100,https://www.rffm.es/acta-partido/1578733,2026-08-07T03:25:10.638189+00:00
1578733,300414,7911738,"SANZ CORRAL, RAUL",29,29,100,https://www.rffm.es/acta-partido/1578733,2026-08-07T03:25:10.638189+00:00
1578733,300414,7911738,"SANZ CORRAL, RAUL",44,44,100,https://www.rffm.es/acta-partido/1578733,2026-08-07T03:25:10.638189+00:00
1578733,300414,7910491,"PEREZ MARCO, HUGO",53,53,100,https://www.rffm.es/acta-partido/1578733,2026-08-07T03:25:10.638189+00:00
1578733,300414,10193787,"MURO CHAVEZ, IKER",56,56,100,https://www.rffm.es/acta-partido/1578733,2026-08-07T03:25:10.638189+00:00
1578727,300422,8521814,"DEL PALACIO RIVERA, ROMEO",2,2,100,https://www.rffm.es/acta-partido/1578727,2026-08-07T03:25:10.964181+00:00
1578727,300422,10706293,"LEON VALENCIA, AITOR",6,6,100,https://www.rffm.es/acta-partido/1578727,2026-08-07T03:25:10.964181+00:00
1578727,300422,10905933,"VERGARA RUIZ, ALVARO",15,15,101,https://www.rffm.es/acta-partido/1578727,2026-08-07T03:25:10.964181+00:00
1578727,300422,10706889,"BEKHOUCHA LEMLAL, RAYAN",29,29,100,https://www.rffm.es/acta-partido/1578727,2026-08-07T03:25:10.964181+00:00
1578727,300422,8521814,"DEL PALACIO RIVERA, ROMEO",33,33,100,https://www.rffm.es/acta-partido/1578727,2026-08-07T03:25:10.964181+00:00
1578727,300422,11201986,"MONEDERO MONTERO, DANIEL",38,38,100,https://www.rffm.es/acta-partido/1578727,2026-08-07T03:25:10.964181+00:00
1578727,300422,10706293,"LEON VALENCIA, AITOR",40,40,100,https://www.rffm.es/acta-partido/1578727,2026-08-07T03:25:10.964181+00:00
1578727,300422,10167846,"ROMERO RODRIGUEZ, IVAN",52,52,100,https://www.rffm.es/acta-partido/1578727,2026-08-07T03:25:10.964181+00:00
1578727,300422,10167846,"ROMERO RODRIGUEZ, IVAN",54,54,100,https://www.rffm.es/acta-partido/1578727,2026-08-07T03:25:10.964181+00:00
1578727,300422,10905933,"VERGARA RUIZ, ALVARO",58,58,100,https://www.rffm.es/acta-partido/1578727,2026-08-07T03:25:10.964181+00:00
1578727,300422,8521814,"DEL PALACIO RIVERA, ROMEO",59,59,100,https://www.rffm.es/acta-partido/1578727,2026-08-07T03:25:10.964181+00:00
1578729,846960,8458420,"BARRANCO PEREDA, ALVARO",17,17,100,https://www.rffm.es/acta-partido/1578729,2026-08-07T03:25:10.968795+00:00
1578728,80,10081129,"ALVAREZ MARTINEZ, ISAAC JOSE",5,5,100,https://www.rffm.es/acta-partido/1578728,2026-08-07T03:25:11.035154+00:00
1578730,2330,8519133,"ALVAREZ INIGO, IVAN",6,6,100,https://www.rffm.es/acta-partido/1578730,2026-08-07T03:25:11.305740+00:00
1578731,553,8270276,"CALDERON RAMIREZ, ISAAC ALEXANDER",15,15,100,https://www.rffm.es/acta-partido/1578731,2026-08-07T03:25:11.310193+00:00
1578731,553,8270276,"CALDERON RAMIREZ, ISAAC ALEXANDER",38,38,100,https://www.rffm.es/acta-partido/1578731,2026-08-07T03:25:11.310193+00:00
1578731,553,13300988,"LOPEZ SIMANCAS, HUGO",47,47,100,https://www.rffm.es/acta-partido/1578731,2026-08-07T03:25:11.310193+00:00
1578731,553,8270276,"CALDERON RAMIREZ, ISAAC ALEXANDER",56,56,100,https://www.rffm.es/acta-partido/1578731,2026-08-07T03:25:11.310193+00:00
1578732,404,8164921,"RODRIGUEZ GUEORGUIEV, LEONARDO",54,54,100,https://www.rffm.es/acta-partido/1578732,2026-08-07T03:25:11.434748+00:00
1578736,80,8631741,"APAHIDEAN, ROBERT ANDREI",1,1,100,https://www.rffm.es/acta-partido/1578736,2026-08-07T03:25:11.900757+00:00
1578736,80,8531373,"SAAVEDRA RICO, DANIEL",19,19,100,https://www.rffm.es/acta-partido/1578736,2026-08-07T03:25:11.900757+00:00
1578736,80,14351875,"PALOMINO PETEIRA, GABRIEL",54,54,100,https://www.rffm.es/acta-partido/1578736,2026-08-07T03:25:11.900757+00:00
1578742,300422,10706889,"BEKHOUCHA LEMLAL, RAYAN",3,3,100,https://www.rffm.es/acta-partido/1578742,2026-08-07T03:25:11.903863+00:00
1578742,300422,7951879,"ROMERO CERA, HUGO",18,18,100,https://www.rffm.es/acta-partido/1578742,2026-08-07T03:25:11.903863+00:00
1578742,300422,9383432,"FERNÁNDEZ MARTÍN, ENZO",32,32,100,https://www.rffm.es/acta-partido/1578742,2026-08-07T03:25:11.903863+00:00
1578741,1319,10128270,"BALBI VILA, SEBASTIAN VICENTE",7,7,100,https://www.rffm.es/acta-partido/1578741,2026-08-07T03:25:12.124864+00:00
1578741,1319,7794654,"PEY WOZNIAK, DIEGO",45,45,100,https://www.rffm.es/acta-partido/1578741,2026-08-07T03:25:12.124864+00:00
1578741,1319,10128354,"CARRETERO BARBOSA, LEONIDAS VICENTE",60,60,100,https://www.rffm.es/acta-partido/1578741,2026-08-07T03:25:12.124864+00:00
1578741,6819635,7655122,"CALONGE CASTAÑEDA, ADRIAN",13,13,100,https://www.rffm.es/acta-partido/1578741,2026-08-07T03:25:12.124864+00:00
1578741,6819635,7655122,"CALONGE CASTAÑEDA, ADRIAN",58,58,100,https://www.rffm.es/acta-partido/1578741,2026-08-07T03:25:12.124864+00:00
1578737,203,7492803,"GONZALEZ MANZANO, ANGEL",9,9,100,https://www.rffm.es/acta-partido/1578737,2026-08-07T03:25:12.288544+00:00
1578737,203,13200297,"CESPEDES VALVERDE, ANDHERSON GERAR",14,14,100,https://www.rffm.es/acta-partido/1578737,2026-08-07T03:25:12.288544+00:00
1578737,203,13200297,"CESPEDES VALVERDE, ANDHERSON GERAR",25,25,100,https://www.rffm.es/acta-partido/1578737,2026-08-07T03:25:12.288544+00:00
1578737,203,8474021,"GARCIA CALVO, RODRIGO",26,26,100,https://www.rffm.es/acta-partido/1578737,2026-08-07T03:25:12.288544+00:00
1578737,203,10172503,"MARTIN MURILLO, DARIO",32,32,101,https://www.rffm.es/acta-partido/1578737,2026-08-07T03:25:12.288544+00:00
1578737,203,8351577,"GARCIA LAGO DIAZ, DANIEL",55,55,100,https://www.rffm.es/acta-partido/1578737,2026-08-07T03:25:12.288544+00:00
1578740,300414,11323004,"MARTINEZ LISBOA, RAYAN",25,25,100,https://www.rffm.es/acta-partido/1578740,2026-08-07T03:25:12.315448+00:00
1578740,300414,9824823,"PARDO GOMEZ, PABLO",60,60,100,https://www.rffm.es/acta-partido/1578740,2026-08-07T03:25:12.315448+00:00
1578735,448,11404344,"IRIARTE VILLANUEVA, ASIER",53,53,101,https://www.rffm.es/acta-partido/1578735,2026-08-07T03:25:12.555734+00:00
1578735,1770,14302210,"SANCHEZ TOBAR, ADRIEN JHOAN",24,24,100,https://www.rffm.es/acta-partido/1578735,2026-08-07T03:25:12.555734+00:00
1578735,1770,16004201,"DIAZ PARDO, BRAIS",26,26,100,https://www.rffm.es/acta-partido/1578735,2026-08-07T03:25:12.555734+00:00
1578735,1770,14372204,"GARCIA DE SANTOS, PABLO",56,56,100,https://www.rffm.es/acta-partido/1578735,2026-08-07T03:25:12.555734+00:00
1578739,2243,10102144,"BUTRAGUEÑO BAANANTE, GONZALO",18,18,100,https://www.rffm.es/acta-partido/1578739,2026-08-07T03:25:12.695671+00:00
1578739,2243,9974064,"ABUIN SEGURA, UNAI",58,58,101,https://www.rffm.es/acta-partido/1578739,2026-08-07T03:25:12.695671+00:00
1578739,302,10181590,"CASTROVIEJO VAZQUEZ, DANIEL",5,5,100,https://www.rffm.es/acta-partido/1578739,2026-08-07T03:25:12.695671+00:00
1578739,302,10181590,"CASTROVIEJO VAZQUEZ, DANIEL",14,14,100,https://www.rffm.es/acta-partido/1578739,2026-08-07T03:25:12.695671+00:00
1578739,302,10181590,"CASTROVIEJO VAZQUEZ, DANIEL",20,20,100,https://www.rffm.es/acta-partido/1578739,2026-08-07T03:25:12.695671+00:00
1578739,302,10181590,"CASTROVIEJO VAZQUEZ, DANIEL",45,45,100,https://www.rffm.es/acta-partido/1578739,2026-08-07T03:25:12.695671+00:00
1578739,302,2791794,"BUITRAGO CORDOVA, ALEJANDRO",59,59,100,https://www.rffm.es/acta-partido/1578739,2026-08-07T03:25:12.695671+00:00
1578748,300414,7911738,"SANZ CORRAL, RAUL",9,9,100,https://www.rffm.es/acta-partido/1578748,2026-08-07T03:25:13.267170+00:00
1578748,300414,10193787,"MURO CHAVEZ, IKER",17,17,100,https://www.rffm.es/acta-partido/1578748,2026-08-07T03:25:13.267170+00:00
1578748,300414,7910491,"PEREZ MARCO, HUGO",18,18,100,https://www.rffm.es/acta-partido/1578748,2026-08-07T03:25:13.267170+00:00
1578748,300414,11323004,"MARTINEZ LISBOA, RAYAN",25,25,100,https://www.rffm.es/acta-partido/1578748,2026-08-07T03:25:13.267170+00:00
1578748,300414,7910491,"PEREZ MARCO, HUGO",28,28,100,https://www.rffm.es/acta-partido/1578748,2026-08-07T03:25:13.267170+00:00
1578748,300414,11323004,"MARTINEZ LISBOA, RAYAN",40,40,100,https://www.rffm.es/acta-partido/1578748,2026-08-07T03:25:13.267170+00:00
1578748,300414,11323004,"MARTINEZ LISBOA, RAYAN",44,44,100,https://www.rffm.es/acta-partido/1578748,2026-08-07T03:25:13.267170+00:00
1578748,300414,8489005,"HERNANDEZ FRANCO, BELTRAN",45,45,100,https://www.rffm.es/acta-partido/1578748,2026-08-07T03:25:13.267170+00:00
1578748,300414,7911265,"GIRON DE VELASCO GONZALEZ, JAIME",54,54,100,https://www.rffm.es/acta-partido/1578748,2026-08-07T03:25:13.267170+00:00
1578748,300414,14550878,"PECHERVSKY, LORENZO",56,56,100,https://www.rffm.es/acta-partido/1578748,2026-08-07T03:25:13.267170+00:00
1578748,300414,10193787,"MURO CHAVEZ, IKER",57,57,100,https://www.rffm.es/acta-partido/1578748,2026-08-07T03:25:13.267170+00:00
1578748,300414,10193787,"MURO CHAVEZ, IKER",58,58,100,https://www.rffm.es/acta-partido/1578748,2026-08-07T03:25:13.267170+00:00
1578748,2243,8523000,"RIBALDA BLANCO, ADRIAN",22,22,101,https://www.rffm.es/acta-partido/1578748,2026-08-07T03:25:13.267170+00:00
1578748,2243,8578770,"ZAZO CONSUEGRA, GONZALO",32,32,100,https://www.rffm.es/acta-partido/1578748,2026-08-07T03:25:13.267170+00:00
1578743,300422,10905933,"VERGARA RUIZ, ALVARO",14,14,100,https://www.rffm.es/acta-partido/1578743,2026-08-07T03:25:13.271852+00:00
1578743,300422,8500693,"ARANDA CAMPOS, ALEX",31,31,100,https://www.rffm.es/acta-partido/1578743,2026-08-07T03:25:13.271852+00:00
1578749,6819635,7655122,"CALONGE CASTAÑEDA, ADRIAN",24,24,100,https://www.rffm.es/acta-partido/1578749,2026-08-07T03:25:13.488776+00:00
1578749,6819635,13474499,"LOPEZ VAZQUEZ, CESAR",34,34,100,https://www.rffm.es/acta-partido/1578749,2026-08-07T03:25:13.488776+00:00
1578749,6819635,13474499,"LOPEZ VAZQUEZ, CESAR",38,38,100,https://www.rffm.es/acta-partido/1578749,2026-08-07T03:25:13.488776+00:00
1578749,6819635,7655122,"CALONGE CASTAÑEDA, ADRIAN",57,57,100,https://www.rffm.es/acta-partido/1578749,2026-08-07T03:25:13.488776+00:00
1578749,404,8516003,"AREITIO DE LA RIVA, LUIS",56,56,100,https://www.rffm.es/acta-partido/1578749,2026-08-07T03:25:13.488776+00:00
1578749,404,8499173,"MASCARELL AGUNDEZ, GONZALO",59,59,100,https://www.rffm.es/acta-partido/1578749,2026-08-07T03:25:13.488776+00:00
1578744,846960,8375851,"GONZALEZ SANZ, BRUNO",7,7,100,https://www.rffm.es/acta-partido/1578744,2026-08-07T03:25:13.671558+00:00
1578744,846960,8375972,"LOPEZ ALONSO, MARIO",11,11,100,https://www.rffm.es/acta-partido/1578744,2026-08-07T03:25:13.671558+00:00
1578744,846960,8458420,"BARRANCO PEREDA, ALVARO",50,50,100,https://www.rffm.es/acta-partido/1578744,2026-08-07T03:25:13.671558+00:00
1578746,553,10192880,"PRIOR GONZALEZ ELIPE, IVAN",13,13,100,https://www.rffm.es/acta-partido/1578746,2026-08-07T03:25:13.684220+00:00
1578746,553,10192880,"PRIOR GONZALEZ ELIPE, IVAN",19,19,100,https://www.rffm.es/acta-partido/1578746,2026-08-07T03:25:13.684220+00:00
1578746,553,8270276,"CALDERON RAMIREZ, ISAAC ALEXANDER",31,31,100,https://www.rffm.es/acta-partido/1578746,2026-08-07T03:25:13.684220+00:00
1578746,553,13257800,"LISON GALLEGO, SERGIO",33,33,100,https://www.rffm.es/acta-partido/1578746,2026-08-07T03:25:13.684220+00:00
1578746,553,8270276,"CALDERON RAMIREZ, ISAAC ALEXANDER",37,37,100,https://www.rffm.es/acta-partido/1578746,2026-08-07T03:25:13.684220+00:00
1578746,553,13203924,"JIMENEZ BARRIO, OSCAR",44,44,100,https://www.rffm.es/acta-partido/1578746,2026-08-07T03:25:13.684220+00:00
1578746,2213,10191092,"BURGOS FERNANDEZ, DAVID",26,26,100,https://www.rffm.es/acta-partido/1578746,2026-08-07T03:25:13.684220+00:00
1578747,302,15487906,"DE BUNES PARDO, ALEJANDRO",4,4,100,https://www.rffm.es/acta-partido/1578747,2026-08-07T03:25:13.835817+00:00
1578747,2330,8502362,"LOPESINO ARRANZ, SERGIO",32,32,100,https://www.rffm.es/acta-partido/1578747,2026-08-07T03:25:13.835817+00:00
1578747,2330,8409701,"MARTIN SANZ, ADRIAN",59,59,100,https://www.rffm.es/acta-partido/1578747,2026-08-07T03:25:13.835817+00:00
1578745,80,8531373,"SAAVEDRA RICO, DANIEL",12,12,100,https://www.rffm.es/acta-partido/1578745,2026-08-07T03:25:13.840318+00:00
1578745,80,8631741,"APAHIDEAN, ROBERT ANDREI",55,55,101,https://www.rffm.es/acta-partido/1578745,2026-08-07T03:25:13.840318+00:00
1578750,466803,7655960,"TABUENCA GALIANO, JORGE",15,15,100,https://www.rffm.es/acta-partido/1578750,2026-08-07T03:25:13.962962+00:00
1578750,1319,8569443,"MARTIN RODOLFO-MASERA, ENRIQUE",19,19,100,https://www.rffm.es/acta-partido/1578750,2026-08-07T03:25:13.962962+00:00
1578750,1319,9862375,"SOSA FERNÁNDEZ, MARIO",36,36,100,https://www.rffm.es/acta-partido/1578750,2026-08-07T03:25:13.962962+00:00
1578750,1319,9858576,"BERMÚDEZ GARCÍA, LUIS",51,51,100,https://www.rffm.es/acta-partido/1578750,2026-08-07T03:25:13.962962+00:00
1578750,1319,8526128,"GERLO HERRERA, DAAN",60,60,100,https://www.rffm.es/acta-partido/1578750,2026-08-07T03:25:13.962962+00:00
1578750,1319,10128354,"CARRETERO BARBOSA, LEONIDAS VICENTE",60,60,100,https://www.rffm.es/acta-partido/1578750,2026-08-07T03:25:13.962962+00:00
1578755,2330,13684524,"BLANCHARD, ALEJANDRO DANIEL",14,14,100,https://www.rffm.es/acta-partido/1578755,2026-08-07T03:25:14.408571+00:00
1578755,2330,8519133,"ALVAREZ INIGO, IVAN",23,23,100,https://www.rffm.es/acta-partido/1578755,2026-08-07T03:25:14.408571+00:00
1578755,300414,14550878,"PECHERVSKY, LORENZO",21,21,100,https://www.rffm.es/acta-partido/1578755,2026-08-07T03:25:14.408571+00:00
1578755,300414,9824823,"PARDO GOMEZ, PABLO",55,55,100,https://www.rffm.es/acta-partido/1578755,2026-08-07T03:25:14.408571+00:00
1578758,300422,10167846,"ROMERO RODRIGUEZ, IVAN",14,14,100,https://www.rffm.es/acta-partido/1578758,2026-08-07T03:25:14.413183+00:00
1578758,300422,9383432,"FERNÁNDEZ MARTÍN, ENZO",36,36,100,https://www.rffm.es/acta-partido/1578758,2026-08-07T03:25:14.413183+00:00
1578758,300422,10706293,"LEON VALENCIA, AITOR",43,43,100,https://www.rffm.es/acta-partido/1578758,2026-08-07T03:25:14.413183+00:00
1578758,1319,9862375,"SOSA FERNÁNDEZ, MARIO",35,35,100,https://www.rffm.es/acta-partido/1578758,2026-08-07T03:25:14.413183+00:00
1578756,6819635,10129908,"AUCOUTURIER, NOA",31,31,100,https://www.rffm.es/acta-partido/1578756,2026-08-07T03:25:15.019327+00:00
1578756,6819635,10129908,"AUCOUTURIER, NOA",32,32,100,https://www.rffm.es/acta-partido/1578756,2026-08-07T03:25:15.019327+00:00
1578757,404,8494407,"BERISTAIN BENITEZ, JAVIER",6,6,100,https://www.rffm.es/acta-partido/1578757,2026-08-07T03:25:15.042350+00:00
1578757,404,11767934,"ASTARLOA CALVO, GONZALO",12,12,100,https://www.rffm.es/acta-partido/1578757,2026-08-07T03:25:15.042350+00:00
1578757,404,8494407,"BERISTAIN BENITEZ, JAVIER",32,32,100,https://www.rffm.es/acta-partido/1578757,2026-08-07T03:25:15.042350+00:00
1578757,404,8499173,"MASCARELL AGUNDEZ, GONZALO",39,39,100,https://www.rffm.es/acta-partido/1578757,2026-08-07T03:25:15.042350+00:00
1578754,302,9010976,"SEGURA UNCETA, ALVARO",4,4,100,https://www.rffm.es/acta-partido/1578754,2026-08-07T03:25:15.047353+00:00
1578754,302,10181590,"CASTROVIEJO VAZQUEZ, DANIEL",20,20,100,https://www.rffm.es/acta-partido/1578754,2026-08-07T03:25:15.047353+00:00
1578754,302,11824232,"AHUMADA RODRIGUEZ, MIGUEL",51,51,100,https://www.rffm.es/acta-partido/1578754,2026-08-07T03:25:15.047353+00:00
1578754,302,11839639,"FRAMIT LOPEZ, BELTRAN",58,58,100,https://www.rffm.es/acta-partido/1578754,2026-08-07T03:25:15.047353+00:00
1578752,448,16005813,"AGEA MARTULL, MIGUEL",27,27,100,https://www.rffm.es/acta-partido/1578752,2026-08-07T03:25:15.225123+00:00
1578752,448,8466682,"MORALES DURAN, RODRIGO MIGUEL",59,59,102,https://www.rffm.es/acta-partido/1578752,2026-08-07T03:25:15.225123+00:00
1578752,203,7492803,"GONZALEZ MANZANO, ANGEL",8,8,100,https://www.rffm.es/acta-partido/1578752,2026-08-07T03:25:15.225123+00:00
1578752,203,7492803,"GONZALEZ MANZANO, ANGEL",15,15,100,https://www.rffm.es/acta-partido/1578752,2026-08-07T03:25:15.225123+00:00
1578752,203,7492803,"GONZALEZ MANZANO, ANGEL",23,23,100,https://www.rffm.es/acta-partido/1578752,2026-08-07T03:25:15.225123+00:00
1578752,203,11593261,"GARCIA ROMERA, LUIS",28,28,100,https://www.rffm.es/acta-partido/1578752,2026-08-07T03:25:15.225123+00:00
1578752,203,8159426,"GARRIDO LOPEZ, OSCAR",36,36,100,https://www.rffm.es/acta-partido/1578752,2026-08-07T03:25:15.225123+00:00
1578752,203,8467970,"ALCOCER GOMEZ, JAIME",49,49,100,https://www.rffm.es/acta-partido/1578752,2026-08-07T03:25:15.225123+00:00
1578751,846960,8440328,"CANO DE LA PUENTE, ALEJANDRO",11,11,100,https://www.rffm.es/acta-partido/1578751,2026-08-07T03:25:15.237681+00:00
1578751,846960,8245945,"CARREÑO LLAVE, ALEJANDRO",58,58,100,https://www.rffm.es/acta-partido/1578751,2026-08-07T03:25:15.237681+00:00
1578753,80,14478589,"BUIZA GARCIA, ALEX",10,10,100,https://www.rffm.es/acta-partido/1578753,2026-08-07T03:25:15.252158+00:00
1578759,300422,10167846,"ROMERO RODRIGUEZ, IVAN",4,4,100,https://www.rffm.es/acta-partido/1578759,2026-08-07T03:25:15.656428+00:00
1578759,300422,11810774,"MARTIN ACEBES, LUCAS",49,49,100,https://www.rffm.es/acta-partido/1578759,2026-08-07T03:25:15.656428+00:00
1578759,300422,8500693,"ARANDA CAMPOS, ALEX",59,59,100,https://www.rffm.es/acta-partido/1578759,2026-08-07T03:25:15.656428+00:00
1578759,846960,8375972,"LOPEZ ALONSO, MARIO",29,29,100,https://www.rffm.es/acta-partido/1578759,2026-08-07T03:25:15.656428+00:00
1578763,300414,7910731,"PORTEROS LOPEZ, IÑIGO",29,29,100,https://www.rffm.es/acta-partido/1578763,2026-08-07T03:25:15.661094+00:00
1578763,300414,8489005,"HERNANDEZ FRANCO, BELTRAN",36,36,100,https://www.rffm.es/acta-partido/1578763,2026-08-07T03:25:15.661094+00:00
1578763,300414,9035623,"BARBA REDONDO, CARLOS",56,56,100,https://www.rffm.es/acta-partido/1578763,2026-08-07T03:25:15.661094+00:00
1578763,300414,7910491,"PEREZ MARCO, HUGO",59,59,100,https://www.rffm.es/acta-partido/1578763,2026-08-07T03:25:15.661094+00:00
1578761,553,10286691,"FERRERO SERRANO, IZAN ADRIÁN",8,8,100,https://www.rffm.es/acta-partido/1578761,2026-08-07T03:25:15.902689+00:00
1578761,553,8525601,"ZUBIAUR PONCE, UNAI",15,15,102,https://www.rffm.es/acta-partido/1578761,2026-08-07T03:25:15.902689+00:00
1578761,553,13313023,"LOIRA OLIVARES, MATEO",18,18,100,https://www.rffm.es/acta-partido/1578761,2026-08-07T03:25:15.902689+00:00
1578761,553,13313023,"LOIRA OLIVARES, MATEO",25,25,100,https://www.rffm.es/acta-partido/1578761,2026-08-07T03:25:15.902689+00:00
1578761,553,8511863,"MARTI NOVA, MAX",32,32,100,https://www.rffm.es/acta-partido/1578761,2026-08-07T03:25:15.902689+00:00
1578761,553,12773836,"VERA HERRERO, CESAR",39,39,100,https://www.rffm.es/acta-partido/1578761,2026-08-07T03:25:15.902689+00:00
1578761,553,12773836,"VERA HERRERO, CESAR",42,42,100,https://www.rffm.es/acta-partido/1578761,2026-08-07T03:25:15.902689+00:00
1578761,553,8511863,"MARTI NOVA, MAX",45,45,100,https://www.rffm.es/acta-partido/1578761,2026-08-07T03:25:15.902689+00:00
1578764,6819635,7655122,"CALONGE CASTAÑEDA, ADRIAN",31,31,100,https://www.rffm.es/acta-partido/1578764,2026-08-07T03:25:16.010915+00:00
1578764,2330,9654278,"ABAD JIMENEZ, GONZALO",30,30,101,https://www.rffm.es/acta-partido/1578764,2026-08-07T03:25:16.010915+00:00
1578760,203,7492803,"GONZALEZ MANZANO, ANGEL",26,26,100,https://www.rffm.es/acta-partido/1578760,2026-08-07T03:25:16.029974+00:00
1578760,203,10172503,"MARTIN MURILLO, DARIO",57,57,100,https://www.rffm.es/acta-partido/1578760,2026-08-07T03:25:16.029974+00:00
1578760,1770,20241078,"TOLEDANO MARTIN, RUBEN",47,47,100,https://www.rffm.es/acta-partido/1578760,2026-08-07T03:25:16.029974+00:00
1578760,1770,16004201,"DIAZ PARDO, BRAIS",49,49,100,https://www.rffm.es/acta-partido/1578760,2026-08-07T03:25:16.029974+00:00
1578766,1319,10128354,"CARRETERO BARBOSA, LEONIDAS VICENTE",58,58,100,https://www.rffm.es/acta-partido/1578766,2026-08-07T03:25:16.341856+00:00
1578766,404,8494407,"BERISTAIN BENITEZ, JAVIER",11,11,100,https://www.rffm.es/acta-partido/1578766,2026-08-07T03:25:16.341856+00:00
1578766,404,10213757,"GARCÍA CASTRO, IGNACIO",24,24,100,https://www.rffm.es/acta-partido/1578766,2026-08-07T03:25:16.341856+00:00
1578766,404,8164921,"RODRIGUEZ GUEORGUIEV, LEONARDO",29,29,100,https://www.rffm.es/acta-partido/1578766,2026-08-07T03:25:16.341856+00:00
1578766,404,11767580,"PEREZ DE LEMA MORA, ALVARO",39,39,100,https://www.rffm.es/acta-partido/1578766,2026-08-07T03:25:16.341856+00:00
1578765,466803,14743791,"OMEDAS GONZALEZ, MARCO",31,31,100,https://www.rffm.es/acta-partido/1578765,2026-08-07T03:25:16.480911+00:00
1578765,2243,8525584,"LOPEZ FERNANDEZ, CARLOS",11,11,100,https://www.rffm.es/acta-partido/1578765,2026-08-07T03:25:16.480911+00:00
1578765,2243,8523000,"RIBALDA BLANCO, ADRIAN",35,35,100,https://www.rffm.es/acta-partido/1578765,2026-08-07T03:25:16.480911+00:00
1578765,2243,8525584,"LOPEZ FERNANDEZ, CARLOS",43,43,100,https://www.rffm.es/acta-partido/1578765,2026-08-07T03:25:16.480911+00:00
1578765,2243,9974064,"ABUIN SEGURA, UNAI",54,54,101,https://www.rffm.es/acta-partido/1578765,2026-08-07T03:25:16.480911+00:00
1578773,2243,8529480,"CASTRO CABARCOS, JUAN",27,27,100,https://www.rffm.es/acta-partido/1578773,2026-08-07T03:25:16.899298+00:00
1578773,1319,8569443,"MARTIN RODOLFO-MASERA, ENRIQUE",40,40,102,https://www.rffm.es/acta-partido/1578773,2026-08-07T03:25:16.899298+00:00
1578768,553,12773836,"VERA HERRERO, CESAR",55,55,100,https://www.rffm.es/acta-partido/1578768,2026-08-07T03:25:17.207678+00:00
1578769,302,12241751,"QUIRALTE GARCIA MIGUEL, JUAN",2,2,100,https://www.rffm.es/acta-partido/1578769,2026-08-07T03:25:17.328847+00:00
1578769,302,7816313,"FRIAS LOPEZ, GABRIEL",4,4,100,https://www.rffm.es/acta-partido/1578769,2026-08-07T03:25:17.328847+00:00
1578769,302,8669169,"PÉREZ RADULESCU, GABRIEL NICOLÁS",8,8,100,https://www.rffm.es/acta-partido/1578769,2026-08-07T03:25:17.328847+00:00
1578769,302,12241751,"QUIRALTE GARCIA MIGUEL, JUAN",18,18,100,https://www.rffm.es/acta-partido/1578769,2026-08-07T03:25:17.328847+00:00
1578769,302,7815408,"HOYAS MULLER, ALEJANDRO",21,21,100,https://www.rffm.es/acta-partido/1578769,2026-08-07T03:25:17.328847+00:00
1578769,302,12241751,"QUIRALTE GARCIA MIGUEL, JUAN",23,23,100,https://www.rffm.es/acta-partido/1578769,2026-08-07T03:25:17.328847+00:00
1578769,302,8669169,"PÉREZ RADULESCU, GABRIEL NICOLÁS",28,28,100,https://www.rffm.es/acta-partido/1578769,2026-08-07T03:25:17.328847+00:00
1578769,302,14545456,"PARDO EGIDO, ALVARO",37,37,100,https://www.rffm.es/acta-partido/1578769,2026-08-07T03:25:17.328847+00:00
1578769,302,2791794,"BUITRAGO CORDOVA, ALEJANDRO",42,42,100,https://www.rffm.es/acta-partido/1578769,2026-08-07T03:25:17.328847+00:00
1578769,302,9808184,"ESPAÑA AFONSO, TIAGO",58,58,100,https://www.rffm.es/acta-partido/1578769,2026-08-07T03:25:17.328847+00:00
1578770,80,8631582,"ANDREI BUCUR, ALEXANDRU RARES",35,35,100,https://www.rffm.es/acta-partido/1578770,2026-08-07T03:25:17.333894+00:00
1578767,846960,8375972,"LOPEZ ALONSO, MARIO",43,43,100,https://www.rffm.es/acta-partido/1578767,2026-08-07T03:25:17.600805+00:00
1578767,203,7492803,"GONZALEZ MANZANO, ANGEL",16,16,100,https://www.rffm.es/acta-partido/1578767,2026-08-07T03:25:17.600805+00:00
1578767,203,8159426,"GARRIDO LOPEZ, OSCAR",26,26,100,https://www.rffm.es/acta-partido/1578767,2026-08-07T03:25:17.600805+00:00
1578767,203,8351577,"GARCIA LAGO DIAZ, DANIEL",45,45,100,https://www.rffm.es/acta-partido/1578767,2026-08-07T03:25:17.600805+00:00
1578767,203,10172503,"MARTIN MURILLO, DARIO",58,58,100,https://www.rffm.es/acta-partido/1578767,2026-08-07T03:25:17.600805+00:00
1578767,203,10436089,"PALAU ALLEGUE, MARIO",60,60,100,https://www.rffm.es/acta-partido/1578767,2026-08-07T03:25:17.600805+00:00
1578771,6819635,9853508,"GAMALLO SANCHEZ-JAUREGUI, ENRIQUE",40,40,100,https://www.rffm.es/acta-partido/1578771,2026-08-07T03:25:17.605420+00:00
1578771,6819635,10129908,"AUCOUTURIER, NOA",45,45,100,https://www.rffm.es/acta-partido/1578771,2026-08-07T03:25:17.605420+00:00
1578774,404,10213757,"GARCÍA CASTRO, IGNACIO",6,6,100,https://www.rffm.es/acta-partido/1578774,2026-08-07T03:25:17.727389+00:00
1578774,404,10257310,"PEREZ DE AYALA LOPEZ DE CARRIZOSA, CARLOS",31,31,100,https://www.rffm.es/acta-partido/1578774,2026-08-07T03:25:17.727389+00:00
1578774,404,11767580,"PEREZ DE LEMA MORA, ALVARO",46,46,100,https://www.rffm.es/acta-partido/1578774,2026-08-07T03:25:17.727389+00:00
1578774,300422,8521814,"DEL PALACIO RIVERA, ROMEO",17,17,100,https://www.rffm.es/acta-partido/1578774,2026-08-07T03:25:17.727389+00:00
1578774,300422,8500693,"ARANDA CAMPOS, ALEX",52,52,100,https://www.rffm.es/acta-partido/1578774,2026-08-07T03:25:17.727389+00:00
1578774,300422,8500693,"ARANDA CAMPOS, ALEX",57,57,100,https://www.rffm.es/acta-partido/1578774,2026-08-07T03:25:17.727389+00:00
1578774,300422,8521814,"DEL PALACIO RIVERA, ROMEO",60,60,100,https://www.rffm.es/acta-partido/1578774,2026-08-07T03:25:17.727389+00:00
1578775,2243,9968012,"HERRERO FERNANDEZ, NICOLAS",29,29,100,https://www.rffm.es/acta-partido/1578775,2026-08-07T03:25:18.144953+00:00
1578775,404,8164921,"RODRIGUEZ GUEORGUIEV, LEONARDO",42,42,100,https://www.rffm.es/acta-partido/1578775,2026-08-07T03:25:18.144953+00:00
1578778,80,7951104,"ALONSO GARCIA ANTON, FERNANDO",6,6,100,https://www.rffm.es/acta-partido/1578778,2026-08-07T03:25:18.149518+00:00
1578778,80,8350541,"CASAS ALBA, EIDAN",21,21,100,https://www.rffm.es/acta-partido/1578778,2026-08-07T03:25:18.149518+00:00
1578778,80,8350541,"CASAS ALBA, EIDAN",24,24,100,https://www.rffm.es/acta-partido/1578778,2026-08-07T03:25:18.149518+00:00
1578778,6819635,9853508,"GAMALLO SANCHEZ-JAUREGUI, ENRIQUE",20,20,100,https://www.rffm.es/acta-partido/1578778,2026-08-07T03:25:18.149518+00:00
1578778,6819635,7655122,"CALONGE CASTAÑEDA, ADRIAN",35,35,100,https://www.rffm.es/acta-partido/1578778,2026-08-07T03:25:18.149518+00:00
1578776,2330,8519133,"ALVAREZ INIGO, IVAN",7,7,100,https://www.rffm.es/acta-partido/1578776,2026-08-07T03:25:18.423160+00:00
1578776,2330,10905874,"SANTAMARÍA DE LA FUENTE, NACHO",24,24,100,https://www.rffm.es/acta-partido/1578776,2026-08-07T03:25:18.423160+00:00
1578776,2330,10905874,"SANTAMARÍA DE LA FUENTE, NACHO",28,28,100,https://www.rffm.es/acta-partido/1578776,2026-08-07T03:25:18.423160+00:00
1578776,2330,8519133,"ALVAREZ INIGO, IVAN",36,36,100,https://www.rffm.es/acta-partido/1578776,2026-08-07T03:25:18.423160+00:00
1578776,2330,8409701,"MARTIN SANZ, ADRIAN",38,38,100,https://www.rffm.es/acta-partido/1578776,2026-08-07T03:25:18.423160+00:00
1578776,2330,9529298,"FERNÁNDEZ LLANOS, LUCA",50,50,100,https://www.rffm.es/acta-partido/1578776,2026-08-07T03:25:18.423160+00:00
1578776,2330,9529298,"FERNÁNDEZ LLANOS, LUCA",54,54,100,https://www.rffm.es/acta-partido/1578776,2026-08-07T03:25:18.423160+00:00
1578780,1770,20241078,"TOLEDANO MARTIN, RUBEN",35,35,102,https://www.rffm.es/acta-partido/1578780,2026-08-07T03:25:18.527365+00:00
1578780,1770,14372204,"GARCIA DE SANTOS, PABLO",41,41,100,https://www.rffm.es/acta-partido/1578780,2026-08-07T03:25:18.527365+00:00
1578780,302,2791794,"BUITRAGO CORDOVA, ALEJANDRO",5,5,100,https://www.rffm.es/acta-partido/1578780,2026-08-07T03:25:18.527365+00:00
1578780,302,8669169,"PÉREZ RADULESCU, GABRIEL NICOLÁS",20,20,100,https://www.rffm.es/acta-partido/1578780,2026-08-07T03:25:18.527365+00:00
1578780,302,11824232,"AHUMADA RODRIGUEZ, MIGUEL",22,22,100,https://www.rffm.es/acta-partido/1578780,2026-08-07T03:25:18.527365+00:00
1578780,302,9808184,"ESPAÑA AFONSO, TIAGO",59,59,100,https://www.rffm.es/acta-partido/1578780,2026-08-07T03:25:18.527365+00:00
1578781,846960,13162987,"BUENO RUIZ, ALEJANDRO",13,13,100,https://www.rffm.es/acta-partido/1578781,2026-08-07T03:25:18.575598+00:00
1578781,846960,7900031,"DE LA FUENTE RODRIGUEZ, MARIO",34,34,100,https://www.rffm.es/acta-partido/1578781,2026-08-07T03:25:18.575598+00:00
1578781,846960,8440328,"CANO DE LA PUENTE, ALEJANDRO",46,46,100,https://www.rffm.es/acta-partido/1578781,2026-08-07T03:25:18.575598+00:00
1578781,846960,8440328,"CANO DE LA PUENTE, ALEJANDRO",59,59,100,https://www.rffm.es/acta-partido/1578781,2026-08-07T03:25:18.575598+00:00
1578779,300414,7909390,"CANO GARCIA, GONZALO",11,11,100,https://www.rffm.es/acta-partido/1578779,2026-08-07T03:25:18.874683+00:00
1578779,300414,9824823,"PARDO GOMEZ, PABLO",12,12,100,https://www.rffm.es/acta-partido/1578779,2026-08-07T03:25:18.874683+00:00
1578779,300414,14550878,"PECHERVSKY, LORENZO",14,14,100,https://www.rffm.es/acta-partido/1578779,2026-08-07T03:25:18.874683+00:00
1578779,300414,8489005,"HERNANDEZ FRANCO, BELTRAN",16,16,100,https://www.rffm.es/acta-partido/1578779,2026-08-07T03:25:18.874683+00:00
1578779,300414,7909390,"CANO GARCIA, GONZALO",18,18,100,https://www.rffm.es/acta-partido/1578779,2026-08-07T03:25:18.874683+00:00
1578779,300414,7909390,"CANO GARCIA, GONZALO",20,20,100,https://www.rffm.es/acta-partido/1578779,2026-08-07T03:25:18.874683+00:00
1578779,300414,7911265,"GIRON DE VELASCO GONZALEZ, JAIME",24,24,100,https://www.rffm.es/acta-partido/1578779,2026-08-07T03:25:18.874683+00:00
1578779,300414,7911265,"GIRON DE VELASCO GONZALEZ, JAIME",30,30,100,https://www.rffm.es/acta-partido/1578779,2026-08-07T03:25:18.874683+00:00
1578779,300414,11323004,"MARTINEZ LISBOA, RAYAN",36,36,100,https://www.rffm.es/acta-partido/1578779,2026-08-07T03:25:18.874683+00:00
1578779,300414,11323004,"MARTINEZ LISBOA, RAYAN",43,43,100,https://www.rffm.es/acta-partido/1578779,2026-08-07T03:25:18.874683+00:00
1578779,300414,8489626,"SEIJO CASTILLO, SANTIAGO TENARO",45,45,100,https://www.rffm.es/acta-partido/1578779,2026-08-07T03:25:18.874683+00:00
1578777,2213,10191092,"BURGOS FERNANDEZ, DAVID",15,15,101,https://www.rffm.es/acta-partido/1578777,2026-08-07T03:25:18.879839+00:00
1578777,2213,10191092,"BURGOS FERNANDEZ, DAVID",26,26,100,https://www.rffm.es/acta-partido/1578777,2026-08-07T03:25:18.879839+00:00
1578782,203,10172503,"MARTIN MURILLO, DARIO",20,20,101,https://www.rffm.es/acta-partido/1578782,2026-08-07T03:25:19.035372+00:00
1578782,203,7492803,"GONZALEZ MANZANO, ANGEL",23,23,100,https://www.rffm.es/acta-partido/1578782,2026-08-07T03:25:19.035372+00:00
1578782,203,10172503,"MARTIN MURILLO, DARIO",25,25,100,https://www.rffm.es/acta-partido/1578782,2026-08-07T03:25:19.035372+00:00
1578782,203,8159426,"GARRIDO LOPEZ, OSCAR",59,59,100,https://www.rffm.es/acta-partido/1578782,2026-08-07T03:25:19.035372+00:00
1578783,300422,9383432,"FERNÁNDEZ MARTÍN, ENZO",9,9,100,https://www.rffm.es/acta-partido/1578783,2026-08-07T03:25:19.665205+00:00
1578783,300422,8521814,"DEL PALACIO RIVERA, ROMEO",24,24,100,https://www.rffm.es/acta-partido/1578783,2026-08-07T03:25:19.665205+00:00
1578783,300422,10706293,"LEON VALENCIA, AITOR",60,60,100,https://www.rffm.es/acta-partido/1578783,2026-08-07T03:25:19.665205+00:00
1578783,2243,8525584,"LOPEZ FERNANDEZ, CARLOS",48,48,100,https://www.rffm.es/acta-partido/1578783,2026-08-07T03:25:19.665205+00:00
1578788,300414,9824823,"PARDO GOMEZ, PABLO",18,18,100,https://www.rffm.es/acta-partido/1578788,2026-08-07T03:25:19.804456+00:00
1578788,300414,7911265,"GIRON DE VELASCO GONZALEZ, JAIME",28,28,100,https://www.rffm.es/acta-partido/1578788,2026-08-07T03:25:19.804456+00:00
1578788,300414,11323004,"MARTINEZ LISBOA, RAYAN",42,42,100,https://www.rffm.es/acta-partido/1578788,2026-08-07T03:25:19.804456+00:00
1578788,300414,9824823,"PARDO GOMEZ, PABLO",45,45,100,https://www.rffm.es/acta-partido/1578788,2026-08-07T03:25:19.804456+00:00
1578784,404,8499173,"MASCARELL AGUNDEZ, GONZALO",12,12,100,https://www.rffm.es/acta-partido/1578784,2026-08-07T03:25:19.876140+00:00
1578784,404,8499173,"MASCARELL AGUNDEZ, GONZALO",17,17,100,https://www.rffm.es/acta-partido/1578784,2026-08-07T03:25:19.876140+00:00
1578784,404,8516003,"AREITIO DE LA RIVA, LUIS",22,22,100,https://www.rffm.es/acta-partido/1578784,2026-08-07T03:25:19.876140+00:00
1578784,2330,13684524,"BLANCHARD, ALEJANDRO DANIEL",38,38,100,https://www.rffm.es/acta-partido/1578784,2026-08-07T03:25:19.876140+00:00
1578784,2330,9654278,"ABAD JIMENEZ, GONZALO",57,57,100,https://www.rffm.es/acta-partido/1578784,2026-08-07T03:25:19.876140+00:00
1578785,1319,10128354,"CARRETERO BARBOSA, LEONIDAS VICENTE",1,1,100,https://www.rffm.es/acta-partido/1578785,2026-08-07T03:25:19.891632+00:00
1578785,1319,10128354,"CARRETERO BARBOSA, LEONIDAS VICENTE",6,6,100,https://www.rffm.es/acta-partido/1578785,2026-08-07T03:25:19.891632+00:00
1578785,1319,8458740,"NAZAR GARCIA ESCRIBANO, HUGO",22,22,100,https://www.rffm.es/acta-partido/1578785,2026-08-07T03:25:19.891632+00:00
1578785,1319,7794654,"PEY WOZNIAK, DIEGO",46,46,100,https://www.rffm.es/acta-partido/1578785,2026-08-07T03:25:19.891632+00:00
1578785,1319,13687676,"LÓPEZ DEL REY, GONZALO",50,50,100,https://www.rffm.es/acta-partido/1578785,2026-08-07T03:25:19.891632+00:00
1578785,2213,12151614,"CABRERA MIRANDA, SAMUEL",27,27,102,https://www.rffm.es/acta-partido/1578785,2026-08-07T03:25:19.891632+00:00
1578785,2213,14582072,"UBEDA LOPEZ, JAIME",39,39,100,https://www.rffm.es/acta-partido/1578785,2026-08-07T03:25:19.891632+00:00
1578790,203,8474021,"GARCIA CALVO, RODRIGO",16,16,100,https://www.rffm.es/acta-partido/1578790,2026-08-07T03:25:20.101838+00:00
1578789,302,8669169,"PÉREZ RADULESCU, GABRIEL NICOLÁS",18,18,100,https://www.rffm.es/acta-partido/1578789,2026-08-07T03:25:20.113777+00:00
1578789,302,8669169,"PÉREZ RADULESCU, GABRIEL NICOLÁS",22,22,100,https://www.rffm.es/acta-partido/1578789,2026-08-07T03:25:20.113777+00:00
1578789,302,8669169,"PÉREZ RADULESCU, GABRIEL NICOLÁS",29,29,100,https://www.rffm.es/acta-partido/1578789,2026-08-07T03:25:20.113777+00:00
1578789,302,10181590,"CASTROVIEJO VAZQUEZ, DANIEL",52,52,100,https://www.rffm.es/acta-partido/1578789,2026-08-07T03:25:20.113777+00:00
1578789,846960,7900031,"DE LA FUENTE RODRIGUEZ, MARIO",9,9,100,https://www.rffm.es/acta-partido/1578789,2026-08-07T03:25:20.113777+00:00
1578789,846960,10897254,"RODRIGUEZ VILLASEÑOR, LUCAS",48,48,100,https://www.rffm.es/acta-partido/1578789,2026-08-07T03:25:20.113777+00:00
1578787,6819635,11763989,"LOPEZ GOMEZ CALCERRADA, MARCOS",2,2,100,https://www.rffm.es/acta-partido/1578787,2026-08-07T03:25:20.188156+00:00
1578787,6819635,8514458,"CERCAS ROMAN, IÑAKI",31,31,100,https://www.rffm.es/acta-partido/1578787,2026-08-07T03:25:20.188156+00:00
1578787,6819635,10182066,"GARCIA ACOSTA, IÑIGO",33,33,100,https://www.rffm.es/acta-partido/1578787,2026-08-07T03:25:20.188156+00:00
1578787,6819635,10129908,"AUCOUTURIER, NOA",44,44,100,https://www.rffm.es/acta-partido/1578787,2026-08-07T03:25:20.188156+00:00
1578786,466803,14797697,"CAÑIZARES MARTINEZ, MIGUEL",4,4,100,https://www.rffm.es/acta-partido/1578786,2026-08-07T03:25:20.257969+00:00
1578786,466803,16105217,"GUILLEN PEÑA, FERNANDO",45,45,100,https://www.rffm.es/acta-partido/1578786,2026-08-07T03:25:20.257969+00:00
1578786,80,10076371,"ESPAÑA SANCHEZ, MARCOS",3,3,100,https://www.rffm.es/acta-partido/1578786,2026-08-07T03:25:20.257969+00:00
1578786,80,10081129,"ALVAREZ MARTINEZ, ISAAC JOSE",13,13,100,https://www.rffm.es/acta-partido/1578786,2026-08-07T03:25:20.257969+00:00
1578786,80,8350541,"CASAS ALBA, EIDAN",16,16,100,https://www.rffm.es/acta-partido/1578786,2026-08-07T03:25:20.257969+00:00
1578786,80,10076371,"ESPAÑA SANCHEZ, MARCOS",44,44,100,https://www.rffm.es/acta-partido/1578786,2026-08-07T03:25:20.257969+00:00
1578786,80,8631741,"APAHIDEAN, ROBERT ANDREI",47,47,100,https://www.rffm.es/acta-partido/1578786,2026-08-07T03:25:20.257969+00:00
1578786,80,8631741,"APAHIDEAN, ROBERT ANDREI",50,50,100,https://www.rffm.es/acta-partido/1578786,2026-08-07T03:25:20.257969+00:00
1578798,553,13203837,"GONZALEZ MUÑOZ, ALEJANDRO",28,28,100,https://www.rffm.es/acta-partido/1578798,2026-08-07T03:25:20.562982+00:00
1578798,300422,11810774,"MARTIN ACEBES, LUCAS",28,28,100,https://www.rffm.es/acta-partido/1578798,2026-08-07T03:25:20.562982+00:00
1578797,203,8351577,"GARCIA LAGO DIAZ, DANIEL",4,4,100,https://www.rffm.es/acta-partido/1578797,2026-08-07T03:25:20.722546+00:00
1578797,203,11593261,"GARCIA ROMERA, LUIS",13,13,100,https://www.rffm.es/acta-partido/1578797,2026-08-07T03:25:20.722546+00:00
1578797,302,12241751,"QUIRALTE GARCIA MIGUEL, JUAN",32,32,100,https://www.rffm.es/acta-partido/1578797,2026-08-07T03:25:20.722546+00:00
1578797,302,8669169,"PÉREZ RADULESCU, GABRIEL NICOLÁS",43,43,100,https://www.rffm.es/acta-partido/1578797,2026-08-07T03:25:20.722546+00:00
1578796,300414,13251409,"FERNANDEZ -RENAU PARDO, LUCAS",18,18,100,https://www.rffm.es/acta-partido/1578796,2026-08-07T03:25:20.863086+00:00
1578796,300414,9824823,"PARDO GOMEZ, PABLO",33,33,100,https://www.rffm.es/acta-partido/1578796,2026-08-07T03:25:20.863086+00:00
1578796,300414,7911738,"SANZ CORRAL, RAUL",53,53,100,https://www.rffm.es/acta-partido/1578796,2026-08-07T03:25:20.863086+00:00
1578795,1770,14302210,"SANCHEZ TOBAR, ADRIEN JHOAN",20,20,101,https://www.rffm.es/acta-partido/1578795,2026-08-07T03:25:20.946772+00:00
1578795,1770,11798000,"PÉREZ ANAYA, ÁLVARO",55,55,100,https://www.rffm.es/acta-partido/1578795,2026-08-07T03:25:20.946772+00:00
1578795,6819635,14476793,"FERNÁNDEZ VIDAL, NOEL",32,32,100,https://www.rffm.es/acta-partido/1578795,2026-08-07T03:25:20.946772+00:00
1578795,6819635,14476793,"FERNÁNDEZ VIDAL, NOEL",39,39,100,https://www.rffm.es/acta-partido/1578795,2026-08-07T03:25:20.946772+00:00
1578795,6819635,7655122,"CALONGE CASTAÑEDA, ADRIAN",48,48,100,https://www.rffm.es/acta-partido/1578795,2026-08-07T03:25:20.946772+00:00
1578795,6819635,7655122,"CALONGE CASTAÑEDA, ADRIAN",59,59,100,https://www.rffm.es/acta-partido/1578795,2026-08-07T03:25:20.946772+00:00
1578791,2330,8409701,"MARTIN SANZ, ADRIAN",8,8,100,https://www.rffm.es/acta-partido/1578791,2026-08-07T03:25:21.018399+00:00
1578791,2330,9529298,"FERNÁNDEZ LLANOS, LUCA",13,13,100,https://www.rffm.es/acta-partido/1578791,2026-08-07T03:25:21.018399+00:00
1578791,2330,8519133,"ALVAREZ INIGO, IVAN",38,38,100,https://www.rffm.es/acta-partido/1578791,2026-08-07T03:25:21.018399+00:00
1578791,2330,8409701,"MARTIN SANZ, ADRIAN",44,44,100,https://www.rffm.es/acta-partido/1578791,2026-08-07T03:25:21.018399+00:00
1578791,2330,8409701,"MARTIN SANZ, ADRIAN",49,49,100,https://www.rffm.es/acta-partido/1578791,2026-08-07T03:25:21.018399+00:00
1578791,2330,8462009,"PATRASCU, ANDREI",51,51,100,https://www.rffm.es/acta-partido/1578791,2026-08-07T03:25:21.018399+00:00
1578791,2330,8462009,"PATRASCU, ANDREI",53,53,100,https://www.rffm.es/acta-partido/1578791,2026-08-07T03:25:21.018399+00:00
1578791,2243,9974008,"MATOS FABIAN, JONATHAN",9,9,100,https://www.rffm.es/acta-partido/1578791,2026-08-07T03:25:21.018399+00:00
1578792,2213,14582072,"UBEDA LOPEZ, JAIME",39,39,100,https://www.rffm.es/acta-partido/1578792,2026-08-07T03:25:21.258073+00:00
1578793,80,14478589,"BUIZA GARCIA, ALEX",8,8,100,https://www.rffm.es/acta-partido/1578793,2026-08-07T03:25:21.288169+00:00
1578793,80,8531373,"SAAVEDRA RICO, DANIEL",12,12,100,https://www.rffm.es/acta-partido/1578793,2026-08-07T03:25:21.288169+00:00
1578793,80,8631741,"APAHIDEAN, ROBERT ANDREI",25,25,100,https://www.rffm.es/acta-partido/1578793,2026-08-07T03:25:21.288169+00:00
1578793,80,7951104,"ALONSO GARCIA ANTON, FERNANDO",28,28,100,https://www.rffm.es/acta-partido/1578793,2026-08-07T03:25:21.288169+00:00
1578793,80,8029450,"LOECHES HERRAIZ, PABLO",55,55,100,https://www.rffm.es/acta-partido/1578793,2026-08-07T03:25:21.288169+00:00
1578793,1319,10128354,"CARRETERO BARBOSA, LEONIDAS VICENTE",46,46,100,https://www.rffm.es/acta-partido/1578793,2026-08-07T03:25:21.288169+00:00
1578794,466803,13243148,"MORENO PEREZ, DIEGO",35,35,100,https://www.rffm.es/acta-partido/1578794,2026-08-07T03:25:21.441384+00:00
1578799,2330,8456039,"RODRIGUEZ SANCHEZ, SERGIO",15,15,100,https://www.rffm.es/acta-partido/1578799,2026-08-07T03:25:21.964269+00:00
1578799,2330,8026100,"GAROZ PANIAGUA, LUCAS",49,49,100,https://www.rffm.es/acta-partido/1578799,2026-08-07T03:25:21.964269+00:00
1578799,2330,8026100,"GAROZ PANIAGUA, LUCAS",59,59,100,https://www.rffm.es/acta-partido/1578799,2026-08-07T03:25:21.964269+00:00
1578806,302,7816313,"FRIAS LOPEZ, GABRIEL",20,20,100,https://www.rffm.es/acta-partido/1578806,2026-08-07T03:25:22.152480+00:00
1578806,302,15487906,"DE BUNES PARDO, ALEJANDRO",39,39,100,https://www.rffm.es/acta-partido/1578806,2026-08-07T03:25:22.152480+00:00
1578805,300414,7911265,"GIRON DE VELASCO GONZALEZ, JAIME",23,23,100,https://www.rffm.es/acta-partido/1578805,2026-08-07T03:25:22.157178+00:00
1578805,300414,7911738,"SANZ CORRAL, RAUL",28,28,100,https://www.rffm.es/acta-partido/1578805,2026-08-07T03:25:22.157178+00:00
1578805,300414,9824823,"PARDO GOMEZ, PABLO",58,58,100,https://www.rffm.es/acta-partido/1578805,2026-08-07T03:25:22.157178+00:00
1578800,2243,8522354,"GONZALEZ VILLAFRUELA, VICTOR",21,21,100,https://www.rffm.es/acta-partido/1578800,2026-08-07T03:25:22.286088+00:00
1578800,2243,9974064,"ABUIN SEGURA, UNAI",23,23,100,https://www.rffm.es/acta-partido/1578800,2026-08-07T03:25:22.286088+00:00
1578800,2243,9974008,"MATOS FABIAN, JONATHAN",54,54,100,https://www.rffm.es/acta-partido/1578800,2026-08-07T03:25:22.286088+00:00
1578800,2213,10431917,"GOMEZ-ACEBO MESIA, AGUSTIN JUAN",6,6,100,https://www.rffm.es/acta-partido/1578800,2026-08-07T03:25:22.286088+00:00
1578800,2213,10431917,"GOMEZ-ACEBO MESIA, AGUSTIN JUAN",41,41,100,https://www.rffm.es/acta-partido/1578800,2026-08-07T03:25:22.286088+00:00
1578801,80,8481104,"DE GRACIA SAN SEGUNDO, CESAR",61,61,100,https://www.rffm.es/acta-partido/1578801,2026-08-07T03:25:22.430086+00:00
1578803,1770,14302210,"SANCHEZ TOBAR, ADRIEN JHOAN",19,19,100,https://www.rffm.es/acta-partido/1578803,2026-08-07T03:25:22.590007+00:00
1578803,1770,14278772,"GONZALEZ BELTRAN, ALEJANDRO",36,36,100,https://www.rffm.es/acta-partido/1578803,2026-08-07T03:25:22.590007+00:00
1578803,1770,14278772,"GONZALEZ BELTRAN, ALEJANDRO",38,38,100,https://www.rffm.es/acta-partido/1578803,2026-08-07T03:25:22.590007+00:00
1578802,1319,13687676,"LÓPEZ DEL REY, GONZALO",18,18,100,https://www.rffm.es/acta-partido/1578802,2026-08-07T03:25:22.593531+00:00
1578802,1319,10128354,"CARRETERO BARBOSA, LEONIDAS VICENTE",30,30,100,https://www.rffm.es/acta-partido/1578802,2026-08-07T03:25:22.593531+00:00
1578802,1319,10128354,"CARRETERO BARBOSA, LEONIDAS VICENTE",43,43,100,https://www.rffm.es/acta-partido/1578802,2026-08-07T03:25:22.593531+00:00
1578802,448,14518934,"CANDEL ESCOBAR, PABLO",36,36,100,https://www.rffm.es/acta-partido/1578802,2026-08-07T03:25:22.593531+00:00
1578804,6819635,7655122,"CALONGE CASTAÑEDA, ADRIAN",26,26,100,https://www.rffm.es/acta-partido/1578804,2026-08-07T03:25:22.725519+00:00
1578804,6819635,9853508,"GAMALLO SANCHEZ-JAUREGUI, ENRIQUE",47,47,101,https://www.rffm.es/acta-partido/1578804,2026-08-07T03:25:22.725519+00:00
1578804,846960,10897254,"RODRIGUEZ VILLASEÑOR, LUCAS",34,34,100,https://www.rffm.es/acta-partido/1578804,2026-08-07T03:25:22.725519+00:00
1578804,846960,8245945,"CARREÑO LLAVE, ALEJANDRO",52,52,101,https://www.rffm.es/acta-partido/1578804,2026-08-07T03:25:22.725519+00:00
1578813,300414,9824823,"PARDO GOMEZ, PABLO",24,24,100,https://www.rffm.es/acta-partido/1578813,2026-08-07T03:25:23.081730+00:00
1578813,300414,7910731,"PORTEROS LOPEZ, IÑIGO",52,52,100,https://www.rffm.es/acta-partido/1578813,2026-08-07T03:25:23.081730+00:00
1578810,1770,14302210,"SANCHEZ TOBAR, ADRIEN JHOAN",9,9,100,https://www.rffm.es/acta-partido/1578810,2026-08-07T03:25:23.190508+00:00
1578810,1770,11798000,"PÉREZ ANAYA, ÁLVARO",51,51,100,https://www.rffm.es/acta-partido/1578810,2026-08-07T03:25:23.190508+00:00
1578810,1770,14278772,"GONZALEZ BELTRAN, ALEJANDRO",58,58,100,https://www.rffm.es/acta-partido/1578810,2026-08-07T03:25:23.190508+00:00
1578810,1319,10128354,"CARRETERO BARBOSA, LEONIDAS VICENTE",9,9,100,https://www.rffm.es/acta-partido/1578810,2026-08-07T03:25:23.190508+00:00
1578810,1319,8458740,"NAZAR GARCIA ESCRIBANO, HUGO",27,27,100,https://www.rffm.es/acta-partido/1578810,2026-08-07T03:25:23.190508+00:00
1578807,2330,9529298,"FERNÁNDEZ LLANOS, LUCA",9,9,100,https://www.rffm.es/acta-partido/1578807,2026-08-07T03:25:23.419555+00:00
1578807,2330,8502362,"LOPESINO ARRANZ, SERGIO",21,21,100,https://www.rffm.es/acta-partido/1578807,2026-08-07T03:25:23.419555+00:00
1578807,2330,9529298,"FERNÁNDEZ LLANOS, LUCA",44,44,100,https://www.rffm.es/acta-partido/1578807,2026-08-07T03:25:23.419555+00:00
1578811,846960,8245945,"CARREÑO LLAVE, ALEJANDRO",29,29,100,https://www.rffm.es/acta-partido/1578811,2026-08-07T03:25:23.492966+00:00
1578811,846960,8539220,"IVAN, GABRIEL STEFAN",47,47,100,https://www.rffm.es/acta-partido/1578811,2026-08-07T03:25:23.492966+00:00
1578811,846960,10897254,"RODRIGUEZ VILLASEÑOR, LUCAS",49,49,100,https://www.rffm.es/acta-partido/1578811,2026-08-07T03:25:23.492966+00:00
1578808,80,10076371,"ESPAÑA SANCHEZ, MARCOS",3,3,100,https://www.rffm.es/acta-partido/1578808,2026-08-07T03:25:23.512059+00:00
1578808,80,8631741,"APAHIDEAN, ROBERT ANDREI",15,15,100,https://www.rffm.es/acta-partido/1578808,2026-08-07T03:25:23.512059+00:00
1578808,80,14351875,"PALOMINO PETEIRA, GABRIEL",25,25,100,https://www.rffm.es/acta-partido/1578808,2026-08-07T03:25:23.512059+00:00
1578808,80,7951104,"ALONSO GARCIA ANTON, FERNANDO",42,42,100,https://www.rffm.es/acta-partido/1578808,2026-08-07T03:25:23.512059+00:00
1578808,80,14351875,"PALOMINO PETEIRA, GABRIEL",58,58,100,https://www.rffm.es/acta-partido/1578808,2026-08-07T03:25:23.512059+00:00
1578808,80,8531373,"SAAVEDRA RICO, DANIEL",59,59,100,https://www.rffm.es/acta-partido/1578808,2026-08-07T03:25:23.512059+00:00
1578814,302,11824232,"AHUMADA RODRIGUEZ, MIGUEL",43,43,100,https://www.rffm.es/acta-partido/1578814,2026-08-07T03:25:23.844757+00:00
1697576,203,7492803,"GONZALEZ MANZANO, ANGEL",40,40,100,https://www.rffm.es/acta-partido/1697576,2026-08-07T03:25:24.326805+00:00
1697576,203,7492803,"GONZALEZ MANZANO, ANGEL",46,46,100,https://www.rffm.es/acta-partido/1697576,2026-08-07T03:25:24.326805+00:00
1697576,6819635,13474499,"LOPEZ VAZQUEZ, CESAR",32,32,100,https://www.rffm.es/acta-partido/1697576,2026-08-07T03:25:24.326805+00:00
1578809,404,15797169,"RIVAS SANTABALLA, DIEGO",1,1,100,https://www.rffm.es/acta-partido/1578809,2026-08-07T03:25:24.330135+00:00
1578809,404,8516003,"AREITIO DE LA RIVA, LUIS",25,25,100,https://www.rffm.es/acta-partido/1578809,2026-08-07T03:25:24.330135+00:00
1578809,404,8516003,"AREITIO DE LA RIVA, LUIS",32,32,100,https://www.rffm.es/acta-partido/1578809,2026-08-07T03:25:24.330135+00:00
1578815,300422,9383432,"FERNÁNDEZ MARTÍN, ENZO",23,23,100,https://www.rffm.es/acta-partido/1578815,2026-08-07T03:25:24.482955+00:00
1578815,300422,8500693,"ARANDA CAMPOS, ALEX",59,59,100,https://www.rffm.es/acta-partido/1578815,2026-08-07T03:25:24.482955+00:00
1578815,300422,8521814,"DEL PALACIO RIVERA, ROMEO",59,59,100,https://www.rffm.es/acta-partido/1578815,2026-08-07T03:25:24.482955+00:00
1578822,300414,9824823,"PARDO GOMEZ, PABLO",5,5,100,https://www.rffm.es/acta-partido/1578822,2026-08-07T03:25:24.500153+00:00
1578822,300414,11323004,"MARTINEZ LISBOA, RAYAN",34,34,100,https://www.rffm.es/acta-partido/1578822,2026-08-07T03:25:24.500153+00:00
1578822,300414,7911738,"SANZ CORRAL, RAUL",50,50,100,https://www.rffm.es/acta-partido/1578822,2026-08-07T03:25:24.500153+00:00
1578822,300414,10193787,"MURO CHAVEZ, IKER",52,52,100,https://www.rffm.es/acta-partido/1578822,2026-08-07T03:25:24.500153+00:00
1578822,302,12241751,"QUIRALTE GARCIA MIGUEL, JUAN",7,7,100,https://www.rffm.es/acta-partido/1578822,2026-08-07T03:25:24.500153+00:00
1578822,302,2791794,"BUITRAGO CORDOVA, ALEJANDRO",53,53,100,https://www.rffm.es/acta-partido/1578822,2026-08-07T03:25:24.500153+00:00
1578821,6819635,7655122,"CALONGE CASTAÑEDA, ADRIAN",11,11,100,https://www.rffm.es/acta-partido/1578821,2026-08-07T03:25:24.690367+00:00
1578821,6819635,7655122,"CALONGE CASTAÑEDA, ADRIAN",30,30,100,https://www.rffm.es/acta-partido/1578821,2026-08-07T03:25:24.690367+00:00
1578821,6819635,7655122,"CALONGE CASTAÑEDA, ADRIAN",62,62,100,https://www.rffm.es/acta-partido/1578821,2026-08-07T03:25:24.690367+00:00
1578821,553,13203924,"JIMENEZ BARRIO, OSCAR",47,47,100,https://www.rffm.es/acta-partido/1578821,2026-08-07T03:25:24.690367+00:00
1578821,553,8270276,"CALDERON RAMIREZ, ISAAC ALEXANDER",56,56,100,https://www.rffm.es/acta-partido/1578821,2026-08-07T03:25:24.690367+00:00
1578820,203,13200297,"CESPEDES VALVERDE, ANDHERSON GERAR",3,3,100,https://www.rffm.es/acta-partido/1578820,2026-08-07T03:25:24.787925+00:00
1578820,203,7492803,"GONZALEZ MANZANO, ANGEL",11,11,100,https://www.rffm.es/acta-partido/1578820,2026-08-07T03:25:24.787925+00:00
1578820,203,7492803,"GONZALEZ MANZANO, ANGEL",27,27,100,https://www.rffm.es/acta-partido/1578820,2026-08-07T03:25:24.787925+00:00
1578820,203,10436089,"PALAU ALLEGUE, MARIO",37,37,100,https://www.rffm.es/acta-partido/1578820,2026-08-07T03:25:24.787925+00:00
1578820,203,10172503,"MARTIN MURILLO, DARIO",60,60,100,https://www.rffm.es/acta-partido/1578820,2026-08-07T03:25:24.787925+00:00
1578818,404,8164921,"RODRIGUEZ GUEORGUIEV, LEONARDO",6,6,100,https://www.rffm.es/acta-partido/1578818,2026-08-07T03:25:24.808882+00:00
1578818,1770,14278772,"GONZALEZ BELTRAN, ALEJANDRO",5,5,100,https://www.rffm.es/acta-partido/1578818,2026-08-07T03:25:24.808882+00:00
1578818,1770,14372204,"GARCIA DE SANTOS, PABLO",59,59,100,https://www.rffm.es/acta-partido/1578818,2026-08-07T03:25:24.808882+00:00
1578819,1319,13687676,"LÓPEZ DEL REY, GONZALO",27,27,100,https://www.rffm.es/acta-partido/1578819,2026-08-07T03:25:25.078280+00:00
1578819,1319,7794654,"PEY WOZNIAK, DIEGO",50,50,100,https://www.rffm.es/acta-partido/1578819,2026-08-07T03:25:25.078280+00:00
1578819,846960,8440328,"CANO DE LA PUENTE, ALEJANDRO",3,3,100,https://www.rffm.es/acta-partido/1578819,2026-08-07T03:25:25.078280+00:00
1578819,846960,8458420,"BARRANCO PEREDA, ALVARO",15,15,100,https://www.rffm.es/acta-partido/1578819,2026-08-07T03:25:25.078280+00:00
1578819,846960,13162987,"BUENO RUIZ, ALEJANDRO",55,55,100,https://www.rffm.es/acta-partido/1578819,2026-08-07T03:25:25.078280+00:00
1578819,846960,13162987,"BUENO RUIZ, ALEJANDRO",60,60,100,https://www.rffm.es/acta-partido/1578819,2026-08-07T03:25:25.078280+00:00
1578817,2243,10168857,"DUEÑAS NUÑEZ, GONZALO",1,1,100,https://www.rffm.es/acta-partido/1578817,2026-08-07T03:25:25.172212+00:00
1578817,2243,8522907,"SBAI BENARROCH, MOHAMED",3,3,100,https://www.rffm.es/acta-partido/1578817,2026-08-07T03:25:25.172212+00:00
1578817,2243,8523092,"CECILIO ACEITUNO, HUGO",21,21,100,https://www.rffm.es/acta-partido/1578817,2026-08-07T03:25:25.172212+00:00
1578817,2243,8523092,"CECILIO ACEITUNO, HUGO",25,25,100,https://www.rffm.es/acta-partido/1578817,2026-08-07T03:25:25.172212+00:00
1578817,2243,9974064,"ABUIN SEGURA, UNAI",41,41,100,https://www.rffm.es/acta-partido/1578817,2026-08-07T03:25:25.172212+00:00
1578817,2243,8522354,"GONZALEZ VILLAFRUELA, VICTOR",45,45,100,https://www.rffm.es/acta-partido/1578817,2026-08-07T03:25:25.172212+00:00
1578817,2243,8522907,"SBAI BENARROCH, MOHAMED",60,60,100,https://www.rffm.es/acta-partido/1578817,2026-08-07T03:25:25.172212+00:00
1578816,2330,13684524,"BLANCHARD, ALEJANDRO DANIEL",56,56,100,https://www.rffm.es/acta-partido/1578816,2026-08-07T03:25:25.210461+00:00
1578826,846960,13159917,"CASTILLO MANOLE, ASIER",5,5,100,https://www.rffm.es/acta-partido/1578826,2026-08-07T03:25:25.618514+00:00
1578826,846960,8440328,"CANO DE LA PUENTE, ALEJANDRO",39,39,100,https://www.rffm.es/acta-partido/1578826,2026-08-07T03:25:25.618514+00:00
1578826,846960,8458420,"BARRANCO PEREDA, ALVARO",50,50,100,https://www.rffm.es/acta-partido/1578826,2026-08-07T03:25:25.618514+00:00
1578826,404,8499173,"MASCARELL AGUNDEZ, GONZALO",16,16,100,https://www.rffm.es/acta-partido/1578826,2026-08-07T03:25:25.618514+00:00
1578826,404,8164921,"RODRIGUEZ GUEORGUIEV, LEONARDO",33,33,100,https://www.rffm.es/acta-partido/1578826,2026-08-07T03:25:25.618514+00:00
1578830,300414,7910491,"PEREZ MARCO, HUGO",17,17,100,https://www.rffm.es/acta-partido/1578830,2026-08-07T03:25:25.743161+00:00
1578830,300414,7911738,"SANZ CORRAL, RAUL",29,29,100,https://www.rffm.es/acta-partido/1578830,2026-08-07T03:25:25.743161+00:00
1578830,300414,9824823,"PARDO GOMEZ, PABLO",40,40,100,https://www.rffm.es/acta-partido/1578830,2026-08-07T03:25:25.743161+00:00
1578830,300414,7911265,"GIRON DE VELASCO GONZALEZ, JAIME",43,43,100,https://www.rffm.es/acta-partido/1578830,2026-08-07T03:25:25.743161+00:00
1578830,300414,12712093,"ALVAREZ DE LARA MOREU, TELMO NICOLAS",50,50,100,https://www.rffm.es/acta-partido/1578830,2026-08-07T03:25:25.743161+00:00
1578830,300422,8205403,"FERNANDEZ AZNAR, IVAN",45,45,100,https://www.rffm.es/acta-partido/1578830,2026-08-07T03:25:25.743161+00:00
1578830,300422,10167846,"ROMERO RODRIGUEZ, IVAN",54,54,100,https://www.rffm.es/acta-partido/1578830,2026-08-07T03:25:25.743161+00:00
1578824,448,8466682,"MORALES DURAN, RODRIGO MIGUEL",14,14,102,https://www.rffm.es/acta-partido/1578824,2026-08-07T03:25:25.961423+00:00
1578824,2330,9529298,"FERNÁNDEZ LLANOS, LUCA",8,8,100,https://www.rffm.es/acta-partido/1578824,2026-08-07T03:25:25.961423+00:00
1578824,2330,8462009,"PATRASCU, ANDREI",26,26,100,https://www.rffm.es/acta-partido/1578824,2026-08-07T03:25:25.961423+00:00
1578824,2330,9529298,"FERNÁNDEZ LLANOS, LUCA",28,28,100,https://www.rffm.es/acta-partido/1578824,2026-08-07T03:25:25.961423+00:00
1578824,2330,8519133,"ALVAREZ INIGO, IVAN",30,30,100,https://www.rffm.es/acta-partido/1578824,2026-08-07T03:25:25.961423+00:00
1578824,2330,8409701,"MARTIN SANZ, ADRIAN",43,43,100,https://www.rffm.es/acta-partido/1578824,2026-08-07T03:25:25.961423+00:00
1578824,2330,9529298,"FERNÁNDEZ LLANOS, LUCA",47,47,100,https://www.rffm.es/acta-partido/1578824,2026-08-07T03:25:25.961423+00:00
1578824,2330,13684524,"BLANCHARD, ALEJANDRO DANIEL",52,52,100,https://www.rffm.es/acta-partido/1578824,2026-08-07T03:25:25.961423+00:00
1578824,2330,9494931,"DIAZ VALCARCEL, SERGIO",54,54,100,https://www.rffm.es/acta-partido/1578824,2026-08-07T03:25:25.961423+00:00
1578824,2330,8409701,"MARTIN SANZ, ADRIAN",55,55,100,https://www.rffm.es/acta-partido/1578824,2026-08-07T03:25:25.961423+00:00
1578824,2330,9654278,"ABAD JIMENEZ, GONZALO",57,57,100,https://www.rffm.es/acta-partido/1578824,2026-08-07T03:25:25.961423+00:00
1578827,203,7492803,"GONZALEZ MANZANO, ANGEL",18,18,100,https://www.rffm.es/acta-partido/1578827,2026-08-07T03:25:26.058131+00:00
1578827,203,11593261,"GARCIA ROMERA, LUIS",59,59,100,https://www.rffm.es/acta-partido/1578827,2026-08-07T03:25:26.058131+00:00
1578827,1319,8526128,"GERLO HERRERA, DAAN",27,27,102,https://www.rffm.es/acta-partido/1578827,2026-08-07T03:25:26.058131+00:00
1578827,1319,10128354,"CARRETERO BARBOSA, LEONIDAS VICENTE",39,39,101,https://www.rffm.es/acta-partido/1578827,2026-08-07T03:25:26.058131+00:00
1578828,553,8270276,"CALDERON RAMIREZ, ISAAC ALEXANDER",37,37,100,https://www.rffm.es/acta-partido/1578828,2026-08-07T03:25:26.094694+00:00
1578828,553,8270276,"CALDERON RAMIREZ, ISAAC ALEXANDER",38,38,100,https://www.rffm.es/acta-partido/1578828,2026-08-07T03:25:26.094694+00:00
1578828,553,10286691,"FERRERO SERRANO, IZAN ADRIÁN",63,63,100,https://www.rffm.es/acta-partido/1578828,2026-08-07T03:25:26.094694+00:00
1578823,80,14478589,"BUIZA GARCIA, ALEX",43,43,101,https://www.rffm.es/acta-partido/1578823,2026-08-07T03:25:26.382791+00:00
1578829,302,9808184,"ESPAÑA AFONSO, TIAGO",54,54,100,https://www.rffm.es/acta-partido/1578829,2026-08-07T03:25:26.393495+00:00
1578829,302,15487906,"DE BUNES PARDO, ALEJANDRO",59,59,100,https://www.rffm.es/acta-partido/1578829,2026-08-07T03:25:26.393495+00:00
1578829,6819635,7655122,"CALONGE CASTAÑEDA, ADRIAN",18,18,100,https://www.rffm.es/acta-partido/1578829,2026-08-07T03:25:26.393495+00:00
1578825,1770,13098490,"BARREIRO TORRES, JULIAN ALBERTO",40,40,100,https://www.rffm.es/acta-partido/1578825,2026-08-07T03:25:26.551131+00:00
1578825,1770,14302210,"SANCHEZ TOBAR, ADRIEN JHOAN",53,53,101,https://www.rffm.es/acta-partido/1578825,2026-08-07T03:25:26.551131+00:00
1578825,1770,14278772,"GONZALEZ BELTRAN, ALEJANDRO",69,69,101,https://www.rffm.es/acta-partido/1578825,2026-08-07T03:25:26.551131+00:00
1578825,2243,9974064,"ABUIN SEGURA, UNAI",1,1,100,https://www.rffm.es/acta-partido/1578825,2026-08-07T03:25:26.551131+00:00
1578825,2243,8522471,"FERNANDEZ MARTINEZ, DIEGO",14,14,100,https://www.rffm.es/acta-partido/1578825,2026-08-07T03:25:26.551131+00:00
1578835,404,11741830,"ALBANEZ PEREZ, GONZALO",39,39,100,https://www.rffm.es/acta-partido/1578835,2026-08-07T03:25:27.055761+00:00
1578835,404,8503872,"CAYUELA MORENO, BORJA",57,57,100,https://www.rffm.es/acta-partido/1578835,2026-08-07T03:25:27.055761+00:00
1578835,203,8351577,"GARCIA LAGO DIAZ, DANIEL",35,35,100,https://www.rffm.es/acta-partido/1578835,2026-08-07T03:25:27.055761+00:00
1578835,203,7492803,"GONZALEZ MANZANO, ANGEL",38,38,100,https://www.rffm.es/acta-partido/1578835,2026-08-07T03:25:27.055761+00:00
1578835,203,8351577,"GARCIA LAGO DIAZ, DANIEL",59,59,100,https://www.rffm.es/acta-partido/1578835,2026-08-07T03:25:27.055761+00:00
1578831,300422,8521814,"DEL PALACIO RIVERA, ROMEO",7,7,100,https://www.rffm.es/acta-partido/1578831,2026-08-07T03:25:27.225214+00:00
1578831,300422,11810774,"MARTIN ACEBES, LUCAS",13,13,100,https://www.rffm.es/acta-partido/1578831,2026-08-07T03:25:27.225214+00:00
1578831,300422,8521814,"DEL PALACIO RIVERA, ROMEO",17,17,100,https://www.rffm.es/acta-partido/1578831,2026-08-07T03:25:27.225214+00:00
1578831,80,8631741,"APAHIDEAN, ROBERT ANDREI",59,59,100,https://www.rffm.es/acta-partido/1578831,2026-08-07T03:25:27.225214+00:00
1578834,2243,9974064,"ABUIN SEGURA, UNAI",36,36,100,https://www.rffm.es/acta-partido/1578834,2026-08-07T03:25:27.696070+00:00
1578834,2243,8522354,"GONZALEZ VILLAFRUELA, VICTOR",42,42,100,https://www.rffm.es/acta-partido/1578834,2026-08-07T03:25:27.696070+00:00
1578834,2243,8578770,"ZAZO CONSUEGRA, GONZALO",46,46,100,https://www.rffm.es/acta-partido/1578834,2026-08-07T03:25:27.696070+00:00
1578834,2243,10102144,"BUTRAGUEÑO BAANANTE, GONZALO",58,58,100,https://www.rffm.es/acta-partido/1578834,2026-08-07T03:25:27.696070+00:00
1578834,846960,8440328,"CANO DE LA PUENTE, ALEJANDRO",26,26,100,https://www.rffm.es/acta-partido/1578834,2026-08-07T03:25:27.696070+00:00
1578838,6819635,7655122,"CALONGE CASTAÑEDA, ADRIAN",11,11,101,https://www.rffm.es/acta-partido/1578838,2026-08-07T03:25:27.700463+00:00
1578838,300414,7911738,"SANZ CORRAL, RAUL",36,36,101,https://www.rffm.es/acta-partido/1578838,2026-08-07T03:25:27.700463+00:00
1578838,300414,8489005,"HERNANDEZ FRANCO, BELTRAN",49,49,100,https://www.rffm.es/acta-partido/1578838,2026-08-07T03:25:27.700463+00:00
1578832,2213,8558628,"ESTEBAN CALLES, ERICK",36,36,100,https://www.rffm.es/acta-partido/1578832,2026-08-07T03:25:27.770725+00:00
1578832,2213,16065490,"MARTIN CALDERON, MARIO",43,43,100,https://www.rffm.es/acta-partido/1578832,2026-08-07T03:25:27.770725+00:00
1578832,2213,10431917,"GOMEZ-ACEBO MESIA, AGUSTIN JUAN",59,59,100,https://www.rffm.es/acta-partido/1578832,2026-08-07T03:25:27.770725+00:00
1578837,302,7652088,"CRUZ VELAYOS, DANIEL",7,7,100,https://www.rffm.es/acta-partido/1578837,2026-08-07T03:25:27.926671+00:00
1578837,302,9808184,"ESPAÑA AFONSO, TIAGO",10,10,100,https://www.rffm.es/acta-partido/1578837,2026-08-07T03:25:27.926671+00:00
1578837,302,11824232,"AHUMADA RODRIGUEZ, MIGUEL",28,28,100,https://www.rffm.es/acta-partido/1578837,2026-08-07T03:25:27.926671+00:00
1578837,302,11824232,"AHUMADA RODRIGUEZ, MIGUEL",29,29,100,https://www.rffm.es/acta-partido/1578837,2026-08-07T03:25:27.926671+00:00
1578837,302,11824232,"AHUMADA RODRIGUEZ, MIGUEL",33,33,100,https://www.rffm.es/acta-partido/1578837,2026-08-07T03:25:27.926671+00:00
1578837,302,15487906,"DE BUNES PARDO, ALEJANDRO",46,46,100,https://www.rffm.es/acta-partido/1578837,2026-08-07T03:25:27.926671+00:00
1578837,302,2791794,"BUITRAGO CORDOVA, ALEJANDRO",56,56,100,https://www.rffm.es/acta-partido/1578837,2026-08-07T03:25:27.926671+00:00
1578836,1319,10128354,"CARRETERO BARBOSA, LEONIDAS VICENTE",37,37,100,https://www.rffm.es/acta-partido/1578836,2026-08-07T03:25:27.929094+00:00
1578836,1319,9770152,"MARTIN PIJACEK, SAMUEL",44,44,100,https://www.rffm.es/acta-partido/1578836,2026-08-07T03:25:27.929094+00:00
1578836,553,10192880,"PRIOR GONZALEZ ELIPE, IVAN",28,28,100,https://www.rffm.es/acta-partido/1578836,2026-08-07T03:25:27.929094+00:00
1578846,300422,8500693,"ARANDA CAMPOS, ALEX",8,8,100,https://www.rffm.es/acta-partido/1578846,2026-08-07T03:25:28.559563+00:00
1578842,203,8474021,"GARCIA CALVO, RODRIGO",3,3,100,https://www.rffm.es/acta-partido/1578842,2026-08-07T03:25:28.564236+00:00
1578842,203,7492803,"GONZALEZ MANZANO, ANGEL",18,18,100,https://www.rffm.es/acta-partido/1578842,2026-08-07T03:25:28.564236+00:00
1578842,203,8474021,"GARCIA CALVO, RODRIGO",25,25,100,https://www.rffm.es/acta-partido/1578842,2026-08-07T03:25:28.564236+00:00
1578842,203,7492803,"GONZALEZ MANZANO, ANGEL",32,32,100,https://www.rffm.es/acta-partido/1578842,2026-08-07T03:25:28.564236+00:00
1578842,203,7492803,"GONZALEZ MANZANO, ANGEL",39,39,100,https://www.rffm.es/acta-partido/1578842,2026-08-07T03:25:28.564236+00:00
1578842,203,8159290,"CIRIZA BERROCAL, ALBERTO ",45,45,100,https://www.rffm.es/acta-partido/1578842,2026-08-07T03:25:28.564236+00:00
1578842,2243,8529480,"CASTRO CABARCOS, JUAN",37,37,100,https://www.rffm.es/acta-partido/1578842,2026-08-07T03:25:28.564236+00:00
1578833,2330,13684524,"BLANCHARD, ALEJANDRO DANIEL",19,19,100,https://www.rffm.es/acta-partido/1578833,2026-08-07T03:25:28.724120+00:00
1578833,2330,13684524,"BLANCHARD, ALEJANDRO DANIEL",29,29,100,https://www.rffm.es/acta-partido/1578833,2026-08-07T03:25:28.724120+00:00
1578833,2330,9529298,"FERNÁNDEZ LLANOS, LUCA",47,47,100,https://www.rffm.es/acta-partido/1578833,2026-08-07T03:25:28.724120+00:00
1578840,1770,11798000,"PÉREZ ANAYA, ÁLVARO",28,28,100,https://www.rffm.es/acta-partido/1578840,2026-08-07T03:25:28.739665+00:00
1578840,1770,10182442,"ALVAREZ SIERRA, HECTOR",54,54,101,https://www.rffm.es/acta-partido/1578840,2026-08-07T03:25:28.739665+00:00
1578845,300414,7910491,"PEREZ MARCO, HUGO",11,11,100,https://www.rffm.es/acta-partido/1578845,2026-08-07T03:25:28.969216+00:00
1578845,300414,7911738,"SANZ CORRAL, RAUL",15,15,100,https://www.rffm.es/acta-partido/1578845,2026-08-07T03:25:28.969216+00:00
1578845,300414,9035623,"BARBA REDONDO, CARLOS",34,34,100,https://www.rffm.es/acta-partido/1578845,2026-08-07T03:25:28.969216+00:00
1578845,300414,7911738,"SANZ CORRAL, RAUL",58,58,100,https://www.rffm.es/acta-partido/1578845,2026-08-07T03:25:28.969216+00:00
1578845,300414,7910491,"PEREZ MARCO, HUGO",60,60,100,https://www.rffm.es/acta-partido/1578845,2026-08-07T03:25:28.969216+00:00
1578845,466803,8219127,"MERONIAC RUSU, RADU",5,5,102,https://www.rffm.es/acta-partido/1578845,2026-08-07T03:25:28.969216+00:00
1578845,466803,14743791,"OMEDAS GONZALEZ, MARCO",24,24,100,https://www.rffm.es/acta-partido/1578845,2026-08-07T03:25:28.969216+00:00
1578844,302,11824232,"AHUMADA RODRIGUEZ, MIGUEL",3,3,100,https://www.rffm.es/acta-partido/1578844,2026-08-07T03:25:28.973436+00:00
1578844,302,10181590,"CASTROVIEJO VAZQUEZ, DANIEL",14,14,100,https://www.rffm.es/acta-partido/1578844,2026-08-07T03:25:28.973436+00:00
1578844,302,11824232,"AHUMADA RODRIGUEZ, MIGUEL",17,17,100,https://www.rffm.es/acta-partido/1578844,2026-08-07T03:25:28.973436+00:00
1578844,1319,10128354,"CARRETERO BARBOSA, LEONIDAS VICENTE",47,47,100,https://www.rffm.es/acta-partido/1578844,2026-08-07T03:25:28.973436+00:00
1578843,553,8270276,"CALDERON RAMIREZ, ISAAC ALEXANDER",29,29,100,https://www.rffm.es/acta-partido/1578843,2026-08-07T03:25:29.041621+00:00
1578843,553,8525601,"ZUBIAUR PONCE, UNAI",50,50,100,https://www.rffm.es/acta-partido/1578843,2026-08-07T03:25:29.041621+00:00
1578843,553,8270276,"CALDERON RAMIREZ, ISAAC ALEXANDER",58,58,100,https://www.rffm.es/acta-partido/1578843,2026-08-07T03:25:29.041621+00:00
1578841,846960,13162987,"BUENO RUIZ, ALEJANDRO",6,6,100,https://www.rffm.es/acta-partido/1578841,2026-08-07T03:25:29.054380+00:00
1578841,2330,8026100,"GAROZ PANIAGUA, LUCAS",26,26,100,https://www.rffm.es/acta-partido/1578841,2026-08-07T03:25:29.054380+00:00
1578841,2330,8502362,"LOPESINO ARRANZ, SERGIO",59,59,100,https://www.rffm.es/acta-partido/1578841,2026-08-07T03:25:29.054380+00:00
1578849,846960,8440328,"CANO DE LA PUENTE, ALEJANDRO",45,45,100,https://www.rffm.es/acta-partido/1578849,2026-08-07T03:25:29.681573+00:00
1578849,846960,10166745,"CRISTOBAL ARGUELLO, YAGO",55,55,100,https://www.rffm.es/acta-partido/1578849,2026-08-07T03:25:29.681573+00:00
1578848,80,7951104,"ALONSO GARCIA ANTON, FERNANDO",56,56,100,https://www.rffm.es/acta-partido/1578848,2026-08-07T03:25:30.196041+00:00
1578848,80,7951104,"ALONSO GARCIA ANTON, FERNANDO",59,59,100,https://www.rffm.es/acta-partido/1578848,2026-08-07T03:25:30.196041+00:00
1578839,80,10081129,"ALVAREZ MARTINEZ, ISAAC JOSE",1,1,100,https://www.rffm.es/acta-partido/1578839,2026-08-07T03:25:30.231199+00:00
1578839,80,14351875,"PALOMINO PETEIRA, GABRIEL",2,2,100,https://www.rffm.es/acta-partido/1578839,2026-08-07T03:25:30.231199+00:00
1578839,80,10239646,"KHOSRAVI LANCHA, KUROSH",8,8,100,https://www.rffm.es/acta-partido/1578839,2026-08-07T03:25:30.231199+00:00
1578839,80,8531373,"SAAVEDRA RICO, DANIEL",16,16,100,https://www.rffm.es/acta-partido/1578839,2026-08-07T03:25:30.231199+00:00
1578839,80,14478589,"BUIZA GARCIA, ALEX",21,21,100,https://www.rffm.es/acta-partido/1578839,2026-08-07T03:25:30.231199+00:00
1578839,80,10239646,"KHOSRAVI LANCHA, KUROSH",25,25,100,https://www.rffm.es/acta-partido/1578839,2026-08-07T03:25:30.231199+00:00
1578839,80,10081129,"ALVAREZ MARTINEZ, ISAAC JOSE",26,26,100,https://www.rffm.es/acta-partido/1578839,2026-08-07T03:25:30.231199+00:00
1578839,80,10081129,"ALVAREZ MARTINEZ, ISAAC JOSE",35,35,100,https://www.rffm.es/acta-partido/1578839,2026-08-07T03:25:30.231199+00:00
1578839,80,14351875,"PALOMINO PETEIRA, GABRIEL",46,46,100,https://www.rffm.es/acta-partido/1578839,2026-08-07T03:25:30.231199+00:00
1578839,80,8309747,"ANUTA, ANDREI",53,53,100,https://www.rffm.es/acta-partido/1578839,2026-08-07T03:25:30.231199+00:00
1578850,2330,8456039,"RODRIGUEZ SANCHEZ, SERGIO",6,6,100,https://www.rffm.es/acta-partido/1578850,2026-08-07T03:25:30.917624+00:00
1578850,2330,8026100,"GAROZ PANIAGUA, LUCAS",17,17,100,https://www.rffm.es/acta-partido/1578850,2026-08-07T03:25:30.917624+00:00
1578850,2330,8456039,"RODRIGUEZ SANCHEZ, SERGIO",22,22,100,https://www.rffm.es/acta-partido/1578850,2026-08-07T03:25:30.917624+00:00
1578850,2330,8026100,"GAROZ PANIAGUA, LUCAS",29,29,100,https://www.rffm.es/acta-partido/1578850,2026-08-07T03:25:30.917624+00:00
1578850,2330,9548251,"LOPEZ RODRIGUEZ, RODRIGO",41,41,100,https://www.rffm.es/acta-partido/1578850,2026-08-07T03:25:30.917624+00:00
1578850,203,7492803,"GONZALEZ MANZANO, ANGEL",19,19,100,https://www.rffm.es/acta-partido/1578850,2026-08-07T03:25:30.917624+00:00
1578850,203,8474021,"GARCIA CALVO, RODRIGO",59,59,100,https://www.rffm.es/acta-partido/1578850,2026-08-07T03:25:30.917624+00:00
1578850,203,11593261,"GARCIA ROMERA, LUIS",59,59,100,https://www.rffm.es/acta-partido/1578850,2026-08-07T03:25:30.917624+00:00
1578853,1319,10128354,"CARRETERO BARBOSA, LEONIDAS VICENTE",52,52,100,https://www.rffm.es/acta-partido/1578853,2026-08-07T03:25:30.966830+00:00
1578853,300414,7911265,"GIRON DE VELASCO GONZALEZ, JAIME",9,9,100,https://www.rffm.es/acta-partido/1578853,2026-08-07T03:25:30.966830+00:00
1578853,300414,7911738,"SANZ CORRAL, RAUL",13,13,100,https://www.rffm.es/acta-partido/1578853,2026-08-07T03:25:30.966830+00:00
1578853,300414,7911738,"SANZ CORRAL, RAUL",27,27,100,https://www.rffm.es/acta-partido/1578853,2026-08-07T03:25:30.966830+00:00
1578853,300414,9035623,"BARBA REDONDO, CARLOS",29,29,100,https://www.rffm.es/acta-partido/1578853,2026-08-07T03:25:30.966830+00:00
1578853,300414,9035623,"BARBA REDONDO, CARLOS",33,33,100,https://www.rffm.es/acta-partido/1578853,2026-08-07T03:25:30.966830+00:00
1578853,300414,7911738,"SANZ CORRAL, RAUL",35,35,101,https://www.rffm.es/acta-partido/1578853,2026-08-07T03:25:30.966830+00:00
1578853,300414,7911265,"GIRON DE VELASCO GONZALEZ, JAIME",42,42,100,https://www.rffm.es/acta-partido/1578853,2026-08-07T03:25:30.966830+00:00
1578854,6819635,10059532,"BARROSO FERNANDEZ, SERGIO",7,7,100,https://www.rffm.es/acta-partido/1578854,2026-08-07T03:25:30.984768+00:00
1578854,6819635,10129908,"AUCOUTURIER, NOA",7,7,100,https://www.rffm.es/acta-partido/1578854,2026-08-07T03:25:30.984768+00:00
1578854,6819635,11763989,"LOPEZ GOMEZ CALCERRADA, MARCOS",21,21,100,https://www.rffm.es/acta-partido/1578854,2026-08-07T03:25:30.984768+00:00
1578854,6819635,10129908,"AUCOUTURIER, NOA",29,29,100,https://www.rffm.es/acta-partido/1578854,2026-08-07T03:25:30.984768+00:00
1578854,6819635,10129908,"AUCOUTURIER, NOA",31,31,100,https://www.rffm.es/acta-partido/1578854,2026-08-07T03:25:30.984768+00:00
1578854,6819635,14476793,"FERNÁNDEZ VIDAL, NOEL",36,36,100,https://www.rffm.es/acta-partido/1578854,2026-08-07T03:25:30.984768+00:00
1578854,6819635,8385536,"MARIN MARTIN, SERGIO",39,39,100,https://www.rffm.es/acta-partido/1578854,2026-08-07T03:25:30.984768+00:00
1578854,6819635,7655122,"CALONGE CASTAÑEDA, ADRIAN",57,57,100,https://www.rffm.es/acta-partido/1578854,2026-08-07T03:25:30.984768+00:00
1578854,6819635,7655122,"CALONGE CASTAÑEDA, ADRIAN",59,59,100,https://www.rffm.es/acta-partido/1578854,2026-08-07T03:25:30.984768+00:00
1578847,300422,7951879,"ROMERO CERA, HUGO",6,6,100,https://www.rffm.es/acta-partido/1578847,2026-08-07T03:25:31.046006+00:00
1578847,300422,10706889,"BEKHOUCHA LEMLAL, RAYAN",8,8,100,https://www.rffm.es/acta-partido/1578847,2026-08-07T03:25:31.046006+00:00
1578847,300422,10706293,"LEON VALENCIA, AITOR",12,12,100,https://www.rffm.es/acta-partido/1578847,2026-08-07T03:25:31.046006+00:00
1578847,300422,7951879,"ROMERO CERA, HUGO",17,17,100,https://www.rffm.es/acta-partido/1578847,2026-08-07T03:25:31.046006+00:00
1578847,300422,9922503,"ESTEVE PARRADO, ALVARO",20,20,100,https://www.rffm.es/acta-partido/1578847,2026-08-07T03:25:31.046006+00:00
1578847,300422,9383432,"FERNÁNDEZ MARTÍN, ENZO",25,25,100,https://www.rffm.es/acta-partido/1578847,2026-08-07T03:25:31.046006+00:00
1578847,300422,9383432,"FERNÁNDEZ MARTÍN, ENZO",26,26,100,https://www.rffm.es/acta-partido/1578847,2026-08-07T03:25:31.046006+00:00
1578847,300422,8205403,"FERNANDEZ AZNAR, IVAN",29,29,100,https://www.rffm.es/acta-partido/1578847,2026-08-07T03:25:31.046006+00:00
1578847,300422,11810774,"MARTIN ACEBES, LUCAS",41,41,100,https://www.rffm.es/acta-partido/1578847,2026-08-07T03:25:31.046006+00:00
1578847,300422,11201986,"MONEDERO MONTERO, DANIEL",49,49,100,https://www.rffm.es/acta-partido/1578847,2026-08-07T03:25:31.046006+00:00
1578857,203,8474021,"GARCIA CALVO, RODRIGO",17,17,100,https://www.rffm.es/acta-partido/1578857,2026-08-07T03:25:31.368823+00:00
1578857,203,7492803,"GONZALEZ MANZANO, ANGEL",21,21,100,https://www.rffm.es/acta-partido/1578857,2026-08-07T03:25:31.368823+00:00
1578857,203,8474021,"GARCIA CALVO, RODRIGO",38,38,100,https://www.rffm.es/acta-partido/1578857,2026-08-07T03:25:31.368823+00:00
1578857,203,10436089,"PALAU ALLEGUE, MARIO",44,44,100,https://www.rffm.es/acta-partido/1578857,2026-08-07T03:25:31.368823+00:00
1578857,203,7492803,"GONZALEZ MANZANO, ANGEL",55,55,100,https://www.rffm.es/acta-partido/1578857,2026-08-07T03:25:31.368823+00:00
1578857,2213,10431917,"GOMEZ-ACEBO MESIA, AGUSTIN JUAN",51,51,100,https://www.rffm.es/acta-partido/1578857,2026-08-07T03:25:31.368823+00:00
1578858,2330,8026100,"GAROZ PANIAGUA, LUCAS",1,1,100,https://www.rffm.es/acta-partido/1578858,2026-08-07T03:25:31.372992+00:00
1578858,2330,8456039,"RODRIGUEZ SANCHEZ, SERGIO",59,59,100,https://www.rffm.es/acta-partido/1578858,2026-08-07T03:25:31.372992+00:00
1578852,404,8465380,"CASAUS ORTIZ, DIEGO",12,12,100,https://www.rffm.es/acta-partido/1578852,2026-08-07T03:25:31.437295+00:00
1578852,404,8503872,"CAYUELA MORENO, BORJA",41,41,100,https://www.rffm.es/acta-partido/1578852,2026-08-07T03:25:31.437295+00:00
1578852,404,11929620,"RENGIFO BOBO, PEDRO",58,58,100,https://www.rffm.es/acta-partido/1578852,2026-08-07T03:25:31.437295+00:00
1578852,404,8164921,"RODRIGUEZ GUEORGUIEV, LEONARDO",59,59,100,https://www.rffm.es/acta-partido/1578852,2026-08-07T03:25:31.437295+00:00
1578852,404,8503872,"CAYUELA MORENO, BORJA",63,63,100,https://www.rffm.es/acta-partido/1578852,2026-08-07T03:25:31.437295+00:00
1578852,302,15487906,"DE BUNES PARDO, ALEJANDRO",24,24,100,https://www.rffm.es/acta-partido/1578852,2026-08-07T03:25:31.437295+00:00
1578852,302,2791794,"BUITRAGO CORDOVA, ALEJANDRO",26,26,100,https://www.rffm.es/acta-partido/1578852,2026-08-07T03:25:31.437295+00:00
1578851,2243,9974064,"ABUIN SEGURA, UNAI",17,17,100,https://www.rffm.es/acta-partido/1578851,2026-08-07T03:25:31.487810+00:00
1578851,553,13300988,"LOPEZ SIMANCAS, HUGO",9,9,100,https://www.rffm.es/acta-partido/1578851,2026-08-07T03:25:31.487810+00:00
1578851,553,8270276,"CALDERON RAMIREZ, ISAAC ALEXANDER",22,22,100,https://www.rffm.es/acta-partido/1578851,2026-08-07T03:25:31.487810+00:00
1578851,553,8270276,"CALDERON RAMIREZ, ISAAC ALEXANDER",39,39,100,https://www.rffm.es/acta-partido/1578851,2026-08-07T03:25:31.487810+00:00
1578851,553,8270276,"CALDERON RAMIREZ, ISAAC ALEXANDER",51,51,100,https://www.rffm.es/acta-partido/1578851,2026-08-07T03:25:31.487810+00:00
1578861,6819635,7655122,"CALONGE CASTAÑEDA, ADRIAN",15,15,101,https://www.rffm.es/acta-partido/1578861,2026-08-07T03:25:32.296804+00:00
1578861,6819635,7655122,"CALONGE CASTAÑEDA, ADRIAN",34,34,100,https://www.rffm.es/acta-partido/1578861,2026-08-07T03:25:32.296804+00:00
1578861,6819635,14476793,"FERNÁNDEZ VIDAL, NOEL",45,45,100,https://www.rffm.es/acta-partido/1578861,2026-08-07T03:25:32.296804+00:00
1578860,300414,9824823,"PARDO GOMEZ, PABLO",31,31,100,https://www.rffm.es/acta-partido/1578860,2026-08-07T03:25:32.347292+00:00
1578860,300414,7911738,"SANZ CORRAL, RAUL",41,41,100,https://www.rffm.es/acta-partido/1578860,2026-08-07T03:25:32.347292+00:00
1578862,300422,8500693,"ARANDA CAMPOS, ALEX",30,30,100,https://www.rffm.es/acta-partido/1578862,2026-08-07T03:25:32.791744+00:00
1578862,300422,8205403,"FERNANDEZ AZNAR, IVAN",40,40,100,https://www.rffm.es/acta-partido/1578862,2026-08-07T03:25:32.791744+00:00
1578862,300422,10905933,"VERGARA RUIZ, ALVARO",50,50,100,https://www.rffm.es/acta-partido/1578862,2026-08-07T03:25:32.791744+00:00
1578862,300422,10167846,"ROMERO RODRIGUEZ, IVAN",51,51,100,https://www.rffm.es/acta-partido/1578862,2026-08-07T03:25:32.791744+00:00
1578855,1770,13157070,"VAN MEERBEECK BORDINO, PABLO",10,10,100,https://www.rffm.es/acta-partido/1578855,2026-08-07T03:25:33.082273+00:00
1578855,1770,14278772,"GONZALEZ BELTRAN, ALEJANDRO",15,15,100,https://www.rffm.es/acta-partido/1578855,2026-08-07T03:25:33.082273+00:00
1578855,1770,2802601,"FAZ NOBOA, ANDREW JOSUE",24,24,100,https://www.rffm.es/acta-partido/1578855,2026-08-07T03:25:33.082273+00:00
1578855,1770,20241078,"TOLEDANO MARTIN, RUBEN",35,35,100,https://www.rffm.es/acta-partido/1578855,2026-08-07T03:25:33.082273+00:00
1578855,1770,14278772,"GONZALEZ BELTRAN, ALEJANDRO",42,42,100,https://www.rffm.es/acta-partido/1578855,2026-08-07T03:25:33.082273+00:00
1578855,1770,10182442,"ALVAREZ SIERRA, HECTOR",45,45,100,https://www.rffm.es/acta-partido/1578855,2026-08-07T03:25:33.082273+00:00
1578855,1770,14302210,"SANCHEZ TOBAR, ADRIEN JHOAN",50,50,100,https://www.rffm.es/acta-partido/1578855,2026-08-07T03:25:33.082273+00:00
1578855,1770,11795534,"MARTIN DIEZ, DAVID",57,57,100,https://www.rffm.es/acta-partido/1578855,2026-08-07T03:25:33.082273+00:00
1578856,80,10081129,"ALVAREZ MARTINEZ, ISAAC JOSE",7,7,100,https://www.rffm.es/acta-partido/1578856,2026-08-07T03:25:33.467113+00:00
1578856,80,10239646,"KHOSRAVI LANCHA, KUROSH",43,43,100,https://www.rffm.es/acta-partido/1578856,2026-08-07T03:25:33.467113+00:00
1578863,300422,8521814,"DEL PALACIO RIVERA, ROMEO",27,27,100,https://www.rffm.es/acta-partido/1578863,2026-08-07T03:25:33.510051+00:00
1578868,300414,10193787,"MURO CHAVEZ, IKER",2,2,100,https://www.rffm.es/acta-partido/1578868,2026-08-07T03:25:33.516305+00:00
1578868,300414,10193787,"MURO CHAVEZ, IKER",3,3,100,https://www.rffm.es/acta-partido/1578868,2026-08-07T03:25:33.516305+00:00
1578868,300414,7911738,"SANZ CORRAL, RAUL",5,5,100,https://www.rffm.es/acta-partido/1578868,2026-08-07T03:25:33.516305+00:00
1578868,300414,14550878,"PECHERVSKY, LORENZO",17,17,100,https://www.rffm.es/acta-partido/1578868,2026-08-07T03:25:33.516305+00:00
1578868,300414,10193787,"MURO CHAVEZ, IKER",19,19,100,https://www.rffm.es/acta-partido/1578868,2026-08-07T03:25:33.516305+00:00
1578868,300414,10193787,"MURO CHAVEZ, IKER",23,23,100,https://www.rffm.es/acta-partido/1578868,2026-08-07T03:25:33.516305+00:00
1578868,300414,7911738,"SANZ CORRAL, RAUL",29,29,100,https://www.rffm.es/acta-partido/1578868,2026-08-07T03:25:33.516305+00:00
1578868,300414,7910491,"PEREZ MARCO, HUGO",34,34,100,https://www.rffm.es/acta-partido/1578868,2026-08-07T03:25:33.516305+00:00
1578868,300414,7911738,"SANZ CORRAL, RAUL",41,41,100,https://www.rffm.es/acta-partido/1578868,2026-08-07T03:25:33.516305+00:00
1578868,300414,7909390,"CANO GARCIA, GONZALO",42,42,100,https://www.rffm.es/acta-partido/1578868,2026-08-07T03:25:33.516305+00:00
1578868,300414,11323004,"MARTINEZ LISBOA, RAYAN",52,52,100,https://www.rffm.es/acta-partido/1578868,2026-08-07T03:25:33.516305+00:00
1578859,302,8669169,"PÉREZ RADULESCU, GABRIEL NICOLÁS",13,13,100,https://www.rffm.es/acta-partido/1578859,2026-08-07T03:25:33.546898+00:00
1578859,302,12241751,"QUIRALTE GARCIA MIGUEL, JUAN",16,16,100,https://www.rffm.es/acta-partido/1578859,2026-08-07T03:25:33.546898+00:00
1578859,302,9808184,"ESPAÑA AFONSO, TIAGO",18,18,100,https://www.rffm.es/acta-partido/1578859,2026-08-07T03:25:33.546898+00:00
1578859,302,8669169,"PÉREZ RADULESCU, GABRIEL NICOLÁS",22,22,100,https://www.rffm.es/acta-partido/1578859,2026-08-07T03:25:33.546898+00:00
1578859,302,15487906,"DE BUNES PARDO, ALEJANDRO",31,31,100,https://www.rffm.es/acta-partido/1578859,2026-08-07T03:25:33.546898+00:00
1578859,302,14545456,"PARDO EGIDO, ALVARO",53,53,100,https://www.rffm.es/acta-partido/1578859,2026-08-07T03:25:33.546898+00:00
1578859,302,15487906,"DE BUNES PARDO, ALEJANDRO",55,55,100,https://www.rffm.es/acta-partido/1578859,2026-08-07T03:25:33.546898+00:00
1578859,302,2791794,"BUITRAGO CORDOVA, ALEJANDRO",59,59,100,https://www.rffm.es/acta-partido/1578859,2026-08-07T03:25:33.546898+00:00
1578865,203,7492803,"GONZALEZ MANZANO, ANGEL",39,39,100,https://www.rffm.es/acta-partido/1578865,2026-08-07T03:25:33.610108+00:00
1578865,203,7493041,"GONZALEZ VIERA, JOEL",60,60,100,https://www.rffm.es/acta-partido/1578865,2026-08-07T03:25:33.610108+00:00
1578869,404,8164921,"RODRIGUEZ GUEORGUIEV, LEONARDO",8,8,100,https://www.rffm.es/acta-partido/1578869,2026-08-07T03:25:33.980246+00:00
1578869,404,8529427,"PRIETO CASTELL, DANIEL",22,22,101,https://www.rffm.es/acta-partido/1578869,2026-08-07T03:25:33.980246+00:00
1578869,404,10257310,"PEREZ DE AYALA LOPEZ DE CARRIZOSA, CARLOS",27,27,100,https://www.rffm.es/acta-partido/1578869,2026-08-07T03:25:33.980246+00:00
1578869,404,8499173,"MASCARELL AGUNDEZ, GONZALO",38,38,100,https://www.rffm.es/acta-partido/1578869,2026-08-07T03:25:33.980246+00:00
1578869,6819635,8514458,"CERCAS ROMAN, IÑAKI",2,2,100,https://www.rffm.es/acta-partido/1578869,2026-08-07T03:25:33.980246+00:00
1578869,6819635,10129908,"AUCOUTURIER, NOA",41,41,100,https://www.rffm.es/acta-partido/1578869,2026-08-07T03:25:33.980246+00:00
1578869,6819635,10129908,"AUCOUTURIER, NOA",49,49,100,https://www.rffm.es/acta-partido/1578869,2026-08-07T03:25:33.980246+00:00
1578869,6819635,7655122,"CALONGE CASTAÑEDA, ADRIAN",55,55,101,https://www.rffm.es/acta-partido/1578869,2026-08-07T03:25:33.980246+00:00
1578867,2330,8409701,"MARTIN SANZ, ADRIAN",28,28,101,https://www.rffm.es/acta-partido/1578867,2026-08-07T03:25:34.088602+00:00
1578867,2330,8519133,"ALVAREZ INIGO, IVAN",59,59,100,https://www.rffm.es/acta-partido/1578867,2026-08-07T03:25:34.088602+00:00
1578867,302,8669169,"PÉREZ RADULESCU, GABRIEL NICOLÁS",8,8,100,https://www.rffm.es/acta-partido/1578867,2026-08-07T03:25:34.088602+00:00
1578867,302,10181590,"CASTROVIEJO VAZQUEZ, DANIEL",29,29,100,https://www.rffm.es/acta-partido/1578867,2026-08-07T03:25:34.088602+00:00
1578870,1319,10216352,"STEFANUTTI, LEONARDO",24,24,100,https://www.rffm.es/acta-partido/1578870,2026-08-07T03:25:34.335759+00:00
1578870,1319,10128354,"CARRETERO BARBOSA, LEONIDAS VICENTE",40,40,100,https://www.rffm.es/acta-partido/1578870,2026-08-07T03:25:34.335759+00:00
1578864,448,8466534,"MAYO BENITEZ, AITOR",39,39,100,https://www.rffm.es/acta-partido/1578864,2026-08-07T03:25:34.549134+00:00
1578864,846960,13162987,"BUENO RUIZ, ALEJANDRO",4,4,100,https://www.rffm.es/acta-partido/1578864,2026-08-07T03:25:34.549134+00:00
1578864,846960,8375972,"LOPEZ ALONSO, MARIO",42,42,100,https://www.rffm.es/acta-partido/1578864,2026-08-07T03:25:34.549134+00:00
1578864,846960,8245945,"CARREÑO LLAVE, ALEJANDRO",48,48,101,https://www.rffm.es/acta-partido/1578864,2026-08-07T03:25:34.549134+00:00
1578864,846960,8440328,"CANO DE LA PUENTE, ALEJANDRO",51,51,100,https://www.rffm.es/acta-partido/1578864,2026-08-07T03:25:34.549134+00:00
1578876,6819635,11763989,"LOPEZ GOMEZ CALCERRADA, MARCOS",12,12,100,https://www.rffm.es/acta-partido/1578876,2026-08-07T03:25:34.638729+00:00
1578876,6819635,14476793,"FERNÁNDEZ VIDAL, NOEL",23,23,100,https://www.rffm.es/acta-partido/1578876,2026-08-07T03:25:34.638729+00:00
1578876,6819635,13474499,"LOPEZ VAZQUEZ, CESAR",36,36,100,https://www.rffm.es/acta-partido/1578876,2026-08-07T03:25:34.638729+00:00
1578876,6819635,16133604,"SILLERO GARCIA, DANIEL",50,50,100,https://www.rffm.es/acta-partido/1578876,2026-08-07T03:25:34.638729+00:00
1578876,2243,9974008,"MATOS FABIAN, JONATHAN",29,29,100,https://www.rffm.es/acta-partido/1578876,2026-08-07T03:25:34.638729+00:00
1578873,553,8270276,"CALDERON RAMIREZ, ISAAC ALEXANDER",59,59,100,https://www.rffm.es/acta-partido/1578873,2026-08-07T03:25:34.644246+00:00
1578871,846960,8440328,"CANO DE LA PUENTE, ALEJANDRO",9,9,100,https://www.rffm.es/acta-partido/1578871,2026-08-07T03:25:34.678876+00:00
1578871,1770,14278772,"GONZALEZ BELTRAN, ALEJANDRO",21,21,100,https://www.rffm.es/acta-partido/1578871,2026-08-07T03:25:34.678876+00:00
1578871,1770,14302210,"SANCHEZ TOBAR, ADRIEN JHOAN",28,28,101,https://www.rffm.es/acta-partido/1578871,2026-08-07T03:25:34.678876+00:00
1578878,1319,8458740,"NAZAR GARCIA ESCRIBANO, HUGO",55,55,100,https://www.rffm.es/acta-partido/1578878,2026-08-07T03:25:34.838995+00:00
1578878,300422,11201986,"MONEDERO MONTERO, DANIEL",2,2,100,https://www.rffm.es/acta-partido/1578878,2026-08-07T03:25:34.838995+00:00
1578878,300422,9383432,"FERNÁNDEZ MARTÍN, ENZO",25,25,100,https://www.rffm.es/acta-partido/1578878,2026-08-07T03:25:34.838995+00:00
1578878,300422,8500693,"ARANDA CAMPOS, ALEX",27,27,100,https://www.rffm.es/acta-partido/1578878,2026-08-07T03:25:34.838995+00:00
1578877,404,11767934,"ASTARLOA CALVO, GONZALO",13,13,100,https://www.rffm.es/acta-partido/1578877,2026-08-07T03:25:34.888189+00:00
1578877,404,11929620,"RENGIFO BOBO, PEDRO",23,23,100,https://www.rffm.es/acta-partido/1578877,2026-08-07T03:25:34.888189+00:00
1578877,404,11929620,"RENGIFO BOBO, PEDRO",40,40,100,https://www.rffm.es/acta-partido/1578877,2026-08-07T03:25:34.888189+00:00
1578877,404,8164921,"RODRIGUEZ GUEORGUIEV, LEONARDO",43,43,100,https://www.rffm.es/acta-partido/1578877,2026-08-07T03:25:34.888189+00:00
1578877,404,8164921,"RODRIGUEZ GUEORGUIEV, LEONARDO",48,48,100,https://www.rffm.es/acta-partido/1578877,2026-08-07T03:25:34.888189+00:00
1578874,302,9808184,"ESPAÑA AFONSO, TIAGO",18,18,100,https://www.rffm.es/acta-partido/1578874,2026-08-07T03:25:35.483937+00:00
1578882,302,15487906,"DE BUNES PARDO, ALEJANDRO",18,18,100,https://www.rffm.es/acta-partido/1578882,2026-08-07T03:25:35.712143+00:00
1578882,302,12241751,"QUIRALTE GARCIA MIGUEL, JUAN",55,55,100,https://www.rffm.es/acta-partido/1578882,2026-08-07T03:25:35.712143+00:00
1578872,203,11754569,"DOMINGUEZ SANCHEZ, MARCO",4,4,100,https://www.rffm.es/acta-partido/1578872,2026-08-07T03:25:35.759843+00:00
1578872,203,11593261,"GARCIA ROMERA, LUIS",14,14,100,https://www.rffm.es/acta-partido/1578872,2026-08-07T03:25:35.759843+00:00
1578872,203,7492803,"GONZALEZ MANZANO, ANGEL",17,17,100,https://www.rffm.es/acta-partido/1578872,2026-08-07T03:25:35.759843+00:00
1578872,203,8159426,"GARRIDO LOPEZ, OSCAR",20,20,100,https://www.rffm.es/acta-partido/1578872,2026-08-07T03:25:35.759843+00:00
1578872,203,8159426,"GARRIDO LOPEZ, OSCAR",41,41,100,https://www.rffm.es/acta-partido/1578872,2026-08-07T03:25:35.759843+00:00
1578872,203,7492803,"GONZALEZ MANZANO, ANGEL",54,54,100,https://www.rffm.es/acta-partido/1578872,2026-08-07T03:25:35.759843+00:00
1578872,203,7493041,"GONZALEZ VIERA, JOEL",56,56,100,https://www.rffm.es/acta-partido/1578872,2026-08-07T03:25:35.759843+00:00
1578872,203,7492803,"GONZALEZ MANZANO, ANGEL",59,59,100,https://www.rffm.es/acta-partido/1578872,2026-08-07T03:25:35.759843+00:00
1578879,846960,8375755,"FELIZ LOPEZ, DANIEL",3,3,100,https://www.rffm.es/acta-partido/1578879,2026-08-07T03:25:35.769920+00:00
1578879,300422,8521814,"DEL PALACIO RIVERA, ROMEO",12,12,100,https://www.rffm.es/acta-partido/1578879,2026-08-07T03:25:35.769920+00:00
1578879,300422,10167846,"ROMERO RODRIGUEZ, IVAN",36,36,100,https://www.rffm.es/acta-partido/1578879,2026-08-07T03:25:35.769920+00:00
1578879,300422,9383432,"FERNÁNDEZ MARTÍN, ENZO",50,50,100,https://www.rffm.es/acta-partido/1578879,2026-08-07T03:25:35.769920+00:00
1578884,2330,9529298,"FERNÁNDEZ LLANOS, LUCA",42,42,100,https://www.rffm.es/acta-partido/1578884,2026-08-07T03:25:35.772394+00:00
1578884,2330,8519133,"ALVAREZ INIGO, IVAN",50,50,100,https://www.rffm.es/acta-partido/1578884,2026-08-07T03:25:35.772394+00:00
1578884,2330,8462009,"PATRASCU, ANDREI",55,55,100,https://www.rffm.es/acta-partido/1578884,2026-08-07T03:25:35.772394+00:00
1578884,2330,9548251,"LOPEZ RODRIGUEZ, RODRIGO",60,60,100,https://www.rffm.es/acta-partido/1578884,2026-08-07T03:25:35.772394+00:00
1578884,6819635,8514458,"CERCAS ROMAN, IÑAKI",37,37,102,https://www.rffm.es/acta-partido/1578884,2026-08-07T03:25:35.772394+00:00
1578885,2243,9974008,"MATOS FABIAN, JONATHAN",5,5,100,https://www.rffm.es/acta-partido/1578885,2026-08-07T03:25:35.832556+00:00
1578885,2243,9974064,"ABUIN SEGURA, UNAI",15,15,100,https://www.rffm.es/acta-partido/1578885,2026-08-07T03:25:35.832556+00:00
1578885,2243,8529480,"CASTRO CABARCOS, JUAN",22,22,100,https://www.rffm.es/acta-partido/1578885,2026-08-07T03:25:35.832556+00:00
1578886,404,8499173,"MASCARELL AGUNDEZ, GONZALO",38,38,100,https://www.rffm.es/acta-partido/1578886,2026-08-07T03:25:35.995242+00:00
1578886,404,8499173,"MASCARELL AGUNDEZ, GONZALO",43,43,100,https://www.rffm.es/acta-partido/1578886,2026-08-07T03:25:35.995242+00:00
1578886,404,8499173,"MASCARELL AGUNDEZ, GONZALO",55,55,100,https://www.rffm.es/acta-partido/1578886,2026-08-07T03:25:35.995242+00:00
1578880,203,7492803,"GONZALEZ MANZANO, ANGEL",41,41,100,https://www.rffm.es/acta-partido/1578880,2026-08-07T03:25:36.144774+00:00
1578880,203,7492803,"GONZALEZ MANZANO, ANGEL",51,51,100,https://www.rffm.es/acta-partido/1578880,2026-08-07T03:25:36.144774+00:00
1578891,6819635,10129908,"AUCOUTURIER, NOA",3,3,100,https://www.rffm.es/acta-partido/1578891,2026-08-07T03:25:36.840731+00:00
1578891,6819635,7655122,"CALONGE CASTAÑEDA, ADRIAN",26,26,100,https://www.rffm.es/acta-partido/1578891,2026-08-07T03:25:36.840731+00:00
1578891,6819635,7655122,"CALONGE CASTAÑEDA, ADRIAN",32,32,100,https://www.rffm.es/acta-partido/1578891,2026-08-07T03:25:36.840731+00:00
1578891,2213,11440343,"SAKIR CARRILLO, LUCAS",5,5,100,https://www.rffm.es/acta-partido/1578891,2026-08-07T03:25:36.840731+00:00
1578883,300414,9824823,"PARDO GOMEZ, PABLO",28,28,100,https://www.rffm.es/acta-partido/1578883,2026-08-07T03:25:37.003165+00:00
1578883,300414,10193787,"MURO CHAVEZ, IKER",37,37,100,https://www.rffm.es/acta-partido/1578883,2026-08-07T03:25:37.003165+00:00
1578883,300414,14550878,"PECHERVSKY, LORENZO",53,53,100,https://www.rffm.es/acta-partido/1578883,2026-08-07T03:25:37.003165+00:00
1578887,203,7492803,"GONZALEZ MANZANO, ANGEL",18,18,100,https://www.rffm.es/acta-partido/1578887,2026-08-07T03:25:37.042862+00:00
1578887,846960,13159917,"CASTILLO MANOLE, ASIER",47,47,100,https://www.rffm.es/acta-partido/1578887,2026-08-07T03:25:37.042862+00:00
1578894,300422,10706775,"CALERO RUIZ, JULIAN",16,16,102,https://www.rffm.es/acta-partido/1578894,2026-08-07T03:25:37.165424+00:00
1578894,300422,8521814,"DEL PALACIO RIVERA, ROMEO",18,18,100,https://www.rffm.es/acta-partido/1578894,2026-08-07T03:25:37.165424+00:00
1578894,300422,8521814,"DEL PALACIO RIVERA, ROMEO",55,55,100,https://www.rffm.es/acta-partido/1578894,2026-08-07T03:25:37.165424+00:00
1578894,300422,8521814,"DEL PALACIO RIVERA, ROMEO",59,59,100,https://www.rffm.es/acta-partido/1578894,2026-08-07T03:25:37.165424+00:00
1578894,404,8503872,"CAYUELA MORENO, BORJA",2,2,100,https://www.rffm.es/acta-partido/1578894,2026-08-07T03:25:37.165424+00:00
1578894,404,8164921,"RODRIGUEZ GUEORGUIEV, LEONARDO",3,3,100,https://www.rffm.es/acta-partido/1578894,2026-08-07T03:25:37.165424+00:00
1578894,404,8516003,"AREITIO DE LA RIVA, LUIS",20,20,100,https://www.rffm.es/acta-partido/1578894,2026-08-07T03:25:37.165424+00:00
1578894,404,8499173,"MASCARELL AGUNDEZ, GONZALO",55,55,100,https://www.rffm.es/acta-partido/1578894,2026-08-07T03:25:37.165424+00:00
1578881,553,13203924,"JIMENEZ BARRIO, OSCAR",1,1,100,https://www.rffm.es/acta-partido/1578881,2026-08-07T03:25:37.172488+00:00
1578881,553,13203924,"JIMENEZ BARRIO, OSCAR",2,2,100,https://www.rffm.es/acta-partido/1578881,2026-08-07T03:25:37.172488+00:00
1578881,553,10286691,"FERRERO SERRANO, IZAN ADRIÁN",8,8,100,https://www.rffm.es/acta-partido/1578881,2026-08-07T03:25:37.172488+00:00
1578881,553,13203924,"JIMENEZ BARRIO, OSCAR",15,15,100,https://www.rffm.es/acta-partido/1578881,2026-08-07T03:25:37.172488+00:00
1578881,553,12773836,"VERA HERRERO, CESAR",23,23,100,https://www.rffm.es/acta-partido/1578881,2026-08-07T03:25:37.172488+00:00
1578881,553,14837584,"NUÑEZ SESÉ, NICOLAS",26,26,100,https://www.rffm.es/acta-partido/1578881,2026-08-07T03:25:37.172488+00:00
1578881,553,8270276,"CALDERON RAMIREZ, ISAAC ALEXANDER",52,52,100,https://www.rffm.es/acta-partido/1578881,2026-08-07T03:25:37.172488+00:00
1578881,553,8270276,"CALDERON RAMIREZ, ISAAC ALEXANDER",55,55,100,https://www.rffm.es/acta-partido/1578881,2026-08-07T03:25:37.172488+00:00
1578881,553,8270276,"CALDERON RAMIREZ, ISAAC ALEXANDER",58,58,100,https://www.rffm.es/acta-partido/1578881,2026-08-07T03:25:37.172488+00:00
1578881,553,8525601,"ZUBIAUR PONCE, UNAI",60,60,100,https://www.rffm.es/acta-partido/1578881,2026-08-07T03:25:37.172488+00:00
1578892,2330,10905874,"SANTAMARÍA DE LA FUENTE, NACHO",3,3,100,https://www.rffm.es/acta-partido/1578892,2026-08-07T03:25:37.652820+00:00
1578892,2330,9383577,"RODRÍGUEZ VELASCO, MIGUEL",19,19,100,https://www.rffm.es/acta-partido/1578892,2026-08-07T03:25:37.652820+00:00
1578892,2330,9529298,"FERNÁNDEZ LLANOS, LUCA",25,25,100,https://www.rffm.es/acta-partido/1578892,2026-08-07T03:25:37.652820+00:00
1578892,2330,13684524,"BLANCHARD, ALEJANDRO DANIEL",35,35,100,https://www.rffm.es/acta-partido/1578892,2026-08-07T03:25:37.652820+00:00
1578892,2330,8409701,"MARTIN SANZ, ADRIAN",45,45,100,https://www.rffm.es/acta-partido/1578892,2026-08-07T03:25:37.652820+00:00
1578893,1319,10216352,"STEFANUTTI, LEONARDO",18,18,100,https://www.rffm.es/acta-partido/1578893,2026-08-07T03:25:37.779121+00:00
1578893,1319,10128354,"CARRETERO BARBOSA, LEONIDAS VICENTE",24,24,100,https://www.rffm.es/acta-partido/1578893,2026-08-07T03:25:37.779121+00:00
1578893,2243,9974064,"ABUIN SEGURA, UNAI",42,42,100,https://www.rffm.es/acta-partido/1578893,2026-08-07T03:25:37.779121+00:00
1578893,2243,9974008,"MATOS FABIAN, JONATHAN",47,47,100,https://www.rffm.es/acta-partido/1578893,2026-08-07T03:25:37.779121+00:00
1578889,302,8669169,"PÉREZ RADULESCU, GABRIEL NICOLÁS",4,4,100,https://www.rffm.es/acta-partido/1578889,2026-08-07T03:25:37.857330+00:00
1578889,302,11824232,"AHUMADA RODRIGUEZ, MIGUEL",6,6,100,https://www.rffm.es/acta-partido/1578889,2026-08-07T03:25:37.857330+00:00
1578889,302,13956934,"LOZANO VALCARCEL, DARIO",10,10,100,https://www.rffm.es/acta-partido/1578889,2026-08-07T03:25:37.857330+00:00
1578889,302,9808184,"ESPAÑA AFONSO, TIAGO",23,23,100,https://www.rffm.es/acta-partido/1578889,2026-08-07T03:25:37.857330+00:00
1578889,302,9808184,"ESPAÑA AFONSO, TIAGO",28,28,100,https://www.rffm.es/acta-partido/1578889,2026-08-07T03:25:37.857330+00:00
1578889,302,12241751,"QUIRALTE GARCIA MIGUEL, JUAN",35,35,100,https://www.rffm.es/acta-partido/1578889,2026-08-07T03:25:37.857330+00:00
1578889,302,13956934,"LOZANO VALCARCEL, DARIO",47,47,100,https://www.rffm.es/acta-partido/1578889,2026-08-07T03:25:37.857330+00:00
1578889,302,12241751,"QUIRALTE GARCIA MIGUEL, JUAN",51,51,100,https://www.rffm.es/acta-partido/1578889,2026-08-07T03:25:37.857330+00:00
1578889,302,8669169,"PÉREZ RADULESCU, GABRIEL NICOLÁS",53,53,100,https://www.rffm.es/acta-partido/1578889,2026-08-07T03:25:37.857330+00:00
1578889,302,9808184,"ESPAÑA AFONSO, TIAGO",56,56,100,https://www.rffm.es/acta-partido/1578889,2026-08-07T03:25:37.857330+00:00
1578890,300414,7910491,"PEREZ MARCO, HUGO",38,38,100,https://www.rffm.es/acta-partido/1578890,2026-08-07T03:25:38.418874+00:00
1578888,553,8270276,"CALDERON RAMIREZ, ISAAC ALEXANDER",8,8,100,https://www.rffm.es/acta-partido/1578888,2026-08-07T03:25:38.423666+00:00
1578888,1770,20241078,"TOLEDANO MARTIN, RUBEN",20,20,100,https://www.rffm.es/acta-partido/1578888,2026-08-07T03:25:38.423666+00:00
1578888,1770,10182442,"ALVAREZ SIERRA, HECTOR",30,30,100,https://www.rffm.es/acta-partido/1578888,2026-08-07T03:25:38.423666+00:00
1579204,466785,7803417,"LOBO PLAZA, MARIO",26,26,100,https://www.rffm.es/acta-partido/1579204,2026-08-07T03:25:38.695300+00:00
1579204,1800,8896858,"RODRIGUEZ PEREZ, LUCIA",46,46,100,https://www.rffm.es/acta-partido/1579204,2026-08-07T03:25:38.695300+00:00
1579204,1800,10170241,"LOPEZ ALONSO, AARON",60,60,101,https://www.rffm.es/acta-partido/1579204,2026-08-07T03:25:38.695300+00:00
1579202,1031180,13748238,"THOMAS SANCHEZ, JAVIER",29,29,101,https://www.rffm.es/acta-partido/1579202,2026-08-07T03:25:38.904065+00:00
1579202,3032,8702416,"MIRA EXPOSITO, HUGO",44,44,101,https://www.rffm.es/acta-partido/1579202,2026-08-07T03:25:38.904065+00:00
1579203,300648,8489250,"GUTIERREZ REDONDO, YAGO",7,7,100,https://www.rffm.es/acta-partido/1579203,2026-08-07T03:25:38.916350+00:00
1579203,300648,12453474,"ANDRADE ALDEA, RAFAEL ALEXANDRE",38,38,100,https://www.rffm.es/acta-partido/1579203,2026-08-07T03:25:38.916350+00:00
1579203,300648,9529414,"MARTÍNEZ BARRENA, LUIS",43,43,100,https://www.rffm.es/acta-partido/1579203,2026-08-07T03:25:38.916350+00:00
1579203,300648,12453474,"ANDRADE ALDEA, RAFAEL ALEXANDRE",49,49,100,https://www.rffm.es/acta-partido/1579203,2026-08-07T03:25:38.916350+00:00
1579203,300648,7967853,"CAMARERO PINTO, MARCO",54,54,100,https://www.rffm.es/acta-partido/1579203,2026-08-07T03:25:38.916350+00:00
1579206,636,13239188,"MARTINEZ ALCALDE, JUAN",21,21,100,https://www.rffm.es/acta-partido/1579206,2026-08-07T03:25:39.003395+00:00
1579206,636,7152436,"PINOS ESPINOZA, ANTHONY JAVIER",38,38,100,https://www.rffm.es/acta-partido/1579206,2026-08-07T03:25:39.003395+00:00
1579206,636,7187114,"MIERES WAGNER, NOAH MANUEL",41,41,100,https://www.rffm.es/acta-partido/1579206,2026-08-07T03:25:39.003395+00:00
1579206,636,11774359,"LOZANO DATU, MARCOS",42,42,100,https://www.rffm.es/acta-partido/1579206,2026-08-07T03:25:39.003395+00:00
1579206,636,8452911,"MARTI RODRIGUEZ, MARIO",52,52,100,https://www.rffm.es/acta-partido/1579206,2026-08-07T03:25:39.003395+00:00
1579205,81,13209534,"ACEVEDO HERRERO, HUGO",40,40,100,https://www.rffm.es/acta-partido/1579205,2026-08-07T03:25:39.019503+00:00
1579205,2138,9973270,"CRESPO HERRERA, IKER",27,27,100,https://www.rffm.es/acta-partido/1579205,2026-08-07T03:25:39.019503+00:00
1579205,2138,8469850,"ESPINOSA HERMANO, TIAGO",59,59,100,https://www.rffm.es/acta-partido/1579205,2026-08-07T03:25:39.019503+00:00
1579208,53,8515667,"DELGADO MARIN, MARIO",45,45,100,https://www.rffm.es/acta-partido/1579208,2026-08-07T03:25:39.767671+00:00
1579208,53,13249312,"MARTIN VALENZUELA, LUIS",51,51,100,https://www.rffm.es/acta-partido/1579208,2026-08-07T03:25:39.767671+00:00
1579208,851327,10925416,"FRAILE ALVAREZ, DAVID",30,30,100,https://www.rffm.es/acta-partido/1579208,2026-08-07T03:25:39.767671+00:00
1579207,1843,13440625,"ESTRELLA LAMOS, ALONSO",58,58,100,https://www.rffm.es/acta-partido/1579207,2026-08-07T03:25:39.771119+00:00
1579207,15294619,8118092,"GUAJALA HIDALGO, NICOLAS",6,6,100,https://www.rffm.es/acta-partido/1579207,2026-08-07T03:25:39.771119+00:00
1579207,15294619,6975310,"MARTINEZ PEREZ, MARCOS",19,19,100,https://www.rffm.es/acta-partido/1579207,2026-08-07T03:25:39.771119+00:00
1579217,289,11336376,"HUETE MARTINEZ, HECTOR",2,2,100,https://www.rffm.es/acta-partido/1579217,2026-08-07T03:25:39.837520+00:00
1579217,289,11336150,"MARTIN RODRIGUEZ, ALEX",41,41,100,https://www.rffm.es/acta-partido/1579217,2026-08-07T03:25:39.837520+00:00
1579217,53,8515667,"DELGADO MARIN, MARIO",20,20,100,https://www.rffm.es/acta-partido/1579217,2026-08-07T03:25:39.837520+00:00
1579213,2138,11716987,"CUESTA ALONSO, RAUL",45,45,100,https://www.rffm.es/acta-partido/1579213,2026-08-07T03:25:39.897408+00:00
1579213,466785,12167228,"ALZAS BAOUALI, RAYANE",12,12,100,https://www.rffm.es/acta-partido/1579213,2026-08-07T03:25:39.897408+00:00
1579213,466785,10168213,"RIVERA SIMON, ANDRES",29,29,100,https://www.rffm.es/acta-partido/1579213,2026-08-07T03:25:39.897408+00:00
1579213,466785,11718686,"GOMEZ BORREGA, DANIEL",59,59,100,https://www.rffm.es/acta-partido/1579213,2026-08-07T03:25:39.897408+00:00
1579211,300648,8529393,"RODRIGUEZ LOPEZ, ALEJANDRO",6,6,100,https://www.rffm.es/acta-partido/1579211,2026-08-07T03:25:39.902346+00:00
1579211,300648,9495192,"NOVO BAEZA, DARIO",11,11,100,https://www.rffm.es/acta-partido/1579211,2026-08-07T03:25:39.902346+00:00
1579211,300648,6682327,"DOMINGUEZ ALONSO, HUGO",15,15,100,https://www.rffm.es/acta-partido/1579211,2026-08-07T03:25:39.902346+00:00
1579211,300648,6682327,"DOMINGUEZ ALONSO, HUGO",25,25,100,https://www.rffm.es/acta-partido/1579211,2026-08-07T03:25:39.902346+00:00
1579211,300648,6682327,"DOMINGUEZ ALONSO, HUGO",27,27,100,https://www.rffm.es/acta-partido/1579211,2026-08-07T03:25:39.902346+00:00
1579211,300648,6682327,"DOMINGUEZ ALONSO, HUGO",30,30,100,https://www.rffm.es/acta-partido/1579211,2026-08-07T03:25:39.902346+00:00
1579211,300648,6682327,"DOMINGUEZ ALONSO, HUGO",33,33,100,https://www.rffm.es/acta-partido/1579211,2026-08-07T03:25:39.902346+00:00
1579211,300648,8489250,"GUTIERREZ REDONDO, YAGO",42,42,100,https://www.rffm.es/acta-partido/1579211,2026-08-07T03:25:39.902346+00:00
1579215,15294619,12646960,"REYES TORONJO, SAMUEL",37,37,100,https://www.rffm.es/acta-partido/1579215,2026-08-07T03:25:39.968632+00:00
1579215,2108,9707311,"GARCIA GALLEGO, AXEL",58,58,100,https://www.rffm.es/acta-partido/1579215,2026-08-07T03:25:39.968632+00:00
1579214,636,15894340,"IBAÑEZ BENEDI, GUILLERMO",44,44,100,https://www.rffm.es/acta-partido/1579214,2026-08-07T03:25:40.037897+00:00
1579214,636,8445950,"MARTIN MORENO, IVAN",47,47,101,https://www.rffm.es/acta-partido/1579214,2026-08-07T03:25:40.037897+00:00
1579214,81,8449817,"MERINO MORENO, IVAN",16,16,100,https://www.rffm.es/acta-partido/1579214,2026-08-07T03:25:40.037897+00:00
1579214,81,7552784,"RUIZ BLANCO, MARCOS",54,54,100,https://www.rffm.es/acta-partido/1579214,2026-08-07T03:25:40.037897+00:00
1579212,1800,8174387,"JIMENEZ ALONSO, RAUL",20,20,100,https://www.rffm.es/acta-partido/1579212,2026-08-07T03:25:40.087787+00:00
1579212,1800,8174387,"JIMENEZ ALONSO, RAUL",29,29,100,https://www.rffm.es/acta-partido/1579212,2026-08-07T03:25:40.087787+00:00
1579212,1800,10191913,"NUTRERA MEZA, JOSE ANGEL",54,54,100,https://www.rffm.es/acta-partido/1579212,2026-08-07T03:25:40.087787+00:00
1579212,1800,8896858,"RODRIGUEZ PEREZ, LUCIA",59,59,101,https://www.rffm.es/acta-partido/1579212,2026-08-07T03:25:40.087787+00:00
1579212,2359,14206694,"BARTOLO EL YAKOUBI, MOHAMED",16,16,100,https://www.rffm.es/acta-partido/1579212,2026-08-07T03:25:40.087787+00:00
1579212,2359,14206694,"BARTOLO EL YAKOUBI, MOHAMED",59,59,100,https://www.rffm.es/acta-partido/1579212,2026-08-07T03:25:40.087787+00:00
1579210,3032,11809073,"VAQUERO SANTOS, DAVID",24,24,102,https://www.rffm.es/acta-partido/1579210,2026-08-07T03:25:40.279190+00:00
1579210,577,8520564,"REYES MORENO, ABEL",11,11,100,https://www.rffm.es/acta-partido/1579210,2026-08-07T03:25:40.279190+00:00
1579210,577,8298012,"CASTAN ARROYO, JOEL",29,29,100,https://www.rffm.es/acta-partido/1579210,2026-08-07T03:25:40.279190+00:00
1579216,851327,9036876,"MARTIN FERREIRA, PABLO",3,3,100,https://www.rffm.es/acta-partido/1579216,2026-08-07T03:25:40.347258+00:00
1579216,851327,9014686,"CASTILLA PALOMO, ADRIAN",17,17,100,https://www.rffm.es/acta-partido/1579216,2026-08-07T03:25:40.347258+00:00
1579216,851327,9036876,"MARTIN FERREIRA, PABLO",21,21,100,https://www.rffm.es/acta-partido/1579216,2026-08-07T03:25:40.347258+00:00
1579216,851327,11810719,"DIAZ GOMEZ, IKER",23,23,100,https://www.rffm.es/acta-partido/1579216,2026-08-07T03:25:40.347258+00:00
1579216,851327,8520530,"GOMEZ NUÑEZ ARENAS, SERGIO",29,29,100,https://www.rffm.es/acta-partido/1579216,2026-08-07T03:25:40.347258+00:00
1579216,851327,13175841,"EL KIRA, MOHAMED",33,33,100,https://www.rffm.es/acta-partido/1579216,2026-08-07T03:25:40.347258+00:00
1579216,851327,13175841,"EL KIRA, MOHAMED",44,44,100,https://www.rffm.es/acta-partido/1579216,2026-08-07T03:25:40.347258+00:00
1579216,851327,13175841,"EL KIRA, MOHAMED",47,47,100,https://www.rffm.es/acta-partido/1579216,2026-08-07T03:25:40.347258+00:00
1579216,1843,15937974,"CHACON CANTON, VALENTIN",45,45,100,https://www.rffm.es/acta-partido/1579216,2026-08-07T03:25:40.347258+00:00
1579220,2138,9522219,"RIOS GUZMAN, ADRIAN",45,45,100,https://www.rffm.es/acta-partido/1579220,2026-08-07T03:25:41.278874+00:00
1579220,2138,8342995,"GALLARDO MONTES, DANIEL",50,50,100,https://www.rffm.es/acta-partido/1579220,2026-08-07T03:25:41.278874+00:00
1579220,2138,8709632,"ARROYO SANZ, FABIAN",58,58,100,https://www.rffm.es/acta-partido/1579220,2026-08-07T03:25:41.278874+00:00
1579222,81,13171413,"GABELLA MADRIGAL, MANUEL",47,47,100,https://www.rffm.es/acta-partido/1579222,2026-08-07T03:25:41.478494+00:00
1579222,81,10117005,"VERA AVILA, AITOR",55,55,100,https://www.rffm.es/acta-partido/1579222,2026-08-07T03:25:41.478494+00:00
1579222,81,13209441,"CIRCOV BONCUT, DANIEL ANDREI",59,59,100,https://www.rffm.es/acta-partido/1579222,2026-08-07T03:25:41.478494+00:00
1579222,15294619,10806407,"LAUP BERMUDEZ, GONZALO",8,8,100,https://www.rffm.es/acta-partido/1579222,2026-08-07T03:25:41.478494+00:00
1579222,15294619,8518346,"JIMENEZ MAZA, MANUEL",14,14,100,https://www.rffm.es/acta-partido/1579222,2026-08-07T03:25:41.478494+00:00
1579222,15294619,14464954,"YEPES CALVO DE MORA, DAVID",52,52,100,https://www.rffm.es/acta-partido/1579222,2026-08-07T03:25:41.478494+00:00
1579222,15294619,9791949,"FERNANDEZ QUESADA, MARCOS",59,59,100,https://www.rffm.es/acta-partido/1579222,2026-08-07T03:25:41.478494+00:00
1579224,289,10925218,"JIMENEZ MIGUEL, GABRIEL",2,2,100,https://www.rffm.es/acta-partido/1579224,2026-08-07T03:25:41.491234+00:00
1579224,289,9344590,"HERAS LOPEZ-MENCHERO, JESUS",6,6,100,https://www.rffm.es/acta-partido/1579224,2026-08-07T03:25:41.491234+00:00
1579224,289,8392942,"JIMÉNEZ PRYTULYAK, NICOLÁS",8,8,100,https://www.rffm.es/acta-partido/1579224,2026-08-07T03:25:41.491234+00:00
1579224,289,10925218,"JIMENEZ MIGUEL, GABRIEL",16,16,100,https://www.rffm.es/acta-partido/1579224,2026-08-07T03:25:41.491234+00:00
1579224,289,9574305,"PEREZ JUAN, AITOR",20,20,100,https://www.rffm.es/acta-partido/1579224,2026-08-07T03:25:41.491234+00:00
1579224,289,11336150,"MARTIN RODRIGUEZ, ALEX",23,23,100,https://www.rffm.es/acta-partido/1579224,2026-08-07T03:25:41.491234+00:00
1579224,289,11336775,"PALOMINO LARA, HUGO",25,25,100,https://www.rffm.es/acta-partido/1579224,2026-08-07T03:25:41.491234+00:00
1579224,289,9356687,"MARANDIS, LUCA",42,42,100,https://www.rffm.es/acta-partido/1579224,2026-08-07T03:25:41.491234+00:00
1579224,289,8392942,"JIMÉNEZ PRYTULYAK, NICOLÁS",49,49,100,https://www.rffm.es/acta-partido/1579224,2026-08-07T03:25:41.491234+00:00
1579224,289,10925218,"JIMENEZ MIGUEL, GABRIEL",50,50,100,https://www.rffm.es/acta-partido/1579224,2026-08-07T03:25:41.491234+00:00
1579224,289,9843010,"RODRIGUEZ MAIA, DANIEL",57,57,100,https://www.rffm.es/acta-partido/1579224,2026-08-07T03:25:41.491234+00:00
1579224,289,8392942,"JIMÉNEZ PRYTULYAK, NICOLÁS",59,59,100,https://www.rffm.es/acta-partido/1579224,2026-08-07T03:25:41.491234+00:00
1579219,1031180,10754886,"PINTO SAN JOSE, IKER",38,38,100,https://www.rffm.es/acta-partido/1579219,2026-08-07T03:25:41.491811+00:00
1579219,1031180,10754886,"PINTO SAN JOSE, IKER",49,49,100,https://www.rffm.es/acta-partido/1579219,2026-08-07T03:25:41.491811+00:00
1579219,1800,8896858,"RODRIGUEZ PEREZ, LUCIA",1,1,100,https://www.rffm.es/acta-partido/1579219,2026-08-07T03:25:41.491811+00:00
1579219,1800,10170241,"LOPEZ ALONSO, AARON",24,24,100,https://www.rffm.es/acta-partido/1579219,2026-08-07T03:25:41.491811+00:00
1579219,1800,10191913,"NUTRERA MEZA, JOSE ANGEL",45,45,100,https://www.rffm.es/acta-partido/1579219,2026-08-07T03:25:41.491811+00:00
1579219,1800,10191913,"NUTRERA MEZA, JOSE ANGEL",59,59,100,https://www.rffm.es/acta-partido/1579219,2026-08-07T03:25:41.491811+00:00
1579218,3032,8663790,"MEDINA CAMPOS, MARCOS",15,15,100,https://www.rffm.es/acta-partido/1579218,2026-08-07T03:25:41.585504+00:00
1579218,3032,8695284,"GIL GIL, SAMUEL",19,19,102,https://www.rffm.es/acta-partido/1579218,2026-08-07T03:25:41.585504+00:00
1579218,3032,11641690,"CASADO SOLANES, VICTOR",40,40,100,https://www.rffm.es/acta-partido/1579218,2026-08-07T03:25:41.585504+00:00
1579218,300648,9529414,"MARTÍNEZ BARRENA, LUIS",3,3,100,https://www.rffm.es/acta-partido/1579218,2026-08-07T03:25:41.585504+00:00
1579218,300648,8489250,"GUTIERREZ REDONDO, YAGO",5,5,100,https://www.rffm.es/acta-partido/1579218,2026-08-07T03:25:41.585504+00:00
1579218,300648,8489250,"GUTIERREZ REDONDO, YAGO",13,13,100,https://www.rffm.es/acta-partido/1579218,2026-08-07T03:25:41.585504+00:00
1579218,300648,9529069,"DEL POZO GALLEGO, HECTOR",25,25,100,https://www.rffm.es/acta-partido/1579218,2026-08-07T03:25:41.585504+00:00
1579218,300648,8529393,"RODRIGUEZ LOPEZ, ALEJANDRO",44,44,100,https://www.rffm.es/acta-partido/1579218,2026-08-07T03:25:41.585504+00:00
1579218,300648,6682327,"DOMINGUEZ ALONSO, HUGO",51,51,100,https://www.rffm.es/acta-partido/1579218,2026-08-07T03:25:41.585504+00:00
1579225,577,8520564,"REYES MORENO, ABEL",3,3,100,https://www.rffm.es/acta-partido/1579225,2026-08-07T03:25:41.590983+00:00
1579225,577,8298012,"CASTAN ARROYO, JOEL",51,51,100,https://www.rffm.es/acta-partido/1579225,2026-08-07T03:25:41.590983+00:00
1579225,577,10707960,"CARRACEDO CORTIJO, DANIEL",59,59,100,https://www.rffm.es/acta-partido/1579225,2026-08-07T03:25:41.590983+00:00
1579225,53,13249312,"MARTIN VALENZUELA, LUIS",23,23,100,https://www.rffm.es/acta-partido/1579225,2026-08-07T03:25:41.590983+00:00
1579221,466785,13837669,"OFKIR BOROI, ISAAC",42,42,100,https://www.rffm.es/acta-partido/1579221,2026-08-07T03:25:41.697854+00:00
1579221,466785,7803417,"LOBO PLAZA, MARIO",76,76,100,https://www.rffm.es/acta-partido/1579221,2026-08-07T03:25:41.697854+00:00
1579221,636,11774359,"LOZANO DATU, MARCOS",37,37,100,https://www.rffm.es/acta-partido/1579221,2026-08-07T03:25:41.697854+00:00
1579221,636,13239188,"MARTINEZ ALCALDE, JUAN",70,70,100,https://www.rffm.es/acta-partido/1579221,2026-08-07T03:25:41.697854+00:00
1579223,851327,13255519,"DRAGOMIR, TUDOR GABRIEL",5,5,100,https://www.rffm.es/acta-partido/1579223,2026-08-07T03:25:41.702074+00:00
1579223,851327,8375473,"JIMENEZ MARTIN, EDER",9,9,100,https://www.rffm.es/acta-partido/1579223,2026-08-07T03:25:41.702074+00:00
1579223,851327,9036876,"MARTIN FERREIRA, PABLO",13,13,100,https://www.rffm.es/acta-partido/1579223,2026-08-07T03:25:41.702074+00:00
1579223,851327,10925416,"FRAILE ALVAREZ, DAVID",42,42,100,https://www.rffm.es/acta-partido/1579223,2026-08-07T03:25:41.702074+00:00
1579228,2138,9522219,"RIOS GUZMAN, ADRIAN",2,2,100,https://www.rffm.es/acta-partido/1579228,2026-08-07T03:25:42.154122+00:00
1579228,2138,14603974,"RUFO SANTOS, PABLO",7,7,100,https://www.rffm.es/acta-partido/1579228,2026-08-07T03:25:42.154122+00:00
1579228,2138,14603974,"RUFO SANTOS, PABLO",12,12,100,https://www.rffm.es/acta-partido/1579228,2026-08-07T03:25:42.154122+00:00
1579228,2138,8709632,"ARROYO SANZ, FABIAN",14,14,100,https://www.rffm.es/acta-partido/1579228,2026-08-07T03:25:42.154122+00:00
1579228,2138,14603974,"RUFO SANTOS, PABLO",19,19,100,https://www.rffm.es/acta-partido/1579228,2026-08-07T03:25:42.154122+00:00
1579228,2138,9522219,"RIOS GUZMAN, ADRIAN",25,25,100,https://www.rffm.es/acta-partido/1579228,2026-08-07T03:25:42.154122+00:00
1579228,2138,9522219,"RIOS GUZMAN, ADRIAN",34,34,100,https://www.rffm.es/acta-partido/1579228,2026-08-07T03:25:42.154122+00:00
1579226,300648,12453474,"ANDRADE ALDEA, RAFAEL ALEXANDRE",15,15,100,https://www.rffm.es/acta-partido/1579226,2026-08-07T03:25:42.262436+00:00
1579226,300648,7967853,"CAMARERO PINTO, MARCO",23,23,100,https://www.rffm.es/acta-partido/1579226,2026-08-07T03:25:42.262436+00:00
1579226,300648,8361891,"ANADON ORTIZ, ADRIAN",43,43,100,https://www.rffm.es/acta-partido/1579226,2026-08-07T03:25:42.262436+00:00
1579226,300648,8529393,"RODRIGUEZ LOPEZ, ALEJANDRO",55,55,100,https://www.rffm.es/acta-partido/1579226,2026-08-07T03:25:42.262436+00:00
1579231,851327,9036876,"MARTIN FERREIRA, PABLO",43,43,100,https://www.rffm.es/acta-partido/1579231,2026-08-07T03:25:42.320992+00:00
1579233,53,13249312,"MARTIN VALENZUELA, LUIS",8,8,100,https://www.rffm.es/acta-partido/1579233,2026-08-07T03:25:42.385875+00:00
1579233,53,13249312,"MARTIN VALENZUELA, LUIS",12,12,100,https://www.rffm.es/acta-partido/1579233,2026-08-07T03:25:42.385875+00:00
1579233,53,13165798,"VALCARCE TOLEDANO, JORGE",14,14,100,https://www.rffm.es/acta-partido/1579233,2026-08-07T03:25:42.385875+00:00
1579233,53,13165798,"VALCARCE TOLEDANO, JORGE",15,15,100,https://www.rffm.es/acta-partido/1579233,2026-08-07T03:25:42.385875+00:00
1579233,53,10195297,"MARCOS MARCOS, ENZO",20,20,100,https://www.rffm.es/acta-partido/1579233,2026-08-07T03:25:42.385875+00:00
1579233,53,8297891,"LINARES NAVARRO, IKER",29,29,100,https://www.rffm.es/acta-partido/1579233,2026-08-07T03:25:42.385875+00:00
1579233,53,11339946,"BRUNO CABRERA, DANIEL",32,32,100,https://www.rffm.es/acta-partido/1579233,2026-08-07T03:25:42.385875+00:00
1579233,53,13249312,"MARTIN VALENZUELA, LUIS",33,33,100,https://www.rffm.es/acta-partido/1579233,2026-08-07T03:25:42.385875+00:00
1579233,53,10179663,"JOAQUIM PINEDA, JONATHAN",35,35,100,https://www.rffm.es/acta-partido/1579233,2026-08-07T03:25:42.385875+00:00
1579233,53,13249312,"MARTIN VALENZUELA, LUIS",36,36,100,https://www.rffm.es/acta-partido/1579233,2026-08-07T03:25:42.385875+00:00
1579233,53,8515667,"DELGADO MARIN, MARIO",38,38,100,https://www.rffm.es/acta-partido/1579233,2026-08-07T03:25:42.385875+00:00
1579233,53,8515667,"DELGADO MARIN, MARIO",41,41,100,https://www.rffm.es/acta-partido/1579233,2026-08-07T03:25:42.385875+00:00
1579233,53,8516964,"ROSALES URIETA, JUAN JOSE",49,49,100,https://www.rffm.es/acta-partido/1579233,2026-08-07T03:25:42.385875+00:00
1579233,53,10179663,"JOAQUIM PINEDA, JONATHAN",51,51,100,https://www.rffm.es/acta-partido/1579233,2026-08-07T03:25:42.385875+00:00
1579233,53,10179663,"JOAQUIM PINEDA, JONATHAN",53,53,100,https://www.rffm.es/acta-partido/1579233,2026-08-07T03:25:42.385875+00:00
1579233,53,14756691,"ESTRADA CORTES, ADRIAN",58,58,100,https://www.rffm.es/acta-partido/1579233,2026-08-07T03:25:42.385875+00:00
1579233,53,13165798,"VALCARCE TOLEDANO, JORGE",60,60,100,https://www.rffm.es/acta-partido/1579233,2026-08-07T03:25:42.385875+00:00
1579233,1843,13249849,"ORTIZ HERNANDEZ, ENZO",29,29,100,https://www.rffm.es/acta-partido/1579233,2026-08-07T03:25:42.385875+00:00
1579229,636,11774359,"LOZANO DATU, MARCOS",5,5,100,https://www.rffm.es/acta-partido/1579229,2026-08-07T03:25:42.397191+00:00
1579229,636,11774359,"LOZANO DATU, MARCOS",24,24,100,https://www.rffm.es/acta-partido/1579229,2026-08-07T03:25:42.397191+00:00
1579229,636,11774359,"LOZANO DATU, MARCOS",28,28,100,https://www.rffm.es/acta-partido/1579229,2026-08-07T03:25:42.397191+00:00
1579229,636,15894340,"IBAÑEZ BENEDI, GUILLERMO",34,34,100,https://www.rffm.es/acta-partido/1579229,2026-08-07T03:25:42.397191+00:00
1579229,636,15894340,"IBAÑEZ BENEDI, GUILLERMO",51,51,100,https://www.rffm.es/acta-partido/1579229,2026-08-07T03:25:42.397191+00:00
1579229,636,15894340,"IBAÑEZ BENEDI, GUILLERMO",55,55,100,https://www.rffm.es/acta-partido/1579229,2026-08-07T03:25:42.397191+00:00
1579232,289,11336150,"MARTIN RODRIGUEZ, ALEX",21,21,100,https://www.rffm.es/acta-partido/1579232,2026-08-07T03:25:42.567812+00:00
1579232,289,8516472,"TORIBIO GALLEGO, JESUS",24,24,100,https://www.rffm.es/acta-partido/1579232,2026-08-07T03:25:42.567812+00:00
1579232,289,9356687,"MARANDIS, LUCA",35,35,100,https://www.rffm.es/acta-partido/1579232,2026-08-07T03:25:42.567812+00:00
1579232,289,8555581,"BRYYOVSKYY CHIRKOVA, DAVID",70,70,100,https://www.rffm.es/acta-partido/1579232,2026-08-07T03:25:42.567812+00:00
1579232,2108,13270507,"HERNANDO DIEZ, GONZALO",38,38,100,https://www.rffm.es/acta-partido/1579232,2026-08-07T03:25:42.567812+00:00
1579227,1800,8896858,"RODRIGUEZ PEREZ, LUCIA",41,41,100,https://www.rffm.es/acta-partido/1579227,2026-08-07T03:25:43.233371+00:00
1579227,1800,10191913,"NUTRERA MEZA, JOSE ANGEL",47,47,100,https://www.rffm.es/acta-partido/1579227,2026-08-07T03:25:43.233371+00:00
1579227,1800,8896858,"RODRIGUEZ PEREZ, LUCIA",58,58,100,https://www.rffm.es/acta-partido/1579227,2026-08-07T03:25:43.233371+00:00
1579230,15294619,10831063,"LLORET BUSTOS, MATEO",15,15,100,https://www.rffm.es/acta-partido/1579230,2026-08-07T03:25:43.271258+00:00
1579230,15294619,8518346,"JIMENEZ MAZA, MANUEL",33,33,100,https://www.rffm.es/acta-partido/1579230,2026-08-07T03:25:43.271258+00:00
1579230,15294619,10831063,"LLORET BUSTOS, MATEO",47,47,100,https://www.rffm.es/acta-partido/1579230,2026-08-07T03:25:43.271258+00:00
1579230,466785,7803417,"LOBO PLAZA, MARIO",20,20,100,https://www.rffm.es/acta-partido/1579230,2026-08-07T03:25:43.271258+00:00
1579239,289,11336775,"PALOMINO LARA, HUGO",2,2,100,https://www.rffm.es/acta-partido/1579239,2026-08-07T03:25:43.412748+00:00
1579239,289,10925218,"JIMENEZ MIGUEL, GABRIEL",23,23,100,https://www.rffm.es/acta-partido/1579239,2026-08-07T03:25:43.412748+00:00
1579239,289,11336150,"MARTIN RODRIGUEZ, ALEX",42,42,100,https://www.rffm.es/acta-partido/1579239,2026-08-07T03:25:43.412748+00:00
1579239,289,9356687,"MARANDIS, LUCA",49,49,100,https://www.rffm.es/acta-partido/1579239,2026-08-07T03:25:43.412748+00:00
1579239,289,9843010,"RODRIGUEZ MAIA, DANIEL",55,55,100,https://www.rffm.es/acta-partido/1579239,2026-08-07T03:25:43.412748+00:00
1579241,577,10707960,"CARRACEDO CORTIJO, DANIEL",10,10,100,https://www.rffm.es/acta-partido/1579241,2026-08-07T03:25:43.452029+00:00
1579241,577,14164247,"DIAZ-JIMENEZ MARTIN, ADRIAN",24,24,100,https://www.rffm.es/acta-partido/1579241,2026-08-07T03:25:43.452029+00:00
1579241,577,14164247,"DIAZ-JIMENEZ MARTIN, ADRIAN",34,34,100,https://www.rffm.es/acta-partido/1579241,2026-08-07T03:25:43.452029+00:00
1579241,577,14164247,"DIAZ-JIMENEZ MARTIN, ADRIAN",44,44,100,https://www.rffm.es/acta-partido/1579241,2026-08-07T03:25:43.452029+00:00
1579241,577,11828438,"GUTIERREZ GARCIA, ALVARO",45,45,100,https://www.rffm.es/acta-partido/1579241,2026-08-07T03:25:43.452029+00:00
1579241,577,14164247,"DIAZ-JIMENEZ MARTIN, ADRIAN",46,46,100,https://www.rffm.es/acta-partido/1579241,2026-08-07T03:25:43.452029+00:00
1579241,577,10754918,"ABRIL HERRERO, RUBEN",52,52,100,https://www.rffm.es/acta-partido/1579241,2026-08-07T03:25:43.452029+00:00
1579241,577,8520564,"REYES MORENO, ABEL",58,58,100,https://www.rffm.es/acta-partido/1579241,2026-08-07T03:25:43.452029+00:00
1579241,1843,7942743,"ENGONGA TELENTE, FELIX",17,17,102,https://www.rffm.es/acta-partido/1579241,2026-08-07T03:25:43.452029+00:00
1579238,851327,9014686,"CASTILLA PALOMO, ADRIAN",52,52,100,https://www.rffm.es/acta-partido/1579238,2026-08-07T03:25:43.468773+00:00
1579238,851327,6663879,"APARICIO GARCIA, SERGIO",56,56,100,https://www.rffm.es/acta-partido/1579238,2026-08-07T03:25:43.468773+00:00
1579234,300648,6682327,"DOMINGUEZ ALONSO, HUGO",19,19,100,https://www.rffm.es/acta-partido/1579234,2026-08-07T03:25:43.697659+00:00
1579234,300648,8529393,"RODRIGUEZ LOPEZ, ALEJANDRO",23,23,100,https://www.rffm.es/acta-partido/1579234,2026-08-07T03:25:43.697659+00:00
1579234,300648,8489250,"GUTIERREZ REDONDO, YAGO",38,38,100,https://www.rffm.es/acta-partido/1579234,2026-08-07T03:25:43.697659+00:00
1579234,300648,10156522,"FERNANDEZ, BENJAMIN",50,50,100,https://www.rffm.es/acta-partido/1579234,2026-08-07T03:25:43.697659+00:00
1579234,300648,8383272,"FERNANDEZ FLECHA, AITOR",56,56,100,https://www.rffm.es/acta-partido/1579234,2026-08-07T03:25:43.697659+00:00
1579237,2359,11604886,"MORON HERVIAS, ALVARO",4,4,100,https://www.rffm.es/acta-partido/1579237,2026-08-07T03:25:43.701168+00:00
1579237,2359,9019932,"JIMENEZ MARTINEZ, MARCO",49,49,100,https://www.rffm.es/acta-partido/1579237,2026-08-07T03:25:43.701168+00:00
1579235,2138,8342995,"GALLARDO MONTES, DANIEL",36,36,100,https://www.rffm.es/acta-partido/1579235,2026-08-07T03:25:44.237105+00:00
1579235,2138,13190806,"MATEOS PEÑA, MARCO",52,52,102,https://www.rffm.es/acta-partido/1579235,2026-08-07T03:25:44.237105+00:00
1579235,2138,8469850,"ESPINOSA HERMANO, TIAGO",55,55,100,https://www.rffm.es/acta-partido/1579235,2026-08-07T03:25:44.237105+00:00
1579236,636,11774359,"LOZANO DATU, MARCOS",59,59,100,https://www.rffm.es/acta-partido/1579236,2026-08-07T03:25:44.458090+00:00
1579360,53,13249312,"MARTIN VALENZUELA, LUIS",11,11,100,https://www.rffm.es/acta-partido/1579360,2026-08-07T03:25:44.504458+00:00
1579360,53,10179644,"BENAVIDES ESPEJO, JOAN STEVEN",37,37,100,https://www.rffm.es/acta-partido/1579360,2026-08-07T03:25:44.504458+00:00
1579360,53,13165798,"VALCARCE TOLEDANO, JORGE",50,50,100,https://www.rffm.es/acta-partido/1579360,2026-08-07T03:25:44.504458+00:00
1579360,2108,9707311,"GARCIA GALLEGO, AXEL",29,29,100,https://www.rffm.es/acta-partido/1579360,2026-08-07T03:25:44.504458+00:00
1579247,289,11336775,"PALOMINO LARA, HUGO",14,14,100,https://www.rffm.es/acta-partido/1579247,2026-08-07T03:25:44.682199+00:00
1579246,851327,8375473,"JIMENEZ MARTIN, EDER",1,1,100,https://www.rffm.es/acta-partido/1579246,2026-08-07T03:25:44.687961+00:00
1579246,851327,8375473,"JIMENEZ MARTIN, EDER",16,16,100,https://www.rffm.es/acta-partido/1579246,2026-08-07T03:25:44.687961+00:00
1579246,851327,13175841,"EL KIRA, MOHAMED",24,24,100,https://www.rffm.es/acta-partido/1579246,2026-08-07T03:25:44.687961+00:00
1579246,851327,8375473,"JIMENEZ MARTIN, EDER",34,34,100,https://www.rffm.es/acta-partido/1579246,2026-08-07T03:25:44.687961+00:00
1579246,851327,9036876,"MARTIN FERREIRA, PABLO",43,43,100,https://www.rffm.es/acta-partido/1579246,2026-08-07T03:25:44.687961+00:00
1579246,851327,9529681,"CRUZ MONTERO, HUGO",59,59,100,https://www.rffm.es/acta-partido/1579246,2026-08-07T03:25:44.687961+00:00
1579249,1843,6902916,"DE FRANCISCO DE DIEGO, ANGEL",23,23,101,https://www.rffm.es/acta-partido/1579249,2026-08-07T03:25:44.736573+00:00
1579249,1843,13440625,"ESTRELLA LAMOS, ALONSO",29,29,100,https://www.rffm.es/acta-partido/1579249,2026-08-07T03:25:44.736573+00:00
1579249,1843,13440625,"ESTRELLA LAMOS, ALONSO",55,55,100,https://www.rffm.es/acta-partido/1579249,2026-08-07T03:25:44.736573+00:00
1579249,2108,13270341,"ZAMORA FRANCISCO, ALVARO",6,6,100,https://www.rffm.es/acta-partido/1579249,2026-08-07T03:25:44.736573+00:00
1579249,2108,8174576,"GONZALEZ VARGAS, HUGO",7,7,100,https://www.rffm.es/acta-partido/1579249,2026-08-07T03:25:44.736573+00:00
1579249,2108,9707311,"GARCIA GALLEGO, AXEL",13,13,100,https://www.rffm.es/acta-partido/1579249,2026-08-07T03:25:44.736573+00:00
1579249,2108,13270499,"LOPEZ CALDERON, AARON",26,26,100,https://www.rffm.es/acta-partido/1579249,2026-08-07T03:25:44.736573+00:00
1579249,2108,13270499,"LOPEZ CALDERON, AARON",37,37,100,https://www.rffm.es/acta-partido/1579249,2026-08-07T03:25:44.736573+00:00
1579248,53,11339946,"BRUNO CABRERA, DANIEL",13,13,101,https://www.rffm.es/acta-partido/1579248,2026-08-07T03:25:44.932065+00:00
1579248,53,10195297,"MARCOS MARCOS, ENZO",39,39,100,https://www.rffm.es/acta-partido/1579248,2026-08-07T03:25:44.932065+00:00
1579248,53,13249312,"MARTIN VALENZUELA, LUIS",50,50,100,https://www.rffm.es/acta-partido/1579248,2026-08-07T03:25:44.932065+00:00
1579248,53,13249312,"MARTIN VALENZUELA, LUIS",53,53,100,https://www.rffm.es/acta-partido/1579248,2026-08-07T03:25:44.932065+00:00
1579248,81,10117005,"VERA AVILA, AITOR",19,19,100,https://www.rffm.es/acta-partido/1579248,2026-08-07T03:25:44.932065+00:00
1579248,81,8449817,"MERINO MORENO, IVAN",24,24,100,https://www.rffm.es/acta-partido/1579248,2026-08-07T03:25:44.932065+00:00
1579248,81,8449817,"MERINO MORENO, IVAN",29,29,100,https://www.rffm.es/acta-partido/1579248,2026-08-07T03:25:44.932065+00:00
1579242,1800,8896858,"RODRIGUEZ PEREZ, LUCIA",57,57,100,https://www.rffm.es/acta-partido/1579242,2026-08-07T03:25:45.045538+00:00
1579242,577,14164247,"DIAZ-JIMENEZ MARTIN, ADRIAN",9,9,100,https://www.rffm.es/acta-partido/1579242,2026-08-07T03:25:45.045538+00:00
1579242,577,7021423,"ALBA SAN PABLO, IZAN",14,14,100,https://www.rffm.es/acta-partido/1579242,2026-08-07T03:25:45.045538+00:00
1579242,577,14164247,"DIAZ-JIMENEZ MARTIN, ADRIAN",23,23,100,https://www.rffm.es/acta-partido/1579242,2026-08-07T03:25:45.045538+00:00
1579242,577,14164247,"DIAZ-JIMENEZ MARTIN, ADRIAN",41,41,100,https://www.rffm.es/acta-partido/1579242,2026-08-07T03:25:45.045538+00:00
1579242,577,11828438,"GUTIERREZ GARCIA, ALVARO",51,51,100,https://www.rffm.es/acta-partido/1579242,2026-08-07T03:25:45.045538+00:00
1579242,577,8180556,"HERRANZ RUIZ, DAVID",54,54,100,https://www.rffm.es/acta-partido/1579242,2026-08-07T03:25:45.045538+00:00
1579245,15294619,8518346,"JIMENEZ MAZA, MANUEL",52,52,100,https://www.rffm.es/acta-partido/1579245,2026-08-07T03:25:45.118907+00:00
1579245,15294619,10828826,"SANCHEZ ROSA, ANGEL",58,58,100,https://www.rffm.es/acta-partido/1579245,2026-08-07T03:25:45.118907+00:00
1579245,15294619,10831063,"LLORET BUSTOS, MATEO",59,59,100,https://www.rffm.es/acta-partido/1579245,2026-08-07T03:25:45.118907+00:00
1579243,300648,8529393,"RODRIGUEZ LOPEZ, ALEJANDRO",10,10,100,https://www.rffm.es/acta-partido/1579243,2026-08-07T03:25:45.507764+00:00
1579243,300648,9529506,"SANCHEZ JIMENEZ, ALEJANDRO",22,22,100,https://www.rffm.es/acta-partido/1579243,2026-08-07T03:25:45.507764+00:00
1579243,300648,8529393,"RODRIGUEZ LOPEZ, ALEJANDRO",27,27,100,https://www.rffm.es/acta-partido/1579243,2026-08-07T03:25:45.507764+00:00
1579243,300648,8361891,"ANADON ORTIZ, ADRIAN",33,33,100,https://www.rffm.es/acta-partido/1579243,2026-08-07T03:25:45.507764+00:00
1579244,636,11774359,"LOZANO DATU, MARCOS",59,59,100,https://www.rffm.es/acta-partido/1579244,2026-08-07T03:25:45.547178+00:00
1579252,3032,8663790,"MEDINA CAMPOS, MARCOS",35,35,100,https://www.rffm.es/acta-partido/1579252,2026-08-07T03:25:46.181670+00:00
1579252,3032,14449030,"PULIDO DIAZ, RUBEN",37,37,100,https://www.rffm.es/acta-partido/1579252,2026-08-07T03:25:46.181670+00:00
1579254,289,8392942,"JIMÉNEZ PRYTULYAK, NICOLÁS",54,54,100,https://www.rffm.es/acta-partido/1579254,2026-08-07T03:25:46.267306+00:00
1579256,81,13209441,"CIRCOV BONCUT, DANIEL ANDREI",1,1,100,https://www.rffm.es/acta-partido/1579256,2026-08-07T03:25:46.274357+00:00
1579256,81,8449817,"MERINO MORENO, IVAN",7,7,100,https://www.rffm.es/acta-partido/1579256,2026-08-07T03:25:46.274357+00:00
1579256,81,8261134,"DOMINGUEZ GIJON, ALVARO",36,36,100,https://www.rffm.es/acta-partido/1579256,2026-08-07T03:25:46.274357+00:00
1579256,81,7552784,"RUIZ BLANCO, MARCOS",50,50,100,https://www.rffm.es/acta-partido/1579256,2026-08-07T03:25:46.274357+00:00
1579256,81,8261134,"DOMINGUEZ GIJON, ALVARO",54,54,100,https://www.rffm.es/acta-partido/1579256,2026-08-07T03:25:46.274357+00:00
1579256,81,13171413,"GABELLA MADRIGAL, MANUEL",57,57,100,https://www.rffm.es/acta-partido/1579256,2026-08-07T03:25:46.274357+00:00
1579256,81,13154710,"FLECHA MARTIN, DANIEL",59,59,100,https://www.rffm.es/acta-partido/1579256,2026-08-07T03:25:46.274357+00:00
1579256,1843,16117560,"CORNEJO LANZO, MATEO",48,48,102,https://www.rffm.es/acta-partido/1579256,2026-08-07T03:25:46.274357+00:00
1579253,851327,13289566,"MORENO CANTALEJO, GABRIEL",4,4,100,https://www.rffm.es/acta-partido/1579253,2026-08-07T03:25:46.279938+00:00
1579253,851327,13289566,"MORENO CANTALEJO, GABRIEL",59,59,100,https://www.rffm.es/acta-partido/1579253,2026-08-07T03:25:46.279938+00:00
1579257,577,8520564,"REYES MORENO, ABEL",7,7,100,https://www.rffm.es/acta-partido/1579257,2026-08-07T03:25:46.312094+00:00
1579257,577,8031826,"DE LEON MARTINEZ, HUGO",8,8,100,https://www.rffm.es/acta-partido/1579257,2026-08-07T03:25:46.312094+00:00
1579257,577,14164247,"DIAZ-JIMENEZ MARTIN, ADRIAN",14,14,100,https://www.rffm.es/acta-partido/1579257,2026-08-07T03:25:46.312094+00:00
1579257,577,10707960,"CARRACEDO CORTIJO, DANIEL",30,30,101,https://www.rffm.es/acta-partido/1579257,2026-08-07T03:25:46.312094+00:00
1579251,300648,9548224,"LOZANO ROMAN, AITOR",1,1,100,https://www.rffm.es/acta-partido/1579251,2026-08-07T03:25:46.372224+00:00
1579251,300648,9855264,"MOLINA RAMOS, ADRIAN",16,16,100,https://www.rffm.es/acta-partido/1579251,2026-08-07T03:25:46.372224+00:00
1579251,300648,7967853,"CAMARERO PINTO, MARCO",57,57,100,https://www.rffm.es/acta-partido/1579251,2026-08-07T03:25:46.372224+00:00
1579250,1800,8896858,"RODRIGUEZ PEREZ, LUCIA",28,28,100,https://www.rffm.es/acta-partido/1579250,2026-08-07T03:25:46.595765+00:00
1579255,466785,8415922,"CASTRO SAMPER, VICTOR MANUEL",55,55,100,https://www.rffm.es/acta-partido/1579255,2026-08-07T03:25:46.635397+00:00
1579255,466785,10168213,"RIVERA SIMON, ANDRES",59,59,100,https://www.rffm.es/acta-partido/1579255,2026-08-07T03:25:46.635397+00:00
1579255,53,13249312,"MARTIN VALENZUELA, LUIS",29,29,100,https://www.rffm.es/acta-partido/1579255,2026-08-07T03:25:46.635397+00:00
1579255,53,10195297,"MARCOS MARCOS, ENZO",45,45,100,https://www.rffm.es/acta-partido/1579255,2026-08-07T03:25:46.635397+00:00
1579262,289,11336150,"MARTIN RODRIGUEZ, ALEX",22,22,100,https://www.rffm.es/acta-partido/1579262,2026-08-07T03:25:47.274276+00:00
1579262,289,11336376,"HUETE MARTINEZ, HECTOR",26,26,100,https://www.rffm.es/acta-partido/1579262,2026-08-07T03:25:47.274276+00:00
1579262,289,9344590,"HERAS LOPEZ-MENCHERO, JESUS",29,29,100,https://www.rffm.es/acta-partido/1579262,2026-08-07T03:25:47.274276+00:00
1579262,289,11336775,"PALOMINO LARA, HUGO",55,55,100,https://www.rffm.es/acta-partido/1579262,2026-08-07T03:25:47.274276+00:00
1579262,1031180,10755004,"FERNANDEZ MANZANO, IYAN",59,59,100,https://www.rffm.es/acta-partido/1579262,2026-08-07T03:25:47.274276+00:00
1579260,15294619,9791949,"FERNANDEZ QUESADA, MARCOS",1,1,100,https://www.rffm.es/acta-partido/1579260,2026-08-07T03:25:47.451962+00:00
1579260,15294619,8518346,"JIMENEZ MAZA, MANUEL",12,12,100,https://www.rffm.es/acta-partido/1579260,2026-08-07T03:25:47.451962+00:00
1579260,300648,8529393,"RODRIGUEZ LOPEZ, ALEJANDRO",7,7,100,https://www.rffm.es/acta-partido/1579260,2026-08-07T03:25:47.451962+00:00
1579260,300648,12453474,"ANDRADE ALDEA, RAFAEL ALEXANDRE",33,33,100,https://www.rffm.es/acta-partido/1579260,2026-08-07T03:25:47.451962+00:00
1579260,300648,6682327,"DOMINGUEZ ALONSO, HUGO",55,55,100,https://www.rffm.es/acta-partido/1579260,2026-08-07T03:25:47.451962+00:00
1579260,300648,6682327,"DOMINGUEZ ALONSO, HUGO",59,59,100,https://www.rffm.es/acta-partido/1579260,2026-08-07T03:25:47.451962+00:00
1579265,81,13209534,"ACEVEDO HERRERO, HUGO",11,11,100,https://www.rffm.es/acta-partido/1579265,2026-08-07T03:25:47.456126+00:00
1579263,53,11315418,"CALVO HERNANDO, MARCOS",7,7,100,https://www.rffm.es/acta-partido/1579263,2026-08-07T03:25:47.494405+00:00
1579263,53,10179663,"JOAQUIM PINEDA, JONATHAN",17,17,100,https://www.rffm.es/acta-partido/1579263,2026-08-07T03:25:47.494405+00:00
1579263,53,10179663,"JOAQUIM PINEDA, JONATHAN",30,30,100,https://www.rffm.es/acta-partido/1579263,2026-08-07T03:25:47.494405+00:00
1579263,53,13165798,"VALCARCE TOLEDANO, JORGE",34,34,100,https://www.rffm.es/acta-partido/1579263,2026-08-07T03:25:47.494405+00:00
1579263,53,8297891,"LINARES NAVARRO, IKER",37,37,100,https://www.rffm.es/acta-partido/1579263,2026-08-07T03:25:47.494405+00:00
1579263,53,11339946,"BRUNO CABRERA, DANIEL",56,56,100,https://www.rffm.es/acta-partido/1579263,2026-08-07T03:25:47.494405+00:00
1579263,53,11339946,"BRUNO CABRERA, DANIEL",58,58,100,https://www.rffm.es/acta-partido/1579263,2026-08-07T03:25:47.494405+00:00
1579263,53,8515667,"DELGADO MARIN, MARIO",60,60,100,https://www.rffm.es/acta-partido/1579263,2026-08-07T03:25:47.494405+00:00
1579263,2359,9707482,"GARCIA PAMOS, JOSE LUIS",4,4,100,https://www.rffm.es/acta-partido/1579263,2026-08-07T03:25:47.494405+00:00
1579261,851327,11810719,"DIAZ GOMEZ, IKER",19,19,100,https://www.rffm.es/acta-partido/1579261,2026-08-07T03:25:47.506527+00:00
1579261,851327,9529681,"CRUZ MONTERO, HUGO",60,60,100,https://www.rffm.es/acta-partido/1579261,2026-08-07T03:25:47.506527+00:00
1579264,466785,7803417,"LOBO PLAZA, MARIO",2,2,100,https://www.rffm.es/acta-partido/1579264,2026-08-07T03:25:47.662045+00:00
1579264,466785,7803417,"LOBO PLAZA, MARIO",4,4,100,https://www.rffm.es/acta-partido/1579264,2026-08-07T03:25:47.662045+00:00
1579264,466785,7803417,"LOBO PLAZA, MARIO",33,33,100,https://www.rffm.es/acta-partido/1579264,2026-08-07T03:25:47.662045+00:00
1579264,466785,8377344,"HERRAN TORRES, EFREN",54,54,100,https://www.rffm.es/acta-partido/1579264,2026-08-07T03:25:47.662045+00:00
1579264,466785,12167228,"ALZAS BAOUALI, RAYANE",59,59,100,https://www.rffm.es/acta-partido/1579264,2026-08-07T03:25:47.662045+00:00
1579258,577,8180556,"HERRANZ RUIZ, DAVID",12,12,100,https://www.rffm.es/acta-partido/1579258,2026-08-07T03:25:47.812013+00:00
1579258,577,10706428,"MARTIN RUIZ, JUAN",22,22,100,https://www.rffm.es/acta-partido/1579258,2026-08-07T03:25:47.812013+00:00
1579258,577,8180556,"HERRANZ RUIZ, DAVID",29,29,100,https://www.rffm.es/acta-partido/1579258,2026-08-07T03:25:47.812013+00:00
1579258,577,8298012,"CASTAN ARROYO, JOEL",31,31,100,https://www.rffm.es/acta-partido/1579258,2026-08-07T03:25:47.812013+00:00
1579259,636,7152436,"PINOS ESPINOZA, ANTHONY JAVIER",16,16,100,https://www.rffm.es/acta-partido/1579259,2026-08-07T03:25:47.977667+00:00
1579259,636,7315025,"SANTAMARIA BRIZ, ALVARO",29,29,100,https://www.rffm.es/acta-partido/1579259,2026-08-07T03:25:47.977667+00:00
1579259,1800,8461755,"SANABRIA LLANOS, ANTONIO MATEO",40,40,100,https://www.rffm.es/acta-partido/1579259,2026-08-07T03:25:47.977667+00:00
1579259,1800,8896858,"RODRIGUEZ PEREZ, LUCIA",43,43,100,https://www.rffm.es/acta-partido/1579259,2026-08-07T03:25:47.977667+00:00
1579259,1800,8461755,"SANABRIA LLANOS, ANTONIO MATEO",46,46,100,https://www.rffm.es/acta-partido/1579259,2026-08-07T03:25:47.977667+00:00
1579271,2359,7833834,"HERNANDEZ CRISTOBAL, HUGO",19,19,100,https://www.rffm.es/acta-partido/1579271,2026-08-07T03:25:48.373592+00:00
1579271,2359,7834323,"MARTIN SORIANO, MIGUEL ANGEL",58,58,100,https://www.rffm.es/acta-partido/1579271,2026-08-07T03:25:48.373592+00:00
1579271,2359,15091181,"OSE VINCENT, OSARETIN",59,59,100,https://www.rffm.es/acta-partido/1579271,2026-08-07T03:25:48.373592+00:00
1579268,300648,9495192,"NOVO BAEZA, DARIO",4,4,100,https://www.rffm.es/acta-partido/1579268,2026-08-07T03:25:48.474914+00:00
1579268,300648,8489250,"GUTIERREZ REDONDO, YAGO",13,13,100,https://www.rffm.es/acta-partido/1579268,2026-08-07T03:25:48.474914+00:00
1579268,300648,8489250,"GUTIERREZ REDONDO, YAGO",26,26,100,https://www.rffm.es/acta-partido/1579268,2026-08-07T03:25:48.474914+00:00
1579268,300648,6682327,"DOMINGUEZ ALONSO, HUGO",36,36,100,https://www.rffm.es/acta-partido/1579268,2026-08-07T03:25:48.474914+00:00
1579268,300648,8361891,"ANADON ORTIZ, ADRIAN",46,46,100,https://www.rffm.es/acta-partido/1579268,2026-08-07T03:25:48.474914+00:00
1579268,300648,9548224,"LOZANO ROMAN, AITOR",53,53,100,https://www.rffm.es/acta-partido/1579268,2026-08-07T03:25:48.474914+00:00
1579270,1031180,10754886,"PINTO SAN JOSE, IKER",30,30,100,https://www.rffm.es/acta-partido/1579270,2026-08-07T03:25:48.525525+00:00
1579270,53,10179663,"JOAQUIM PINEDA, JONATHAN",5,5,100,https://www.rffm.es/acta-partido/1579270,2026-08-07T03:25:48.525525+00:00
1579270,53,13249312,"MARTIN VALENZUELA, LUIS",38,38,100,https://www.rffm.es/acta-partido/1579270,2026-08-07T03:25:48.525525+00:00
1579270,53,8515667,"DELGADO MARIN, MARIO",55,55,100,https://www.rffm.es/acta-partido/1579270,2026-08-07T03:25:48.525525+00:00
1579273,577,14164247,"DIAZ-JIMENEZ MARTIN, ADRIAN",11,11,100,https://www.rffm.es/acta-partido/1579273,2026-08-07T03:25:48.530425+00:00
1579273,577,14164247,"DIAZ-JIMENEZ MARTIN, ADRIAN",15,15,100,https://www.rffm.es/acta-partido/1579273,2026-08-07T03:25:48.530425+00:00
1579273,577,8520564,"REYES MORENO, ABEL",31,31,100,https://www.rffm.es/acta-partido/1579273,2026-08-07T03:25:48.530425+00:00
1579273,577,14164247,"DIAZ-JIMENEZ MARTIN, ADRIAN",32,32,100,https://www.rffm.es/acta-partido/1579273,2026-08-07T03:25:48.530425+00:00
1579273,577,10707960,"CARRACEDO CORTIJO, DANIEL",35,35,100,https://www.rffm.es/acta-partido/1579273,2026-08-07T03:25:48.530425+00:00
1579273,577,8031826,"DE LEON MARTINEZ, HUGO",38,38,100,https://www.rffm.es/acta-partido/1579273,2026-08-07T03:25:48.530425+00:00
1579273,577,10707960,"CARRACEDO CORTIJO, DANIEL",55,55,100,https://www.rffm.es/acta-partido/1579273,2026-08-07T03:25:48.530425+00:00
1579267,1800,8896858,"RODRIGUEZ PEREZ, LUCIA",9,9,100,https://www.rffm.es/acta-partido/1579267,2026-08-07T03:25:48.537328+00:00
1579267,1800,8896858,"RODRIGUEZ PEREZ, LUCIA",38,38,100,https://www.rffm.es/acta-partido/1579267,2026-08-07T03:25:48.537328+00:00
1579267,15294619,8518346,"JIMENEZ MAZA, MANUEL",43,43,100,https://www.rffm.es/acta-partido/1579267,2026-08-07T03:25:48.537328+00:00
1579269,3032,9947805,"MATEO GARVIA, ALEJANDRO",31,31,100,https://www.rffm.es/acta-partido/1579269,2026-08-07T03:25:48.813875+00:00
1579269,3032,8702416,"MIRA EXPOSITO, HUGO",37,37,100,https://www.rffm.es/acta-partido/1579269,2026-08-07T03:25:48.813875+00:00
1579269,3032,8663768,"RAMOS SOLER, OLIVER",43,43,100,https://www.rffm.es/acta-partido/1579269,2026-08-07T03:25:48.813875+00:00
1579269,289,11336775,"PALOMINO LARA, HUGO",34,34,100,https://www.rffm.es/acta-partido/1579269,2026-08-07T03:25:48.813875+00:00
1579269,289,11336150,"MARTIN RODRIGUEZ, ALEX",59,59,100,https://www.rffm.es/acta-partido/1579269,2026-08-07T03:25:48.813875+00:00
1579272,2108,9707311,"GARCIA GALLEGO, AXEL",25,25,100,https://www.rffm.es/acta-partido/1579272,2026-08-07T03:25:49.016822+00:00
1579266,2138,9522219,"RIOS GUZMAN, ADRIAN",52,52,101,https://www.rffm.es/acta-partido/1579266,2026-08-07T03:25:49.086032+00:00
1579266,636,7187114,"MIERES WAGNER, NOAH MANUEL",11,11,100,https://www.rffm.es/acta-partido/1579266,2026-08-07T03:25:49.086032+00:00
1579277,300648,6682327,"DOMINGUEZ ALONSO, HUGO",59,59,100,https://www.rffm.es/acta-partido/1579277,2026-08-07T03:25:49.999327+00:00
1579279,1843,13440625,"ESTRELLA LAMOS, ALONSO",36,36,100,https://www.rffm.es/acta-partido/1579279,2026-08-07T03:25:50.005059+00:00
1579279,1843,6902916,"DE FRANCISCO DE DIEGO, ANGEL",60,60,100,https://www.rffm.es/acta-partido/1579279,2026-08-07T03:25:50.005059+00:00
1579279,1031180,8504415,"REQUEIJO PETRONILA, ALEJANDRO",1,1,100,https://www.rffm.es/acta-partido/1579279,2026-08-07T03:25:50.005059+00:00
1579279,1031180,8627936,"LOPEZ GOMEZ, CARLOS",20,20,100,https://www.rffm.es/acta-partido/1579279,2026-08-07T03:25:50.005059+00:00
1579279,1031180,8627936,"LOPEZ GOMEZ, CARLOS",21,21,100,https://www.rffm.es/acta-partido/1579279,2026-08-07T03:25:50.005059+00:00
1579279,1031180,8627936,"LOPEZ GOMEZ, CARLOS",41,41,100,https://www.rffm.es/acta-partido/1579279,2026-08-07T03:25:50.005059+00:00
1579279,1031180,10755020,"RODRIGUEZ VILLAREJO, ALVARO",51,51,100,https://www.rffm.es/acta-partido/1579279,2026-08-07T03:25:50.005059+00:00
1579279,1031180,13748238,"THOMAS SANCHEZ, JAVIER",69,69,100,https://www.rffm.es/acta-partido/1579279,2026-08-07T03:25:50.005059+00:00
1579281,81,8261134,"DOMINGUEZ GIJON, ALVARO",29,29,101,https://www.rffm.es/acta-partido/1579281,2026-08-07T03:25:50.019941+00:00
1579281,466785,10168213,"RIVERA SIMON, ANDRES",46,46,100,https://www.rffm.es/acta-partido/1579281,2026-08-07T03:25:50.019941+00:00
1579280,2108,9707311,"GARCIA GALLEGO, AXEL",28,28,101,https://www.rffm.es/acta-partido/1579280,2026-08-07T03:25:50.038925+00:00
1579280,2359,9707482,"GARCIA PAMOS, JOSE LUIS",5,5,100,https://www.rffm.es/acta-partido/1579280,2026-08-07T03:25:50.038925+00:00
1579280,2359,7833960,"AVILA GARRIDO, MARCO",20,20,100,https://www.rffm.es/acta-partido/1579280,2026-08-07T03:25:50.038925+00:00
1579280,2359,13677025,"LOZANO LOPEZ DE LA REINA, ALEJANDRO",33,33,100,https://www.rffm.es/acta-partido/1579280,2026-08-07T03:25:50.038925+00:00
1579276,851327,13175841,"EL KIRA, MOHAMED",4,4,100,https://www.rffm.es/acta-partido/1579276,2026-08-07T03:25:50.072165+00:00
1579275,15294619,10831047,"ALONSO RODRIGUEZ, HUGO",50,50,101,https://www.rffm.es/acta-partido/1579275,2026-08-07T03:25:50.123455+00:00
1579275,2138,8342995,"GALLARDO MONTES, DANIEL",39,39,100,https://www.rffm.es/acta-partido/1579275,2026-08-07T03:25:50.123455+00:00
1579275,2138,12738955,"NAVAS CUESTA, ARAN",59,59,100,https://www.rffm.es/acta-partido/1579275,2026-08-07T03:25:50.123455+00:00
1579274,636,8452911,"MARTI RODRIGUEZ, MARIO",52,52,100,https://www.rffm.es/acta-partido/1579274,2026-08-07T03:25:50.271692+00:00
1579274,577,15439210,"CHAPINAL SANCHEZ, HECTOR",12,12,100,https://www.rffm.es/acta-partido/1579274,2026-08-07T03:25:50.271692+00:00
1579274,577,14164247,"DIAZ-JIMENEZ MARTIN, ADRIAN",59,59,100,https://www.rffm.es/acta-partido/1579274,2026-08-07T03:25:50.271692+00:00
1579278,53,11315418,"CALVO HERNANDO, MARCOS",2,2,100,https://www.rffm.es/acta-partido/1579278,2026-08-07T03:25:50.340316+00:00
1579278,53,13249312,"MARTIN VALENZUELA, LUIS",17,17,100,https://www.rffm.es/acta-partido/1579278,2026-08-07T03:25:50.340316+00:00
1579278,3032,8702416,"MIRA EXPOSITO, HUGO",24,24,100,https://www.rffm.es/acta-partido/1579278,2026-08-07T03:25:50.340316+00:00
1579278,3032,8702416,"MIRA EXPOSITO, HUGO",29,29,101,https://www.rffm.es/acta-partido/1579278,2026-08-07T03:25:50.340316+00:00
1579282,636,11774359,"LOZANO DATU, MARCOS",35,35,100,https://www.rffm.es/acta-partido/1579282,2026-08-07T03:25:50.724210+00:00
1579282,636,7315025,"SANTAMARIA BRIZ, ALVARO",38,38,100,https://www.rffm.es/acta-partido/1579282,2026-08-07T03:25:50.724210+00:00
1579282,15294619,10831047,"ALONSO RODRIGUEZ, HUGO",45,45,101,https://www.rffm.es/acta-partido/1579282,2026-08-07T03:25:50.724210+00:00
1579287,2108,11773849,"MARTIN GARCIA, MARCOS",41,41,100,https://www.rffm.es/acta-partido/1579287,2026-08-07T03:25:51.009687+00:00
1579289,577,14164247,"DIAZ-JIMENEZ MARTIN, ADRIAN",24,24,100,https://www.rffm.es/acta-partido/1579289,2026-08-07T03:25:51.016063+00:00
1579289,577,10706390,"SANCHEZ TORRES, DAVID",35,35,100,https://www.rffm.es/acta-partido/1579289,2026-08-07T03:25:51.016063+00:00
1579289,577,8298012,"CASTAN ARROYO, JOEL",43,43,100,https://www.rffm.es/acta-partido/1579289,2026-08-07T03:25:51.016063+00:00
1579289,577,8298012,"CASTAN ARROYO, JOEL",48,48,100,https://www.rffm.es/acta-partido/1579289,2026-08-07T03:25:51.016063+00:00
1579289,577,10706309,"ALONSO DIAZ, LUIS",53,53,100,https://www.rffm.es/acta-partido/1579289,2026-08-07T03:25:51.016063+00:00
1579286,3032,8663768,"RAMOS SOLER, OLIVER",4,4,100,https://www.rffm.es/acta-partido/1579286,2026-08-07T03:25:51.022600+00:00
1579286,3032,8663768,"RAMOS SOLER, OLIVER",8,8,100,https://www.rffm.es/acta-partido/1579286,2026-08-07T03:25:51.022600+00:00
1579286,3032,8663790,"MEDINA CAMPOS, MARCOS",32,32,100,https://www.rffm.es/acta-partido/1579286,2026-08-07T03:25:51.022600+00:00
1579286,3032,8695284,"GIL GIL, SAMUEL",59,59,100,https://www.rffm.es/acta-partido/1579286,2026-08-07T03:25:51.022600+00:00
1579286,1843,13249849,"ORTIZ HERNANDEZ, ENZO",2,2,100,https://www.rffm.es/acta-partido/1579286,2026-08-07T03:25:51.022600+00:00
1579286,1843,10708507,"AOUD OUHABI, IMRAN",45,45,100,https://www.rffm.es/acta-partido/1579286,2026-08-07T03:25:51.022600+00:00
1579285,300648,9495192,"NOVO BAEZA, DARIO",28,28,100,https://www.rffm.es/acta-partido/1579285,2026-08-07T03:25:51.241777+00:00
1579285,300648,10156522,"FERNANDEZ, BENJAMIN",30,30,100,https://www.rffm.es/acta-partido/1579285,2026-08-07T03:25:51.241777+00:00
1579285,300648,8489250,"GUTIERREZ REDONDO, YAGO",47,47,100,https://www.rffm.es/acta-partido/1579285,2026-08-07T03:25:51.241777+00:00
1579285,300648,12453474,"ANDRADE ALDEA, RAFAEL ALEXANDRE",56,56,100,https://www.rffm.es/acta-partido/1579285,2026-08-07T03:25:51.241777+00:00
1579285,300648,12453474,"ANDRADE ALDEA, RAFAEL ALEXANDRE",59,59,100,https://www.rffm.es/acta-partido/1579285,2026-08-07T03:25:51.241777+00:00
1579285,300648,12453474,"ANDRADE ALDEA, RAFAEL ALEXANDRE",59,59,100,https://www.rffm.es/acta-partido/1579285,2026-08-07T03:25:51.241777+00:00
1579285,53,11315418,"CALVO HERNANDO, MARCOS",52,52,100,https://www.rffm.es/acta-partido/1579285,2026-08-07T03:25:51.241777+00:00
1579288,2359,13084428,"NEFERU, DENIS ADRIAN",5,5,102,https://www.rffm.es/acta-partido/1579288,2026-08-07T03:25:51.551704+00:00
1579288,81,13175962,"CORRALES CHAMORRO, ALEJANDRO",15,15,100,https://www.rffm.es/acta-partido/1579288,2026-08-07T03:25:51.551704+00:00
1579283,851327,13289566,"MORENO CANTALEJO, GABRIEL",25,25,100,https://www.rffm.es/acta-partido/1579283,2026-08-07T03:25:51.620287+00:00
1579283,851327,10142707,"PINTADO TOMALO, DYLAN JOEL",31,31,100,https://www.rffm.es/acta-partido/1579283,2026-08-07T03:25:51.620287+00:00
1579292,289,10143092,"ARNAL SANCHEZ, MIGUEL",47,47,100,https://www.rffm.es/acta-partido/1579292,2026-08-07T03:25:52.049437+00:00
1579292,2138,8392641,"RODRIGO MOYANO, RAÚL",26,26,100,https://www.rffm.es/acta-partido/1579292,2026-08-07T03:25:52.049437+00:00
1579290,15294619,8514773,"GARABATEA ROMERO, AITOR ",20,20,100,https://www.rffm.es/acta-partido/1579290,2026-08-07T03:25:52.088591+00:00
1579290,15294619,10831047,"ALONSO RODRIGUEZ, HUGO",54,54,100,https://www.rffm.es/acta-partido/1579290,2026-08-07T03:25:52.088591+00:00
1579290,577,8180556,"HERRANZ RUIZ, DAVID",2,2,100,https://www.rffm.es/acta-partido/1579290,2026-08-07T03:25:52.088591+00:00
1579290,577,8180556,"HERRANZ RUIZ, DAVID",11,11,100,https://www.rffm.es/acta-partido/1579290,2026-08-07T03:25:52.088591+00:00
1579290,577,8520564,"REYES MORENO, ABEL",14,14,100,https://www.rffm.es/acta-partido/1579290,2026-08-07T03:25:52.088591+00:00
1579290,577,8298012,"CASTAN ARROYO, JOEL",45,45,100,https://www.rffm.es/acta-partido/1579290,2026-08-07T03:25:52.088591+00:00
1579290,577,7021423,"ALBA SAN PABLO, IZAN",47,47,100,https://www.rffm.es/acta-partido/1579290,2026-08-07T03:25:52.088591+00:00
1579290,577,8520564,"REYES MORENO, ABEL",50,50,100,https://www.rffm.es/acta-partido/1579290,2026-08-07T03:25:52.088591+00:00
1579290,577,10706390,"SANCHEZ TORRES, DAVID",65,65,100,https://www.rffm.es/acta-partido/1579290,2026-08-07T03:25:52.088591+00:00
1579291,851327,10142707,"PINTADO TOMALO, DYLAN JOEL",1,1,100,https://www.rffm.es/acta-partido/1579291,2026-08-07T03:25:52.148202+00:00
1579291,851327,8520530,"GOMEZ NUÑEZ ARENAS, SERGIO",19,19,100,https://www.rffm.es/acta-partido/1579291,2026-08-07T03:25:52.148202+00:00
1579291,636,15894340,"IBAÑEZ BENEDI, GUILLERMO",33,33,100,https://www.rffm.es/acta-partido/1579291,2026-08-07T03:25:52.148202+00:00
1579291,636,7315025,"SANTAMARIA BRIZ, ALVARO",59,59,100,https://www.rffm.es/acta-partido/1579291,2026-08-07T03:25:52.148202+00:00
1579294,300648,8529393,"RODRIGUEZ LOPEZ, ALEJANDRO",4,4,100,https://www.rffm.es/acta-partido/1579294,2026-08-07T03:25:52.205103+00:00
1579294,300648,8529393,"RODRIGUEZ LOPEZ, ALEJANDRO",7,7,100,https://www.rffm.es/acta-partido/1579294,2026-08-07T03:25:52.205103+00:00
1579294,300648,8489250,"GUTIERREZ REDONDO, YAGO",20,20,100,https://www.rffm.es/acta-partido/1579294,2026-08-07T03:25:52.205103+00:00
1579294,300648,8529393,"RODRIGUEZ LOPEZ, ALEJANDRO",24,24,100,https://www.rffm.es/acta-partido/1579294,2026-08-07T03:25:52.205103+00:00
1579294,300648,8456668,"BRAVO GONZALEZ, JORGE",29,29,101,https://www.rffm.es/acta-partido/1579294,2026-08-07T03:25:52.205103+00:00
1579294,300648,9529506,"SANCHEZ JIMENEZ, ALEJANDRO",31,31,100,https://www.rffm.es/acta-partido/1579294,2026-08-07T03:25:52.205103+00:00
1579294,300648,9529414,"MARTÍNEZ BARRENA, LUIS",32,32,100,https://www.rffm.es/acta-partido/1579294,2026-08-07T03:25:52.205103+00:00
1579294,300648,8489250,"GUTIERREZ REDONDO, YAGO",38,38,100,https://www.rffm.es/acta-partido/1579294,2026-08-07T03:25:52.205103+00:00
1579294,300648,8529393,"RODRIGUEZ LOPEZ, ALEJANDRO",49,49,100,https://www.rffm.es/acta-partido/1579294,2026-08-07T03:25:52.205103+00:00
1579294,300648,12453474,"ANDRADE ALDEA, RAFAEL ALEXANDRE",52,52,100,https://www.rffm.es/acta-partido/1579294,2026-08-07T03:25:52.205103+00:00
1579294,300648,12453474,"ANDRADE ALDEA, RAFAEL ALEXANDRE",53,53,100,https://www.rffm.es/acta-partido/1579294,2026-08-07T03:25:52.205103+00:00
1579294,300648,9529414,"MARTÍNEZ BARRENA, LUIS",56,56,100,https://www.rffm.es/acta-partido/1579294,2026-08-07T03:25:52.205103+00:00
1579294,300648,9529414,"MARTÍNEZ BARRENA, LUIS",59,59,100,https://www.rffm.es/acta-partido/1579294,2026-08-07T03:25:52.205103+00:00
1579295,3032,8542743,"LOZANO NORIEGA, HUGO",15,15,100,https://www.rffm.es/acta-partido/1579295,2026-08-07T03:25:52.217105+00:00
1579295,3032,8651334,"CUADRADO HIPOLITO, DANIEL",59,59,100,https://www.rffm.es/acta-partido/1579295,2026-08-07T03:25:52.217105+00:00
1579297,466785,12167228,"ALZAS BAOUALI, RAYANE",3,3,100,https://www.rffm.es/acta-partido/1579297,2026-08-07T03:25:52.488329+00:00
1579297,466785,7803417,"LOBO PLAZA, MARIO",10,10,100,https://www.rffm.es/acta-partido/1579297,2026-08-07T03:25:52.488329+00:00
1579297,466785,8415922,"CASTRO SAMPER, VICTOR MANUEL",21,21,100,https://www.rffm.es/acta-partido/1579297,2026-08-07T03:25:52.488329+00:00
1579297,466785,11824110,"ABID MOCANU, ZIDAN MOUHAMED",54,54,100,https://www.rffm.es/acta-partido/1579297,2026-08-07T03:25:52.488329+00:00
1579297,2359,10826501,"NICULCEA, ROBERT CIPRIAN",33,33,100,https://www.rffm.es/acta-partido/1579297,2026-08-07T03:25:52.488329+00:00
1579296,1031180,8627936,"LOPEZ GOMEZ, CARLOS",7,7,101,https://www.rffm.es/acta-partido/1579296,2026-08-07T03:25:52.760144+00:00
1579296,1031180,12540465,"PLAZA CASERO, IVAN",26,26,100,https://www.rffm.es/acta-partido/1579296,2026-08-07T03:25:52.760144+00:00
1579293,1800,8461755,"SANABRIA LLANOS, ANTONIO MATEO",46,46,100,https://www.rffm.es/acta-partido/1579293,2026-08-07T03:25:52.881500+00:00
1579293,1800,10170241,"LOPEZ ALONSO, AARON",57,57,100,https://www.rffm.es/acta-partido/1579293,2026-08-07T03:25:52.881500+00:00
1579305,577,8298012,"CASTAN ARROYO, JOEL",4,4,100,https://www.rffm.es/acta-partido/1579305,2026-08-07T03:25:53.339979+00:00
1579305,577,10706536,"FERNANDEZ SAIZ, MARCO",8,8,101,https://www.rffm.es/acta-partido/1579305,2026-08-07T03:25:53.339979+00:00
1579305,577,8298012,"CASTAN ARROYO, JOEL",31,31,100,https://www.rffm.es/acta-partido/1579305,2026-08-07T03:25:53.339979+00:00
1579305,577,14164247,"DIAZ-JIMENEZ MARTIN, ADRIAN",44,44,100,https://www.rffm.es/acta-partido/1579305,2026-08-07T03:25:53.339979+00:00
1579305,577,7021423,"ALBA SAN PABLO, IZAN",51,51,100,https://www.rffm.es/acta-partido/1579305,2026-08-07T03:25:53.339979+00:00
1579305,2359,14206694,"BARTOLO EL YAKOUBI, MOHAMED",54,54,101,https://www.rffm.es/acta-partido/1579305,2026-08-07T03:25:53.339979+00:00
1579302,300648,8529393,"RODRIGUEZ LOPEZ, ALEJANDRO",3,3,100,https://www.rffm.es/acta-partido/1579302,2026-08-07T03:25:53.349887+00:00
1579302,300648,6682327,"DOMINGUEZ ALONSO, HUGO",14,14,100,https://www.rffm.es/acta-partido/1579302,2026-08-07T03:25:53.349887+00:00
1579302,300648,6682327,"DOMINGUEZ ALONSO, HUGO",16,16,100,https://www.rffm.es/acta-partido/1579302,2026-08-07T03:25:53.349887+00:00
1579302,300648,8529393,"RODRIGUEZ LOPEZ, ALEJANDRO",22,22,100,https://www.rffm.es/acta-partido/1579302,2026-08-07T03:25:53.349887+00:00
1579302,300648,8489250,"GUTIERREZ REDONDO, YAGO",44,44,100,https://www.rffm.es/acta-partido/1579302,2026-08-07T03:25:53.349887+00:00
1579302,300648,8489250,"GUTIERREZ REDONDO, YAGO",55,55,100,https://www.rffm.es/acta-partido/1579302,2026-08-07T03:25:53.349887+00:00
1579302,300648,12453474,"ANDRADE ALDEA, RAFAEL ALEXANDRE",57,57,100,https://www.rffm.es/acta-partido/1579302,2026-08-07T03:25:53.349887+00:00
1579302,2108,8174576,"GONZALEZ VARGAS, HUGO",6,6,102,https://www.rffm.es/acta-partido/1579302,2026-08-07T03:25:53.349887+00:00
1579302,2108,8522626,"HINOJOSA MORALES, LUCAS",40,40,102,https://www.rffm.es/acta-partido/1579302,2026-08-07T03:25:53.349887+00:00
1579303,3032,11816133,"CARRASCO SENISE, MARCO",25,25,100,https://www.rffm.es/acta-partido/1579303,2026-08-07T03:25:53.803705+00:00
1579303,3032,11816133,"CARRASCO SENISE, MARCO",29,29,100,https://www.rffm.es/acta-partido/1579303,2026-08-07T03:25:53.803705+00:00
1579303,81,8449817,"MERINO MORENO, IVAN",23,23,100,https://www.rffm.es/acta-partido/1579303,2026-08-07T03:25:53.803705+00:00
1579303,81,13209441,"CIRCOV BONCUT, DANIEL ANDREI",46,46,100,https://www.rffm.es/acta-partido/1579303,2026-08-07T03:25:53.803705+00:00
1579298,15294619,8518346,"JIMENEZ MAZA, MANUEL",23,23,100,https://www.rffm.es/acta-partido/1579298,2026-08-07T03:25:53.870275+00:00
1579298,15294619,11755263,"LAUP LOOR, ALEJANDRO",45,45,102,https://www.rffm.es/acta-partido/1579298,2026-08-07T03:25:53.870275+00:00
1579301,1800,8174311,"JIMENEZ ALONSO, SERGIO",3,3,100,https://www.rffm.es/acta-partido/1579301,2026-08-07T03:25:53.879152+00:00
1579301,1800,2793491,"CUPIDO MORENO, IZAN",5,5,101,https://www.rffm.es/acta-partido/1579301,2026-08-07T03:25:53.879152+00:00
1579301,1800,8174387,"JIMENEZ ALONSO, RAUL",10,10,100,https://www.rffm.es/acta-partido/1579301,2026-08-07T03:25:53.879152+00:00
1579301,1800,8174311,"JIMENEZ ALONSO, SERGIO",26,26,100,https://www.rffm.es/acta-partido/1579301,2026-08-07T03:25:53.879152+00:00
1579301,1800,8174387,"JIMENEZ ALONSO, RAUL",48,48,100,https://www.rffm.es/acta-partido/1579301,2026-08-07T03:25:53.879152+00:00
1579301,1800,8461755,"SANABRIA LLANOS, ANTONIO MATEO",53,53,100,https://www.rffm.es/acta-partido/1579301,2026-08-07T03:25:53.879152+00:00
1579301,1800,8174311,"JIMENEZ ALONSO, SERGIO",58,58,100,https://www.rffm.es/acta-partido/1579301,2026-08-07T03:25:53.879152+00:00
1579300,2138,8709632,"ARROYO SANZ, FABIAN",20,20,100,https://www.rffm.es/acta-partido/1579300,2026-08-07T03:25:53.879619+00:00
1579300,2138,8709632,"ARROYO SANZ, FABIAN",25,25,100,https://www.rffm.es/acta-partido/1579300,2026-08-07T03:25:53.879619+00:00
1579300,2138,2793487,"GONZALEZ COUSO, ISMAEL",31,31,100,https://www.rffm.es/acta-partido/1579300,2026-08-07T03:25:53.879619+00:00
1579300,2138,9994405,"GUAZA MARTIN, ANDRES",40,40,100,https://www.rffm.es/acta-partido/1579300,2026-08-07T03:25:53.879619+00:00
1579300,2138,11716987,"CUESTA ALONSO, RAUL",44,44,100,https://www.rffm.es/acta-partido/1579300,2026-08-07T03:25:53.879619+00:00
1579300,2138,8342995,"GALLARDO MONTES, DANIEL",53,53,100,https://www.rffm.es/acta-partido/1579300,2026-08-07T03:25:53.879619+00:00
1579300,2138,8342995,"GALLARDO MONTES, DANIEL",56,56,100,https://www.rffm.es/acta-partido/1579300,2026-08-07T03:25:53.879619+00:00
1579300,53,10195297,"MARCOS MARCOS, ENZO",47,47,100,https://www.rffm.es/acta-partido/1579300,2026-08-07T03:25:53.879619+00:00
1579299,636,11774359,"LOZANO DATU, MARCOS",9,9,100,https://www.rffm.es/acta-partido/1579299,2026-08-07T03:25:54.140076+00:00
1579299,636,9341252,"GUTIERREZ MONTERO, DANIEL",55,55,100,https://www.rffm.es/acta-partido/1579299,2026-08-07T03:25:54.140076+00:00
1579299,289,11336150,"MARTIN RODRIGUEZ, ALEX",27,27,100,https://www.rffm.es/acta-partido/1579299,2026-08-07T03:25:54.140076+00:00
1579299,289,12324528,"VARONA LOPEZ, ANGEL",52,52,100,https://www.rffm.es/acta-partido/1579299,2026-08-07T03:25:54.140076+00:00
1579304,1031180,10754926,"MANZANEDO OLIVERA, GONZALO",16,16,100,https://www.rffm.es/acta-partido/1579304,2026-08-07T03:25:54.173009+00:00
1579304,1031180,10754886,"PINTO SAN JOSE, IKER",58,58,100,https://www.rffm.es/acta-partido/1579304,2026-08-07T03:25:54.173009+00:00
1579304,466785,10168213,"RIVERA SIMON, ANDRES",13,13,100,https://www.rffm.es/acta-partido/1579304,2026-08-07T03:25:54.173009+00:00
1579304,466785,8415922,"CASTRO SAMPER, VICTOR MANUEL",18,18,100,https://www.rffm.es/acta-partido/1579304,2026-08-07T03:25:54.173009+00:00
1579304,466785,8415922,"CASTRO SAMPER, VICTOR MANUEL",25,25,100,https://www.rffm.es/acta-partido/1579304,2026-08-07T03:25:54.173009+00:00
1579304,466785,13837669,"OFKIR BOROI, ISAAC",34,34,100,https://www.rffm.es/acta-partido/1579304,2026-08-07T03:25:54.173009+00:00
1579309,1843,14745598,"PINTO CAMACHO, ANGEL LEONARDO",27,27,100,https://www.rffm.es/acta-partido/1579309,2026-08-07T03:25:54.546365+00:00
1579309,2138,11797675,"ONDO LOPEZ, JASON LUIS",10,10,100,https://www.rffm.es/acta-partido/1579309,2026-08-07T03:25:54.546365+00:00
1579309,2138,9522219,"RIOS GUZMAN, ADRIAN",29,29,100,https://www.rffm.es/acta-partido/1579309,2026-08-07T03:25:54.546365+00:00
1579309,2138,8392641,"RODRIGO MOYANO, RAÚL",40,40,100,https://www.rffm.es/acta-partido/1579309,2026-08-07T03:25:54.546365+00:00
1579309,2138,9522219,"RIOS GUZMAN, ADRIAN",55,55,100,https://www.rffm.es/acta-partido/1579309,2026-08-07T03:25:54.546365+00:00
1579313,2359,7833960,"AVILA GARRIDO, MARCO",11,11,100,https://www.rffm.es/acta-partido/1579313,2026-08-07T03:25:54.627255+00:00
1579313,1031180,15938983,"ESCUDERO SEDANO, PABLO",33,33,100,https://www.rffm.es/acta-partido/1579313,2026-08-07T03:25:54.627255+00:00
1579312,466785,12167228,"ALZAS BAOUALI, RAYANE",24,24,100,https://www.rffm.es/acta-partido/1579312,2026-08-07T03:25:54.636822+00:00
1579312,466785,8415922,"CASTRO SAMPER, VICTOR MANUEL",36,36,100,https://www.rffm.es/acta-partido/1579312,2026-08-07T03:25:54.636822+00:00
1579312,466785,13837669,"OFKIR BOROI, ISAAC",50,50,100,https://www.rffm.es/acta-partido/1579312,2026-08-07T03:25:54.636822+00:00
1579312,466785,8377344,"HERRAN TORRES, EFREN",56,56,100,https://www.rffm.es/acta-partido/1579312,2026-08-07T03:25:54.636822+00:00
1579312,3032,14463400,"GARCIA DEL VALLE, JORGE",33,33,100,https://www.rffm.es/acta-partido/1579312,2026-08-07T03:25:54.636822+00:00
1579310,1800,2793491,"CUPIDO MORENO, IZAN",24,24,101,https://www.rffm.es/acta-partido/1579310,2026-08-07T03:25:54.756123+00:00
1579310,1800,8429509,"LOPEZ ROMERO, MARIO",35,35,100,https://www.rffm.es/acta-partido/1579310,2026-08-07T03:25:54.756123+00:00
1579310,1800,8429509,"LOPEZ ROMERO, MARIO",44,44,100,https://www.rffm.es/acta-partido/1579310,2026-08-07T03:25:54.756123+00:00
1579307,289,10143092,"ARNAL SANCHEZ, MIGUEL",18,18,100,https://www.rffm.es/acta-partido/1579307,2026-08-07T03:25:54.976521+00:00
1579307,289,10143092,"ARNAL SANCHEZ, MIGUEL",21,21,100,https://www.rffm.es/acta-partido/1579307,2026-08-07T03:25:54.976521+00:00
1579307,289,11336150,"MARTIN RODRIGUEZ, ALEX",59,59,100,https://www.rffm.es/acta-partido/1579307,2026-08-07T03:25:54.976521+00:00
1579307,15294619,10828826,"SANCHEZ ROSA, ANGEL",6,6,100,https://www.rffm.es/acta-partido/1579307,2026-08-07T03:25:54.976521+00:00
1579307,15294619,10831063,"LLORET BUSTOS, MATEO",14,14,100,https://www.rffm.es/acta-partido/1579307,2026-08-07T03:25:54.976521+00:00
1579311,300648,10142551,"ALBAN ROCA, GALO RAFAEL",1,1,100,https://www.rffm.es/acta-partido/1579311,2026-08-07T03:25:55.286249+00:00
1579311,300648,12453474,"ANDRADE ALDEA, RAFAEL ALEXANDRE",12,12,100,https://www.rffm.es/acta-partido/1579311,2026-08-07T03:25:55.286249+00:00
1579311,300648,12453474,"ANDRADE ALDEA, RAFAEL ALEXANDRE",28,28,100,https://www.rffm.es/acta-partido/1579311,2026-08-07T03:25:55.286249+00:00
1579311,300648,9529069,"DEL POZO GALLEGO, HECTOR",31,31,100,https://www.rffm.es/acta-partido/1579311,2026-08-07T03:25:55.286249+00:00
1579311,300648,9495192,"NOVO BAEZA, DARIO",34,34,100,https://www.rffm.es/acta-partido/1579311,2026-08-07T03:25:55.286249+00:00
1579311,300648,8529393,"RODRIGUEZ LOPEZ, ALEJANDRO",42,42,100,https://www.rffm.es/acta-partido/1579311,2026-08-07T03:25:55.286249+00:00
1579311,300648,6682327,"DOMINGUEZ ALONSO, HUGO",43,43,100,https://www.rffm.es/acta-partido/1579311,2026-08-07T03:25:55.286249+00:00
1579311,300648,6682327,"DOMINGUEZ ALONSO, HUGO",45,45,100,https://www.rffm.es/acta-partido/1579311,2026-08-07T03:25:55.286249+00:00
1579311,300648,8529393,"RODRIGUEZ LOPEZ, ALEJANDRO",46,46,100,https://www.rffm.es/acta-partido/1579311,2026-08-07T03:25:55.286249+00:00
1579311,300648,8529393,"RODRIGUEZ LOPEZ, ALEJANDRO",54,54,100,https://www.rffm.es/acta-partido/1579311,2026-08-07T03:25:55.286249+00:00
1579308,53,10195297,"MARCOS MARCOS, ENZO",10,10,100,https://www.rffm.es/acta-partido/1579308,2026-08-07T03:25:55.368059+00:00
1579308,53,8471390,"GUILLEN DE LEON, CHRISTIAN ALBERTO",47,47,100,https://www.rffm.es/acta-partido/1579308,2026-08-07T03:25:55.368059+00:00
1579308,636,7315025,"SANTAMARIA BRIZ, ALVARO",2,2,101,https://www.rffm.es/acta-partido/1579308,2026-08-07T03:25:55.368059+00:00
1579308,636,15894340,"IBAÑEZ BENEDI, GUILLERMO",12,12,100,https://www.rffm.es/acta-partido/1579308,2026-08-07T03:25:55.368059+00:00
1579308,636,11774359,"LOZANO DATU, MARCOS",19,19,100,https://www.rffm.es/acta-partido/1579308,2026-08-07T03:25:55.368059+00:00
1579308,636,9341252,"GUTIERREZ MONTERO, DANIEL",35,35,100,https://www.rffm.es/acta-partido/1579308,2026-08-07T03:25:55.368059+00:00
1579308,636,15894340,"IBAÑEZ BENEDI, GUILLERMO",54,54,100,https://www.rffm.es/acta-partido/1579308,2026-08-07T03:25:55.368059+00:00
1579316,636,15894340,"IBAÑEZ BENEDI, GUILLERMO",9,9,100,https://www.rffm.es/acta-partido/1579316,2026-08-07T03:25:56.077022+00:00
1579316,636,9341252,"GUTIERREZ MONTERO, DANIEL",15,15,100,https://www.rffm.es/acta-partido/1579316,2026-08-07T03:25:56.077022+00:00
1579316,636,9341252,"GUTIERREZ MONTERO, DANIEL",26,26,100,https://www.rffm.es/acta-partido/1579316,2026-08-07T03:25:56.077022+00:00
1579316,636,7228531,"MENESES TAPIA, ANDREW ALEXIS",32,32,100,https://www.rffm.es/acta-partido/1579316,2026-08-07T03:25:56.077022+00:00
1579316,636,11774359,"LOZANO DATU, MARCOS",37,37,100,https://www.rffm.es/acta-partido/1579316,2026-08-07T03:25:56.077022+00:00
1579316,636,11774359,"LOZANO DATU, MARCOS",40,40,100,https://www.rffm.es/acta-partido/1579316,2026-08-07T03:25:56.077022+00:00
1579316,636,7315025,"SANTAMARIA BRIZ, ALVARO",43,43,100,https://www.rffm.es/acta-partido/1579316,2026-08-07T03:25:56.077022+00:00
1579316,636,7315025,"SANTAMARIA BRIZ, ALVARO",46,46,101,https://www.rffm.es/acta-partido/1579316,2026-08-07T03:25:56.077022+00:00
1579316,636,8486080,"UREÑA MORCILLO, IZAN",53,53,100,https://www.rffm.es/acta-partido/1579316,2026-08-07T03:25:56.077022+00:00
1579316,636,7152436,"PINOS ESPINOZA, ANTHONY JAVIER",57,57,100,https://www.rffm.es/acta-partido/1579316,2026-08-07T03:25:56.077022+00:00
1579321,577,12911461,"VAZQUEZ REY, CAYETANO",7,7,100,https://www.rffm.es/acta-partido/1579321,2026-08-07T03:25:56.081047+00:00
1579321,577,14164247,"DIAZ-JIMENEZ MARTIN, ADRIAN",14,14,100,https://www.rffm.es/acta-partido/1579321,2026-08-07T03:25:56.081047+00:00
1579321,577,10706390,"SANCHEZ TORRES, DAVID",25,25,100,https://www.rffm.es/acta-partido/1579321,2026-08-07T03:25:56.081047+00:00
1579321,577,14164247,"DIAZ-JIMENEZ MARTIN, ADRIAN",27,27,100,https://www.rffm.es/acta-partido/1579321,2026-08-07T03:25:56.081047+00:00
1579321,577,8520564,"REYES MORENO, ABEL",31,31,100,https://www.rffm.es/acta-partido/1579321,2026-08-07T03:25:56.081047+00:00
1579321,577,14164247,"DIAZ-JIMENEZ MARTIN, ADRIAN",33,33,100,https://www.rffm.es/acta-partido/1579321,2026-08-07T03:25:56.081047+00:00
1579321,577,8298012,"CASTAN ARROYO, JOEL",38,38,100,https://www.rffm.es/acta-partido/1579321,2026-08-07T03:25:56.081047+00:00
1579321,577,14164247,"DIAZ-JIMENEZ MARTIN, ADRIAN",41,41,100,https://www.rffm.es/acta-partido/1579321,2026-08-07T03:25:56.081047+00:00
1579321,577,8298012,"CASTAN ARROYO, JOEL",53,53,100,https://www.rffm.es/acta-partido/1579321,2026-08-07T03:25:56.081047+00:00
1579321,577,8298012,"CASTAN ARROYO, JOEL",59,59,100,https://www.rffm.es/acta-partido/1579321,2026-08-07T03:25:56.081047+00:00
1579318,1800,9943850,"SANCHEZ SANCHEZ, GUILLERMO",3,3,100,https://www.rffm.es/acta-partido/1579318,2026-08-07T03:25:56.208711+00:00
1579314,851327,13255519,"DRAGOMIR, TUDOR GABRIEL",4,4,101,https://www.rffm.es/acta-partido/1579314,2026-08-07T03:25:56.215427+00:00
1579314,851327,10142707,"PINTADO TOMALO, DYLAN JOEL",57,57,100,https://www.rffm.es/acta-partido/1579314,2026-08-07T03:25:56.215427+00:00
1579314,289,11336775,"PALOMINO LARA, HUGO",25,25,101,https://www.rffm.es/acta-partido/1579314,2026-08-07T03:25:56.215427+00:00
1579319,300648,6682327,"DOMINGUEZ ALONSO, HUGO",1,1,100,https://www.rffm.es/acta-partido/1579319,2026-08-07T03:25:56.244453+00:00
1579319,300648,7967853,"CAMARERO PINTO, MARCO",2,2,100,https://www.rffm.es/acta-partido/1579319,2026-08-07T03:25:56.244453+00:00
1579319,300648,9495192,"NOVO BAEZA, DARIO",8,8,101,https://www.rffm.es/acta-partido/1579319,2026-08-07T03:25:56.244453+00:00
1579319,300648,8489250,"GUTIERREZ REDONDO, YAGO",11,11,100,https://www.rffm.es/acta-partido/1579319,2026-08-07T03:25:56.244453+00:00
1579319,300648,8489250,"GUTIERREZ REDONDO, YAGO",31,31,100,https://www.rffm.es/acta-partido/1579319,2026-08-07T03:25:56.244453+00:00
1579319,300648,6682327,"DOMINGUEZ ALONSO, HUGO",33,33,100,https://www.rffm.es/acta-partido/1579319,2026-08-07T03:25:56.244453+00:00
1579319,300648,8361891,"ANADON ORTIZ, ADRIAN",50,50,100,https://www.rffm.es/acta-partido/1579319,2026-08-07T03:25:56.244453+00:00
1579320,3032,11641690,"CASADO SOLANES, VICTOR",25,25,100,https://www.rffm.es/acta-partido/1579320,2026-08-07T03:25:56.410494+00:00
1579320,3032,8702416,"MIRA EXPOSITO, HUGO",50,50,100,https://www.rffm.es/acta-partido/1579320,2026-08-07T03:25:56.410494+00:00
1579320,2359,14206694,"BARTOLO EL YAKOUBI, MOHAMED",4,4,100,https://www.rffm.es/acta-partido/1579320,2026-08-07T03:25:56.410494+00:00
1579320,2359,10826501,"NICULCEA, ROBERT CIPRIAN",16,16,100,https://www.rffm.es/acta-partido/1579320,2026-08-07T03:25:56.410494+00:00
1579320,2359,9707482,"GARCIA PAMOS, JOSE LUIS",49,49,100,https://www.rffm.es/acta-partido/1579320,2026-08-07T03:25:56.410494+00:00
1579315,15294619,8518346,"JIMENEZ MAZA, MANUEL",2,2,100,https://www.rffm.es/acta-partido/1579315,2026-08-07T03:25:56.564596+00:00
1579315,15294619,14464210,"MARTIN GONZALEZ, MARCOS",18,18,100,https://www.rffm.es/acta-partido/1579315,2026-08-07T03:25:56.564596+00:00
1579315,15294619,10831047,"ALONSO RODRIGUEZ, HUGO",29,29,100,https://www.rffm.es/acta-partido/1579315,2026-08-07T03:25:56.564596+00:00
1579315,15294619,10831063,"LLORET BUSTOS, MATEO",33,33,100,https://www.rffm.es/acta-partido/1579315,2026-08-07T03:25:56.564596+00:00
1579315,15294619,14464954,"YEPES CALVO DE MORA, DAVID",59,59,100,https://www.rffm.es/acta-partido/1579315,2026-08-07T03:25:56.564596+00:00
1579324,1800,9943850,"SANCHEZ SANCHEZ, GUILLERMO",47,47,100,https://www.rffm.es/acta-partido/1579324,2026-08-07T03:25:57.202763+00:00
1579324,1800,2793491,"CUPIDO MORENO, IZAN",53,53,100,https://www.rffm.es/acta-partido/1579324,2026-08-07T03:25:57.202763+00:00
1579324,466785,12167228,"ALZAS BAOUALI, RAYANE",18,18,100,https://www.rffm.es/acta-partido/1579324,2026-08-07T03:25:57.202763+00:00
1579329,577,10707960,"CARRACEDO CORTIJO, DANIEL",2,2,100,https://www.rffm.es/acta-partido/1579329,2026-08-07T03:25:57.324075+00:00
1579329,577,8298012,"CASTAN ARROYO, JOEL",42,42,100,https://www.rffm.es/acta-partido/1579329,2026-08-07T03:25:57.324075+00:00
1579329,577,14164247,"DIAZ-JIMENEZ MARTIN, ADRIAN",46,46,100,https://www.rffm.es/acta-partido/1579329,2026-08-07T03:25:57.324075+00:00
1579328,53,11339946,"BRUNO CABRERA, DANIEL",12,12,100,https://www.rffm.es/acta-partido/1579328,2026-08-07T03:25:57.330692+00:00
1579317,2138,8342995,"GALLARDO MONTES, DANIEL",27,27,100,https://www.rffm.es/acta-partido/1579317,2026-08-07T03:25:57.387390+00:00
1579317,2138,9522219,"RIOS GUZMAN, ADRIAN",35,35,100,https://www.rffm.es/acta-partido/1579317,2026-08-07T03:25:57.387390+00:00
1579317,2138,8709632,"ARROYO SANZ, FABIAN",47,47,100,https://www.rffm.es/acta-partido/1579317,2026-08-07T03:25:57.387390+00:00
1579317,2138,14603974,"RUFO SANTOS, PABLO",58,58,100,https://www.rffm.es/acta-partido/1579317,2026-08-07T03:25:57.387390+00:00
1579323,300648,8489250,"GUTIERREZ REDONDO, YAGO",6,6,100,https://www.rffm.es/acta-partido/1579323,2026-08-07T03:25:57.400471+00:00
1579323,300648,8529393,"RODRIGUEZ LOPEZ, ALEJANDRO",27,27,100,https://www.rffm.es/acta-partido/1579323,2026-08-07T03:25:57.400471+00:00
1579323,300648,6682327,"DOMINGUEZ ALONSO, HUGO",34,34,100,https://www.rffm.es/acta-partido/1579323,2026-08-07T03:25:57.400471+00:00
1579323,300648,6682327,"DOMINGUEZ ALONSO, HUGO",36,36,100,https://www.rffm.es/acta-partido/1579323,2026-08-07T03:25:57.400471+00:00
1579323,300648,6682327,"DOMINGUEZ ALONSO, HUGO",52,52,100,https://www.rffm.es/acta-partido/1579323,2026-08-07T03:25:57.400471+00:00
1579323,300648,8489250,"GUTIERREZ REDONDO, YAGO",59,59,100,https://www.rffm.es/acta-partido/1579323,2026-08-07T03:25:57.400471+00:00
1579322,3032,13193054,"RODRIGUEZ CONDADO, HUGO",24,24,100,https://www.rffm.es/acta-partido/1579322,2026-08-07T03:25:57.558522+00:00
1579322,3032,8663768,"RAMOS SOLER, OLIVER",50,50,100,https://www.rffm.es/acta-partido/1579322,2026-08-07T03:25:57.558522+00:00
1579322,1031180,10754886,"PINTO SAN JOSE, IKER",9,9,100,https://www.rffm.es/acta-partido/1579322,2026-08-07T03:25:57.558522+00:00
1579322,1031180,10754926,"MANZANEDO OLIVERA, GONZALO",25,25,100,https://www.rffm.es/acta-partido/1579322,2026-08-07T03:25:57.558522+00:00
1579327,15294619,8518346,"JIMENEZ MAZA, MANUEL",19,19,100,https://www.rffm.es/acta-partido/1579327,2026-08-07T03:25:57.595705+00:00
1579327,15294619,8518346,"JIMENEZ MAZA, MANUEL",28,28,100,https://www.rffm.es/acta-partido/1579327,2026-08-07T03:25:57.595705+00:00
1579327,1843,6902916,"DE FRANCISCO DE DIEGO, ANGEL",53,53,100,https://www.rffm.es/acta-partido/1579327,2026-08-07T03:25:57.595705+00:00
1579327,1843,13440625,"ESTRELLA LAMOS, ALONSO",60,60,100,https://www.rffm.es/acta-partido/1579327,2026-08-07T03:25:57.595705+00:00
1579325,2138,9522219,"RIOS GUZMAN, ADRIAN",25,25,100,https://www.rffm.es/acta-partido/1579325,2026-08-07T03:25:57.808108+00:00
1579325,2138,9522219,"RIOS GUZMAN, ADRIAN",40,40,100,https://www.rffm.es/acta-partido/1579325,2026-08-07T03:25:57.808108+00:00
1579336,851327,9036876,"MARTIN FERREIRA, PABLO",9,9,100,https://www.rffm.es/acta-partido/1579336,2026-08-07T03:25:58.300923+00:00
1579336,851327,10142707,"PINTADO TOMALO, DYLAN JOEL",12,12,100,https://www.rffm.es/acta-partido/1579336,2026-08-07T03:25:58.300923+00:00
1579336,851327,8520530,"GOMEZ NUÑEZ ARENAS, SERGIO",16,16,100,https://www.rffm.es/acta-partido/1579336,2026-08-07T03:25:58.300923+00:00
1579336,851327,9036876,"MARTIN FERREIRA, PABLO",20,20,100,https://www.rffm.es/acta-partido/1579336,2026-08-07T03:25:58.300923+00:00
1579336,851327,8520581,"SABALETE ALBIN, ALVARO",31,31,100,https://www.rffm.es/acta-partido/1579336,2026-08-07T03:25:58.300923+00:00
1579336,851327,8520463,"MEMBRILLA MARTINEZ, JAIME",36,36,100,https://www.rffm.es/acta-partido/1579336,2026-08-07T03:25:58.300923+00:00
1579336,851327,9014686,"CASTILLA PALOMO, ADRIAN",45,45,100,https://www.rffm.es/acta-partido/1579336,2026-08-07T03:25:58.300923+00:00
1579336,851327,10925416,"FRAILE ALVAREZ, DAVID",54,54,100,https://www.rffm.es/acta-partido/1579336,2026-08-07T03:25:58.300923+00:00
1579330,577,15439210,"CHAPINAL SANCHEZ, HECTOR",9,9,100,https://www.rffm.es/acta-partido/1579330,2026-08-07T03:25:58.311486+00:00
1579330,577,8298012,"CASTAN ARROYO, JOEL",18,18,100,https://www.rffm.es/acta-partido/1579330,2026-08-07T03:25:58.311486+00:00
1579330,577,14164247,"DIAZ-JIMENEZ MARTIN, ADRIAN",40,40,100,https://www.rffm.es/acta-partido/1579330,2026-08-07T03:25:58.311486+00:00
1579330,577,8031826,"DE LEON MARTINEZ, HUGO",50,50,100,https://www.rffm.es/acta-partido/1579330,2026-08-07T03:25:58.311486+00:00
1579326,636,8445950,"MARTIN MORENO, IVAN",15,15,101,https://www.rffm.es/acta-partido/1579326,2026-08-07T03:25:58.374198+00:00
1579326,636,7315025,"SANTAMARIA BRIZ, ALVARO",17,17,100,https://www.rffm.es/acta-partido/1579326,2026-08-07T03:25:58.374198+00:00
1579326,636,15894340,"IBAÑEZ BENEDI, GUILLERMO",26,26,100,https://www.rffm.es/acta-partido/1579326,2026-08-07T03:25:58.374198+00:00
1579326,636,11774359,"LOZANO DATU, MARCOS",34,34,100,https://www.rffm.es/acta-partido/1579326,2026-08-07T03:25:58.374198+00:00
1579326,636,11774359,"LOZANO DATU, MARCOS",41,41,100,https://www.rffm.es/acta-partido/1579326,2026-08-07T03:25:58.374198+00:00
1579326,636,8486080,"UREÑA MORCILLO, IZAN",43,43,101,https://www.rffm.es/acta-partido/1579326,2026-08-07T03:25:58.374198+00:00
1579326,636,8412486,"MONTALVO MEDINA, MIGUEL",44,44,100,https://www.rffm.es/acta-partido/1579326,2026-08-07T03:25:58.374198+00:00
1579326,636,7228531,"MENESES TAPIA, ANDREW ALEXIS",46,46,100,https://www.rffm.es/acta-partido/1579326,2026-08-07T03:25:58.374198+00:00
1579326,636,7152436,"PINOS ESPINOZA, ANTHONY JAVIER",52,52,100,https://www.rffm.es/acta-partido/1579326,2026-08-07T03:25:58.374198+00:00
1579337,53,10179663,"JOAQUIM PINEDA, JONATHAN",42,42,100,https://www.rffm.es/acta-partido/1579337,2026-08-07T03:25:58.439654+00:00
1579331,1031180,8627936,"LOPEZ GOMEZ, CARLOS",11,11,100,https://www.rffm.es/acta-partido/1579331,2026-08-07T03:25:58.444133+00:00
1579331,300648,6682327,"DOMINGUEZ ALONSO, HUGO",17,17,100,https://www.rffm.es/acta-partido/1579331,2026-08-07T03:25:58.444133+00:00
1579331,300648,8529393,"RODRIGUEZ LOPEZ, ALEJANDRO",17,17,100,https://www.rffm.es/acta-partido/1579331,2026-08-07T03:25:58.444133+00:00
1579331,300648,6682327,"DOMINGUEZ ALONSO, HUGO",25,25,100,https://www.rffm.es/acta-partido/1579331,2026-08-07T03:25:58.444133+00:00
1579331,300648,6682327,"DOMINGUEZ ALONSO, HUGO",33,33,100,https://www.rffm.es/acta-partido/1579331,2026-08-07T03:25:58.444133+00:00
1579331,300648,8529393,"RODRIGUEZ LOPEZ, ALEJANDRO",40,40,100,https://www.rffm.es/acta-partido/1579331,2026-08-07T03:25:58.444133+00:00
1579331,300648,12453474,"ANDRADE ALDEA, RAFAEL ALEXANDRE",54,54,100,https://www.rffm.es/acta-partido/1579331,2026-08-07T03:25:58.444133+00:00
1579331,300648,10142551,"ALBAN ROCA, GALO RAFAEL",61,61,100,https://www.rffm.es/acta-partido/1579331,2026-08-07T03:25:58.444133+00:00
1579335,15294619,10806407,"LAUP BERMUDEZ, GONZALO",8,8,100,https://www.rffm.es/acta-partido/1579335,2026-08-07T03:25:58.752578+00:00
1579335,15294619,10831047,"ALONSO RODRIGUEZ, HUGO",19,19,101,https://www.rffm.es/acta-partido/1579335,2026-08-07T03:25:58.752578+00:00
1579335,15294619,8518346,"JIMENEZ MAZA, MANUEL",44,44,100,https://www.rffm.es/acta-partido/1579335,2026-08-07T03:25:58.752578+00:00
1579333,466785,11810372,"VELEZ ORTIZ, RODRIGO",15,15,100,https://www.rffm.es/acta-partido/1579333,2026-08-07T03:25:59.079835+00:00
1579333,466785,12167228,"ALZAS BAOUALI, RAYANE",23,23,100,https://www.rffm.es/acta-partido/1579333,2026-08-07T03:25:59.079835+00:00
1579334,636,7228531,"MENESES TAPIA, ANDREW ALEXIS",17,17,100,https://www.rffm.es/acta-partido/1579334,2026-08-07T03:25:59.189557+00:00
1579334,636,15894340,"IBAÑEZ BENEDI, GUILLERMO",29,29,100,https://www.rffm.es/acta-partido/1579334,2026-08-07T03:25:59.189557+00:00
1579334,636,8486080,"UREÑA MORCILLO, IZAN",45,45,100,https://www.rffm.es/acta-partido/1579334,2026-08-07T03:25:59.189557+00:00
1579334,636,11774359,"LOZANO DATU, MARCOS",56,56,100,https://www.rffm.es/acta-partido/1579334,2026-08-07T03:25:59.189557+00:00
1579344,289,10925218,"JIMENEZ MIGUEL, GABRIEL",5,5,100,https://www.rffm.es/acta-partido/1579344,2026-08-07T03:25:59.957970+00:00
1579344,289,11336376,"HUETE MARTINEZ, HECTOR",15,15,100,https://www.rffm.es/acta-partido/1579344,2026-08-07T03:25:59.957970+00:00
1579344,289,10925218,"JIMENEZ MIGUEL, GABRIEL",20,20,100,https://www.rffm.es/acta-partido/1579344,2026-08-07T03:25:59.957970+00:00
1579344,289,9356687,"MARANDIS, LUCA",26,26,100,https://www.rffm.es/acta-partido/1579344,2026-08-07T03:25:59.957970+00:00
1579344,289,9345628,"SANZ SAN JOSE, SERGIO",35,35,100,https://www.rffm.es/acta-partido/1579344,2026-08-07T03:25:59.957970+00:00
1579344,289,10143092,"ARNAL SANCHEZ, MIGUEL",65,65,100,https://www.rffm.es/acta-partido/1579344,2026-08-07T03:25:59.957970+00:00
1579344,289,11336150,"MARTIN RODRIGUEZ, ALEX",68,68,100,https://www.rffm.es/acta-partido/1579344,2026-08-07T03:25:59.957970+00:00
1579344,1843,13440625,"ESTRELLA LAMOS, ALONSO",20,20,100,https://www.rffm.es/acta-partido/1579344,2026-08-07T03:25:59.957970+00:00
1579342,15294619,8518346,"JIMENEZ MAZA, MANUEL",8,8,100,https://www.rffm.es/acta-partido/1579342,2026-08-07T03:25:59.987125+00:00
1579342,15294619,8518346,"JIMENEZ MAZA, MANUEL",12,12,100,https://www.rffm.es/acta-partido/1579342,2026-08-07T03:25:59.987125+00:00
1579342,15294619,10806407,"LAUP BERMUDEZ, GONZALO",23,23,100,https://www.rffm.es/acta-partido/1579342,2026-08-07T03:25:59.987125+00:00
1579342,15294619,8518346,"JIMENEZ MAZA, MANUEL",38,38,100,https://www.rffm.es/acta-partido/1579342,2026-08-07T03:25:59.987125+00:00
1579342,81,7218817,"SANCHEZ CERA, MARCOS",43,43,100,https://www.rffm.es/acta-partido/1579342,2026-08-07T03:25:59.987125+00:00
1579342,81,13209534,"ACEVEDO HERRERO, HUGO",46,46,100,https://www.rffm.es/acta-partido/1579342,2026-08-07T03:25:59.987125+00:00
1579340,2359,14206694,"BARTOLO EL YAKOUBI, MOHAMED",39,39,101,https://www.rffm.es/acta-partido/1579340,2026-08-07T03:26:00.039345+00:00
1579343,851327,8520463,"MEMBRILLA MARTINEZ, JAIME",3,3,100,https://www.rffm.es/acta-partido/1579343,2026-08-07T03:26:00.049243+00:00
1579343,851327,13255519,"DRAGOMIR, TUDOR GABRIEL",5,5,100,https://www.rffm.es/acta-partido/1579343,2026-08-07T03:26:00.049243+00:00
1579343,851327,13289566,"MORENO CANTALEJO, GABRIEL",13,13,100,https://www.rffm.es/acta-partido/1579343,2026-08-07T03:26:00.049243+00:00
1579343,851327,10142707,"PINTADO TOMALO, DYLAN JOEL",48,48,100,https://www.rffm.es/acta-partido/1579343,2026-08-07T03:26:00.049243+00:00
1579343,851327,9036876,"MARTIN FERREIRA, PABLO",52,52,100,https://www.rffm.es/acta-partido/1579343,2026-08-07T03:26:00.049243+00:00
1579343,2108,9003787,"SUAREZ VAQUERO, ENZO",9,9,100,https://www.rffm.es/acta-partido/1579343,2026-08-07T03:26:00.049243+00:00
1579339,1800,8430416,"SANTOS BARQUILLA, LUKAS",1,1,100,https://www.rffm.es/acta-partido/1579339,2026-08-07T03:26:00.116020+00:00
1579339,1800,10191913,"NUTRERA MEZA, JOSE ANGEL",7,7,100,https://www.rffm.es/acta-partido/1579339,2026-08-07T03:26:00.116020+00:00
1579339,1800,10191913,"NUTRERA MEZA, JOSE ANGEL",10,10,100,https://www.rffm.es/acta-partido/1579339,2026-08-07T03:26:00.116020+00:00
1579339,1800,2793491,"CUPIDO MORENO, IZAN",17,17,100,https://www.rffm.es/acta-partido/1579339,2026-08-07T03:26:00.116020+00:00
1579339,1800,9943850,"SANCHEZ SANCHEZ, GUILLERMO",29,29,100,https://www.rffm.es/acta-partido/1579339,2026-08-07T03:26:00.116020+00:00
1579339,1031180,10754926,"MANZANEDO OLIVERA, GONZALO",57,57,100,https://www.rffm.es/acta-partido/1579339,2026-08-07T03:26:00.116020+00:00
1579338,300648,9495192,"NOVO BAEZA, DARIO",4,4,100,https://www.rffm.es/acta-partido/1579338,2026-08-07T03:26:00.163909+00:00
1579338,300648,8489250,"GUTIERREZ REDONDO, YAGO",6,6,100,https://www.rffm.es/acta-partido/1579338,2026-08-07T03:26:00.163909+00:00
1579338,300648,6682327,"DOMINGUEZ ALONSO, HUGO",12,12,100,https://www.rffm.es/acta-partido/1579338,2026-08-07T03:26:00.163909+00:00
1579338,300648,10156522,"FERNANDEZ, BENJAMIN",19,19,100,https://www.rffm.es/acta-partido/1579338,2026-08-07T03:26:00.163909+00:00
1579338,300648,9495192,"NOVO BAEZA, DARIO",23,23,100,https://www.rffm.es/acta-partido/1579338,2026-08-07T03:26:00.163909+00:00
1579338,300648,10142551,"ALBAN ROCA, GALO RAFAEL",52,52,100,https://www.rffm.es/acta-partido/1579338,2026-08-07T03:26:00.163909+00:00
1579338,300648,8529393,"RODRIGUEZ LOPEZ, ALEJANDRO",55,55,100,https://www.rffm.es/acta-partido/1579338,2026-08-07T03:26:00.163909+00:00
1579345,53,10195297,"MARCOS MARCOS, ENZO",39,39,100,https://www.rffm.es/acta-partido/1579345,2026-08-07T03:26:00.483900+00:00
1579345,577,14164247,"DIAZ-JIMENEZ MARTIN, ADRIAN",17,17,100,https://www.rffm.es/acta-partido/1579345,2026-08-07T03:26:00.483900+00:00
1579345,577,14164247,"DIAZ-JIMENEZ MARTIN, ADRIAN",20,20,100,https://www.rffm.es/acta-partido/1579345,2026-08-07T03:26:00.483900+00:00
1579345,577,8298012,"CASTAN ARROYO, JOEL",24,24,100,https://www.rffm.es/acta-partido/1579345,2026-08-07T03:26:00.483900+00:00
1579345,577,14164247,"DIAZ-JIMENEZ MARTIN, ADRIAN",28,28,100,https://www.rffm.es/acta-partido/1579345,2026-08-07T03:26:00.483900+00:00
1579345,577,8520564,"REYES MORENO, ABEL",39,39,100,https://www.rffm.es/acta-partido/1579345,2026-08-07T03:26:00.483900+00:00
1579345,577,8298012,"CASTAN ARROYO, JOEL",52,52,100,https://www.rffm.es/acta-partido/1579345,2026-08-07T03:26:00.483900+00:00
1579345,577,8180556,"HERRANZ RUIZ, DAVID",57,57,100,https://www.rffm.es/acta-partido/1579345,2026-08-07T03:26:00.483900+00:00
1579341,636,15894340,"IBAÑEZ BENEDI, GUILLERMO",13,13,100,https://www.rffm.es/acta-partido/1579341,2026-08-07T03:26:00.488574+00:00
1579341,636,15894340,"IBAÑEZ BENEDI, GUILLERMO",42,42,100,https://www.rffm.es/acta-partido/1579341,2026-08-07T03:26:00.488574+00:00
1579341,636,8445950,"MARTIN MORENO, IVAN",52,52,100,https://www.rffm.es/acta-partido/1579341,2026-08-07T03:26:00.488574+00:00
1579341,466785,12642400,"CAMPOY RIOSALIDO, JAVIER ANTONIO",54,54,100,https://www.rffm.es/acta-partido/1579341,2026-08-07T03:26:00.488574+00:00
1579349,2359,15091181,"OSE VINCENT, OSARETIN",29,29,100,https://www.rffm.es/acta-partido/1579349,2026-08-07T03:26:00.933545+00:00
1579349,636,7152436,"PINOS ESPINOZA, ANTHONY JAVIER",41,41,101,https://www.rffm.es/acta-partido/1579349,2026-08-07T03:26:00.933545+00:00
1579347,1800,8174387,"JIMENEZ ALONSO, RAUL",49,49,100,https://www.rffm.es/acta-partido/1579347,2026-08-07T03:26:01.164936+00:00
1579353,53,11513063,"BARBA VICENTE, JESUS",2,2,100,https://www.rffm.es/acta-partido/1579353,2026-08-07T03:26:01.197942+00:00
1579353,53,13249312,"MARTIN VALENZUELA, LUIS",3,3,100,https://www.rffm.es/acta-partido/1579353,2026-08-07T03:26:01.197942+00:00
1579353,53,13249312,"MARTIN VALENZUELA, LUIS",4,4,100,https://www.rffm.es/acta-partido/1579353,2026-08-07T03:26:01.197942+00:00
1579353,53,13249312,"MARTIN VALENZUELA, LUIS",5,5,100,https://www.rffm.es/acta-partido/1579353,2026-08-07T03:26:01.197942+00:00
1579353,53,8515667,"DELGADO MARIN, MARIO",8,8,100,https://www.rffm.es/acta-partido/1579353,2026-08-07T03:26:01.197942+00:00
1579353,53,11513063,"BARBA VICENTE, JESUS",10,10,100,https://www.rffm.es/acta-partido/1579353,2026-08-07T03:26:01.197942+00:00
1579353,53,14756691,"ESTRADA CORTES, ADRIAN",11,11,100,https://www.rffm.es/acta-partido/1579353,2026-08-07T03:26:01.197942+00:00
1579353,53,8470818,"SAN ROMAN ESCUDERO, ADRIAN",15,15,101,https://www.rffm.es/acta-partido/1579353,2026-08-07T03:26:01.197942+00:00
1579353,53,8515667,"DELGADO MARIN, MARIO",21,21,100,https://www.rffm.es/acta-partido/1579353,2026-08-07T03:26:01.197942+00:00
1579353,53,8471390,"GUILLEN DE LEON, CHRISTIAN ALBERTO",31,31,100,https://www.rffm.es/acta-partido/1579353,2026-08-07T03:26:01.197942+00:00
1579353,53,13165798,"VALCARCE TOLEDANO, JORGE",34,34,100,https://www.rffm.es/acta-partido/1579353,2026-08-07T03:26:01.197942+00:00
1579353,53,8516964,"ROSALES URIETA, JUAN JOSE",39,39,101,https://www.rffm.es/acta-partido/1579353,2026-08-07T03:26:01.197942+00:00
1579353,53,13165798,"VALCARCE TOLEDANO, JORGE",42,42,100,https://www.rffm.es/acta-partido/1579353,2026-08-07T03:26:01.197942+00:00
1579353,53,11339946,"BRUNO CABRERA, DANIEL",43,43,100,https://www.rffm.es/acta-partido/1579353,2026-08-07T03:26:01.197942+00:00
1579353,53,11315418,"CALVO HERNANDO, MARCOS",54,54,100,https://www.rffm.es/acta-partido/1579353,2026-08-07T03:26:01.197942+00:00
1579353,53,10179663,"JOAQUIM PINEDA, JONATHAN",57,57,100,https://www.rffm.es/acta-partido/1579353,2026-08-07T03:26:01.197942+00:00
1579353,53,8297891,"LINARES NAVARRO, IKER",58,58,100,https://www.rffm.es/acta-partido/1579353,2026-08-07T03:26:01.197942+00:00
1579346,577,8298012,"CASTAN ARROYO, JOEL",7,7,100,https://www.rffm.es/acta-partido/1579346,2026-08-07T03:26:01.230053+00:00
1579346,577,10706309,"ALONSO DIAZ, LUIS",57,57,100,https://www.rffm.es/acta-partido/1579346,2026-08-07T03:26:01.230053+00:00
1579346,300648,8489250,"GUTIERREZ REDONDO, YAGO",19,19,100,https://www.rffm.es/acta-partido/1579346,2026-08-07T03:26:01.230053+00:00
1579346,300648,8489250,"GUTIERREZ REDONDO, YAGO",22,22,100,https://www.rffm.es/acta-partido/1579346,2026-08-07T03:26:01.230053+00:00
1579351,81,8261134,"DOMINGUEZ GIJON, ALVARO",6,6,100,https://www.rffm.es/acta-partido/1579351,2026-08-07T03:26:01.235183+00:00
1579351,851327,10142707,"PINTADO TOMALO, DYLAN JOEL",34,34,100,https://www.rffm.es/acta-partido/1579351,2026-08-07T03:26:01.235183+00:00
1579351,851327,8375473,"JIMENEZ MARTIN, EDER",40,40,100,https://www.rffm.es/acta-partido/1579351,2026-08-07T03:26:01.235183+00:00
1579352,289,11336775,"PALOMINO LARA, HUGO",10,10,100,https://www.rffm.es/acta-partido/1579352,2026-08-07T03:26:01.421017+00:00
1579350,466785,11718686,"GOMEZ BORREGA, DANIEL",13,13,100,https://www.rffm.es/acta-partido/1579350,2026-08-07T03:26:01.969968+00:00
1579348,2138,8342995,"GALLARDO MONTES, DANIEL",16,16,100,https://www.rffm.es/acta-partido/1579348,2026-08-07T03:26:02.246419+00:00
1579348,2138,14603974,"RUFO SANTOS, PABLO",35,35,100,https://www.rffm.es/acta-partido/1579348,2026-08-07T03:26:02.246419+00:00
1579348,2138,8469850,"ESPINOSA HERMANO, TIAGO",45,45,100,https://www.rffm.es/acta-partido/1579348,2026-08-07T03:26:02.246419+00:00
1579354,300648,6682327,"DOMINGUEZ ALONSO, HUGO",8,8,100,https://www.rffm.es/acta-partido/1579354,2026-08-07T03:26:02.563788+00:00
1579354,300648,9548224,"LOZANO ROMAN, AITOR",21,21,100,https://www.rffm.es/acta-partido/1579354,2026-08-07T03:26:02.563788+00:00
1579354,300648,7967853,"CAMARERO PINTO, MARCO",26,26,100,https://www.rffm.es/acta-partido/1579354,2026-08-07T03:26:02.563788+00:00
1579354,300648,6682327,"DOMINGUEZ ALONSO, HUGO",36,36,100,https://www.rffm.es/acta-partido/1579354,2026-08-07T03:26:02.563788+00:00
1579354,300648,8361891,"ANADON ORTIZ, ADRIAN",55,55,100,https://www.rffm.es/acta-partido/1579354,2026-08-07T03:26:02.563788+00:00
1579354,300648,9529414,"MARTÍNEZ BARRENA, LUIS",59,59,100,https://www.rffm.es/acta-partido/1579354,2026-08-07T03:26:02.563788+00:00
1579361,577,8180556,"HERRANZ RUIZ, DAVID",7,7,100,https://www.rffm.es/acta-partido/1579361,2026-08-07T03:26:02.783503+00:00
1579361,577,8298012,"CASTAN ARROYO, JOEL",11,11,100,https://www.rffm.es/acta-partido/1579361,2026-08-07T03:26:02.783503+00:00
1579361,577,12911461,"VAZQUEZ REY, CAYETANO",13,13,100,https://www.rffm.es/acta-partido/1579361,2026-08-07T03:26:02.783503+00:00
1579361,577,8298012,"CASTAN ARROYO, JOEL",16,16,100,https://www.rffm.es/acta-partido/1579361,2026-08-07T03:26:02.783503+00:00
1579361,577,10706428,"MARTIN RUIZ, JUAN",20,20,100,https://www.rffm.es/acta-partido/1579361,2026-08-07T03:26:02.783503+00:00
1579361,577,7021423,"ALBA SAN PABLO, IZAN",25,25,100,https://www.rffm.es/acta-partido/1579361,2026-08-07T03:26:02.783503+00:00
1579361,577,14164247,"DIAZ-JIMENEZ MARTIN, ADRIAN",33,33,100,https://www.rffm.es/acta-partido/1579361,2026-08-07T03:26:02.783503+00:00
1579361,577,8180556,"HERRANZ RUIZ, DAVID",34,34,100,https://www.rffm.es/acta-partido/1579361,2026-08-07T03:26:02.783503+00:00
1579361,577,8180556,"HERRANZ RUIZ, DAVID",38,38,100,https://www.rffm.es/acta-partido/1579361,2026-08-07T03:26:02.783503+00:00
1579361,577,14164247,"DIAZ-JIMENEZ MARTIN, ADRIAN",42,42,100,https://www.rffm.es/acta-partido/1579361,2026-08-07T03:26:02.783503+00:00
1579361,577,14164247,"DIAZ-JIMENEZ MARTIN, ADRIAN",43,43,100,https://www.rffm.es/acta-partido/1579361,2026-08-07T03:26:02.783503+00:00
1579361,577,10754918,"ABRIL HERRERO, RUBEN",51,51,100,https://www.rffm.es/acta-partido/1579361,2026-08-07T03:26:02.783503+00:00
1579361,577,10706428,"MARTIN RUIZ, JUAN",54,54,100,https://www.rffm.es/acta-partido/1579361,2026-08-07T03:26:02.783503+00:00
1579361,577,14164247,"DIAZ-JIMENEZ MARTIN, ADRIAN",56,56,100,https://www.rffm.es/acta-partido/1579361,2026-08-07T03:26:02.783503+00:00
1579361,577,8031826,"DE LEON MARTINEZ, HUGO",59,59,100,https://www.rffm.es/acta-partido/1579361,2026-08-07T03:26:02.783503+00:00
1579357,15294619,8518346,"JIMENEZ MAZA, MANUEL",22,22,100,https://www.rffm.es/acta-partido/1579357,2026-08-07T03:26:02.846953+00:00
1579357,15294619,8514773,"GARABATEA ROMERO, AITOR ",40,40,100,https://www.rffm.es/acta-partido/1579357,2026-08-07T03:26:02.846953+00:00
1579357,15294619,8518346,"JIMENEZ MAZA, MANUEL",57,57,100,https://www.rffm.es/acta-partido/1579357,2026-08-07T03:26:02.846953+00:00
1579357,2359,8483667,"BARRAGAN MENDEZ, DAVID",35,35,100,https://www.rffm.es/acta-partido/1579357,2026-08-07T03:26:02.846953+00:00
1579359,289,10143092,"ARNAL SANCHEZ, MIGUEL",22,22,100,https://www.rffm.es/acta-partido/1579359,2026-08-07T03:26:02.852321+00:00
1579359,289,8717395,"DE LA TORRE EJEDA, ADRIAN",47,47,100,https://www.rffm.es/acta-partido/1579359,2026-08-07T03:26:02.852321+00:00
1579359,81,13209534,"ACEVEDO HERRERO, HUGO",40,40,100,https://www.rffm.es/acta-partido/1579359,2026-08-07T03:26:02.852321+00:00
1579358,851327,8520463,"MEMBRILLA MARTINEZ, JAIME",6,6,100,https://www.rffm.es/acta-partido/1579358,2026-08-07T03:26:02.858614+00:00
1579358,851327,13175841,"EL KIRA, MOHAMED",25,25,100,https://www.rffm.es/acta-partido/1579358,2026-08-07T03:26:02.858614+00:00
1579358,466785,13204293,"CONTRERAS SARBU, PATRICK",39,39,100,https://www.rffm.es/acta-partido/1579358,2026-08-07T03:26:02.858614+00:00
1579356,636,11774359,"LOZANO DATU, MARCOS",2,2,100,https://www.rffm.es/acta-partido/1579356,2026-08-07T03:26:03.168240+00:00
1579356,636,15894340,"IBAÑEZ BENEDI, GUILLERMO",16,16,100,https://www.rffm.es/acta-partido/1579356,2026-08-07T03:26:03.168240+00:00
1579356,636,7152436,"PINOS ESPINOZA, ANTHONY JAVIER",21,21,100,https://www.rffm.es/acta-partido/1579356,2026-08-07T03:26:03.168240+00:00
1579356,636,7315025,"SANTAMARIA BRIZ, ALVARO",26,26,101,https://www.rffm.es/acta-partido/1579356,2026-08-07T03:26:03.168240+00:00
1579356,636,9341252,"GUTIERREZ MONTERO, DANIEL",33,33,100,https://www.rffm.es/acta-partido/1579356,2026-08-07T03:26:03.168240+00:00
1579356,636,11774359,"LOZANO DATU, MARCOS",56,56,100,https://www.rffm.es/acta-partido/1579356,2026-08-07T03:26:03.168240+00:00
1579356,636,11774359,"LOZANO DATU, MARCOS",58,58,100,https://www.rffm.es/acta-partido/1579356,2026-08-07T03:26:03.168240+00:00
1579356,636,13239188,"MARTINEZ ALCALDE, JUAN",59,59,100,https://www.rffm.es/acta-partido/1579356,2026-08-07T03:26:03.168240+00:00
1579240,2108,13270499,"LOPEZ CALDERON, AARON",47,47,100,https://www.rffm.es/acta-partido/1579240,2026-08-07T03:26:03.249950+00:00
1579240,53,10195454,"JAEN UREBA, IZAN",59,59,100,https://www.rffm.es/acta-partido/1579240,2026-08-07T03:26:03.249950+00:00
1579355,2138,8342995,"GALLARDO MONTES, DANIEL",20,20,100,https://www.rffm.es/acta-partido/1579355,2026-08-07T03:26:03.337800+00:00
1579355,2138,12198077,"VAZQUEZ MORENO, DANIEL",53,53,100,https://www.rffm.es/acta-partido/1579355,2026-08-07T03:26:03.337800+00:00
1579368,53,11315418,"CALVO HERNANDO, MARCOS",37,37,100,https://www.rffm.es/acta-partido/1579368,2026-08-07T03:26:03.422183+00:00
1579368,53,10195297,"MARCOS MARCOS, ENZO",55,55,100,https://www.rffm.es/acta-partido/1579368,2026-08-07T03:26:03.422183+00:00
1579363,300648,8529393,"RODRIGUEZ LOPEZ, ALEJANDRO",3,3,100,https://www.rffm.es/acta-partido/1579363,2026-08-07T03:26:03.566814+00:00
1579363,300648,10156522,"FERNANDEZ, BENJAMIN",24,24,100,https://www.rffm.es/acta-partido/1579363,2026-08-07T03:26:03.566814+00:00
1579363,2138,11716987,"CUESTA ALONSO, RAUL",6,6,100,https://www.rffm.es/acta-partido/1579363,2026-08-07T03:26:03.566814+00:00
1579362,577,10707960,"CARRACEDO CORTIJO, DANIEL",3,3,100,https://www.rffm.es/acta-partido/1579362,2026-08-07T03:26:03.727719+00:00
1579362,577,8298012,"CASTAN ARROYO, JOEL",4,4,100,https://www.rffm.es/acta-partido/1579362,2026-08-07T03:26:03.727719+00:00
1579362,577,12911461,"VAZQUEZ REY, CAYETANO",26,26,100,https://www.rffm.es/acta-partido/1579362,2026-08-07T03:26:03.727719+00:00
1579362,577,14164247,"DIAZ-JIMENEZ MARTIN, ADRIAN",29,29,100,https://www.rffm.es/acta-partido/1579362,2026-08-07T03:26:03.727719+00:00
1579362,577,8180556,"HERRANZ RUIZ, DAVID",49,49,100,https://www.rffm.es/acta-partido/1579362,2026-08-07T03:26:03.727719+00:00
1579362,577,8031826,"DE LEON MARTINEZ, HUGO",58,58,100,https://www.rffm.es/acta-partido/1579362,2026-08-07T03:26:03.727719+00:00
1579367,466785,9074020,"VILLAMAYOR RODRIGUEZ, LUCAS",53,53,102,https://www.rffm.es/acta-partido/1579367,2026-08-07T03:26:03.981770+00:00
1579366,851327,7521406,"SOTELO RUIZ, IVAN ",46,46,100,https://www.rffm.es/acta-partido/1579366,2026-08-07T03:26:03.987034+00:00
1579366,851327,8520530,"GOMEZ NUÑEZ ARENAS, SERGIO",53,53,100,https://www.rffm.es/acta-partido/1579366,2026-08-07T03:26:03.987034+00:00
1579366,851327,10142707,"PINTADO TOMALO, DYLAN JOEL",58,58,100,https://www.rffm.es/acta-partido/1579366,2026-08-07T03:26:03.987034+00:00
1579364,3032,8702416,"MIRA EXPOSITO, HUGO",20,20,101,https://www.rffm.es/acta-partido/1579364,2026-08-07T03:26:04.272267+00:00
1579364,636,7315025,"SANTAMARIA BRIZ, ALVARO",9,9,101,https://www.rffm.es/acta-partido/1579364,2026-08-07T03:26:04.272267+00:00
1579364,636,15894340,"IBAÑEZ BENEDI, GUILLERMO",36,36,100,https://www.rffm.es/acta-partido/1579364,2026-08-07T03:26:04.272267+00:00
1579364,636,15894340,"IBAÑEZ BENEDI, GUILLERMO",40,40,100,https://www.rffm.es/acta-partido/1579364,2026-08-07T03:26:04.272267+00:00
1579369,2108,11535899,"DIAZ MONSALVE, PABLO",9,9,100,https://www.rffm.es/acta-partido/1579369,2026-08-07T03:26:04.459948+00:00
1579369,2108,13270507,"HERNANDO DIEZ, GONZALO",15,15,100,https://www.rffm.es/acta-partido/1579369,2026-08-07T03:26:04.459948+00:00
1579369,2108,13270499,"LOPEZ CALDERON, AARON",33,33,100,https://www.rffm.es/acta-partido/1579369,2026-08-07T03:26:04.459948+00:00
1579369,2108,9707311,"GARCIA GALLEGO, AXEL",43,43,100,https://www.rffm.es/acta-partido/1579369,2026-08-07T03:26:04.459948+00:00
1579369,2108,8174576,"GONZALEZ VARGAS, HUGO",57,57,100,https://www.rffm.es/acta-partido/1579369,2026-08-07T03:26:04.459948+00:00
1579365,15294619,10806407,"LAUP BERMUDEZ, GONZALO",11,11,100,https://www.rffm.es/acta-partido/1579365,2026-08-07T03:26:04.546990+00:00
1579365,15294619,8518346,"JIMENEZ MAZA, MANUEL",25,25,100,https://www.rffm.es/acta-partido/1579365,2026-08-07T03:26:04.546990+00:00
1579365,15294619,8514773,"GARABATEA ROMERO, AITOR ",46,46,100,https://www.rffm.es/acta-partido/1579365,2026-08-07T03:26:04.546990+00:00
1579371,636,7315025,"SANTAMARIA BRIZ, ALVARO",43,43,101,https://www.rffm.es/acta-partido/1579371,2026-08-07T03:26:05.012787+00:00
1579371,636,13239188,"MARTINEZ ALCALDE, JUAN",50,50,100,https://www.rffm.es/acta-partido/1579371,2026-08-07T03:26:05.012787+00:00
1579371,300648,6682327,"DOMINGUEZ ALONSO, HUGO",20,20,100,https://www.rffm.es/acta-partido/1579371,2026-08-07T03:26:05.012787+00:00
1579371,300648,8529393,"RODRIGUEZ LOPEZ, ALEJANDRO",22,22,100,https://www.rffm.es/acta-partido/1579371,2026-08-07T03:26:05.012787+00:00
1579374,289,8555581,"BRYYOVSKYY CHIRKOVA, DAVID",10,10,100,https://www.rffm.es/acta-partido/1579374,2026-08-07T03:26:05.096734+00:00
1579374,289,10143092,"ARNAL SANCHEZ, MIGUEL",31,31,100,https://www.rffm.es/acta-partido/1579374,2026-08-07T03:26:05.096734+00:00
1579374,289,11336775,"PALOMINO LARA, HUGO",34,34,100,https://www.rffm.es/acta-partido/1579374,2026-08-07T03:26:05.096734+00:00
1579372,15294619,8518346,"JIMENEZ MAZA, MANUEL",26,26,100,https://www.rffm.es/acta-partido/1579372,2026-08-07T03:26:05.119324+00:00
1579372,3032,8695284,"GIL GIL, SAMUEL",16,16,102,https://www.rffm.es/acta-partido/1579372,2026-08-07T03:26:05.119324+00:00
1579372,3032,9965371,"GUTIERREZ CASTILLA, MIGUEL",18,18,100,https://www.rffm.es/acta-partido/1579372,2026-08-07T03:26:05.119324+00:00
1579372,3032,14449030,"PULIDO DIAZ, RUBEN",34,34,100,https://www.rffm.es/acta-partido/1579372,2026-08-07T03:26:05.119324+00:00
1579372,3032,8663745,"MARTIN BLANCO, RUBEN",43,43,100,https://www.rffm.es/acta-partido/1579372,2026-08-07T03:26:05.119324+00:00
1579372,3032,8688100,"GARCIA GARCIA, MARIO",56,56,100,https://www.rffm.es/acta-partido/1579372,2026-08-07T03:26:05.119324+00:00
1579376,81,7218817,"SANCHEZ CERA, MARCOS",10,10,100,https://www.rffm.es/acta-partido/1579376,2026-08-07T03:26:05.127741+00:00
1579376,81,8261134,"DOMINGUEZ GIJON, ALVARO",15,15,100,https://www.rffm.es/acta-partido/1579376,2026-08-07T03:26:05.127741+00:00
1579376,81,8449817,"MERINO MORENO, IVAN",16,16,100,https://www.rffm.es/acta-partido/1579376,2026-08-07T03:26:05.127741+00:00
1579376,81,8261134,"DOMINGUEZ GIJON, ALVARO",18,18,100,https://www.rffm.es/acta-partido/1579376,2026-08-07T03:26:05.127741+00:00
1579376,81,13175962,"CORRALES CHAMORRO, ALEJANDRO",23,23,100,https://www.rffm.es/acta-partido/1579376,2026-08-07T03:26:05.127741+00:00
1579376,81,8261134,"DOMINGUEZ GIJON, ALVARO",40,40,100,https://www.rffm.es/acta-partido/1579376,2026-08-07T03:26:05.127741+00:00
1579376,81,9977735,"ALVAREZ MARTIN, MARCOS",43,43,100,https://www.rffm.es/acta-partido/1579376,2026-08-07T03:26:05.127741+00:00
1579376,81,13209441,"CIRCOV BONCUT, DANIEL ANDREI",51,51,100,https://www.rffm.es/acta-partido/1579376,2026-08-07T03:26:05.127741+00:00
1579376,81,8449817,"MERINO MORENO, IVAN",53,53,100,https://www.rffm.es/acta-partido/1579376,2026-08-07T03:26:05.127741+00:00
1579376,81,8494913,"CARMONA PINEDA, HECTOR",55,55,100,https://www.rffm.es/acta-partido/1579376,2026-08-07T03:26:05.127741+00:00
1579376,81,8449817,"MERINO MORENO, IVAN",57,57,100,https://www.rffm.es/acta-partido/1579376,2026-08-07T03:26:05.127741+00:00
1579373,851327,9529681,"CRUZ MONTERO, HUGO",19,19,100,https://www.rffm.es/acta-partido/1579373,2026-08-07T03:26:05.373044+00:00
1579373,851327,10925416,"FRAILE ALVAREZ, DAVID",29,29,100,https://www.rffm.es/acta-partido/1579373,2026-08-07T03:26:05.373044+00:00
1579373,851327,9529681,"CRUZ MONTERO, HUGO",31,31,100,https://www.rffm.es/acta-partido/1579373,2026-08-07T03:26:05.373044+00:00
1579373,851327,8375473,"JIMENEZ MARTIN, EDER",45,45,100,https://www.rffm.es/acta-partido/1579373,2026-08-07T03:26:05.373044+00:00
1579373,851327,13175841,"EL KIRA, MOHAMED",52,52,100,https://www.rffm.es/acta-partido/1579373,2026-08-07T03:26:05.373044+00:00
1579373,1031180,10754886,"PINTO SAN JOSE, IKER",49,49,100,https://www.rffm.es/acta-partido/1579373,2026-08-07T03:26:05.373044+00:00
1579375,466785,7803417,"LOBO PLAZA, MARIO",53,53,100,https://www.rffm.es/acta-partido/1579375,2026-08-07T03:26:05.905338+00:00
1579377,577,8031826,"DE LEON MARTINEZ, HUGO",5,5,100,https://www.rffm.es/acta-partido/1579377,2026-08-07T03:26:05.910015+00:00
1579377,577,8031826,"DE LEON MARTINEZ, HUGO",8,8,100,https://www.rffm.es/acta-partido/1579377,2026-08-07T03:26:05.910015+00:00
1579377,577,11828438,"GUTIERREZ GARCIA, ALVARO",28,28,100,https://www.rffm.es/acta-partido/1579377,2026-08-07T03:26:05.910015+00:00
1579377,577,8298012,"CASTAN ARROYO, JOEL",33,33,100,https://www.rffm.es/acta-partido/1579377,2026-08-07T03:26:05.910015+00:00
1579377,577,12911461,"VAZQUEZ REY, CAYETANO",53,53,100,https://www.rffm.es/acta-partido/1579377,2026-08-07T03:26:05.910015+00:00
1579370,2138,14603974,"RUFO SANTOS, PABLO",41,41,100,https://www.rffm.es/acta-partido/1579370,2026-08-07T03:26:05.981818+00:00
1579370,2138,14603974,"RUFO SANTOS, PABLO",45,45,100,https://www.rffm.es/acta-partido/1579370,2026-08-07T03:26:05.981818+00:00
1579385,2108,13270499,"LOPEZ CALDERON, AARON",33,33,101,https://www.rffm.es/acta-partido/1579385,2026-08-07T03:26:06.215000+00:00
1579378,577,8031826,"DE LEON MARTINEZ, HUGO",14,14,100,https://www.rffm.es/acta-partido/1579378,2026-08-07T03:26:06.219246+00:00
1579378,577,8520564,"REYES MORENO, ABEL",26,26,101,https://www.rffm.es/acta-partido/1579378,2026-08-07T03:26:06.219246+00:00
1579378,577,10707960,"CARRACEDO CORTIJO, DANIEL",33,33,100,https://www.rffm.es/acta-partido/1579378,2026-08-07T03:26:06.219246+00:00
1579378,577,7021423,"ALBA SAN PABLO, IZAN",40,40,100,https://www.rffm.es/acta-partido/1579378,2026-08-07T03:26:06.219246+00:00
1579378,577,8298012,"CASTAN ARROYO, JOEL",56,56,100,https://www.rffm.es/acta-partido/1579378,2026-08-07T03:26:06.219246+00:00
1579378,577,11828438,"GUTIERREZ GARCIA, ALVARO",59,59,100,https://www.rffm.es/acta-partido/1579378,2026-08-07T03:26:06.219246+00:00
1579378,2138,8392641,"RODRIGO MOYANO, RAÚL",35,35,100,https://www.rffm.es/acta-partido/1579378,2026-08-07T03:26:06.219246+00:00
1579380,300648,10156522,"FERNANDEZ, BENJAMIN",14,14,100,https://www.rffm.es/acta-partido/1579380,2026-08-07T03:26:06.406798+00:00
1579380,300648,9495192,"NOVO BAEZA, DARIO",18,18,100,https://www.rffm.es/acta-partido/1579380,2026-08-07T03:26:06.406798+00:00
1579380,300648,8039888,"BARCELONA MIÑARRO, FRANCISCO",21,21,100,https://www.rffm.es/acta-partido/1579380,2026-08-07T03:26:06.406798+00:00
1579380,300648,8529393,"RODRIGUEZ LOPEZ, ALEJANDRO",23,23,100,https://www.rffm.es/acta-partido/1579380,2026-08-07T03:26:06.406798+00:00
1579380,300648,8529393,"RODRIGUEZ LOPEZ, ALEJANDRO",37,37,100,https://www.rffm.es/acta-partido/1579380,2026-08-07T03:26:06.406798+00:00
1579380,300648,8489250,"GUTIERREZ REDONDO, YAGO",53,53,100,https://www.rffm.es/acta-partido/1579380,2026-08-07T03:26:06.406798+00:00
1579380,300648,12453474,"ANDRADE ALDEA, RAFAEL ALEXANDRE",55,55,100,https://www.rffm.es/acta-partido/1579380,2026-08-07T03:26:06.406798+00:00
1579380,300648,6682327,"DOMINGUEZ ALONSO, HUGO",57,57,100,https://www.rffm.es/acta-partido/1579380,2026-08-07T03:26:06.406798+00:00
1579380,15294619,10831047,"ALONSO RODRIGUEZ, HUGO",33,33,102,https://www.rffm.es/acta-partido/1579380,2026-08-07T03:26:06.406798+00:00
1579383,2359,8483667,"BARRAGAN MENDEZ, DAVID",58,58,100,https://www.rffm.es/acta-partido/1579383,2026-08-07T03:26:06.412382+00:00
1579382,1031180,10755004,"FERNANDEZ MANZANO, IYAN",18,18,100,https://www.rffm.es/acta-partido/1579382,2026-08-07T03:26:06.448864+00:00
1579382,289,9344590,"HERAS LOPEZ-MENCHERO, JESUS",58,58,100,https://www.rffm.es/acta-partido/1579382,2026-08-07T03:26:06.448864+00:00
1579384,466785,7803417,"LOBO PLAZA, MARIO",10,10,100,https://www.rffm.es/acta-partido/1579384,2026-08-07T03:26:07.221339+00:00
1579384,466785,11718686,"GOMEZ BORREGA, DANIEL",13,13,100,https://www.rffm.es/acta-partido/1579384,2026-08-07T03:26:07.221339+00:00
1579384,466785,13837669,"OFKIR BOROI, ISAAC",18,18,100,https://www.rffm.es/acta-partido/1579384,2026-08-07T03:26:07.221339+00:00
1579384,466785,11762921,"PEÑA GRANGEA, FABIAN ESTEBAN",47,47,100,https://www.rffm.es/acta-partido/1579384,2026-08-07T03:26:07.221339+00:00
1579384,466785,10014860,"NIETO CEA, DIEGO",50,50,100,https://www.rffm.es/acta-partido/1579384,2026-08-07T03:26:07.221339+00:00
1579384,466785,11824110,"ABID MOCANU, ZIDAN MOUHAMED",58,58,100,https://www.rffm.es/acta-partido/1579384,2026-08-07T03:26:07.221339+00:00
1579384,1843,13440625,"ESTRELLA LAMOS, ALONSO",59,59,100,https://www.rffm.es/acta-partido/1579384,2026-08-07T03:26:07.221339+00:00
1579389,289,11336150,"MARTIN RODRIGUEZ, ALEX",11,11,100,https://www.rffm.es/acta-partido/1579389,2026-08-07T03:26:07.250151+00:00
1579389,289,8516472,"TORIBIO GALLEGO, JESUS",28,28,100,https://www.rffm.es/acta-partido/1579389,2026-08-07T03:26:07.250151+00:00
1579389,289,10143092,"ARNAL SANCHEZ, MIGUEL",58,58,100,https://www.rffm.es/acta-partido/1579389,2026-08-07T03:26:07.250151+00:00
1579388,851327,8520530,"GOMEZ NUÑEZ ARENAS, SERGIO",22,22,100,https://www.rffm.es/acta-partido/1579388,2026-08-07T03:26:07.330147+00:00
1579388,851327,10925416,"FRAILE ALVAREZ, DAVID",29,29,100,https://www.rffm.es/acta-partido/1579388,2026-08-07T03:26:07.330147+00:00
1579388,300648,8489250,"GUTIERREZ REDONDO, YAGO",28,28,100,https://www.rffm.es/acta-partido/1579388,2026-08-07T03:26:07.330147+00:00
1579388,300648,8529393,"RODRIGUEZ LOPEZ, ALEJANDRO",39,39,100,https://www.rffm.es/acta-partido/1579388,2026-08-07T03:26:07.330147+00:00
1579393,81,13209441,"CIRCOV BONCUT, DANIEL ANDREI",14,14,100,https://www.rffm.es/acta-partido/1579393,2026-08-07T03:26:07.340286+00:00
1579393,81,7218817,"SANCHEZ CERA, MARCOS",40,40,100,https://www.rffm.es/acta-partido/1579393,2026-08-07T03:26:07.340286+00:00
1579393,577,10707960,"CARRACEDO CORTIJO, DANIEL",6,6,100,https://www.rffm.es/acta-partido/1579393,2026-08-07T03:26:07.340286+00:00
1579393,577,8031826,"DE LEON MARTINEZ, HUGO",10,10,100,https://www.rffm.es/acta-partido/1579393,2026-08-07T03:26:07.340286+00:00
1579393,577,8298012,"CASTAN ARROYO, JOEL",25,25,100,https://www.rffm.es/acta-partido/1579393,2026-08-07T03:26:07.340286+00:00
1579393,577,10707960,"CARRACEDO CORTIJO, DANIEL",31,31,100,https://www.rffm.es/acta-partido/1579393,2026-08-07T03:26:07.340286+00:00
1579393,577,10707960,"CARRACEDO CORTIJO, DANIEL",37,37,100,https://www.rffm.es/acta-partido/1579393,2026-08-07T03:26:07.340286+00:00
1579393,577,10706309,"ALONSO DIAZ, LUIS",42,42,100,https://www.rffm.es/acta-partido/1579393,2026-08-07T03:26:07.340286+00:00
1579393,577,8520564,"REYES MORENO, ABEL",49,49,100,https://www.rffm.es/acta-partido/1579393,2026-08-07T03:26:07.340286+00:00
1579393,577,7021423,"ALBA SAN PABLO, IZAN",56,56,100,https://www.rffm.es/acta-partido/1579393,2026-08-07T03:26:07.340286+00:00
1579393,577,8031826,"DE LEON MARTINEZ, HUGO",58,58,100,https://www.rffm.es/acta-partido/1579393,2026-08-07T03:26:07.340286+00:00
1579379,1800,8429509,"LOPEZ ROMERO, MARIO",2,2,100,https://www.rffm.es/acta-partido/1579379,2026-08-07T03:26:07.393941+00:00
1579379,1800,2793491,"CUPIDO MORENO, IZAN",40,40,100,https://www.rffm.es/acta-partido/1579379,2026-08-07T03:26:07.393941+00:00
1579379,636,15894340,"IBAÑEZ BENEDI, GUILLERMO",15,15,100,https://www.rffm.es/acta-partido/1579379,2026-08-07T03:26:07.393941+00:00
1579381,851327,8520530,"GOMEZ NUÑEZ ARENAS, SERGIO",11,11,101,https://www.rffm.es/acta-partido/1579381,2026-08-07T03:26:07.506270+00:00
1579381,851327,8375473,"JIMENEZ MARTIN, EDER",37,37,100,https://www.rffm.es/acta-partido/1579381,2026-08-07T03:26:07.506270+00:00
1579391,2359,13677025,"LOZANO LOPEZ DE LA REINA, ALEJANDRO",17,17,100,https://www.rffm.es/acta-partido/1579391,2026-08-07T03:26:07.533303+00:00
1579391,2359,14206694,"BARTOLO EL YAKOUBI, MOHAMED",44,44,100,https://www.rffm.es/acta-partido/1579391,2026-08-07T03:26:07.533303+00:00
1579391,2359,7833960,"AVILA GARRIDO, MARCO",60,60,100,https://www.rffm.es/acta-partido/1579391,2026-08-07T03:26:07.533303+00:00
1579386,636,15894340,"IBAÑEZ BENEDI, GUILLERMO",2,2,100,https://www.rffm.es/acta-partido/1579386,2026-08-07T03:26:08.008040+00:00
1579386,636,9341252,"GUTIERREZ MONTERO, DANIEL",13,13,100,https://www.rffm.es/acta-partido/1579386,2026-08-07T03:26:08.008040+00:00
1579386,636,9341252,"GUTIERREZ MONTERO, DANIEL",24,24,100,https://www.rffm.es/acta-partido/1579386,2026-08-07T03:26:08.008040+00:00
1579386,636,13239188,"MARTINEZ ALCALDE, JUAN",37,37,100,https://www.rffm.es/acta-partido/1579386,2026-08-07T03:26:08.008040+00:00
1579386,636,11774359,"LOZANO DATU, MARCOS",45,45,100,https://www.rffm.es/acta-partido/1579386,2026-08-07T03:26:08.008040+00:00
1579386,2138,9522219,"RIOS GUZMAN, ADRIAN",58,58,100,https://www.rffm.es/acta-partido/1579386,2026-08-07T03:26:08.008040+00:00
1579397,300648,8529393,"RODRIGUEZ LOPEZ, ALEJANDRO",5,5,100,https://www.rffm.es/acta-partido/1579397,2026-08-07T03:26:08.012879+00:00
1579397,300648,9529414,"MARTÍNEZ BARRENA, LUIS",30,30,100,https://www.rffm.es/acta-partido/1579397,2026-08-07T03:26:08.012879+00:00
1579397,300648,6682327,"DOMINGUEZ ALONSO, HUGO",34,34,100,https://www.rffm.es/acta-partido/1579397,2026-08-07T03:26:08.012879+00:00
1579399,1031180,8504415,"REQUEIJO PETRONILA, ALEJANDRO",1,1,100,https://www.rffm.es/acta-partido/1579399,2026-08-07T03:26:08.099623+00:00
1579399,1031180,10754886,"PINTO SAN JOSE, IKER",6,6,100,https://www.rffm.es/acta-partido/1579399,2026-08-07T03:26:08.099623+00:00
1579399,1031180,10754886,"PINTO SAN JOSE, IKER",8,8,100,https://www.rffm.es/acta-partido/1579399,2026-08-07T03:26:08.099623+00:00
1579399,1031180,8627936,"LOPEZ GOMEZ, CARLOS",10,10,100,https://www.rffm.es/acta-partido/1579399,2026-08-07T03:26:08.099623+00:00
1579399,1031180,10754886,"PINTO SAN JOSE, IKER",24,24,100,https://www.rffm.es/acta-partido/1579399,2026-08-07T03:26:08.099623+00:00
1579399,1031180,13748238,"THOMAS SANCHEZ, JAVIER",50,50,101,https://www.rffm.es/acta-partido/1579399,2026-08-07T03:26:08.099623+00:00
1579399,1031180,8504415,"REQUEIJO PETRONILA, ALEJANDRO",55,55,100,https://www.rffm.es/acta-partido/1579399,2026-08-07T03:26:08.099623+00:00
1579390,53,10195297,"MARCOS MARCOS, ENZO",24,24,100,https://www.rffm.es/acta-partido/1579390,2026-08-07T03:26:08.386872+00:00
1579390,53,13249312,"MARTIN VALENZUELA, LUIS",34,34,100,https://www.rffm.es/acta-partido/1579390,2026-08-07T03:26:08.386872+00:00
1579390,53,13165798,"VALCARCE TOLEDANO, JORGE",55,55,100,https://www.rffm.es/acta-partido/1579390,2026-08-07T03:26:08.386872+00:00
1579390,53,10195297,"MARCOS MARCOS, ENZO",70,70,100,https://www.rffm.es/acta-partido/1579390,2026-08-07T03:26:08.386872+00:00
1579387,15294619,8518346,"JIMENEZ MAZA, MANUEL",18,18,100,https://www.rffm.es/acta-partido/1579387,2026-08-07T03:26:08.485742+00:00
1579387,1800,2793491,"CUPIDO MORENO, IZAN",39,39,101,https://www.rffm.es/acta-partido/1579387,2026-08-07T03:26:08.485742+00:00
1579396,851327,8520463,"MEMBRILLA MARTINEZ, JAIME",40,40,100,https://www.rffm.es/acta-partido/1579396,2026-08-07T03:26:08.592595+00:00
1579396,851327,9014686,"CASTILLA PALOMO, ADRIAN",48,48,100,https://www.rffm.es/acta-partido/1579396,2026-08-07T03:26:08.592595+00:00
1579398,3032,8702416,"MIRA EXPOSITO, HUGO",9,9,100,https://www.rffm.es/acta-partido/1579398,2026-08-07T03:26:08.595462+00:00
1579398,3032,8663768,"RAMOS SOLER, OLIVER",33,33,100,https://www.rffm.es/acta-partido/1579398,2026-08-07T03:26:08.595462+00:00
1579398,53,13249312,"MARTIN VALENZUELA, LUIS",57,57,100,https://www.rffm.es/acta-partido/1579398,2026-08-07T03:26:08.595462+00:00
1579394,577,8031826,"DE LEON MARTINEZ, HUGO",12,12,100,https://www.rffm.es/acta-partido/1579394,2026-08-07T03:26:08.604268+00:00
1579394,577,8180556,"HERRANZ RUIZ, DAVID",59,59,100,https://www.rffm.es/acta-partido/1579394,2026-08-07T03:26:08.604268+00:00
1579394,636,8486080,"UREÑA MORCILLO, IZAN",51,51,100,https://www.rffm.es/acta-partido/1579394,2026-08-07T03:26:08.604268+00:00
1579401,466785,12167228,"ALZAS BAOUALI, RAYANE",42,42,100,https://www.rffm.es/acta-partido/1579401,2026-08-07T03:26:09.183013+00:00
1579401,81,13209828,"RODRIGUEZ GOMEZ, JULIO",51,51,100,https://www.rffm.es/acta-partido/1579401,2026-08-07T03:26:09.183013+00:00
1579401,81,7218817,"SANCHEZ CERA, MARCOS",60,60,101,https://www.rffm.es/acta-partido/1579401,2026-08-07T03:26:09.183013+00:00
1579395,2138,9522219,"RIOS GUZMAN, ADRIAN",8,8,100,https://www.rffm.es/acta-partido/1579395,2026-08-07T03:26:09.220393+00:00
1579395,2138,9973270,"CRESPO HERRERA, IKER",16,16,100,https://www.rffm.es/acta-partido/1579395,2026-08-07T03:26:09.220393+00:00
1579395,2138,12198077,"VAZQUEZ MORENO, DANIEL",45,45,100,https://www.rffm.es/acta-partido/1579395,2026-08-07T03:26:09.220393+00:00
1579395,15294619,8518346,"JIMENEZ MAZA, MANUEL",20,20,100,https://www.rffm.es/acta-partido/1579395,2026-08-07T03:26:09.220393+00:00
1579395,15294619,7838325,"SAAVEDRA AYAMBO, ISAM JOANDRY",54,54,101,https://www.rffm.es/acta-partido/1579395,2026-08-07T03:26:09.220393+00:00
1579400,2359,10826501,"NICULCEA, ROBERT CIPRIAN",17,17,100,https://www.rffm.es/acta-partido/1579400,2026-08-07T03:26:09.426259+00:00
1579400,2359,9475093,"SERRANO MELERO, AITOR",23,23,100,https://www.rffm.es/acta-partido/1579400,2026-08-07T03:26:09.426259+00:00
1579400,2359,9475093,"SERRANO MELERO, AITOR",40,40,100,https://www.rffm.es/acta-partido/1579400,2026-08-07T03:26:09.426259+00:00
1579400,2108,13270341,"ZAMORA FRANCISCO, ALVARO",37,37,100,https://www.rffm.es/acta-partido/1579400,2026-08-07T03:26:09.426259+00:00
1579408,81,8449817,"MERINO MORENO, IVAN",58,58,101,https://www.rffm.es/acta-partido/1579408,2026-08-07T03:26:09.665432+00:00
1579408,2359,13254729,"REBOLLO QUIROS, JAIME",10,10,100,https://www.rffm.es/acta-partido/1579408,2026-08-07T03:26:09.665432+00:00
1579403,851327,10925416,"FRAILE ALVAREZ, DAVID",4,4,100,https://www.rffm.es/acta-partido/1579403,2026-08-07T03:26:09.898812+00:00
1579403,851327,10142707,"PINTADO TOMALO, DYLAN JOEL",23,23,100,https://www.rffm.es/acta-partido/1579403,2026-08-07T03:26:09.898812+00:00
1579403,851327,8520581,"SABALETE ALBIN, ALVARO",38,38,100,https://www.rffm.es/acta-partido/1579403,2026-08-07T03:26:09.898812+00:00
1579403,2138,9522219,"RIOS GUZMAN, ADRIAN",29,29,100,https://www.rffm.es/acta-partido/1579403,2026-08-07T03:26:09.898812+00:00
1579402,636,15894340,"IBAÑEZ BENEDI, GUILLERMO",14,14,100,https://www.rffm.es/acta-partido/1579402,2026-08-07T03:26:10.037267+00:00
1579402,636,7152436,"PINOS ESPINOZA, ANTHONY JAVIER",19,19,100,https://www.rffm.es/acta-partido/1579402,2026-08-07T03:26:10.037267+00:00
1579402,636,9250810,"MARTINEZ GALLEGO, JORGE",28,28,102,https://www.rffm.es/acta-partido/1579402,2026-08-07T03:26:10.037267+00:00
1579409,577,10706390,"SANCHEZ TORRES, DAVID",39,39,100,https://www.rffm.es/acta-partido/1579409,2026-08-07T03:26:10.068731+00:00
1579409,577,10706390,"SANCHEZ TORRES, DAVID",55,55,100,https://www.rffm.es/acta-partido/1579409,2026-08-07T03:26:10.068731+00:00
1579409,577,10706390,"SANCHEZ TORRES, DAVID",59,59,100,https://www.rffm.es/acta-partido/1579409,2026-08-07T03:26:10.068731+00:00
1579407,2108,9707311,"GARCIA GALLEGO, AXEL",20,20,100,https://www.rffm.es/acta-partido/1579407,2026-08-07T03:26:10.455965+00:00
1579407,2108,11535899,"DIAZ MONSALVE, PABLO",40,40,100,https://www.rffm.es/acta-partido/1579407,2026-08-07T03:26:10.455965+00:00
1579407,1031180,10754926,"MANZANEDO OLIVERA, GONZALO",14,14,100,https://www.rffm.es/acta-partido/1579407,2026-08-07T03:26:10.455965+00:00
1579407,1031180,10754886,"PINTO SAN JOSE, IKER",31,31,100,https://www.rffm.es/acta-partido/1579407,2026-08-07T03:26:10.455965+00:00
1579406,1843,7942743,"ENGONGA TELENTE, FELIX",55,55,100,https://www.rffm.es/acta-partido/1579406,2026-08-07T03:26:10.490996+00:00
1579406,3032,13193054,"RODRIGUEZ CONDADO, HUGO",6,6,100,https://www.rffm.es/acta-partido/1579406,2026-08-07T03:26:10.490996+00:00
1579406,3032,11809073,"VAQUERO SANTOS, DAVID",8,8,100,https://www.rffm.es/acta-partido/1579406,2026-08-07T03:26:10.490996+00:00
1579406,3032,9947805,"MATEO GARVIA, ALEJANDRO",13,13,100,https://www.rffm.es/acta-partido/1579406,2026-08-07T03:26:10.490996+00:00
1579406,3032,11816133,"CARRASCO SENISE, MARCO",18,18,100,https://www.rffm.es/acta-partido/1579406,2026-08-07T03:26:10.490996+00:00
1579406,3032,9947805,"MATEO GARVIA, ALEJANDRO",24,24,100,https://www.rffm.es/acta-partido/1579406,2026-08-07T03:26:10.490996+00:00
1579406,3032,8651334,"CUADRADO HIPOLITO, DANIEL",34,34,100,https://www.rffm.es/acta-partido/1579406,2026-08-07T03:26:10.490996+00:00
1579406,3032,11809559,"MACHO MORENO, UNAI",39,39,100,https://www.rffm.es/acta-partido/1579406,2026-08-07T03:26:10.490996+00:00
1579405,53,13249312,"MARTIN VALENZUELA, LUIS",7,7,100,https://www.rffm.es/acta-partido/1579405,2026-08-07T03:26:10.578805+00:00
1579405,53,13249312,"MARTIN VALENZUELA, LUIS",25,25,100,https://www.rffm.es/acta-partido/1579405,2026-08-07T03:26:10.578805+00:00
1579405,300648,6682327,"DOMINGUEZ ALONSO, HUGO",2,2,100,https://www.rffm.es/acta-partido/1579405,2026-08-07T03:26:10.578805+00:00
1579405,300648,6682327,"DOMINGUEZ ALONSO, HUGO",24,24,100,https://www.rffm.es/acta-partido/1579405,2026-08-07T03:26:10.578805+00:00
1579405,300648,10142551,"ALBAN ROCA, GALO RAFAEL",36,36,100,https://www.rffm.es/acta-partido/1579405,2026-08-07T03:26:10.578805+00:00
1579405,300648,8456668,"BRAVO GONZALEZ, JORGE",41,41,100,https://www.rffm.es/acta-partido/1579405,2026-08-07T03:26:10.578805+00:00
1579405,300648,8529393,"RODRIGUEZ LOPEZ, ALEJANDRO",43,43,100,https://www.rffm.es/acta-partido/1579405,2026-08-07T03:26:10.578805+00:00
1579405,300648,8489250,"GUTIERREZ REDONDO, YAGO",47,47,101,https://www.rffm.es/acta-partido/1579405,2026-08-07T03:26:10.578805+00:00
1579405,300648,8456668,"BRAVO GONZALEZ, JORGE",49,49,100,https://www.rffm.es/acta-partido/1579405,2026-08-07T03:26:10.578805+00:00
1579414,300648,9529414,"MARTÍNEZ BARRENA, LUIS",7,7,100,https://www.rffm.es/acta-partido/1579414,2026-08-07T03:26:10.944687+00:00
1579414,300648,8361891,"ANADON ORTIZ, ADRIAN",11,11,100,https://www.rffm.es/acta-partido/1579414,2026-08-07T03:26:10.944687+00:00
1579414,300648,9529414,"MARTÍNEZ BARRENA, LUIS",16,16,100,https://www.rffm.es/acta-partido/1579414,2026-08-07T03:26:10.944687+00:00
1579414,300648,8456668,"BRAVO GONZALEZ, JORGE",19,19,100,https://www.rffm.es/acta-partido/1579414,2026-08-07T03:26:10.944687+00:00
1579414,300648,6682327,"DOMINGUEZ ALONSO, HUGO",24,24,100,https://www.rffm.es/acta-partido/1579414,2026-08-07T03:26:10.944687+00:00
1579414,300648,6682327,"DOMINGUEZ ALONSO, HUGO",28,28,100,https://www.rffm.es/acta-partido/1579414,2026-08-07T03:26:10.944687+00:00
1579414,300648,12453474,"ANDRADE ALDEA, RAFAEL ALEXANDRE",29,29,100,https://www.rffm.es/acta-partido/1579414,2026-08-07T03:26:10.944687+00:00
1579414,300648,8489250,"GUTIERREZ REDONDO, YAGO",36,36,100,https://www.rffm.es/acta-partido/1579414,2026-08-07T03:26:10.944687+00:00
1579414,300648,8529393,"RODRIGUEZ LOPEZ, ALEJANDRO",37,37,100,https://www.rffm.es/acta-partido/1579414,2026-08-07T03:26:10.944687+00:00
1579414,300648,6682327,"DOMINGUEZ ALONSO, HUGO",39,39,100,https://www.rffm.es/acta-partido/1579414,2026-08-07T03:26:10.944687+00:00
1579414,300648,8529393,"RODRIGUEZ LOPEZ, ALEJANDRO",41,41,100,https://www.rffm.es/acta-partido/1579414,2026-08-07T03:26:10.944687+00:00
1579414,300648,9529457,"DE LAS HERAS DE ABREU, TOMAS",44,44,100,https://www.rffm.es/acta-partido/1579414,2026-08-07T03:26:10.944687+00:00
1579414,300648,8489250,"GUTIERREZ REDONDO, YAGO",48,48,100,https://www.rffm.es/acta-partido/1579414,2026-08-07T03:26:10.944687+00:00
1579414,300648,8489250,"GUTIERREZ REDONDO, YAGO",50,50,100,https://www.rffm.es/acta-partido/1579414,2026-08-07T03:26:10.944687+00:00
1579414,300648,6682327,"DOMINGUEZ ALONSO, HUGO",54,54,100,https://www.rffm.es/acta-partido/1579414,2026-08-07T03:26:10.944687+00:00
1579414,300648,9495192,"NOVO BAEZA, DARIO",58,58,100,https://www.rffm.es/acta-partido/1579414,2026-08-07T03:26:10.944687+00:00
1579414,300648,9529414,"MARTÍNEZ BARRENA, LUIS",59,59,100,https://www.rffm.es/acta-partido/1579414,2026-08-07T03:26:10.944687+00:00
1579416,81,8261134,"DOMINGUEZ GIJON, ALVARO",8,8,100,https://www.rffm.es/acta-partido/1579416,2026-08-07T03:26:11.394971+00:00
1579416,81,8261134,"DOMINGUEZ GIJON, ALVARO",10,10,100,https://www.rffm.es/acta-partido/1579416,2026-08-07T03:26:11.394971+00:00
1579416,81,13209441,"CIRCOV BONCUT, DANIEL ANDREI",44,44,100,https://www.rffm.es/acta-partido/1579416,2026-08-07T03:26:11.394971+00:00
1579411,636,7315025,"SANTAMARIA BRIZ, ALVARO",4,4,100,https://www.rffm.es/acta-partido/1579411,2026-08-07T03:26:11.512695+00:00
1579412,289,11336775,"PALOMINO LARA, HUGO",41,41,100,https://www.rffm.es/acta-partido/1579412,2026-08-07T03:26:11.548555+00:00
1579412,289,11336775,"PALOMINO LARA, HUGO",43,43,100,https://www.rffm.es/acta-partido/1579412,2026-08-07T03:26:11.548555+00:00
1579412,289,10925218,"JIMENEZ MIGUEL, GABRIEL",48,48,100,https://www.rffm.es/acta-partido/1579412,2026-08-07T03:26:11.548555+00:00
1579410,577,10707960,"CARRACEDO CORTIJO, DANIEL",29,29,100,https://www.rffm.es/acta-partido/1579410,2026-08-07T03:26:11.568497+00:00
1579415,2108,8522626,"HINOJOSA MORALES, LUCAS",35,35,100,https://www.rffm.es/acta-partido/1579415,2026-08-07T03:26:11.726440+00:00
1579413,1800,8174387,"JIMENEZ ALONSO, RAUL",9,9,100,https://www.rffm.es/acta-partido/1579413,2026-08-07T03:26:11.732229+00:00
1579413,1800,10170241,"LOPEZ ALONSO, AARON",36,36,100,https://www.rffm.es/acta-partido/1579413,2026-08-07T03:26:11.732229+00:00
1579413,1800,10191913,"NUTRERA MEZA, JOSE ANGEL",51,51,100,https://www.rffm.es/acta-partido/1579413,2026-08-07T03:26:11.732229+00:00
1579413,1800,8526105,"AUNION BLANCO, GUILLERMO",59,59,100,https://www.rffm.es/acta-partido/1579413,2026-08-07T03:26:11.732229+00:00
1579417,466785,13837669,"OFKIR BOROI, ISAAC",5,5,100,https://www.rffm.es/acta-partido/1579417,2026-08-07T03:26:11.794762+00:00
1579423,81,8449817,"MERINO MORENO, IVAN",18,18,100,https://www.rffm.es/acta-partido/1579423,2026-08-07T03:26:12.048849+00:00
1579423,81,13209441,"CIRCOV BONCUT, DANIEL ANDREI",26,26,100,https://www.rffm.es/acta-partido/1579423,2026-08-07T03:26:12.048849+00:00
1579423,81,9977735,"ALVAREZ MARTIN, MARCOS",60,60,100,https://www.rffm.es/acta-partido/1579423,2026-08-07T03:26:12.048849+00:00
1579418,851327,10142707,"PINTADO TOMALO, DYLAN JOEL",40,40,100,https://www.rffm.es/acta-partido/1579418,2026-08-07T03:26:12.192826+00:00
1579418,851327,10925416,"FRAILE ALVAREZ, DAVID",60,60,100,https://www.rffm.es/acta-partido/1579418,2026-08-07T03:26:12.192826+00:00
1579418,15294619,8518346,"JIMENEZ MAZA, MANUEL",23,23,100,https://www.rffm.es/acta-partido/1579418,2026-08-07T03:26:12.192826+00:00
1579418,15294619,10831063,"LLORET BUSTOS, MATEO",32,32,100,https://www.rffm.es/acta-partido/1579418,2026-08-07T03:26:12.192826+00:00
1579421,1800,8174311,"JIMENEZ ALONSO, SERGIO",22,22,100,https://www.rffm.es/acta-partido/1579421,2026-08-07T03:26:12.224584+00:00
1579421,1800,10170241,"LOPEZ ALONSO, AARON",28,28,100,https://www.rffm.es/acta-partido/1579421,2026-08-07T03:26:12.224584+00:00
1579421,1800,8461755,"SANABRIA LLANOS, ANTONIO MATEO",35,35,100,https://www.rffm.es/acta-partido/1579421,2026-08-07T03:26:12.224584+00:00
1579421,1800,8526105,"AUNION BLANCO, GUILLERMO",41,41,100,https://www.rffm.es/acta-partido/1579421,2026-08-07T03:26:12.224584+00:00
1579421,1800,10191913,"NUTRERA MEZA, JOSE ANGEL",43,43,100,https://www.rffm.es/acta-partido/1579421,2026-08-07T03:26:12.224584+00:00
1579421,1800,8174387,"JIMENEZ ALONSO, RAUL",49,49,100,https://www.rffm.es/acta-partido/1579421,2026-08-07T03:26:12.224584+00:00
1579421,1800,8174311,"JIMENEZ ALONSO, SERGIO",58,58,100,https://www.rffm.es/acta-partido/1579421,2026-08-07T03:26:12.224584+00:00
1579424,466785,8377344,"HERRAN TORRES, EFREN",5,5,100,https://www.rffm.es/acta-partido/1579424,2026-08-07T03:26:12.232143+00:00
1579424,466785,11718686,"GOMEZ BORREGA, DANIEL",17,17,100,https://www.rffm.es/acta-partido/1579424,2026-08-07T03:26:12.232143+00:00
1579424,466785,12167228,"ALZAS BAOUALI, RAYANE",22,22,100,https://www.rffm.es/acta-partido/1579424,2026-08-07T03:26:12.232143+00:00
1579419,289,10925218,"JIMENEZ MIGUEL, GABRIEL",12,12,100,https://www.rffm.es/acta-partido/1579419,2026-08-07T03:26:12.302874+00:00
1579419,636,13239188,"MARTINEZ ALCALDE, JUAN",46,46,100,https://www.rffm.es/acta-partido/1579419,2026-08-07T03:26:12.302874+00:00
1579425,577,8031826,"DE LEON MARTINEZ, HUGO",4,4,100,https://www.rffm.es/acta-partido/1579425,2026-08-07T03:26:12.967670+00:00
1579425,577,14164247,"DIAZ-JIMENEZ MARTIN, ADRIAN",32,32,100,https://www.rffm.es/acta-partido/1579425,2026-08-07T03:26:12.967670+00:00
1579425,577,14164247,"DIAZ-JIMENEZ MARTIN, ADRIAN",45,45,100,https://www.rffm.es/acta-partido/1579425,2026-08-07T03:26:12.967670+00:00
1579425,577,8031826,"DE LEON MARTINEZ, HUGO",55,55,100,https://www.rffm.es/acta-partido/1579425,2026-08-07T03:26:12.967670+00:00
1579422,300648,12453474,"ANDRADE ALDEA, RAFAEL ALEXANDRE",15,15,100,https://www.rffm.es/acta-partido/1579422,2026-08-07T03:26:12.972422+00:00
1579422,300648,6682327,"DOMINGUEZ ALONSO, HUGO",23,23,100,https://www.rffm.es/acta-partido/1579422,2026-08-07T03:26:12.972422+00:00
1579422,300648,6682327,"DOMINGUEZ ALONSO, HUGO",32,32,100,https://www.rffm.es/acta-partido/1579422,2026-08-07T03:26:12.972422+00:00
1579422,300648,8529393,"RODRIGUEZ LOPEZ, ALEJANDRO",43,43,100,https://www.rffm.es/acta-partido/1579422,2026-08-07T03:26:12.972422+00:00
1579422,300648,8489250,"GUTIERREZ REDONDO, YAGO",47,47,100,https://www.rffm.es/acta-partido/1579422,2026-08-07T03:26:12.972422+00:00
1579422,300648,9529414,"MARTÍNEZ BARRENA, LUIS",48,48,100,https://www.rffm.es/acta-partido/1579422,2026-08-07T03:26:12.972422+00:00
1579422,300648,8456668,"BRAVO GONZALEZ, JORGE",49,49,100,https://www.rffm.es/acta-partido/1579422,2026-08-07T03:26:12.972422+00:00
1579422,300648,9529069,"DEL POZO GALLEGO, HECTOR",51,51,100,https://www.rffm.es/acta-partido/1579422,2026-08-07T03:26:12.972422+00:00
1579422,300648,8361891,"ANADON ORTIZ, ADRIAN",60,60,100,https://www.rffm.es/acta-partido/1579422,2026-08-07T03:26:12.972422+00:00
1579420,2138,8342995,"GALLARDO MONTES, DANIEL",38,38,100,https://www.rffm.es/acta-partido/1579420,2026-08-07T03:26:13.029919+00:00
1579428,636,9341252,"GUTIERREZ MONTERO, DANIEL",16,16,100,https://www.rffm.es/acta-partido/1579428,2026-08-07T03:26:13.423695+00:00
1579428,636,7315025,"SANTAMARIA BRIZ, ALVARO",40,40,100,https://www.rffm.es/acta-partido/1579428,2026-08-07T03:26:13.423695+00:00
1579428,636,8412486,"MONTALVO MEDINA, MIGUEL",43,43,100,https://www.rffm.es/acta-partido/1579428,2026-08-07T03:26:13.423695+00:00
1579428,636,7152436,"PINOS ESPINOZA, ANTHONY JAVIER",53,53,100,https://www.rffm.es/acta-partido/1579428,2026-08-07T03:26:13.423695+00:00
1579428,636,15894340,"IBAÑEZ BENEDI, GUILLERMO",56,56,100,https://www.rffm.es/acta-partido/1579428,2026-08-07T03:26:13.423695+00:00
1579428,53,10195297,"MARCOS MARCOS, ENZO",15,15,101,https://www.rffm.es/acta-partido/1579428,2026-08-07T03:26:13.423695+00:00
1579428,53,13249312,"MARTIN VALENZUELA, LUIS",52,52,100,https://www.rffm.es/acta-partido/1579428,2026-08-07T03:26:13.423695+00:00
1579426,851327,9036876,"MARTIN FERREIRA, PABLO",37,37,100,https://www.rffm.es/acta-partido/1579426,2026-08-07T03:26:13.554419+00:00
1579426,577,15439210,"CHAPINAL SANCHEZ, HECTOR",11,11,100,https://www.rffm.es/acta-partido/1579426,2026-08-07T03:26:13.554419+00:00
1579426,577,14164247,"DIAZ-JIMENEZ MARTIN, ADRIAN",53,53,100,https://www.rffm.es/acta-partido/1579426,2026-08-07T03:26:13.554419+00:00
1579426,577,14164247,"DIAZ-JIMENEZ MARTIN, ADRIAN",55,55,100,https://www.rffm.es/acta-partido/1579426,2026-08-07T03:26:13.554419+00:00
1579427,15294619,8518346,"JIMENEZ MAZA, MANUEL",46,46,100,https://www.rffm.es/acta-partido/1579427,2026-08-07T03:26:13.558848+00:00
1579427,289,11336775,"PALOMINO LARA, HUGO",31,31,100,https://www.rffm.es/acta-partido/1579427,2026-08-07T03:26:13.558848+00:00
1579427,289,8555581,"BRYYOVSKYY CHIRKOVA, DAVID",55,55,100,https://www.rffm.es/acta-partido/1579427,2026-08-07T03:26:13.558848+00:00
1579433,1031180,13748272,"CAMARA PARRON, JORGE",56,56,100,https://www.rffm.es/acta-partido/1579433,2026-08-07T03:26:13.563155+00:00
1579433,2359,9707482,"GARCIA PAMOS, JOSE LUIS",19,19,100,https://www.rffm.es/acta-partido/1579433,2026-08-07T03:26:13.563155+00:00
1579433,2359,8483667,"BARRAGAN MENDEZ, DAVID",39,39,100,https://www.rffm.es/acta-partido/1579433,2026-08-07T03:26:13.563155+00:00
1579433,2359,13083377,"PAZOS FERNANDEZ, IVAN",53,53,100,https://www.rffm.es/acta-partido/1579433,2026-08-07T03:26:13.563155+00:00
1579430,1800,10191913,"NUTRERA MEZA, JOSE ANGEL",5,5,100,https://www.rffm.es/acta-partido/1579430,2026-08-07T03:26:13.709675+00:00
1579430,1800,10191913,"NUTRERA MEZA, JOSE ANGEL",39,39,100,https://www.rffm.es/acta-partido/1579430,2026-08-07T03:26:13.709675+00:00
1579430,1800,8174387,"JIMENEZ ALONSO, RAUL",43,43,100,https://www.rffm.es/acta-partido/1579430,2026-08-07T03:26:13.709675+00:00
1579432,3032,13193054,"RODRIGUEZ CONDADO, HUGO",32,32,100,https://www.rffm.es/acta-partido/1579432,2026-08-07T03:26:14.336916+00:00
1579432,3032,11641690,"CASADO SOLANES, VICTOR",48,48,100,https://www.rffm.es/acta-partido/1579432,2026-08-07T03:26:14.336916+00:00
1579432,466785,12167228,"ALZAS BAOUALI, RAYANE",14,14,100,https://www.rffm.es/acta-partido/1579432,2026-08-07T03:26:14.336916+00:00
1579432,466785,13837669,"OFKIR BOROI, ISAAC",59,59,100,https://www.rffm.es/acta-partido/1579432,2026-08-07T03:26:14.336916+00:00
1579431,300648,8489250,"GUTIERREZ REDONDO, YAGO",1,1,100,https://www.rffm.es/acta-partido/1579431,2026-08-07T03:26:14.341689+00:00
1579431,300648,8529393,"RODRIGUEZ LOPEZ, ALEJANDRO",5,5,100,https://www.rffm.es/acta-partido/1579431,2026-08-07T03:26:14.341689+00:00
1579431,300648,12453474,"ANDRADE ALDEA, RAFAEL ALEXANDRE",15,15,100,https://www.rffm.es/acta-partido/1579431,2026-08-07T03:26:14.341689+00:00
1579431,300648,6682327,"DOMINGUEZ ALONSO, HUGO",31,31,100,https://www.rffm.es/acta-partido/1579431,2026-08-07T03:26:14.341689+00:00
1579431,300648,12453474,"ANDRADE ALDEA, RAFAEL ALEXANDRE",31,31,100,https://www.rffm.es/acta-partido/1579431,2026-08-07T03:26:14.341689+00:00
1579431,300648,9529414,"MARTÍNEZ BARRENA, LUIS",45,45,100,https://www.rffm.es/acta-partido/1579431,2026-08-07T03:26:14.341689+00:00
1579431,300648,8361891,"ANADON ORTIZ, ADRIAN",56,56,100,https://www.rffm.es/acta-partido/1579431,2026-08-07T03:26:14.341689+00:00
1579429,2138,13190806,"MATEOS PEÑA, MARCO",8,8,100,https://www.rffm.es/acta-partido/1579429,2026-08-07T03:26:14.355070+00:00
1579429,2138,11716987,"CUESTA ALONSO, RAUL",11,11,100,https://www.rffm.es/acta-partido/1579429,2026-08-07T03:26:14.355070+00:00
1579429,2138,8342995,"GALLARDO MONTES, DANIEL",14,14,100,https://www.rffm.es/acta-partido/1579429,2026-08-07T03:26:14.355070+00:00
1579429,2138,12198077,"VAZQUEZ MORENO, DANIEL",19,19,100,https://www.rffm.es/acta-partido/1579429,2026-08-07T03:26:14.355070+00:00
1579429,2138,11716987,"CUESTA ALONSO, RAUL",20,20,100,https://www.rffm.es/acta-partido/1579429,2026-08-07T03:26:14.355070+00:00
1579429,2138,13190806,"MATEOS PEÑA, MARCO",24,24,100,https://www.rffm.es/acta-partido/1579429,2026-08-07T03:26:14.355070+00:00
1579429,2138,8709632,"ARROYO SANZ, FABIAN",28,28,100,https://www.rffm.es/acta-partido/1579429,2026-08-07T03:26:14.355070+00:00
1579429,2138,8709632,"ARROYO SANZ, FABIAN",31,31,100,https://www.rffm.es/acta-partido/1579429,2026-08-07T03:26:14.355070+00:00
1579429,2138,8709632,"ARROYO SANZ, FABIAN",34,34,100,https://www.rffm.es/acta-partido/1579429,2026-08-07T03:26:14.355070+00:00
1579429,2138,8393456,"NAVARRO LÓPEZ, LUCAS",41,41,101,https://www.rffm.es/acta-partido/1579429,2026-08-07T03:26:14.355070+00:00
1579429,2138,8342995,"GALLARDO MONTES, DANIEL",44,44,100,https://www.rffm.es/acta-partido/1579429,2026-08-07T03:26:14.355070+00:00
1579429,2138,14603974,"RUFO SANTOS, PABLO",46,46,100,https://www.rffm.es/acta-partido/1579429,2026-08-07T03:26:14.355070+00:00
1579429,2138,14603974,"RUFO SANTOS, PABLO",49,49,100,https://www.rffm.es/acta-partido/1579429,2026-08-07T03:26:14.355070+00:00
1579429,2138,11716987,"CUESTA ALONSO, RAUL",56,56,100,https://www.rffm.es/acta-partido/1579429,2026-08-07T03:26:14.355070+00:00
1579435,53,11315418,"CALVO HERNANDO, MARCOS",16,16,100,https://www.rffm.es/acta-partido/1579435,2026-08-07T03:26:14.691379+00:00
1579435,53,11315418,"CALVO HERNANDO, MARCOS",19,19,100,https://www.rffm.es/acta-partido/1579435,2026-08-07T03:26:14.691379+00:00
1579435,53,10195297,"MARCOS MARCOS, ENZO",33,33,100,https://www.rffm.es/acta-partido/1579435,2026-08-07T03:26:14.691379+00:00
1579435,53,8515667,"DELGADO MARIN, MARIO",55,55,100,https://www.rffm.es/acta-partido/1579435,2026-08-07T03:26:14.691379+00:00
1579435,53,11513063,"BARBA VICENTE, JESUS",56,56,100,https://www.rffm.es/acta-partido/1579435,2026-08-07T03:26:14.691379+00:00
1579434,289,11336150,"MARTIN RODRIGUEZ, ALEX",37,37,100,https://www.rffm.es/acta-partido/1579434,2026-08-07T03:26:14.814759+00:00
1579434,289,11336150,"MARTIN RODRIGUEZ, ALEX",59,59,101,https://www.rffm.es/acta-partido/1579434,2026-08-07T03:26:14.814759+00:00
1579434,851327,14455053,"MUÑOZ PEÑA, ERIC",17,17,100,https://www.rffm.es/acta-partido/1579434,2026-08-07T03:26:14.814759+00:00
1579436,636,7353287,"MILLAN HERRERO, HECTOR",28,28,100,https://www.rffm.es/acta-partido/1579436,2026-08-07T03:26:14.820150+00:00
1579436,636,9341252,"GUTIERREZ MONTERO, DANIEL",52,52,100,https://www.rffm.es/acta-partido/1579436,2026-08-07T03:26:14.820150+00:00
1579439,466785,13837669,"OFKIR BOROI, ISAAC",55,55,101,https://www.rffm.es/acta-partido/1579439,2026-08-07T03:26:14.839695+00:00
1579439,300648,8456668,"BRAVO GONZALEZ, JORGE",25,25,100,https://www.rffm.es/acta-partido/1579439,2026-08-07T03:26:14.839695+00:00
1579439,300648,9529506,"SANCHEZ JIMENEZ, ALEJANDRO",48,48,100,https://www.rffm.es/acta-partido/1579439,2026-08-07T03:26:14.839695+00:00
1579439,300648,8529393,"RODRIGUEZ LOPEZ, ALEJANDRO",60,60,100,https://www.rffm.es/acta-partido/1579439,2026-08-07T03:26:14.839695+00:00
1579441,577,14164247,"DIAZ-JIMENEZ MARTIN, ADRIAN",13,13,100,https://www.rffm.es/acta-partido/1579441,2026-08-07T03:26:14.843866+00:00
1579441,577,10706309,"ALONSO DIAZ, LUIS",21,21,100,https://www.rffm.es/acta-partido/1579441,2026-08-07T03:26:14.843866+00:00
1579441,577,7021423,"ALBA SAN PABLO, IZAN",26,26,100,https://www.rffm.es/acta-partido/1579441,2026-08-07T03:26:14.843866+00:00
1579441,577,14164247,"DIAZ-JIMENEZ MARTIN, ADRIAN",33,33,100,https://www.rffm.es/acta-partido/1579441,2026-08-07T03:26:14.843866+00:00
1579441,577,8520564,"REYES MORENO, ABEL",35,35,100,https://www.rffm.es/acta-partido/1579441,2026-08-07T03:26:14.843866+00:00
1579441,577,14164247,"DIAZ-JIMENEZ MARTIN, ADRIAN",39,39,100,https://www.rffm.es/acta-partido/1579441,2026-08-07T03:26:14.843866+00:00
1579441,577,14164247,"DIAZ-JIMENEZ MARTIN, ADRIAN",42,42,100,https://www.rffm.es/acta-partido/1579441,2026-08-07T03:26:14.843866+00:00
1579441,577,12911461,"VAZQUEZ REY, CAYETANO",48,48,100,https://www.rffm.es/acta-partido/1579441,2026-08-07T03:26:14.843866+00:00
1579441,577,10706390,"SANCHEZ TORRES, DAVID",50,50,100,https://www.rffm.es/acta-partido/1579441,2026-08-07T03:26:14.843866+00:00
1579441,577,14164247,"DIAZ-JIMENEZ MARTIN, ADRIAN",56,56,100,https://www.rffm.es/acta-partido/1579441,2026-08-07T03:26:14.843866+00:00
1579441,577,14164247,"DIAZ-JIMENEZ MARTIN, ADRIAN",57,57,100,https://www.rffm.es/acta-partido/1579441,2026-08-07T03:26:14.843866+00:00
1579441,577,14164247,"DIAZ-JIMENEZ MARTIN, ADRIAN",58,58,100,https://www.rffm.es/acta-partido/1579441,2026-08-07T03:26:14.843866+00:00
1579441,1031180,10754886,"PINTO SAN JOSE, IKER",20,20,100,https://www.rffm.es/acta-partido/1579441,2026-08-07T03:26:14.843866+00:00
1579437,2108,9003787,"SUAREZ VAQUERO, ENZO",52,52,100,https://www.rffm.es/acta-partido/1579437,2026-08-07T03:26:15.447292+00:00
1579437,2138,9522219,"RIOS GUZMAN, ADRIAN",7,7,100,https://www.rffm.es/acta-partido/1579437,2026-08-07T03:26:15.447292+00:00
1579437,2138,12738955,"NAVAS CUESTA, ARAN",36,36,100,https://www.rffm.es/acta-partido/1579437,2026-08-07T03:26:15.447292+00:00
1579437,2138,9522219,"RIOS GUZMAN, ADRIAN",53,53,100,https://www.rffm.es/acta-partido/1579437,2026-08-07T03:26:15.447292+00:00
1579438,81,13209183,"PASTOR MOLINA, ADRIAN",7,7,100,https://www.rffm.es/acta-partido/1579438,2026-08-07T03:26:15.971850+00:00
1579438,81,13209534,"ACEVEDO HERRERO, HUGO",16,16,100,https://www.rffm.es/acta-partido/1579438,2026-08-07T03:26:15.971850+00:00
1579438,81,7552784,"RUIZ BLANCO, MARCOS",21,21,100,https://www.rffm.es/acta-partido/1579438,2026-08-07T03:26:15.971850+00:00
1579438,81,10117005,"VERA AVILA, AITOR",37,37,100,https://www.rffm.es/acta-partido/1579438,2026-08-07T03:26:15.971850+00:00
1579438,81,7552784,"RUIZ BLANCO, MARCOS",50,50,100,https://www.rffm.es/acta-partido/1579438,2026-08-07T03:26:15.971850+00:00
1579438,1800,8429509,"LOPEZ ROMERO, MARIO",1,1,100,https://www.rffm.es/acta-partido/1579438,2026-08-07T03:26:15.971850+00:00
1579438,1800,9948093,"DUEÑAS MARQUEZ, HUGO",29,29,100,https://www.rffm.es/acta-partido/1579438,2026-08-07T03:26:15.971850+00:00
1579438,1800,2793491,"CUPIDO MORENO, IZAN",40,40,101,https://www.rffm.es/acta-partido/1579438,2026-08-07T03:26:15.971850+00:00
1579440,2359,13084428,"NEFERU, DENIS ADRIAN",59,59,100,https://www.rffm.es/acta-partido/1579440,2026-08-07T03:26:16.063297+00:00
1579440,3032,11641690,"CASADO SOLANES, VICTOR",51,51,100,https://www.rffm.es/acta-partido/1579440,2026-08-07T03:26:16.063297+00:00
1598046,846969,13245409,"MORO MARTIN, ALVARO",17,17,100,https://www.rffm.es/acta-partido/1598046,2026-08-07T03:26:16.133189+00:00
1598046,846969,13140420,"BRAGADO MARTIN ESCANCIANO, SANTIAGO",21,21,101,https://www.rffm.es/acta-partido/1598046,2026-08-07T03:26:16.133189+00:00
1598046,846969,9833990,"GALINDO REAL, IÑIGO",29,29,100,https://www.rffm.es/acta-partido/1598046,2026-08-07T03:26:16.133189+00:00
1598046,846969,13245409,"MORO MARTIN, ALVARO",44,44,100,https://www.rffm.es/acta-partido/1598046,2026-08-07T03:26:16.133189+00:00
1598046,526566,11840307,"GARCIA FRANCES, ALEJANDRO",3,3,100,https://www.rffm.es/acta-partido/1598046,2026-08-07T03:26:16.133189+00:00
1598050,846985,13161704,"BONACHE SANZ, PABLO",2,2,100,https://www.rffm.es/acta-partido/1598050,2026-08-07T03:26:16.484730+00:00
1598050,846985,8339167,"CASTRO HORNES, FRANCISCO",16,16,100,https://www.rffm.es/acta-partido/1598050,2026-08-07T03:26:16.484730+00:00
1598049,455,8463892,"MORENCOS CERQUEIRA, RAFAEL",25,25,100,https://www.rffm.es/acta-partido/1598049,2026-08-07T03:26:16.554703+00:00
1598049,455,11736316,"GONZÁLEZ GARCÍA, IÑAKI",56,56,100,https://www.rffm.es/acta-partido/1598049,2026-08-07T03:26:16.554703+00:00
1598049,455,8462922,"RUIZ OJEDA PEÑALVA, ALEJO",59,59,100,https://www.rffm.es/acta-partido/1598049,2026-08-07T03:26:16.554703+00:00
1598051,416,10181640,"AGRAZ ZAMUDIO, IKER",9,9,100,https://www.rffm.es/acta-partido/1598051,2026-08-07T03:26:16.560406+00:00
1598051,416,10181206,"GONZALEZ DA SILVA, JAIME",15,15,100,https://www.rffm.es/acta-partido/1598051,2026-08-07T03:26:16.560406+00:00
1598051,416,13175813,"MARTIN BARBERO, IVAN",17,17,100,https://www.rffm.es/acta-partido/1598051,2026-08-07T03:26:16.560406+00:00
1598051,416,13175813,"MARTIN BARBERO, IVAN",39,39,100,https://www.rffm.es/acta-partido/1598051,2026-08-07T03:26:16.560406+00:00
1598051,416,8519314,"CELIX SANZ, ALANA",45,45,100,https://www.rffm.es/acta-partido/1598051,2026-08-07T03:26:16.560406+00:00
1598051,416,10181206,"GONZALEZ DA SILVA, JAIME",56,56,100,https://www.rffm.es/acta-partido/1598051,2026-08-07T03:26:16.560406+00:00
1598051,3082477,7877992,"HERNANDEZ LOPEZ, DIEGO",20,20,100,https://www.rffm.es/acta-partido/1598051,2026-08-07T03:26:16.560406+00:00
1598047,2598,11866099,"SANZ GARCÍA, GUILLERMO",24,24,100,https://www.rffm.es/acta-partido/1598047,2026-08-07T03:26:16.565975+00:00
1598047,6819643,12954602,"SALVADORES MARTIN, DANIEL",50,50,100,https://www.rffm.es/acta-partido/1598047,2026-08-07T03:26:16.565975+00:00
1598045,2179,12748211,"VALLE ARIAS, IKER",15,15,100,https://www.rffm.es/acta-partido/1598045,2026-08-07T03:26:16.719478+00:00
1598045,2179,13134719,"GARCIA HERNANDEZ, ADOLFO",17,17,100,https://www.rffm.es/acta-partido/1598045,2026-08-07T03:26:16.719478+00:00
1598045,2179,13074948,"AMORRICH LARA BARAHONA, ANTONIO",18,18,100,https://www.rffm.es/acta-partido/1598045,2026-08-07T03:26:16.719478+00:00
1598045,2179,13134861,"GARCIA HERNANDEZ, DANIEL",53,53,100,https://www.rffm.es/acta-partido/1598045,2026-08-07T03:26:16.719478+00:00
1598045,2179,8501002,"ERREA GARCIA, JUAN",55,55,100,https://www.rffm.es/acta-partido/1598045,2026-08-07T03:26:16.719478+00:00
1598058,721545,8524585,"PEREZ DE LAS HERAS, MIGUEL",39,39,100,https://www.rffm.es/acta-partido/1598058,2026-08-07T03:26:16.723888+00:00
1598054,6819643,14401911,"URTIAGA MONJE, DIEGO",27,27,100,https://www.rffm.es/acta-partido/1598054,2026-08-07T03:26:17.232332+00:00
1598054,6819643,15065599,"ZAMBRANO PALMA, MARIO ALESSANDRO",37,37,100,https://www.rffm.es/acta-partido/1598054,2026-08-07T03:26:17.232332+00:00
1598054,6819643,15065599,"ZAMBRANO PALMA, MARIO ALESSANDRO",56,56,100,https://www.rffm.es/acta-partido/1598054,2026-08-07T03:26:17.232332+00:00
1598054,6819643,14800388,"MONTES GILSANZ, CARLOS",68,68,100,https://www.rffm.es/acta-partido/1598054,2026-08-07T03:26:17.232332+00:00
1598054,846969,14647965,"LAMA GUTIERREZ, GUILLERMO",13,13,100,https://www.rffm.es/acta-partido/1598054,2026-08-07T03:26:17.232332+00:00
1598054,846969,14647965,"LAMA GUTIERREZ, GUILLERMO",46,46,100,https://www.rffm.es/acta-partido/1598054,2026-08-07T03:26:17.232332+00:00
1598056,455,8463378,"CILVETI CAZORLA, CARLOS",9,9,100,https://www.rffm.es/acta-partido/1598056,2026-08-07T03:26:17.352838+00:00
1598056,455,8462947,"NAVARRO MARTINEZ, EDUARDO",14,14,100,https://www.rffm.es/acta-partido/1598056,2026-08-07T03:26:17.352838+00:00
1598056,455,8463892,"MORENCOS CERQUEIRA, RAFAEL",35,35,100,https://www.rffm.es/acta-partido/1598056,2026-08-07T03:26:17.352838+00:00
1598056,455,16342754,"PARDO CANO, JAIME",47,47,100,https://www.rffm.es/acta-partido/1598056,2026-08-07T03:26:17.352838+00:00
1598056,455,8463447,"GREGORI ALONSO, DANIEL",58,58,100,https://www.rffm.es/acta-partido/1598056,2026-08-07T03:26:17.352838+00:00
1598056,1408,9775444,"SAN MIGUEL GUERRA, HECTOR",40,40,100,https://www.rffm.es/acta-partido/1598056,2026-08-07T03:26:17.352838+00:00
1598055,1883,8517131,"RIAZA CASTELLANOS, HUGO",7,7,100,https://www.rffm.es/acta-partido/1598055,2026-08-07T03:26:17.360290+00:00
1598055,1883,13303007,"JIMENEZ SACRISTAN, DANIEL",47,47,100,https://www.rffm.es/acta-partido/1598055,2026-08-07T03:26:17.360290+00:00
1598055,1883,8517131,"RIAZA CASTELLANOS, HUGO",58,58,100,https://www.rffm.es/acta-partido/1598055,2026-08-07T03:26:17.360290+00:00
1598055,2598,8518842,"FERNANDEZ BOYARIZO, DAVID",24,24,102,https://www.rffm.es/acta-partido/1598055,2026-08-07T03:26:17.360290+00:00
1598053,526566,7874282,"CALLEJO ROBLEDANO, JACOBO",5,5,100,https://www.rffm.es/acta-partido/1598053,2026-08-07T03:26:17.363748+00:00
1598053,526566,8143650,"CASCON SENDIN, SERGIO",6,6,100,https://www.rffm.es/acta-partido/1598053,2026-08-07T03:26:17.363748+00:00
1598053,526566,11708110,"FARESE VIZQUEL, DIEGO",10,10,100,https://www.rffm.es/acta-partido/1598053,2026-08-07T03:26:17.363748+00:00
1598053,526566,9966715,"MUÑOZ ERVINA, DAVID",22,22,100,https://www.rffm.es/acta-partido/1598053,2026-08-07T03:26:17.363748+00:00
1598053,526566,7874282,"CALLEJO ROBLEDANO, JACOBO",25,25,100,https://www.rffm.es/acta-partido/1598053,2026-08-07T03:26:17.363748+00:00
1598053,526566,7652354,"PEREZ BRILLAS, DANIEL",39,39,100,https://www.rffm.es/acta-partido/1598053,2026-08-07T03:26:17.363748+00:00
1598053,526566,7874282,"CALLEJO ROBLEDANO, JACOBO",48,48,100,https://www.rffm.es/acta-partido/1598053,2026-08-07T03:26:17.363748+00:00
1598053,526566,11708110,"FARESE VIZQUEL, DIEGO",52,52,100,https://www.rffm.es/acta-partido/1598053,2026-08-07T03:26:17.363748+00:00
1598053,526566,7874282,"CALLEJO ROBLEDANO, JACOBO",58,58,100,https://www.rffm.es/acta-partido/1598053,2026-08-07T03:26:17.363748+00:00
1598053,526566,8516551,"ASTURIANO CUELLAR, DAVID",59,59,100,https://www.rffm.es/acta-partido/1598053,2026-08-07T03:26:17.363748+00:00
1598057,2039,12763125,"SIMON GOMEZ, JOSE ALBERTO",25,25,100,https://www.rffm.es/acta-partido/1598057,2026-08-07T03:26:17.367920+00:00
1598057,2039,8313197,"GALBAN ESPINAR, EDUARDO",26,26,100,https://www.rffm.es/acta-partido/1598057,2026-08-07T03:26:17.367920+00:00
1598052,2179,13074948,"AMORRICH LARA BARAHONA, ANTONIO",10,10,100,https://www.rffm.es/acta-partido/1598052,2026-08-07T03:26:17.951450+00:00
1598052,2179,13074948,"AMORRICH LARA BARAHONA, ANTONIO",19,19,100,https://www.rffm.es/acta-partido/1598052,2026-08-07T03:26:17.951450+00:00
1598052,416,9860136,"BLANCO VICENTE, ALONSO",1,1,100,https://www.rffm.es/acta-partido/1598052,2026-08-07T03:26:17.951450+00:00
1598052,416,10181206,"GONZALEZ DA SILVA, JAIME",21,21,100,https://www.rffm.es/acta-partido/1598052,2026-08-07T03:26:17.951450+00:00
1598052,416,13175813,"MARTIN BARBERO, IVAN",52,52,100,https://www.rffm.es/acta-partido/1598052,2026-08-07T03:26:17.951450+00:00
1598059,2179,12756814,"RODRÍGUEZ VICARIO, IVÁN",60,60,100,https://www.rffm.es/acta-partido/1598059,2026-08-07T03:26:17.956188+00:00
1598059,526566,11840307,"GARCIA FRANCES, ALEJANDRO",43,43,100,https://www.rffm.es/acta-partido/1598059,2026-08-07T03:26:17.956188+00:00
1598059,526566,7874282,"CALLEJO ROBLEDANO, JACOBO",52,52,100,https://www.rffm.es/acta-partido/1598059,2026-08-07T03:26:17.956188+00:00
1598065,416,8519314,"CELIX SANZ, ALANA",7,7,100,https://www.rffm.es/acta-partido/1598065,2026-08-07T03:26:18.007888+00:00
1598065,416,13175813,"MARTIN BARBERO, IVAN",24,24,100,https://www.rffm.es/acta-partido/1598065,2026-08-07T03:26:18.007888+00:00
1598065,416,13175813,"MARTIN BARBERO, IVAN",43,43,100,https://www.rffm.es/acta-partido/1598065,2026-08-07T03:26:18.007888+00:00
1598065,416,8464537,"ARGUELLO VILCHES, ALEJANDRO",46,46,100,https://www.rffm.es/acta-partido/1598065,2026-08-07T03:26:18.007888+00:00
1598065,416,10181206,"GONZALEZ DA SILVA, JAIME",58,58,100,https://www.rffm.es/acta-partido/1598065,2026-08-07T03:26:18.007888+00:00
1598065,721545,14452746,"CABORNERO BLÁZQUEZ, DIEGO",23,23,100,https://www.rffm.es/acta-partido/1598065,2026-08-07T03:26:18.007888+00:00
1598062,455,11736316,"GONZÁLEZ GARCÍA, IÑAKI",9,9,100,https://www.rffm.es/acta-partido/1598062,2026-08-07T03:26:18.280000+00:00
1598062,455,8462899,"GONZALEZ GARCIA, ALEJANDRO",22,22,100,https://www.rffm.es/acta-partido/1598062,2026-08-07T03:26:18.280000+00:00
1598062,455,8463892,"MORENCOS CERQUEIRA, RAFAEL",31,31,100,https://www.rffm.es/acta-partido/1598062,2026-08-07T03:26:18.280000+00:00
1598062,455,8462947,"NAVARRO MARTINEZ, EDUARDO",48,48,100,https://www.rffm.es/acta-partido/1598062,2026-08-07T03:26:18.280000+00:00
1598062,455,13207347,"MARTÍN ROA, IGNACIO",55,55,100,https://www.rffm.es/acta-partido/1598062,2026-08-07T03:26:18.280000+00:00
1598062,455,9859974,"REY HERRERO, CARLOS",58,58,100,https://www.rffm.es/acta-partido/1598062,2026-08-07T03:26:18.280000+00:00
1598061,846969,14660480,"MATEOS BENITO, MARCOS",8,8,100,https://www.rffm.es/acta-partido/1598061,2026-08-07T03:26:18.575143+00:00
1598061,846969,8431517,"MARTIN LOPEZ, LUCAS",34,34,100,https://www.rffm.es/acta-partido/1598061,2026-08-07T03:26:18.575143+00:00
1598061,846969,14644953,"CHIARRI LEON, GONZALO",38,38,100,https://www.rffm.es/acta-partido/1598061,2026-08-07T03:26:18.575143+00:00
1598061,846969,10197620,"SERRANO FUENTES, DIEGO",50,50,100,https://www.rffm.es/acta-partido/1598061,2026-08-07T03:26:18.575143+00:00
1598061,1883,10070912,"PACHE ESPERALTA, HUGO",36,36,100,https://www.rffm.es/acta-partido/1598061,2026-08-07T03:26:18.575143+00:00
1598061,1883,8517131,"RIAZA CASTELLANOS, HUGO",41,41,100,https://www.rffm.es/acta-partido/1598061,2026-08-07T03:26:18.575143+00:00
1598061,1883,8517131,"RIAZA CASTELLANOS, HUGO",56,56,100,https://www.rffm.es/acta-partido/1598061,2026-08-07T03:26:18.575143+00:00
1598060,6819643,10785346,"CHAVARRIA PACCHA, LUCAS DANIEL",26,26,100,https://www.rffm.es/acta-partido/1598060,2026-08-07T03:26:18.577972+00:00
1598060,6819643,12954602,"SALVADORES MARTIN, DANIEL",47,47,100,https://www.rffm.es/acta-partido/1598060,2026-08-07T03:26:18.577972+00:00
1598060,6819643,14401911,"URTIAGA MONJE, DIEGO",51,51,100,https://www.rffm.es/acta-partido/1598060,2026-08-07T03:26:18.577972+00:00
1598063,1408,11446007,"DIAZ JARA GUERRERO, GABRIEL",39,39,100,https://www.rffm.es/acta-partido/1598063,2026-08-07T03:26:18.583986+00:00
1598063,1408,8496172,"ALFARO SANTOS, BRUNO",48,48,100,https://www.rffm.es/acta-partido/1598063,2026-08-07T03:26:18.583986+00:00
1598063,1408,16211778,"BAEZA CARRION, EDUARDO",55,55,100,https://www.rffm.es/acta-partido/1598063,2026-08-07T03:26:18.583986+00:00
1598063,846985,19375102,"AGUIRRE GARCIA, MAURO",27,27,100,https://www.rffm.es/acta-partido/1598063,2026-08-07T03:26:18.583986+00:00
1598064,2039,14397218,"SANCHEZ DE LA MORENA MUÑIZ, MIGUEL",4,4,100,https://www.rffm.es/acta-partido/1598064,2026-08-07T03:26:18.591015+00:00
1598064,2039,12763125,"SIMON GOMEZ, JOSE ALBERTO",9,9,100,https://www.rffm.es/acta-partido/1598064,2026-08-07T03:26:18.591015+00:00
1598064,2039,12763125,"SIMON GOMEZ, JOSE ALBERTO",37,37,100,https://www.rffm.es/acta-partido/1598064,2026-08-07T03:26:18.591015+00:00
1598064,2039,9980623,"RUIZ OSORIO, MIGUEL",56,56,100,https://www.rffm.es/acta-partido/1598064,2026-08-07T03:26:18.591015+00:00
1598064,2039,2796543,"MAYA ARRIBAS, RUBEN",60,60,101,https://www.rffm.es/acta-partido/1598064,2026-08-07T03:26:18.591015+00:00
1598069,455,8463892,"MORENCOS CERQUEIRA, RAFAEL",44,44,100,https://www.rffm.es/acta-partido/1598069,2026-08-07T03:26:19.226239+00:00
1598069,455,8462947,"NAVARRO MARTINEZ, EDUARDO",51,51,100,https://www.rffm.es/acta-partido/1598069,2026-08-07T03:26:19.226239+00:00
1598069,846969,14626068,"SANCHEZ CREGO, JULIO",30,30,100,https://www.rffm.es/acta-partido/1598069,2026-08-07T03:26:19.226239+00:00
1598070,846985,13161332,"KENNY AVILA, IAN",11,11,100,https://www.rffm.es/acta-partido/1598070,2026-08-07T03:26:19.226814+00:00
1598070,846985,8339167,"CASTRO HORNES, FRANCISCO",22,22,100,https://www.rffm.es/acta-partido/1598070,2026-08-07T03:26:19.226814+00:00
1598070,846985,9759774,"AÑEZ SUEIRO, DIEGO",30,30,100,https://www.rffm.es/acta-partido/1598070,2026-08-07T03:26:19.226814+00:00
1598070,846985,9759013,"TORRES GONZALEZ, ANGEL",55,55,100,https://www.rffm.es/acta-partido/1598070,2026-08-07T03:26:19.226814+00:00
1598070,846985,13161332,"KENNY AVILA, IAN",56,56,100,https://www.rffm.es/acta-partido/1598070,2026-08-07T03:26:19.226814+00:00
1598070,2598,8519410,"PEÑALBA PEREZ, NICOLAS",31,31,100,https://www.rffm.es/acta-partido/1598070,2026-08-07T03:26:19.226814+00:00
1598068,1883,8517131,"RIAZA CASTELLANOS, HUGO",4,4,101,https://www.rffm.es/acta-partido/1598068,2026-08-07T03:26:19.541437+00:00
1598068,1883,8517131,"RIAZA CASTELLANOS, HUGO",25,25,100,https://www.rffm.es/acta-partido/1598068,2026-08-07T03:26:19.541437+00:00
1598068,1883,8517131,"RIAZA CASTELLANOS, HUGO",30,30,100,https://www.rffm.es/acta-partido/1598068,2026-08-07T03:26:19.541437+00:00
1598068,15294592,13334194,"ACEITERO MANZANO, EDUARDO",46,46,100,https://www.rffm.es/acta-partido/1598068,2026-08-07T03:26:19.541437+00:00
1598067,6819643,12954602,"SALVADORES MARTIN, DANIEL",1,1,100,https://www.rffm.es/acta-partido/1598067,2026-08-07T03:26:19.646768+00:00
1598067,6819643,14400632,"FERNANDEZ CUBILLO, GABRIEL",12,12,100,https://www.rffm.es/acta-partido/1598067,2026-08-07T03:26:19.646768+00:00
1598067,6819643,10785346,"CHAVARRIA PACCHA, LUCAS DANIEL",13,13,100,https://www.rffm.es/acta-partido/1598067,2026-08-07T03:26:19.646768+00:00
1598067,6819643,14400632,"FERNANDEZ CUBILLO, GABRIEL",16,16,100,https://www.rffm.es/acta-partido/1598067,2026-08-07T03:26:19.646768+00:00
1598067,6819643,12954602,"SALVADORES MARTIN, DANIEL",22,22,100,https://www.rffm.es/acta-partido/1598067,2026-08-07T03:26:19.646768+00:00
1598067,6819643,14400632,"FERNANDEZ CUBILLO, GABRIEL",52,52,100,https://www.rffm.es/acta-partido/1598067,2026-08-07T03:26:19.646768+00:00
1598067,6819643,14399777,"RODRIGUEZ RAMIREZ, DARIO",56,56,100,https://www.rffm.es/acta-partido/1598067,2026-08-07T03:26:19.646768+00:00
1598075,455,9860296,"RIVERA RODRÍGUEZ, JAIME",2,2,100,https://www.rffm.es/acta-partido/1598075,2026-08-07T03:26:19.695864+00:00
1598075,455,8463378,"CILVETI CAZORLA, CARLOS",24,24,100,https://www.rffm.es/acta-partido/1598075,2026-08-07T03:26:19.695864+00:00
1598075,455,8463892,"MORENCOS CERQUEIRA, RAFAEL",26,26,100,https://www.rffm.es/acta-partido/1598075,2026-08-07T03:26:19.695864+00:00
1598075,455,8463342,"RUANO AYBAR, LUIS",42,42,100,https://www.rffm.es/acta-partido/1598075,2026-08-07T03:26:19.695864+00:00
1598075,455,11736316,"GONZÁLEZ GARCÍA, IÑAKI",43,43,100,https://www.rffm.es/acta-partido/1598075,2026-08-07T03:26:19.695864+00:00
1598071,3082477,9866072,"JUAN ROBLEDO, JAVIER",7,7,100,https://www.rffm.es/acta-partido/1598071,2026-08-07T03:26:19.818517+00:00
1598071,3082477,6719343,"CALDERON CARDABA, IKER",35,35,100,https://www.rffm.es/acta-partido/1598071,2026-08-07T03:26:19.818517+00:00
1598071,1408,11446007,"DIAZ JARA GUERRERO, GABRIEL",14,14,100,https://www.rffm.es/acta-partido/1598071,2026-08-07T03:26:19.818517+00:00
1598071,1408,2792094,"LORENZO GARCÍA, MARCOS",40,40,100,https://www.rffm.es/acta-partido/1598071,2026-08-07T03:26:19.818517+00:00
1598066,416,10181206,"GONZALEZ DA SILVA, JAIME",3,3,100,https://www.rffm.es/acta-partido/1598066,2026-08-07T03:26:19.910101+00:00
1598066,416,10181206,"GONZALEZ DA SILVA, JAIME",12,12,100,https://www.rffm.es/acta-partido/1598066,2026-08-07T03:26:19.910101+00:00
1598066,416,13175813,"MARTIN BARBERO, IVAN",33,33,100,https://www.rffm.es/acta-partido/1598066,2026-08-07T03:26:19.910101+00:00
1598066,416,10181206,"GONZALEZ DA SILVA, JAIME",45,45,100,https://www.rffm.es/acta-partido/1598066,2026-08-07T03:26:19.910101+00:00
1598066,416,9860136,"BLANCO VICENTE, ALONSO",55,55,100,https://www.rffm.es/acta-partido/1598066,2026-08-07T03:26:19.910101+00:00
1598066,416,10181206,"GONZALEZ DA SILVA, JAIME",56,56,100,https://www.rffm.es/acta-partido/1598066,2026-08-07T03:26:19.910101+00:00
1598072,721545,11777180,"DIAZ CABEZAS, GONZALO",29,29,100,https://www.rffm.es/acta-partido/1598072,2026-08-07T03:26:19.911063+00:00
1598072,721545,12781326,"RODRIGUEZ TERA, TIRSO",79,79,100,https://www.rffm.es/acta-partido/1598072,2026-08-07T03:26:19.911063+00:00
1598072,2039,9980623,"RUIZ OSORIO, MIGUEL",15,15,100,https://www.rffm.es/acta-partido/1598072,2026-08-07T03:26:19.911063+00:00
1598072,2039,8313197,"GALBAN ESPINAR, EDUARDO",19,19,100,https://www.rffm.es/acta-partido/1598072,2026-08-07T03:26:19.911063+00:00
1598077,2598,6784057,"MORENO GARCIA, ALONSO",36,36,100,https://www.rffm.es/acta-partido/1598077,2026-08-07T03:26:20.465508+00:00
1598077,2598,8517993,"GIURGIU, DIEGO",39,39,100,https://www.rffm.es/acta-partido/1598077,2026-08-07T03:26:20.465508+00:00
1598077,2598,8519243,"CRESPO MARTINEZ, JOSE LUIS",47,47,100,https://www.rffm.es/acta-partido/1598077,2026-08-07T03:26:20.465508+00:00
1598077,3082477,8521820,"MOLINERO CHACON, LEO",2,2,100,https://www.rffm.es/acta-partido/1598077,2026-08-07T03:26:20.465508+00:00
1598077,3082477,7878515,"MORRON CONDE, ANDRÉS",21,21,100,https://www.rffm.es/acta-partido/1598077,2026-08-07T03:26:20.465508+00:00
1598077,3082477,8552614,"BARTOLOME ANDRES, ALVARO",53,53,100,https://www.rffm.es/acta-partido/1598077,2026-08-07T03:26:20.465508+00:00
1598078,1408,11446007,"DIAZ JARA GUERRERO, GABRIEL",25,25,100,https://www.rffm.es/acta-partido/1598078,2026-08-07T03:26:20.470319+00:00
1598078,1408,11446007,"DIAZ JARA GUERRERO, GABRIEL",52,52,100,https://www.rffm.es/acta-partido/1598078,2026-08-07T03:26:20.470319+00:00
1598078,721545,11777180,"DIAZ CABEZAS, GONZALO",6,6,100,https://www.rffm.es/acta-partido/1598078,2026-08-07T03:26:20.470319+00:00
1598078,721545,8524065,"GOMEZ FERNANDEZ, BOSCO",12,12,100,https://www.rffm.es/acta-partido/1598078,2026-08-07T03:26:20.470319+00:00
1598076,846969,10197620,"SERRANO FUENTES, DIEGO",11,11,101,https://www.rffm.es/acta-partido/1598076,2026-08-07T03:26:20.518492+00:00
1598076,846969,11814643,"PUTTMANN PALOS, NICOLAS",23,23,100,https://www.rffm.es/acta-partido/1598076,2026-08-07T03:26:20.518492+00:00
1598076,846969,14625676,"ANTONUCCI FERNANDEZ, ALVARO",47,47,100,https://www.rffm.es/acta-partido/1598076,2026-08-07T03:26:20.518492+00:00
1598076,846969,13245409,"MORO MARTIN, ALVARO",50,50,100,https://www.rffm.es/acta-partido/1598076,2026-08-07T03:26:20.518492+00:00
1598076,846985,16347507,"MARTINEZ FERNANDEZ, ADRIAN",3,3,100,https://www.rffm.es/acta-partido/1598076,2026-08-07T03:26:20.518492+00:00
1598079,416,9862514,"SEFIANI PÉREZ, OMAR",9,9,100,https://www.rffm.es/acta-partido/1598079,2026-08-07T03:26:20.881414+00:00
1598079,416,10181206,"GONZALEZ DA SILVA, JAIME",10,10,100,https://www.rffm.es/acta-partido/1598079,2026-08-07T03:26:20.881414+00:00
1598079,416,13175813,"MARTIN BARBERO, IVAN",18,18,100,https://www.rffm.es/acta-partido/1598079,2026-08-07T03:26:20.881414+00:00
1598079,416,10181206,"GONZALEZ DA SILVA, JAIME",23,23,100,https://www.rffm.es/acta-partido/1598079,2026-08-07T03:26:20.881414+00:00
1598079,416,15911838,"TOMASELLO MORA, LORENZO",35,35,100,https://www.rffm.es/acta-partido/1598079,2026-08-07T03:26:20.881414+00:00
1598079,416,9860136,"BLANCO VICENTE, ALONSO",57,57,100,https://www.rffm.es/acta-partido/1598079,2026-08-07T03:26:20.881414+00:00
1598079,416,10181206,"GONZALEZ DA SILVA, JAIME",59,59,100,https://www.rffm.es/acta-partido/1598079,2026-08-07T03:26:20.881414+00:00
1598073,526566,8647971,"GALA SERRANO, TEO",33,33,100,https://www.rffm.es/acta-partido/1598073,2026-08-07T03:26:21.025167+00:00
1598073,6819643,12954602,"SALVADORES MARTIN, DANIEL",11,11,100,https://www.rffm.es/acta-partido/1598073,2026-08-07T03:26:21.025167+00:00
1598073,6819643,10785346,"CHAVARRIA PACCHA, LUCAS DANIEL",31,31,100,https://www.rffm.es/acta-partido/1598073,2026-08-07T03:26:21.025167+00:00
1598073,6819643,10785346,"CHAVARRIA PACCHA, LUCAS DANIEL",59,59,100,https://www.rffm.es/acta-partido/1598073,2026-08-07T03:26:21.025167+00:00
1598082,455,11736316,"GONZÁLEZ GARCÍA, IÑAKI",23,23,100,https://www.rffm.es/acta-partido/1598082,2026-08-07T03:26:21.124435+00:00
1598082,455,8462947,"NAVARRO MARTINEZ, EDUARDO",30,30,100,https://www.rffm.es/acta-partido/1598082,2026-08-07T03:26:21.124435+00:00
1598074,2179,12756814,"RODRÍGUEZ VICARIO, IVÁN",25,25,100,https://www.rffm.es/acta-partido/1598074,2026-08-07T03:26:21.129159+00:00
1598074,1883,8517131,"RIAZA CASTELLANOS, HUGO",35,35,100,https://www.rffm.es/acta-partido/1598074,2026-08-07T03:26:21.129159+00:00
1598085,2598,8519410,"PEÑALBA PEREZ, NICOLAS",10,10,100,https://www.rffm.es/acta-partido/1598085,2026-08-07T03:26:21.179702+00:00
1598085,2598,8521310,"BASTIDA MENDOZA, IKER",30,30,100,https://www.rffm.es/acta-partido/1598085,2026-08-07T03:26:21.179702+00:00
1598085,2598,8521310,"BASTIDA MENDOZA, IKER",31,31,100,https://www.rffm.es/acta-partido/1598085,2026-08-07T03:26:21.179702+00:00
1598085,2598,11805433,"HUELVA LAGAREJOS, MANUEL",58,58,100,https://www.rffm.es/acta-partido/1598085,2026-08-07T03:26:21.179702+00:00
1598080,6819643,16041615,"VELASCO DE LA FUENTE, GONZALO",37,37,102,https://www.rffm.es/acta-partido/1598080,2026-08-07T03:26:21.723229+00:00
1598080,6819643,14401911,"URTIAGA MONJE, DIEGO",58,58,100,https://www.rffm.es/acta-partido/1598080,2026-08-07T03:26:21.723229+00:00
1598080,416,13175813,"MARTIN BARBERO, IVAN",3,3,100,https://www.rffm.es/acta-partido/1598080,2026-08-07T03:26:21.723229+00:00
1598080,416,13175813,"MARTIN BARBERO, IVAN",33,33,100,https://www.rffm.es/acta-partido/1598080,2026-08-07T03:26:21.723229+00:00
1598086,2039,2796543,"MAYA ARRIBAS, RUBEN",3,3,100,https://www.rffm.es/acta-partido/1598086,2026-08-07T03:26:21.748919+00:00
1598086,2039,12763125,"SIMON GOMEZ, JOSE ALBERTO",35,35,100,https://www.rffm.es/acta-partido/1598086,2026-08-07T03:26:21.748919+00:00
1598086,2039,2796543,"MAYA ARRIBAS, RUBEN",50,50,100,https://www.rffm.es/acta-partido/1598086,2026-08-07T03:26:21.748919+00:00
1598086,1408,11446007,"DIAZ JARA GUERRERO, GABRIEL",30,30,100,https://www.rffm.es/acta-partido/1598086,2026-08-07T03:26:21.748919+00:00
1598083,846985,19375102,"AGUIRRE GARCIA, MAURO",14,14,100,https://www.rffm.es/acta-partido/1598083,2026-08-07T03:26:21.853032+00:00
1598083,846985,13161332,"KENNY AVILA, IAN",27,27,100,https://www.rffm.es/acta-partido/1598083,2026-08-07T03:26:21.853032+00:00
1598083,846985,19375102,"AGUIRRE GARCIA, MAURO",29,29,100,https://www.rffm.es/acta-partido/1598083,2026-08-07T03:26:21.853032+00:00
1598083,846985,16347507,"MARTINEZ FERNANDEZ, ADRIAN",33,33,100,https://www.rffm.es/acta-partido/1598083,2026-08-07T03:26:21.853032+00:00
1598083,846985,11522536,"CASADO LOPEZ, DANIEL",36,36,100,https://www.rffm.es/acta-partido/1598083,2026-08-07T03:26:21.853032+00:00
1598081,1883,16480090,"CORELLA GONZALEZ, PABLO",46,46,100,https://www.rffm.es/acta-partido/1598081,2026-08-07T03:26:22.043668+00:00
1598081,1883,8517131,"RIAZA CASTELLANOS, HUGO",50,50,100,https://www.rffm.es/acta-partido/1598081,2026-08-07T03:26:22.043668+00:00
1598081,1883,14760395,"CARRAL BARANDA, MATEO",55,55,100,https://www.rffm.es/acta-partido/1598081,2026-08-07T03:26:22.043668+00:00
1598081,526566,7874282,"CALLEJO ROBLEDANO, JACOBO",28,28,100,https://www.rffm.es/acta-partido/1598081,2026-08-07T03:26:22.043668+00:00
1598081,526566,9966715,"MUÑOZ ERVINA, DAVID",36,36,100,https://www.rffm.es/acta-partido/1598081,2026-08-07T03:26:22.043668+00:00
1598081,526566,8138658,"ARGUIJO CAEROLS, ALEJANDRO",53,53,100,https://www.rffm.es/acta-partido/1598081,2026-08-07T03:26:22.043668+00:00
1598081,526566,7874282,"CALLEJO ROBLEDANO, JACOBO",57,57,100,https://www.rffm.es/acta-partido/1598081,2026-08-07T03:26:22.043668+00:00
1598084,3082477,7877992,"HERNANDEZ LOPEZ, DIEGO",25,25,100,https://www.rffm.es/acta-partido/1598084,2026-08-07T03:26:22.137148+00:00
1598084,846969,13245409,"MORO MARTIN, ALVARO",6,6,100,https://www.rffm.es/acta-partido/1598084,2026-08-07T03:26:22.137148+00:00
1598084,846969,8431517,"MARTIN LOPEZ, LUCAS",60,60,100,https://www.rffm.es/acta-partido/1598084,2026-08-07T03:26:22.137148+00:00
1598084,846969,14661316,"MATEOS GATA, DARIO",60,60,100,https://www.rffm.es/acta-partido/1598084,2026-08-07T03:26:22.137148+00:00
1598090,3082477,16413859,"DE LOS SANTOS HURTADO, LUCA",1,1,100,https://www.rffm.es/acta-partido/1598090,2026-08-07T03:26:22.213941+00:00
1598090,3082477,8591865,"GARCIA LAGUNA, ALEJO",40,40,100,https://www.rffm.es/acta-partido/1598090,2026-08-07T03:26:22.213941+00:00
1598088,526566,8516551,"ASTURIANO CUELLAR, DAVID",4,4,100,https://www.rffm.es/acta-partido/1598088,2026-08-07T03:26:22.256117+00:00
1598088,455,13207347,"MARTÍN ROA, IGNACIO",5,5,100,https://www.rffm.es/acta-partido/1598088,2026-08-07T03:26:22.256117+00:00
1598088,455,8462947,"NAVARRO MARTINEZ, EDUARDO",54,54,100,https://www.rffm.es/acta-partido/1598088,2026-08-07T03:26:22.256117+00:00
1598091,846969,13245409,"MORO MARTIN, ALVARO",8,8,100,https://www.rffm.es/acta-partido/1598091,2026-08-07T03:26:22.259440+00:00
1598091,846969,14661316,"MATEOS GATA, DARIO",15,15,100,https://www.rffm.es/acta-partido/1598091,2026-08-07T03:26:22.259440+00:00
1598091,846969,14661284,"JURISTO LOPEZ, ANTONIO",17,17,100,https://www.rffm.es/acta-partido/1598091,2026-08-07T03:26:22.259440+00:00
1598091,846969,13245409,"MORO MARTIN, ALVARO",25,25,101,https://www.rffm.es/acta-partido/1598091,2026-08-07T03:26:22.259440+00:00
1598091,846969,8464814,"DE JUANA RIERA, PABLO",47,47,100,https://www.rffm.es/acta-partido/1598091,2026-08-07T03:26:22.259440+00:00
1598091,721545,8524585,"PEREZ DE LAS HERAS, MIGUEL",45,45,100,https://www.rffm.es/acta-partido/1598091,2026-08-07T03:26:22.259440+00:00
1598092,2598,6784057,"MORENO GARCIA, ALONSO",5,5,101,https://www.rffm.es/acta-partido/1598092,2026-08-07T03:26:23.180152+00:00
1598092,2598,11866099,"SANZ GARCÍA, GUILLERMO",9,9,100,https://www.rffm.es/acta-partido/1598092,2026-08-07T03:26:23.180152+00:00
1598092,2598,8521310,"BASTIDA MENDOZA, IKER",30,30,100,https://www.rffm.es/acta-partido/1598092,2026-08-07T03:26:23.180152+00:00
1598092,2598,8521218,"FORTUNA MARRERO, JOSE ALBERTO",34,34,100,https://www.rffm.es/acta-partido/1598092,2026-08-07T03:26:23.180152+00:00
1598092,2039,9980623,"RUIZ OSORIO, MIGUEL",10,10,100,https://www.rffm.es/acta-partido/1598092,2026-08-07T03:26:23.180152+00:00
1598092,2039,9980623,"RUIZ OSORIO, MIGUEL",14,14,100,https://www.rffm.es/acta-partido/1598092,2026-08-07T03:26:23.180152+00:00
1598092,2039,12763125,"SIMON GOMEZ, JOSE ALBERTO",30,30,100,https://www.rffm.es/acta-partido/1598092,2026-08-07T03:26:23.180152+00:00
1598092,2039,14397218,"SANCHEZ DE LA MORENA MUÑIZ, MIGUEL",35,35,100,https://www.rffm.es/acta-partido/1598092,2026-08-07T03:26:23.180152+00:00
1598092,2039,8359970,"CASTRO LAPRIDA, FERNANDO",54,54,100,https://www.rffm.es/acta-partido/1598092,2026-08-07T03:26:23.180152+00:00
1598093,416,13175813,"MARTIN BARBERO, IVAN",49,49,100,https://www.rffm.es/acta-partido/1598093,2026-08-07T03:26:23.183494+00:00
1598093,416,9862514,"SEFIANI PÉREZ, OMAR",58,58,100,https://www.rffm.es/acta-partido/1598093,2026-08-07T03:26:23.183494+00:00
1598093,416,9860136,"BLANCO VICENTE, ALONSO",59,59,100,https://www.rffm.es/acta-partido/1598093,2026-08-07T03:26:23.183494+00:00
1598093,1408,11225026,"CORDON FERNANDEZ, ANGEL PELAYO",43,43,100,https://www.rffm.es/acta-partido/1598093,2026-08-07T03:26:23.183494+00:00
1598087,6819643,14401574,"MARIANI, DANTE ERNESTO",3,3,100,https://www.rffm.es/acta-partido/1598087,2026-08-07T03:26:23.211675+00:00
1598087,6819643,12954602,"SALVADORES MARTIN, DANIEL",32,32,100,https://www.rffm.es/acta-partido/1598087,2026-08-07T03:26:23.211675+00:00
1598087,6819643,14464307,"TINEO JEREZ, TEO",59,59,100,https://www.rffm.es/acta-partido/1598087,2026-08-07T03:26:23.211675+00:00
1598087,1883,11758728,"ILUNDAIN APARICIO, LUCAS",8,8,100,https://www.rffm.es/acta-partido/1598087,2026-08-07T03:26:23.211675+00:00
1598087,1883,11758728,"ILUNDAIN APARICIO, LUCAS",57,57,100,https://www.rffm.es/acta-partido/1598087,2026-08-07T03:26:23.211675+00:00
1598089,2179,12748211,"VALLE ARIAS, IKER",15,15,100,https://www.rffm.es/acta-partido/1598089,2026-08-07T03:26:23.737307+00:00
1598089,2179,13204072,"BARTOLOME QUINTERO, PABLO",36,36,100,https://www.rffm.es/acta-partido/1598089,2026-08-07T03:26:23.737307+00:00
1598089,2179,12748211,"VALLE ARIAS, IKER",53,53,100,https://www.rffm.es/acta-partido/1598089,2026-08-07T03:26:23.737307+00:00
1598089,846985,8337843,"BALCAZAR CRESPO, NICOLAS",2,2,100,https://www.rffm.es/acta-partido/1598089,2026-08-07T03:26:23.737307+00:00
1598089,846985,8337108,"LEON RAMIREZ, GUILLERMO",56,56,100,https://www.rffm.es/acta-partido/1598089,2026-08-07T03:26:23.737307+00:00
1598096,846985,9758868,"GUTIERREZ IMAZ, JORGE",24,24,100,https://www.rffm.es/acta-partido/1598096,2026-08-07T03:26:23.831422+00:00
1598096,846985,13298081,"CONESA CHAKUR, FRANCISCO",47,47,100,https://www.rffm.es/acta-partido/1598096,2026-08-07T03:26:23.831422+00:00
1598096,526566,11708110,"FARESE VIZQUEL, DIEGO",2,2,100,https://www.rffm.es/acta-partido/1598096,2026-08-07T03:26:23.831422+00:00
1598096,526566,7874282,"CALLEJO ROBLEDANO, JACOBO",6,6,100,https://www.rffm.es/acta-partido/1598096,2026-08-07T03:26:23.831422+00:00
1598096,526566,8138658,"ARGUIJO CAEROLS, ALEJANDRO",34,34,100,https://www.rffm.es/acta-partido/1598096,2026-08-07T03:26:23.831422+00:00
1598098,721545,10174259,"TOLEDANO FERNANDEZ, NICOLAS",49,49,100,https://www.rffm.es/acta-partido/1598098,2026-08-07T03:26:23.852503+00:00
1598098,15294592,8573726,"BENITEZ MARTIN, DIEGO ",21,21,100,https://www.rffm.es/acta-partido/1598098,2026-08-07T03:26:23.852503+00:00
1598100,1408,16211778,"BAEZA CARRION, EDUARDO",12,12,100,https://www.rffm.es/acta-partido/1598100,2026-08-07T03:26:23.972444+00:00
1598100,1408,10289938,"MARTÍN BANGO, PABLO",21,21,100,https://www.rffm.es/acta-partido/1598100,2026-08-07T03:26:23.972444+00:00
1598100,2598,11866099,"SANZ GARCÍA, GUILLERMO",37,37,100,https://www.rffm.es/acta-partido/1598100,2026-08-07T03:26:23.972444+00:00
1598100,2598,11866099,"SANZ GARCÍA, GUILLERMO",39,39,100,https://www.rffm.es/acta-partido/1598100,2026-08-07T03:26:23.972444+00:00
1598100,2598,11866099,"SANZ GARCÍA, GUILLERMO",61,61,100,https://www.rffm.es/acta-partido/1598100,2026-08-07T03:26:23.972444+00:00
1598097,3082477,7878515,"MORRON CONDE, ANDRÉS",16,16,100,https://www.rffm.es/acta-partido/1598097,2026-08-07T03:26:24.386957+00:00
1598097,3082477,14597265,"CARBALLO GALEZIEWSKI, NICOLAS",32,32,100,https://www.rffm.es/acta-partido/1598097,2026-08-07T03:26:24.386957+00:00
1598097,2179,13074948,"AMORRICH LARA BARAHONA, ANTONIO",2,2,100,https://www.rffm.es/acta-partido/1598097,2026-08-07T03:26:24.386957+00:00
1598097,2179,13134719,"GARCIA HERNANDEZ, ADOLFO",45,45,100,https://www.rffm.es/acta-partido/1598097,2026-08-07T03:26:24.386957+00:00
1598094,1883,8517131,"RIAZA CASTELLANOS, HUGO",28,28,100,https://www.rffm.es/acta-partido/1598094,2026-08-07T03:26:24.436501+00:00
1598094,416,10181206,"GONZALEZ DA SILVA, JAIME",24,24,100,https://www.rffm.es/acta-partido/1598094,2026-08-07T03:26:24.436501+00:00
1598095,455,8463730,"ZABALA ANDUJAR, JAIME",3,3,102,https://www.rffm.es/acta-partido/1598095,2026-08-07T03:26:24.455127+00:00
1598095,455,8463378,"CILVETI CAZORLA, CARLOS",48,48,100,https://www.rffm.es/acta-partido/1598095,2026-08-07T03:26:24.455127+00:00
1598095,6819643,10785346,"CHAVARRIA PACCHA, LUCAS DANIEL",1,1,100,https://www.rffm.es/acta-partido/1598095,2026-08-07T03:26:24.455127+00:00
1598095,6819643,14460994,"MALDONADO PALAZON, KEVIN",24,24,100,https://www.rffm.es/acta-partido/1598095,2026-08-07T03:26:24.455127+00:00
1598095,6819643,10785346,"CHAVARRIA PACCHA, LUCAS DANIEL",40,40,100,https://www.rffm.es/acta-partido/1598095,2026-08-07T03:26:24.455127+00:00
1598104,2179,12748211,"VALLE ARIAS, IKER",30,30,100,https://www.rffm.es/acta-partido/1598104,2026-08-07T03:26:24.621563+00:00
1598104,2179,12756814,"RODRÍGUEZ VICARIO, IVÁN",35,35,100,https://www.rffm.es/acta-partido/1598104,2026-08-07T03:26:24.621563+00:00
1598104,721545,10213885,"GONZALEZ DORIA, ANGEL DARIO",59,59,100,https://www.rffm.es/acta-partido/1598104,2026-08-07T03:26:24.621563+00:00
1598102,6819643,15065599,"ZAMBRANO PALMA, MARIO ALESSANDRO",1,1,100,https://www.rffm.es/acta-partido/1598102,2026-08-07T03:26:24.824658+00:00
1598102,6819643,14460144,"FERNÁNDEZ MARUGÁN, GONZALO",21,21,102,https://www.rffm.es/acta-partido/1598102,2026-08-07T03:26:24.824658+00:00
1598102,6819643,10785346,"CHAVARRIA PACCHA, LUCAS DANIEL",27,27,100,https://www.rffm.es/acta-partido/1598102,2026-08-07T03:26:24.824658+00:00
1598102,6819643,10785346,"CHAVARRIA PACCHA, LUCAS DANIEL",37,37,100,https://www.rffm.es/acta-partido/1598102,2026-08-07T03:26:24.824658+00:00
1598102,846985,9759774,"AÑEZ SUEIRO, DIEGO",58,58,100,https://www.rffm.es/acta-partido/1598102,2026-08-07T03:26:24.824658+00:00
1598101,1883,14830575,"MARTINEZ CANGA BONITZ, LORENZO",27,27,100,https://www.rffm.es/acta-partido/1598101,2026-08-07T03:26:24.839233+00:00
1598101,1883,8517131,"RIAZA CASTELLANOS, HUGO",59,59,100,https://www.rffm.es/acta-partido/1598101,2026-08-07T03:26:24.839233+00:00
1598101,455,8463892,"MORENCOS CERQUEIRA, RAFAEL",10,10,100,https://www.rffm.es/acta-partido/1598101,2026-08-07T03:26:24.839233+00:00
1598101,455,8462947,"NAVARRO MARTINEZ, EDUARDO",58,58,100,https://www.rffm.es/acta-partido/1598101,2026-08-07T03:26:24.839233+00:00
1598107,416,10181640,"AGRAZ ZAMUDIO, IKER",26,26,100,https://www.rffm.es/acta-partido/1598107,2026-08-07T03:26:24.908970+00:00
1598107,416,10181206,"GONZALEZ DA SILVA, JAIME",32,32,100,https://www.rffm.es/acta-partido/1598107,2026-08-07T03:26:24.908970+00:00
1598107,2598,8519410,"PEÑALBA PEREZ, NICOLAS",16,16,101,https://www.rffm.es/acta-partido/1598107,2026-08-07T03:26:24.908970+00:00
1598107,2598,11866099,"SANZ GARCÍA, GUILLERMO",34,34,100,https://www.rffm.es/acta-partido/1598107,2026-08-07T03:26:24.908970+00:00
1598105,2039,8359970,"CASTRO LAPRIDA, FERNANDO",8,8,100,https://www.rffm.es/acta-partido/1598105,2026-08-07T03:26:24.947441+00:00
1598105,2039,12763125,"SIMON GOMEZ, JOSE ALBERTO",22,22,100,https://www.rffm.es/acta-partido/1598105,2026-08-07T03:26:24.947441+00:00
1598105,2039,9980623,"RUIZ OSORIO, MIGUEL",59,59,100,https://www.rffm.es/acta-partido/1598105,2026-08-07T03:26:24.947441+00:00
1598106,846969,14625676,"ANTONUCCI FERNANDEZ, ALVARO",11,11,100,https://www.rffm.es/acta-partido/1598106,2026-08-07T03:26:25.742833+00:00
1598106,1408,14462205,"RUIZ PEREZ DEL CAÑO, JUAN",52,52,102,https://www.rffm.es/acta-partido/1598106,2026-08-07T03:26:25.742833+00:00
1598111,721545,14452746,"CABORNERO BLÁZQUEZ, DIEGO",2,2,100,https://www.rffm.es/acta-partido/1598111,2026-08-07T03:26:25.896925+00:00
1598111,721545,8524585,"PEREZ DE LAS HERAS, MIGUEL",6,6,100,https://www.rffm.es/acta-partido/1598111,2026-08-07T03:26:25.896925+00:00
1598111,526566,7874282,"CALLEJO ROBLEDANO, JACOBO",36,36,100,https://www.rffm.es/acta-partido/1598111,2026-08-07T03:26:25.896925+00:00
1598111,526566,9022747,"BOMBIN LORENZO, CARLOS",45,45,100,https://www.rffm.es/acta-partido/1598111,2026-08-07T03:26:25.896925+00:00
1598111,526566,11840307,"GARCIA FRANCES, ALEJANDRO",53,53,100,https://www.rffm.es/acta-partido/1598111,2026-08-07T03:26:25.896925+00:00
1598111,526566,13279959,"HERREROS CARNICERO, MATEO",55,55,100,https://www.rffm.es/acta-partido/1598111,2026-08-07T03:26:25.896925+00:00
1598111,526566,7874282,"CALLEJO ROBLEDANO, JACOBO",57,57,100,https://www.rffm.es/acta-partido/1598111,2026-08-07T03:26:25.896925+00:00
1598108,455,8463378,"CILVETI CAZORLA, CARLOS",7,7,100,https://www.rffm.es/acta-partido/1598108,2026-08-07T03:26:25.897420+00:00
1598108,416,9862514,"SEFIANI PÉREZ, OMAR",40,40,100,https://www.rffm.es/acta-partido/1598108,2026-08-07T03:26:25.897420+00:00
1598108,416,10181206,"GONZALEZ DA SILVA, JAIME",42,42,100,https://www.rffm.es/acta-partido/1598108,2026-08-07T03:26:25.897420+00:00
1598114,846969,15962612,"GARCIA HEREDIA, HUGO",7,7,100,https://www.rffm.es/acta-partido/1598114,2026-08-07T03:26:25.985708+00:00
1598114,846969,15962612,"GARCIA HEREDIA, HUGO",10,10,100,https://www.rffm.es/acta-partido/1598114,2026-08-07T03:26:25.985708+00:00
1598114,846969,10197620,"SERRANO FUENTES, DIEGO",15,15,100,https://www.rffm.es/acta-partido/1598114,2026-08-07T03:26:25.985708+00:00
1598114,846969,14644953,"CHIARRI LEON, GONZALO",29,29,100,https://www.rffm.es/acta-partido/1598114,2026-08-07T03:26:25.985708+00:00
1598114,846969,13139484,"VERDU GALAN, GONZALO",59,59,100,https://www.rffm.es/acta-partido/1598114,2026-08-07T03:26:25.985708+00:00
1598112,2039,12763125,"SIMON GOMEZ, JOSE ALBERTO",58,58,100,https://www.rffm.es/acta-partido/1598112,2026-08-07T03:26:25.998029+00:00
1598103,526566,8138658,"ARGUIJO CAEROLS, ALEJANDRO",11,11,100,https://www.rffm.es/acta-partido/1598103,2026-08-07T03:26:25.998536+00:00
1598103,526566,8138658,"ARGUIJO CAEROLS, ALEJANDRO",40,40,100,https://www.rffm.es/acta-partido/1598103,2026-08-07T03:26:25.998536+00:00
1598113,1408,11446007,"DIAZ JARA GUERRERO, GABRIEL",5,5,100,https://www.rffm.es/acta-partido/1598113,2026-08-07T03:26:26.059653+00:00
1598113,1408,11446007,"DIAZ JARA GUERRERO, GABRIEL",17,17,100,https://www.rffm.es/acta-partido/1598113,2026-08-07T03:26:26.059653+00:00
1598113,1408,10289938,"MARTÍN BANGO, PABLO",58,58,100,https://www.rffm.es/acta-partido/1598113,2026-08-07T03:26:26.059653+00:00
1598113,15294592,7650214,"CABRERA RODRIGUEZ, CRISTIAN",39,39,100,https://www.rffm.es/acta-partido/1598113,2026-08-07T03:26:26.059653+00:00
1598109,846985,19375102,"AGUIRRE GARCIA, MAURO",6,6,100,https://www.rffm.es/acta-partido/1598109,2026-08-07T03:26:26.069890+00:00
1598109,846985,19375102,"AGUIRRE GARCIA, MAURO",36,36,100,https://www.rffm.es/acta-partido/1598109,2026-08-07T03:26:26.069890+00:00
1598109,846985,16347507,"MARTINEZ FERNANDEZ, ADRIAN",51,51,100,https://www.rffm.es/acta-partido/1598109,2026-08-07T03:26:26.069890+00:00
1598109,1883,8505776,"BOTRAN MIRANDA, LUCAS",8,8,100,https://www.rffm.es/acta-partido/1598109,2026-08-07T03:26:26.069890+00:00
1598118,526566,8143650,"CASCON SENDIN, SERGIO",29,29,100,https://www.rffm.es/acta-partido/1598118,2026-08-07T03:26:26.914537+00:00
1598118,526566,15998963,"GARCIA ABRIL MESA, ADAN",49,49,100,https://www.rffm.es/acta-partido/1598118,2026-08-07T03:26:26.914537+00:00
1598118,526566,9022747,"BOMBIN LORENZO, CARLOS",57,57,100,https://www.rffm.es/acta-partido/1598118,2026-08-07T03:26:26.914537+00:00
1598118,2039,9980623,"RUIZ OSORIO, MIGUEL",43,43,100,https://www.rffm.es/acta-partido/1598118,2026-08-07T03:26:26.914537+00:00
1598118,2039,12763125,"SIMON GOMEZ, JOSE ALBERTO",59,59,100,https://www.rffm.es/acta-partido/1598118,2026-08-07T03:26:26.914537+00:00
1598119,1408,16444799,"VELAZQUEZ LLORENTE, PABLO",52,52,102,https://www.rffm.es/acta-partido/1598119,2026-08-07T03:26:26.919590+00:00
1598110,3082477,13450866,"CONSUEGRA DE RUZ, HUGO",9,9,100,https://www.rffm.es/acta-partido/1598110,2026-08-07T03:26:26.941237+00:00
1598110,6819643,12954602,"SALVADORES MARTIN, DANIEL",14,14,100,https://www.rffm.es/acta-partido/1598110,2026-08-07T03:26:26.941237+00:00
1598110,6819643,14464307,"TINEO JEREZ, TEO",20,20,100,https://www.rffm.es/acta-partido/1598110,2026-08-07T03:26:26.941237+00:00
1598110,6819643,10303711,"LEJARRAGA MARCOS, RAFAEL",22,22,100,https://www.rffm.es/acta-partido/1598110,2026-08-07T03:26:26.941237+00:00
1598110,6819643,14401911,"URTIAGA MONJE, DIEGO",28,28,100,https://www.rffm.es/acta-partido/1598110,2026-08-07T03:26:26.941237+00:00
1598110,6819643,14401911,"URTIAGA MONJE, DIEGO",35,35,100,https://www.rffm.es/acta-partido/1598110,2026-08-07T03:26:26.941237+00:00
1598110,6819643,14401911,"URTIAGA MONJE, DIEGO",47,47,100,https://www.rffm.es/acta-partido/1598110,2026-08-07T03:26:26.941237+00:00
1598115,455,13207347,"MARTÍN ROA, IGNACIO",56,56,100,https://www.rffm.es/acta-partido/1598115,2026-08-07T03:26:27.074087+00:00
1598115,455,8462947,"NAVARRO MARTINEZ, EDUARDO",62,62,100,https://www.rffm.es/acta-partido/1598115,2026-08-07T03:26:27.074087+00:00
1598120,15294592,16842477,"MARTINEZ DEL RIO, JORGE",34,34,100,https://www.rffm.es/acta-partido/1598120,2026-08-07T03:26:27.578833+00:00
1598120,15294592,15080718,"MURGOCI, ANGEL FLORIN",46,46,100,https://www.rffm.es/acta-partido/1598120,2026-08-07T03:26:27.578833+00:00
1598120,2598,11866099,"SANZ GARCÍA, GUILLERMO",14,14,100,https://www.rffm.es/acta-partido/1598120,2026-08-07T03:26:27.578833+00:00
1598116,1883,11758728,"ILUNDAIN APARICIO, LUCAS",2,2,100,https://www.rffm.es/acta-partido/1598116,2026-08-07T03:26:27.678013+00:00
1598116,1883,8517131,"RIAZA CASTELLANOS, HUGO",11,11,101,https://www.rffm.es/acta-partido/1598116,2026-08-07T03:26:27.678013+00:00
1598116,1883,11776224,"PEREZ MORATO, LUIS",28,28,100,https://www.rffm.es/acta-partido/1598116,2026-08-07T03:26:27.678013+00:00
1598116,1883,8517131,"RIAZA CASTELLANOS, HUGO",31,31,100,https://www.rffm.es/acta-partido/1598116,2026-08-07T03:26:27.678013+00:00
1598116,1883,14830322,"SOLIS HIDALGO, SEBASTIAN",38,38,100,https://www.rffm.es/acta-partido/1598116,2026-08-07T03:26:27.678013+00:00
1598116,1883,14760395,"CARRAL BARANDA, MATEO",67,67,100,https://www.rffm.es/acta-partido/1598116,2026-08-07T03:26:27.678013+00:00
1598116,3082477,6719346,"GARRIDO BERNAL, IKER",29,29,100,https://www.rffm.es/acta-partido/1598116,2026-08-07T03:26:27.678013+00:00
1598116,3082477,14663384,"DE LA CUEVA BUSTILLO, MATIAS",60,60,100,https://www.rffm.es/acta-partido/1598116,2026-08-07T03:26:27.678013+00:00
1598117,6819643,10785346,"CHAVARRIA PACCHA, LUCAS DANIEL",36,36,100,https://www.rffm.es/acta-partido/1598117,2026-08-07T03:26:27.683724+00:00
1598117,6819643,10785346,"CHAVARRIA PACCHA, LUCAS DANIEL",48,48,100,https://www.rffm.es/acta-partido/1598117,2026-08-07T03:26:27.683724+00:00
1598117,721545,10174259,"TOLEDANO FERNANDEZ, NICOLAS",7,7,100,https://www.rffm.es/acta-partido/1598117,2026-08-07T03:26:27.683724+00:00
1598121,416,13271843,"TORO CORZO, SERGIO",9,9,102,https://www.rffm.es/acta-partido/1598121,2026-08-07T03:26:27.706432+00:00
1598121,416,13175813,"MARTIN BARBERO, IVAN",19,19,100,https://www.rffm.es/acta-partido/1598121,2026-08-07T03:26:27.706432+00:00
1598121,416,10181206,"GONZALEZ DA SILVA, JAIME",52,52,100,https://www.rffm.es/acta-partido/1598121,2026-08-07T03:26:27.706432+00:00
1598121,416,10181206,"GONZALEZ DA SILVA, JAIME",60,60,100,https://www.rffm.es/acta-partido/1598121,2026-08-07T03:26:27.706432+00:00
1598121,846969,9833990,"GALINDO REAL, IÑIGO",8,8,100,https://www.rffm.es/acta-partido/1598121,2026-08-07T03:26:27.706432+00:00
1598121,846969,14647965,"LAMA GUTIERREZ, GUILLERMO",39,39,100,https://www.rffm.es/acta-partido/1598121,2026-08-07T03:26:27.706432+00:00
1598121,846969,14660480,"MATEOS BENITO, MARCOS",43,43,100,https://www.rffm.es/acta-partido/1598121,2026-08-07T03:26:27.706432+00:00
1598121,846969,14625676,"ANTONUCCI FERNANDEZ, ALVARO",53,53,100,https://www.rffm.es/acta-partido/1598121,2026-08-07T03:26:27.706432+00:00
1598125,6819643,14460994,"MALDONADO PALAZON, KEVIN",48,48,100,https://www.rffm.es/acta-partido/1598125,2026-08-07T03:26:28.016766+00:00
1598125,6819643,14800388,"MONTES GILSANZ, CARLOS",55,55,100,https://www.rffm.es/acta-partido/1598125,2026-08-07T03:26:28.016766+00:00
1598134,846969,13245409,"MORO MARTIN, ALVARO",69,69,100,https://www.rffm.es/acta-partido/1598134,2026-08-07T03:26:28.468178+00:00
1598124,721545,14478842,"ERBURU SUBIJANA, JAIME",58,58,100,https://www.rffm.es/acta-partido/1598124,2026-08-07T03:26:28.476405+00:00
1598124,1883,14760395,"CARRAL BARANDA, MATEO",3,3,100,https://www.rffm.es/acta-partido/1598124,2026-08-07T03:26:28.476405+00:00
1598124,1883,8583417,"JENSEN ROLDAN, ALEX",4,4,100,https://www.rffm.es/acta-partido/1598124,2026-08-07T03:26:28.476405+00:00
1598124,1883,14760395,"CARRAL BARANDA, MATEO",15,15,100,https://www.rffm.es/acta-partido/1598124,2026-08-07T03:26:28.476405+00:00
1598124,1883,14830276,"LUPANO SOLER, TOMAS",27,27,100,https://www.rffm.es/acta-partido/1598124,2026-08-07T03:26:28.476405+00:00
1598124,1883,14830276,"LUPANO SOLER, TOMAS",27,27,100,https://www.rffm.es/acta-partido/1598124,2026-08-07T03:26:28.476405+00:00
1598124,1883,14760542,"ALEXANDRE SANGIAO, GABRIEL",56,56,100,https://www.rffm.es/acta-partido/1598124,2026-08-07T03:26:28.476405+00:00
1598122,416,10181206,"GONZALEZ DA SILVA, JAIME",6,6,100,https://www.rffm.es/acta-partido/1598122,2026-08-07T03:26:28.494573+00:00
1598122,416,8464537,"ARGUELLO VILCHES, ALEJANDRO",8,8,100,https://www.rffm.es/acta-partido/1598122,2026-08-07T03:26:28.494573+00:00
1598122,416,8464537,"ARGUELLO VILCHES, ALEJANDRO",10,10,100,https://www.rffm.es/acta-partido/1598122,2026-08-07T03:26:28.494573+00:00
1598122,416,9860136,"BLANCO VICENTE, ALONSO",13,13,100,https://www.rffm.es/acta-partido/1598122,2026-08-07T03:26:28.494573+00:00
1598122,416,10181206,"GONZALEZ DA SILVA, JAIME",26,26,100,https://www.rffm.es/acta-partido/1598122,2026-08-07T03:26:28.494573+00:00
1598122,416,10181206,"GONZALEZ DA SILVA, JAIME",35,35,100,https://www.rffm.es/acta-partido/1598122,2026-08-07T03:26:28.494573+00:00
1598122,416,10181206,"GONZALEZ DA SILVA, JAIME",47,47,100,https://www.rffm.es/acta-partido/1598122,2026-08-07T03:26:28.494573+00:00
1598122,416,8464537,"ARGUELLO VILCHES, ALEJANDRO",50,50,100,https://www.rffm.es/acta-partido/1598122,2026-08-07T03:26:28.494573+00:00
1598122,416,13175813,"MARTIN BARBERO, IVAN",60,60,101,https://www.rffm.es/acta-partido/1598122,2026-08-07T03:26:28.494573+00:00
1598122,846985,9758976,"CASTILLO GONZALEZ, JUAN",30,30,100,https://www.rffm.es/acta-partido/1598122,2026-08-07T03:26:28.494573+00:00
1598127,2179,12756814,"RODRÍGUEZ VICARIO, IVÁN",20,20,100,https://www.rffm.es/acta-partido/1598127,2026-08-07T03:26:28.677908+00:00
1598127,2179,12748211,"VALLE ARIAS, IKER",35,35,100,https://www.rffm.es/acta-partido/1598127,2026-08-07T03:26:28.677908+00:00
1598127,2179,13074948,"AMORRICH LARA BARAHONA, ANTONIO",55,55,100,https://www.rffm.es/acta-partido/1598127,2026-08-07T03:26:28.677908+00:00
1598126,526566,7652354,"PEREZ BRILLAS, DANIEL",33,33,102,https://www.rffm.es/acta-partido/1598126,2026-08-07T03:26:28.715392+00:00
1598126,526566,8647971,"GALA SERRANO, TEO",37,37,100,https://www.rffm.es/acta-partido/1598126,2026-08-07T03:26:28.715392+00:00
1598126,526566,7874282,"CALLEJO ROBLEDANO, JACOBO",42,42,100,https://www.rffm.es/acta-partido/1598126,2026-08-07T03:26:28.715392+00:00
1598123,455,9859974,"REY HERRERO, CARLOS",13,13,100,https://www.rffm.es/acta-partido/1598123,2026-08-07T03:26:28.874786+00:00
1598123,455,8463378,"CILVETI CAZORLA, CARLOS",14,14,100,https://www.rffm.es/acta-partido/1598123,2026-08-07T03:26:28.874786+00:00
1598123,455,11736316,"GONZÁLEZ GARCÍA, IÑAKI",60,60,100,https://www.rffm.es/acta-partido/1598123,2026-08-07T03:26:28.874786+00:00
1598128,846969,14661316,"MATEOS GATA, DARIO",2,2,101,https://www.rffm.es/acta-partido/1598128,2026-08-07T03:26:28.880690+00:00
1598128,846969,13139484,"VERDU GALAN, GONZALO",9,9,100,https://www.rffm.es/acta-partido/1598128,2026-08-07T03:26:28.880690+00:00
1598128,846969,10197620,"SERRANO FUENTES, DIEGO",35,35,100,https://www.rffm.es/acta-partido/1598128,2026-08-07T03:26:28.880690+00:00
1598128,846969,10197620,"SERRANO FUENTES, DIEGO",41,41,100,https://www.rffm.es/acta-partido/1598128,2026-08-07T03:26:28.880690+00:00
1598128,846969,13245409,"MORO MARTIN, ALVARO",51,51,100,https://www.rffm.es/acta-partido/1598128,2026-08-07T03:26:28.880690+00:00
1598128,846969,14625676,"ANTONUCCI FERNANDEZ, ALVARO",56,56,100,https://www.rffm.es/acta-partido/1598128,2026-08-07T03:26:28.880690+00:00
1598132,6819643,12954602,"SALVADORES MARTIN, DANIEL",6,6,100,https://www.rffm.es/acta-partido/1598132,2026-08-07T03:26:29.184188+00:00
1598132,6819643,12954602,"SALVADORES MARTIN, DANIEL",14,14,100,https://www.rffm.es/acta-partido/1598132,2026-08-07T03:26:29.184188+00:00
1598132,6819643,14460994,"MALDONADO PALAZON, KEVIN",25,25,100,https://www.rffm.es/acta-partido/1598132,2026-08-07T03:26:29.184188+00:00
1598132,6819643,12954602,"SALVADORES MARTIN, DANIEL",34,34,100,https://www.rffm.es/acta-partido/1598132,2026-08-07T03:26:29.184188+00:00
1598132,6819643,10785346,"CHAVARRIA PACCHA, LUCAS DANIEL",36,36,100,https://www.rffm.es/acta-partido/1598132,2026-08-07T03:26:29.184188+00:00
1598132,6819643,14400632,"FERNANDEZ CUBILLO, GABRIEL",48,48,100,https://www.rffm.es/acta-partido/1598132,2026-08-07T03:26:29.184188+00:00
1598132,6819643,14464339,"CHILLARON MAESTRE, DARIO",51,51,100,https://www.rffm.es/acta-partido/1598132,2026-08-07T03:26:29.184188+00:00
1598132,6819643,16588745,"GARCÍA LORING, JUAN",58,58,100,https://www.rffm.es/acta-partido/1598132,2026-08-07T03:26:29.184188+00:00
1598129,846985,8339167,"CASTRO HORNES, FRANCISCO",48,48,100,https://www.rffm.es/acta-partido/1598129,2026-08-07T03:26:29.188713+00:00
1598129,3082477,8521820,"MOLINERO CHACON, LEO",20,20,100,https://www.rffm.es/acta-partido/1598129,2026-08-07T03:26:29.188713+00:00
1598129,3082477,8521820,"MOLINERO CHACON, LEO",30,30,100,https://www.rffm.es/acta-partido/1598129,2026-08-07T03:26:29.188713+00:00
1598135,416,10181640,"AGRAZ ZAMUDIO, IKER",2,2,100,https://www.rffm.es/acta-partido/1598135,2026-08-07T03:26:29.541266+00:00
1598135,416,13271843,"TORO CORZO, SERGIO",5,5,100,https://www.rffm.es/acta-partido/1598135,2026-08-07T03:26:29.541266+00:00
1598135,416,8519314,"CELIX SANZ, ALANA",8,8,100,https://www.rffm.es/acta-partido/1598135,2026-08-07T03:26:29.541266+00:00
1598135,416,10181139,"GONZALEZ DA SILVA, ELENA",9,9,100,https://www.rffm.es/acta-partido/1598135,2026-08-07T03:26:29.541266+00:00
1598135,416,10181206,"GONZALEZ DA SILVA, JAIME",35,35,100,https://www.rffm.es/acta-partido/1598135,2026-08-07T03:26:29.541266+00:00
1598135,416,9019996,"ASENSIO CUADRADO, ALVARO",38,38,100,https://www.rffm.es/acta-partido/1598135,2026-08-07T03:26:29.541266+00:00
1598135,416,13175813,"MARTIN BARBERO, IVAN",59,59,100,https://www.rffm.es/acta-partido/1598135,2026-08-07T03:26:29.541266+00:00
1598130,455,8462899,"GONZALEZ GARCIA, ALEJANDRO",42,42,100,https://www.rffm.es/acta-partido/1598130,2026-08-07T03:26:29.709912+00:00
1598130,455,8462947,"NAVARRO MARTINEZ, EDUARDO",48,48,100,https://www.rffm.es/acta-partido/1598130,2026-08-07T03:26:29.709912+00:00
1598130,455,8462947,"NAVARRO MARTINEZ, EDUARDO",58,58,100,https://www.rffm.es/acta-partido/1598130,2026-08-07T03:26:29.709912+00:00
1598130,721545,11777180,"DIAZ CABEZAS, GONZALO",26,26,100,https://www.rffm.es/acta-partido/1598130,2026-08-07T03:26:29.709912+00:00
1598133,526566,10085325,"LOPEZ CRIADO, NICOLAS",19,19,100,https://www.rffm.es/acta-partido/1598133,2026-08-07T03:26:29.823910+00:00
1598133,526566,13273866,"COSIN PEREZ, MARTIN",56,56,100,https://www.rffm.es/acta-partido/1598133,2026-08-07T03:26:29.823910+00:00
1598133,526566,8143650,"CASCON SENDIN, SERGIO",69,69,100,https://www.rffm.es/acta-partido/1598133,2026-08-07T03:26:29.823910+00:00
1598131,1883,8517131,"RIAZA CASTELLANOS, HUGO",3,3,100,https://www.rffm.es/acta-partido/1598131,2026-08-07T03:26:29.828209+00:00
1598131,1883,11758728,"ILUNDAIN APARICIO, LUCAS",13,13,100,https://www.rffm.es/acta-partido/1598131,2026-08-07T03:26:29.828209+00:00
1598131,2039,9980623,"RUIZ OSORIO, MIGUEL",36,36,100,https://www.rffm.es/acta-partido/1598131,2026-08-07T03:26:29.828209+00:00
1598142,416,10181206,"GONZALEZ DA SILVA, JAIME",27,27,100,https://www.rffm.es/acta-partido/1598142,2026-08-07T03:26:29.897292+00:00
1598142,416,13175813,"MARTIN BARBERO, IVAN",44,44,100,https://www.rffm.es/acta-partido/1598142,2026-08-07T03:26:29.897292+00:00
1598142,416,8464537,"ARGUELLO VILCHES, ALEJANDRO",48,48,100,https://www.rffm.es/acta-partido/1598142,2026-08-07T03:26:29.897292+00:00
1598136,2179,13074948,"AMORRICH LARA BARAHONA, ANTONIO",29,29,100,https://www.rffm.es/acta-partido/1598136,2026-08-07T03:26:29.955523+00:00
1598136,2179,13134719,"GARCIA HERNANDEZ, ADOLFO",51,51,100,https://www.rffm.es/acta-partido/1598136,2026-08-07T03:26:29.955523+00:00
1598136,2179,9661247,"ALONSO REDRUEJO, EDUARDO",59,59,100,https://www.rffm.es/acta-partido/1598136,2026-08-07T03:26:29.955523+00:00
1598136,15294592,8421663,"ALVARADO MONJE, DARIO",4,4,100,https://www.rffm.es/acta-partido/1598136,2026-08-07T03:26:29.955523+00:00
1598140,455,11736316,"GONZÁLEZ GARCÍA, IÑAKI",8,8,100,https://www.rffm.es/acta-partido/1598140,2026-08-07T03:26:30.478559+00:00
1598140,455,13207347,"MARTÍN ROA, IGNACIO",38,38,100,https://www.rffm.es/acta-partido/1598140,2026-08-07T03:26:30.478559+00:00
1598140,455,8463378,"CILVETI CAZORLA, CARLOS",48,48,100,https://www.rffm.es/acta-partido/1598140,2026-08-07T03:26:30.478559+00:00
1598140,455,8462947,"NAVARRO MARTINEZ, EDUARDO",49,49,100,https://www.rffm.es/acta-partido/1598140,2026-08-07T03:26:30.478559+00:00
1598140,455,8462947,"NAVARRO MARTINEZ, EDUARDO",54,54,100,https://www.rffm.es/acta-partido/1598140,2026-08-07T03:26:30.478559+00:00
1598140,455,8463730,"ZABALA ANDUJAR, JAIME",58,58,100,https://www.rffm.es/acta-partido/1598140,2026-08-07T03:26:30.478559+00:00
1598140,2039,12763125,"SIMON GOMEZ, JOSE ALBERTO",4,4,100,https://www.rffm.es/acta-partido/1598140,2026-08-07T03:26:30.478559+00:00
1598137,526566,13279959,"HERREROS CARNICERO, MATEO",57,57,100,https://www.rffm.es/acta-partido/1598137,2026-08-07T03:26:30.548899+00:00
1598137,846969,13137031,"BENGURIA GOYANES, CARLOS JORGE",1,1,100,https://www.rffm.es/acta-partido/1598137,2026-08-07T03:26:30.548899+00:00
1598137,846969,14661316,"MATEOS GATA, DARIO",8,8,100,https://www.rffm.es/acta-partido/1598137,2026-08-07T03:26:30.548899+00:00
1598137,846969,10197620,"SERRANO FUENTES, DIEGO",24,24,100,https://www.rffm.es/acta-partido/1598137,2026-08-07T03:26:30.548899+00:00
1598137,846969,10197620,"SERRANO FUENTES, DIEGO",27,27,100,https://www.rffm.es/acta-partido/1598137,2026-08-07T03:26:30.548899+00:00
1598137,846969,13137031,"BENGURIA GOYANES, CARLOS JORGE",29,29,100,https://www.rffm.es/acta-partido/1598137,2026-08-07T03:26:30.548899+00:00
1598137,846969,8464814,"DE JUANA RIERA, PABLO",43,43,100,https://www.rffm.es/acta-partido/1598137,2026-08-07T03:26:30.548899+00:00
1598138,6819643,10303711,"LEJARRAGA MARCOS, RAFAEL",8,8,100,https://www.rffm.es/acta-partido/1598138,2026-08-07T03:26:30.553496+00:00
1598138,6819643,14800388,"MONTES GILSANZ, CARLOS",27,27,100,https://www.rffm.es/acta-partido/1598138,2026-08-07T03:26:30.553496+00:00
1598138,6819643,10303711,"LEJARRAGA MARCOS, RAFAEL",35,35,100,https://www.rffm.es/acta-partido/1598138,2026-08-07T03:26:30.553496+00:00
1598138,6819643,14464307,"TINEO JEREZ, TEO",38,38,100,https://www.rffm.es/acta-partido/1598138,2026-08-07T03:26:30.553496+00:00
1598138,6819643,10785346,"CHAVARRIA PACCHA, LUCAS DANIEL",48,48,100,https://www.rffm.es/acta-partido/1598138,2026-08-07T03:26:30.553496+00:00
1598138,6819643,10785346,"CHAVARRIA PACCHA, LUCAS DANIEL",52,52,100,https://www.rffm.es/acta-partido/1598138,2026-08-07T03:26:30.553496+00:00
1598138,6819643,14400632,"FERNANDEZ CUBILLO, GABRIEL",56,56,100,https://www.rffm.es/acta-partido/1598138,2026-08-07T03:26:30.553496+00:00
1598138,2598,8518842,"FERNANDEZ BOYARIZO, DAVID",10,10,102,https://www.rffm.es/acta-partido/1598138,2026-08-07T03:26:30.553496+00:00
1598138,2598,8519410,"PEÑALBA PEREZ, NICOLAS",36,36,101,https://www.rffm.es/acta-partido/1598138,2026-08-07T03:26:30.553496+00:00
1598141,846985,8337843,"BALCAZAR CRESPO, NICOLAS",40,40,100,https://www.rffm.es/acta-partido/1598141,2026-08-07T03:26:31.022967+00:00
1598141,846985,8337843,"BALCAZAR CRESPO, NICOLAS",48,48,100,https://www.rffm.es/acta-partido/1598141,2026-08-07T03:26:31.022967+00:00
1598141,846985,13298081,"CONESA CHAKUR, FRANCISCO",60,60,100,https://www.rffm.es/acta-partido/1598141,2026-08-07T03:26:31.022967+00:00
1598141,721545,11777180,"DIAZ CABEZAS, GONZALO",28,28,100,https://www.rffm.es/acta-partido/1598141,2026-08-07T03:26:31.022967+00:00
1598149,721545,8524585,"PEREZ DE LAS HERAS, MIGUEL",8,8,100,https://www.rffm.es/acta-partido/1598149,2026-08-07T03:26:31.215838+00:00
1598149,721545,8524585,"PEREZ DE LAS HERAS, MIGUEL",32,32,100,https://www.rffm.es/acta-partido/1598149,2026-08-07T03:26:31.215838+00:00
1598148,2039,9253788,"GARCIA SABORIT, PABLO",1,1,100,https://www.rffm.es/acta-partido/1598148,2026-08-07T03:26:31.221917+00:00
1598148,2039,12763125,"SIMON GOMEZ, JOSE ALBERTO",30,30,100,https://www.rffm.es/acta-partido/1598148,2026-08-07T03:26:31.221917+00:00
1598148,2039,12876180,"GARCIA LAZARO, ANGEL",31,31,100,https://www.rffm.es/acta-partido/1598148,2026-08-07T03:26:31.221917+00:00
1598148,846985,19375102,"AGUIRRE GARCIA, MAURO",20,20,100,https://www.rffm.es/acta-partido/1598148,2026-08-07T03:26:31.221917+00:00
1598147,1408,8496172,"ALFARO SANTOS, BRUNO",56,56,100,https://www.rffm.es/acta-partido/1598147,2026-08-07T03:26:31.227701+00:00
1598147,1408,16211778,"BAEZA CARRION, EDUARDO",60,60,100,https://www.rffm.es/acta-partido/1598147,2026-08-07T03:26:31.227701+00:00
1598147,455,11736316,"GONZÁLEZ GARCÍA, IÑAKI",8,8,100,https://www.rffm.es/acta-partido/1598147,2026-08-07T03:26:31.227701+00:00
1598147,455,8463342,"RUANO AYBAR, LUIS",37,37,100,https://www.rffm.es/acta-partido/1598147,2026-08-07T03:26:31.227701+00:00
1598147,455,13207347,"MARTÍN ROA, IGNACIO",39,39,100,https://www.rffm.es/acta-partido/1598147,2026-08-07T03:26:31.227701+00:00
1598147,455,16342754,"PARDO CANO, JAIME",54,54,100,https://www.rffm.es/acta-partido/1598147,2026-08-07T03:26:31.227701+00:00
1598147,455,8463378,"CILVETI CAZORLA, CARLOS",60,60,100,https://www.rffm.es/acta-partido/1598147,2026-08-07T03:26:31.227701+00:00
1598139,1883,8517131,"RIAZA CASTELLANOS, HUGO",27,27,100,https://www.rffm.es/acta-partido/1598139,2026-08-07T03:26:31.353159+00:00
1598139,1408,8496172,"ALFARO SANTOS, BRUNO",4,4,100,https://www.rffm.es/acta-partido/1598139,2026-08-07T03:26:31.353159+00:00
1598139,1408,16211778,"BAEZA CARRION, EDUARDO",9,9,100,https://www.rffm.es/acta-partido/1598139,2026-08-07T03:26:31.353159+00:00
1598139,1408,11446007,"DIAZ JARA GUERRERO, GABRIEL",57,57,100,https://www.rffm.es/acta-partido/1598139,2026-08-07T03:26:31.353159+00:00
1598145,846969,15962612,"GARCIA HEREDIA, HUGO",5,5,100,https://www.rffm.es/acta-partido/1598145,2026-08-07T03:26:31.782346+00:00
1598145,846969,13245409,"MORO MARTIN, ALVARO",28,28,100,https://www.rffm.es/acta-partido/1598145,2026-08-07T03:26:31.782346+00:00
1598145,6819643,16588745,"GARCÍA LORING, JUAN",32,32,100,https://www.rffm.es/acta-partido/1598145,2026-08-07T03:26:31.782346+00:00
1598145,6819643,14401911,"URTIAGA MONJE, DIEGO",43,43,100,https://www.rffm.es/acta-partido/1598145,2026-08-07T03:26:31.782346+00:00
1598145,6819643,10785346,"CHAVARRIA PACCHA, LUCAS DANIEL",47,47,100,https://www.rffm.es/acta-partido/1598145,2026-08-07T03:26:31.782346+00:00
1598145,6819643,10785346,"CHAVARRIA PACCHA, LUCAS DANIEL",58,58,100,https://www.rffm.es/acta-partido/1598145,2026-08-07T03:26:31.782346+00:00
1598146,1883,8517131,"RIAZA CASTELLANOS, HUGO",7,7,100,https://www.rffm.es/acta-partido/1598146,2026-08-07T03:26:31.798769+00:00
1598146,1883,8517131,"RIAZA CASTELLANOS, HUGO",9,9,100,https://www.rffm.es/acta-partido/1598146,2026-08-07T03:26:31.798769+00:00
1598146,1883,8461930,"ALA MUTKA CAMPOS, ALVARO",27,27,100,https://www.rffm.es/acta-partido/1598146,2026-08-07T03:26:31.798769+00:00
1598146,1883,8505776,"BOTRAN MIRANDA, LUCAS",56,56,100,https://www.rffm.es/acta-partido/1598146,2026-08-07T03:26:31.798769+00:00
1598144,15294592,8421663,"ALVARADO MONJE, DARIO",59,59,100,https://www.rffm.es/acta-partido/1598144,2026-08-07T03:26:31.835696+00:00
1598144,526566,7652354,"PEREZ BRILLAS, DANIEL",32,32,100,https://www.rffm.es/acta-partido/1598144,2026-08-07T03:26:31.835696+00:00
1598144,526566,7874282,"CALLEJO ROBLEDANO, JACOBO",38,38,100,https://www.rffm.es/acta-partido/1598144,2026-08-07T03:26:31.835696+00:00
1598144,526566,9966715,"MUÑOZ ERVINA, DAVID",41,41,100,https://www.rffm.es/acta-partido/1598144,2026-08-07T03:26:31.835696+00:00
1598144,526566,7652354,"PEREZ BRILLAS, DANIEL",49,49,100,https://www.rffm.es/acta-partido/1598144,2026-08-07T03:26:31.835696+00:00
1598143,416,10181206,"GONZALEZ DA SILVA, JAIME",25,25,100,https://www.rffm.es/acta-partido/1598143,2026-08-07T03:26:32.298258+00:00
1598143,416,8464537,"ARGUELLO VILCHES, ALEJANDRO",52,52,100,https://www.rffm.es/acta-partido/1598143,2026-08-07T03:26:32.298258+00:00
1598143,416,15911838,"TOMASELLO MORA, LORENZO",57,57,100,https://www.rffm.es/acta-partido/1598143,2026-08-07T03:26:32.298258+00:00
1598156,721545,10213885,"GONZALEZ DORIA, ANGEL DARIO",4,4,100,https://www.rffm.es/acta-partido/1598156,2026-08-07T03:26:32.481708+00:00
1598156,721545,9793708,"ROJAS COBOS, ANTONIO",39,39,102,https://www.rffm.es/acta-partido/1598156,2026-08-07T03:26:32.481708+00:00
1598156,416,9862514,"SEFIANI PÉREZ, OMAR",8,8,100,https://www.rffm.es/acta-partido/1598156,2026-08-07T03:26:32.481708+00:00
1598156,416,10181206,"GONZALEZ DA SILVA, JAIME",15,15,100,https://www.rffm.es/acta-partido/1598156,2026-08-07T03:26:32.481708+00:00
1598156,416,10181640,"AGRAZ ZAMUDIO, IKER",20,20,100,https://www.rffm.es/acta-partido/1598156,2026-08-07T03:26:32.481708+00:00
1598151,6819643,14399777,"RODRIGUEZ RAMIREZ, DARIO",9,9,100,https://www.rffm.es/acta-partido/1598151,2026-08-07T03:26:32.493349+00:00
1598151,6819643,14401574,"MARIANI, DANTE ERNESTO",13,13,100,https://www.rffm.es/acta-partido/1598151,2026-08-07T03:26:32.493349+00:00
1598151,6819643,10785346,"CHAVARRIA PACCHA, LUCAS DANIEL",16,16,100,https://www.rffm.es/acta-partido/1598151,2026-08-07T03:26:32.493349+00:00
1598151,6819643,14615434,"GARCÍA FERNANDEZ-CALDERON, ALVARO",37,37,100,https://www.rffm.es/acta-partido/1598151,2026-08-07T03:26:32.493349+00:00
1598151,6819643,16588745,"GARCÍA LORING, JUAN",40,40,100,https://www.rffm.es/acta-partido/1598151,2026-08-07T03:26:32.493349+00:00
1598154,846985,9759013,"TORRES GONZALEZ, ANGEL",8,8,100,https://www.rffm.es/acta-partido/1598154,2026-08-07T03:26:32.508177+00:00
1598154,846985,16017551,"PASCUAL PEREZ, HUGO",56,56,100,https://www.rffm.es/acta-partido/1598154,2026-08-07T03:26:32.508177+00:00
1598155,3082477,13450866,"CONSUEGRA DE RUZ, HUGO",38,38,100,https://www.rffm.es/acta-partido/1598155,2026-08-07T03:26:32.545718+00:00
1598155,2039,9245176,"MAHESO URBINA, ADRIAN",26,26,100,https://www.rffm.es/acta-partido/1598155,2026-08-07T03:26:32.545718+00:00
1598152,1883,11758728,"ILUNDAIN APARICIO, LUCAS",10,10,100,https://www.rffm.es/acta-partido/1598152,2026-08-07T03:26:32.915619+00:00
1598152,846969,8431517,"MARTIN LOPEZ, LUCAS",2,2,100,https://www.rffm.es/acta-partido/1598152,2026-08-07T03:26:32.915619+00:00
1598152,846969,14661316,"MATEOS GATA, DARIO",13,13,100,https://www.rffm.es/acta-partido/1598152,2026-08-07T03:26:32.915619+00:00
1598152,846969,14647965,"LAMA GUTIERREZ, GUILLERMO",53,53,100,https://www.rffm.es/acta-partido/1598152,2026-08-07T03:26:32.915619+00:00
1598150,526566,7874282,"CALLEJO ROBLEDANO, JACOBO",29,29,100,https://www.rffm.es/acta-partido/1598150,2026-08-07T03:26:32.940700+00:00
1598150,526566,9966715,"MUÑOZ ERVINA, DAVID",40,40,100,https://www.rffm.es/acta-partido/1598150,2026-08-07T03:26:32.940700+00:00
1598150,2179,13134719,"GARCIA HERNANDEZ, ADOLFO",22,22,100,https://www.rffm.es/acta-partido/1598150,2026-08-07T03:26:32.940700+00:00
1598153,455,11736316,"GONZÁLEZ GARCÍA, IÑAKI",11,11,100,https://www.rffm.es/acta-partido/1598153,2026-08-07T03:26:32.995229+00:00
1598153,455,11736316,"GONZÁLEZ GARCÍA, IÑAKI",43,43,100,https://www.rffm.es/acta-partido/1598153,2026-08-07T03:26:32.995229+00:00
1598153,455,8462947,"NAVARRO MARTINEZ, EDUARDO",60,60,100,https://www.rffm.es/acta-partido/1598153,2026-08-07T03:26:32.995229+00:00
1598153,2598,8519243,"CRESPO MARTINEZ, JOSE LUIS",19,19,100,https://www.rffm.es/acta-partido/1598153,2026-08-07T03:26:32.995229+00:00
1598158,6819643,12954602,"SALVADORES MARTIN, DANIEL",22,22,100,https://www.rffm.es/acta-partido/1598158,2026-08-07T03:26:33.289811+00:00
1598158,6819643,14401574,"MARIANI, DANTE ERNESTO",26,26,100,https://www.rffm.es/acta-partido/1598158,2026-08-07T03:26:33.289811+00:00
1598158,6819643,14401574,"MARIANI, DANTE ERNESTO",29,29,100,https://www.rffm.es/acta-partido/1598158,2026-08-07T03:26:33.289811+00:00
1598158,6819643,14800388,"MONTES GILSANZ, CARLOS",45,45,100,https://www.rffm.es/acta-partido/1598158,2026-08-07T03:26:33.289811+00:00
1598158,6819643,14401911,"URTIAGA MONJE, DIEGO",56,56,100,https://www.rffm.es/acta-partido/1598158,2026-08-07T03:26:33.289811+00:00
1598163,2039,12763125,"SIMON GOMEZ, JOSE ALBERTO",7,7,100,https://www.rffm.es/acta-partido/1598163,2026-08-07T03:26:33.465426+00:00
1598163,2039,8313197,"GALBAN ESPINAR, EDUARDO",19,19,100,https://www.rffm.es/acta-partido/1598163,2026-08-07T03:26:33.465426+00:00
1598163,2039,12763125,"SIMON GOMEZ, JOSE ALBERTO",21,21,100,https://www.rffm.es/acta-partido/1598163,2026-08-07T03:26:33.465426+00:00
1598163,721545,8524109,"SEGOVIA SANTIAGO, PABLO",32,32,100,https://www.rffm.es/acta-partido/1598163,2026-08-07T03:26:33.465426+00:00
1598163,721545,11777180,"DIAZ CABEZAS, GONZALO",40,40,100,https://www.rffm.es/acta-partido/1598163,2026-08-07T03:26:33.465426+00:00
1598163,721545,14478842,"ERBURU SUBIJANA, JAIME",59,59,100,https://www.rffm.es/acta-partido/1598163,2026-08-07T03:26:33.465426+00:00
1598162,1408,11446007,"DIAZ JARA GUERRERO, GABRIEL",6,6,100,https://www.rffm.es/acta-partido/1598162,2026-08-07T03:26:33.484382+00:00
1598162,1408,11446007,"DIAZ JARA GUERRERO, GABRIEL",8,8,100,https://www.rffm.es/acta-partido/1598162,2026-08-07T03:26:33.484382+00:00
1598162,1408,11225026,"CORDON FERNANDEZ, ANGEL PELAYO",54,54,100,https://www.rffm.es/acta-partido/1598162,2026-08-07T03:26:33.484382+00:00
1598159,15294592,7648536,"EXPOSITO LOPEZ, MARIO",57,57,100,https://www.rffm.es/acta-partido/1598159,2026-08-07T03:26:33.507705+00:00
1598159,1883,8505776,"BOTRAN MIRANDA, LUCAS",2,2,100,https://www.rffm.es/acta-partido/1598159,2026-08-07T03:26:33.507705+00:00
1598159,1883,10070912,"PACHE ESPERALTA, HUGO",28,28,100,https://www.rffm.es/acta-partido/1598159,2026-08-07T03:26:33.507705+00:00
1598159,1883,8517131,"RIAZA CASTELLANOS, HUGO",36,36,100,https://www.rffm.es/acta-partido/1598159,2026-08-07T03:26:33.507705+00:00
1598159,1883,10070912,"PACHE ESPERALTA, HUGO",41,41,100,https://www.rffm.es/acta-partido/1598159,2026-08-07T03:26:33.507705+00:00
1598159,1883,8505776,"BOTRAN MIRANDA, LUCAS",47,47,100,https://www.rffm.es/acta-partido/1598159,2026-08-07T03:26:33.507705+00:00
1598159,1883,11758728,"ILUNDAIN APARICIO, LUCAS",52,52,100,https://www.rffm.es/acta-partido/1598159,2026-08-07T03:26:33.507705+00:00
1598157,416,13175813,"MARTIN BARBERO, IVAN",14,14,100,https://www.rffm.es/acta-partido/1598157,2026-08-07T03:26:33.564491+00:00
1598157,416,13175813,"MARTIN BARBERO, IVAN",27,27,100,https://www.rffm.es/acta-partido/1598157,2026-08-07T03:26:33.564491+00:00
1598157,416,8464537,"ARGUELLO VILCHES, ALEJANDRO",29,29,100,https://www.rffm.es/acta-partido/1598157,2026-08-07T03:26:33.564491+00:00
1598157,416,8464537,"ARGUELLO VILCHES, ALEJANDRO",37,37,100,https://www.rffm.es/acta-partido/1598157,2026-08-07T03:26:33.564491+00:00
1598157,416,8464537,"ARGUELLO VILCHES, ALEJANDRO",38,38,100,https://www.rffm.es/acta-partido/1598157,2026-08-07T03:26:33.564491+00:00
1598157,416,13175813,"MARTIN BARBERO, IVAN",41,41,100,https://www.rffm.es/acta-partido/1598157,2026-08-07T03:26:33.564491+00:00
1598157,526566,8138658,"ARGUIJO CAEROLS, ALEJANDRO",25,25,100,https://www.rffm.es/acta-partido/1598157,2026-08-07T03:26:33.564491+00:00
1598160,846969,9833990,"GALINDO REAL, IÑIGO",16,16,100,https://www.rffm.es/acta-partido/1598160,2026-08-07T03:26:34.226937+00:00
1598160,846969,15962612,"GARCIA HEREDIA, HUGO",50,50,100,https://www.rffm.es/acta-partido/1598160,2026-08-07T03:26:34.226937+00:00
1598161,846985,16017551,"PASCUAL PEREZ, HUGO",20,20,100,https://www.rffm.es/acta-partido/1598161,2026-08-07T03:26:34.247220+00:00
1598161,846985,13161704,"BONACHE SANZ, PABLO",40,40,100,https://www.rffm.es/acta-partido/1598161,2026-08-07T03:26:34.247220+00:00
1598166,455,8463342,"RUANO AYBAR, LUIS",3,3,100,https://www.rffm.es/acta-partido/1598166,2026-08-07T03:26:34.301073+00:00
1598166,455,8463378,"CILVETI CAZORLA, CARLOS",31,31,100,https://www.rffm.es/acta-partido/1598166,2026-08-07T03:26:34.301073+00:00
1598166,455,8463447,"GREGORI ALONSO, DANIEL",40,40,100,https://www.rffm.es/acta-partido/1598166,2026-08-07T03:26:34.301073+00:00
1598166,455,13207347,"MARTÍN ROA, IGNACIO",41,41,100,https://www.rffm.es/acta-partido/1598166,2026-08-07T03:26:34.301073+00:00
1598166,455,8463447,"GREGORI ALONSO, DANIEL",47,47,100,https://www.rffm.es/acta-partido/1598166,2026-08-07T03:26:34.301073+00:00
1598166,455,8462947,"NAVARRO MARTINEZ, EDUARDO",58,58,100,https://www.rffm.es/acta-partido/1598166,2026-08-07T03:26:34.301073+00:00
1598169,1408,11225026,"CORDON FERNANDEZ, ANGEL PELAYO",14,14,100,https://www.rffm.es/acta-partido/1598169,2026-08-07T03:26:34.627137+00:00
1598169,1408,11225026,"CORDON FERNANDEZ, ANGEL PELAYO",31,31,102,https://www.rffm.es/acta-partido/1598169,2026-08-07T03:26:34.627137+00:00
1598167,846969,14625676,"ANTONUCCI FERNANDEZ, ALVARO",12,12,100,https://www.rffm.es/acta-partido/1598167,2026-08-07T03:26:34.778911+00:00
1598164,6819643,14400270,"IÑIGUEZ ETXEBERRIA, JON",1,1,100,https://www.rffm.es/acta-partido/1598164,2026-08-07T03:26:34.789322+00:00
1598164,6819643,10785346,"CHAVARRIA PACCHA, LUCAS DANIEL",31,31,100,https://www.rffm.es/acta-partido/1598164,2026-08-07T03:26:34.789322+00:00
1598164,6819643,12954602,"SALVADORES MARTIN, DANIEL",33,33,100,https://www.rffm.es/acta-partido/1598164,2026-08-07T03:26:34.789322+00:00
1598164,6819643,10785346,"CHAVARRIA PACCHA, LUCAS DANIEL",34,34,100,https://www.rffm.es/acta-partido/1598164,2026-08-07T03:26:34.789322+00:00
1598164,6819643,15065599,"ZAMBRANO PALMA, MARIO ALESSANDRO",50,50,100,https://www.rffm.es/acta-partido/1598164,2026-08-07T03:26:34.789322+00:00
1598164,6819643,14401574,"MARIANI, DANTE ERNESTO",58,58,100,https://www.rffm.es/acta-partido/1598164,2026-08-07T03:26:34.789322+00:00
1598170,2039,9980623,"RUIZ OSORIO, MIGUEL",7,7,100,https://www.rffm.es/acta-partido/1598170,2026-08-07T03:26:34.829337+00:00
1598170,2039,12763125,"SIMON GOMEZ, JOSE ALBERTO",40,40,100,https://www.rffm.es/acta-partido/1598170,2026-08-07T03:26:34.829337+00:00
1598170,416,13175813,"MARTIN BARBERO, IVAN",5,5,100,https://www.rffm.es/acta-partido/1598170,2026-08-07T03:26:34.829337+00:00
1598170,416,10181640,"AGRAZ ZAMUDIO, IKER",10,10,100,https://www.rffm.es/acta-partido/1598170,2026-08-07T03:26:34.829337+00:00
1598170,416,10181206,"GONZALEZ DA SILVA, JAIME",20,20,100,https://www.rffm.es/acta-partido/1598170,2026-08-07T03:26:34.829337+00:00
1598170,416,9862514,"SEFIANI PÉREZ, OMAR",21,21,100,https://www.rffm.es/acta-partido/1598170,2026-08-07T03:26:34.829337+00:00
1598170,416,10181206,"GONZALEZ DA SILVA, JAIME",37,37,100,https://www.rffm.es/acta-partido/1598170,2026-08-07T03:26:34.829337+00:00
1598170,416,8727250,"LUQUE ALONSO, NACHO",60,60,100,https://www.rffm.es/acta-partido/1598170,2026-08-07T03:26:34.829337+00:00
1598165,1883,14760395,"CARRAL BARANDA, MATEO",13,13,100,https://www.rffm.es/acta-partido/1598165,2026-08-07T03:26:34.833877+00:00
1598165,1883,11758728,"ILUNDAIN APARICIO, LUCAS",22,22,100,https://www.rffm.es/acta-partido/1598165,2026-08-07T03:26:34.833877+00:00
1598165,1883,10070912,"PACHE ESPERALTA, HUGO",38,38,100,https://www.rffm.es/acta-partido/1598165,2026-08-07T03:26:34.833877+00:00
1598165,2179,12756814,"RODRÍGUEZ VICARIO, IVÁN",18,18,101,https://www.rffm.es/acta-partido/1598165,2026-08-07T03:26:34.833877+00:00
1598165,2179,12748211,"VALLE ARIAS, IKER",58,58,101,https://www.rffm.es/acta-partido/1598165,2026-08-07T03:26:34.833877+00:00
1598174,846985,19375102,"AGUIRRE GARCIA, MAURO",8,8,100,https://www.rffm.es/acta-partido/1598174,2026-08-07T03:26:35.465731+00:00
1598174,846985,13161704,"BONACHE SANZ, PABLO",51,51,100,https://www.rffm.es/acta-partido/1598174,2026-08-07T03:26:35.465731+00:00
1598168,3082477,8552614,"BARTOLOME ANDRES, ALVARO",6,6,100,https://www.rffm.es/acta-partido/1598168,2026-08-07T03:26:35.470443+00:00
1598168,3082477,14663384,"DE LA CUEVA BUSTILLO, MATIAS",7,7,100,https://www.rffm.es/acta-partido/1598168,2026-08-07T03:26:35.470443+00:00
1598168,3082477,7878515,"MORRON CONDE, ANDRÉS",41,41,100,https://www.rffm.es/acta-partido/1598168,2026-08-07T03:26:35.470443+00:00
1598168,2598,8519410,"PEÑALBA PEREZ, NICOLAS",58,58,100,https://www.rffm.es/acta-partido/1598168,2026-08-07T03:26:35.470443+00:00
1598171,416,9862514,"SEFIANI PÉREZ, OMAR",17,17,100,https://www.rffm.es/acta-partido/1598171,2026-08-07T03:26:35.547276+00:00
1598171,416,10181640,"AGRAZ ZAMUDIO, IKER",38,38,100,https://www.rffm.es/acta-partido/1598171,2026-08-07T03:26:35.547276+00:00
1598171,6819643,15065599,"ZAMBRANO PALMA, MARIO ALESSANDRO",3,3,100,https://www.rffm.es/acta-partido/1598171,2026-08-07T03:26:35.547276+00:00
1598171,6819643,12954602,"SALVADORES MARTIN, DANIEL",39,39,100,https://www.rffm.es/acta-partido/1598171,2026-08-07T03:26:35.547276+00:00
1598171,6819643,16588745,"GARCÍA LORING, JUAN",42,42,100,https://www.rffm.es/acta-partido/1598171,2026-08-07T03:26:35.547276+00:00
1598171,6819643,16588745,"GARCÍA LORING, JUAN",57,57,100,https://www.rffm.es/acta-partido/1598171,2026-08-07T03:26:35.547276+00:00
1598175,846969,13245409,"MORO MARTIN, ALVARO",5,5,100,https://www.rffm.es/acta-partido/1598175,2026-08-07T03:26:35.804398+00:00
1598175,846969,15962612,"GARCIA HEREDIA, HUGO",48,48,100,https://www.rffm.es/acta-partido/1598175,2026-08-07T03:26:35.804398+00:00
1598175,3082477,14597265,"CARBALLO GALEZIEWSKI, NICOLAS",50,50,100,https://www.rffm.es/acta-partido/1598175,2026-08-07T03:26:35.804398+00:00
1598177,1408,9775444,"SAN MIGUEL GUERRA, HECTOR",18,18,100,https://www.rffm.es/acta-partido/1598177,2026-08-07T03:26:35.961192+00:00
1598177,1408,11446007,"DIAZ JARA GUERRERO, GABRIEL",41,41,100,https://www.rffm.es/acta-partido/1598177,2026-08-07T03:26:35.961192+00:00
1598177,2039,2796543,"MAYA ARRIBAS, RUBEN",55,55,100,https://www.rffm.es/acta-partido/1598177,2026-08-07T03:26:35.961192+00:00
1598173,2179,12756814,"RODRÍGUEZ VICARIO, IVÁN",23,23,100,https://www.rffm.es/acta-partido/1598173,2026-08-07T03:26:36.034222+00:00
1598173,2179,13074948,"AMORRICH LARA BARAHONA, ANTONIO",55,55,100,https://www.rffm.es/acta-partido/1598173,2026-08-07T03:26:36.034222+00:00
1598173,455,8463342,"RUANO AYBAR, LUIS",34,34,100,https://www.rffm.es/acta-partido/1598173,2026-08-07T03:26:36.034222+00:00
1598173,455,8463378,"CILVETI CAZORLA, CARLOS",45,45,100,https://www.rffm.es/acta-partido/1598173,2026-08-07T03:26:36.034222+00:00
1598173,455,8463342,"RUANO AYBAR, LUIS",50,50,100,https://www.rffm.es/acta-partido/1598173,2026-08-07T03:26:36.034222+00:00
1598173,455,11736316,"GONZÁLEZ GARCÍA, IÑAKI",58,58,100,https://www.rffm.es/acta-partido/1598173,2026-08-07T03:26:36.034222+00:00
1598176,2598,6784057,"MORENO GARCIA, ALONSO",20,20,100,https://www.rffm.es/acta-partido/1598176,2026-08-07T03:26:36.049156+00:00
1598176,721545,10199924,"MOLINA CARDONA, KEYLER ELI",43,43,100,https://www.rffm.es/acta-partido/1598176,2026-08-07T03:26:36.049156+00:00
1598172,1883,8517131,"RIAZA CASTELLANOS, HUGO",37,37,100,https://www.rffm.es/acta-partido/1598172,2026-08-07T03:26:36.070587+00:00
1598172,1883,14830276,"LUPANO SOLER, TOMAS",41,41,100,https://www.rffm.es/acta-partido/1598172,2026-08-07T03:26:36.070587+00:00
1598179,455,8463447,"GREGORI ALONSO, DANIEL",22,22,100,https://www.rffm.es/acta-partido/1598179,2026-08-07T03:26:36.670416+00:00
1598179,455,8463342,"RUANO AYBAR, LUIS",29,29,100,https://www.rffm.es/acta-partido/1598179,2026-08-07T03:26:36.670416+00:00
1598179,455,8463378,"CILVETI CAZORLA, CARLOS",37,37,100,https://www.rffm.es/acta-partido/1598179,2026-08-07T03:26:36.670416+00:00
1598179,455,8463892,"MORENCOS CERQUEIRA, RAFAEL",52,52,100,https://www.rffm.es/acta-partido/1598179,2026-08-07T03:26:36.670416+00:00
1598179,455,8463378,"CILVETI CAZORLA, CARLOS",57,57,100,https://www.rffm.es/acta-partido/1598179,2026-08-07T03:26:36.670416+00:00
1598179,526566,15998963,"GARCIA ABRIL MESA, ADAN",27,27,100,https://www.rffm.es/acta-partido/1598179,2026-08-07T03:26:36.670416+00:00
1598183,2039,12763125,"SIMON GOMEZ, JOSE ALBERTO",6,6,100,https://www.rffm.es/acta-partido/1598183,2026-08-07T03:26:36.707798+00:00
1598183,2598,9992114,"CHEBBA ALEIXANDRE, ADAM",34,34,101,https://www.rffm.es/acta-partido/1598183,2026-08-07T03:26:36.707798+00:00
1598184,1408,2792094,"LORENZO GARCÍA, MARCOS",12,12,100,https://www.rffm.es/acta-partido/1598184,2026-08-07T03:26:36.750543+00:00
1598184,1408,11446007,"DIAZ JARA GUERRERO, GABRIEL",28,28,100,https://www.rffm.es/acta-partido/1598184,2026-08-07T03:26:36.750543+00:00
1598184,1408,11446007,"DIAZ JARA GUERRERO, GABRIEL",40,40,100,https://www.rffm.es/acta-partido/1598184,2026-08-07T03:26:36.750543+00:00
1598184,416,10181206,"GONZALEZ DA SILVA, JAIME",5,5,100,https://www.rffm.es/acta-partido/1598184,2026-08-07T03:26:36.750543+00:00
1598184,416,10181206,"GONZALEZ DA SILVA, JAIME",13,13,101,https://www.rffm.es/acta-partido/1598184,2026-08-07T03:26:36.750543+00:00
1598184,416,10181206,"GONZALEZ DA SILVA, JAIME",15,15,100,https://www.rffm.es/acta-partido/1598184,2026-08-07T03:26:36.750543+00:00
1598184,416,13175813,"MARTIN BARBERO, IVAN",35,35,100,https://www.rffm.es/acta-partido/1598184,2026-08-07T03:26:36.750543+00:00
1598184,416,13175813,"MARTIN BARBERO, IVAN",38,38,100,https://www.rffm.es/acta-partido/1598184,2026-08-07T03:26:36.750543+00:00
1598184,416,8464537,"ARGUELLO VILCHES, ALEJANDRO",44,44,100,https://www.rffm.es/acta-partido/1598184,2026-08-07T03:26:36.750543+00:00
1598184,416,10181206,"GONZALEZ DA SILVA, JAIME",47,47,100,https://www.rffm.es/acta-partido/1598184,2026-08-07T03:26:36.750543+00:00
1598184,416,8464537,"ARGUELLO VILCHES, ALEJANDRO",48,48,100,https://www.rffm.es/acta-partido/1598184,2026-08-07T03:26:36.750543+00:00
1598180,2179,13074948,"AMORRICH LARA BARAHONA, ANTONIO",7,7,100,https://www.rffm.es/acta-partido/1598180,2026-08-07T03:26:37.040065+00:00
1598180,2179,13074948,"AMORRICH LARA BARAHONA, ANTONIO",20,20,100,https://www.rffm.es/acta-partido/1598180,2026-08-07T03:26:37.040065+00:00
1598180,2179,2789064,"VALERA DEL FRAILE, BRICIO",53,53,100,https://www.rffm.es/acta-partido/1598180,2026-08-07T03:26:37.040065+00:00
1598182,846969,13140420,"BRAGADO MARTIN ESCANCIANO, SANTIAGO",26,26,100,https://www.rffm.es/acta-partido/1598182,2026-08-07T03:26:37.246712+00:00
1598182,846969,10197620,"SERRANO FUENTES, DIEGO",45,45,100,https://www.rffm.es/acta-partido/1598182,2026-08-07T03:26:37.246712+00:00
1598182,846969,13169319,"BARRENECHEA FERNANDEZ, GONZALO",55,55,100,https://www.rffm.es/acta-partido/1598182,2026-08-07T03:26:37.246712+00:00
1598178,1883,11758728,"ILUNDAIN APARICIO, LUCAS",12,12,100,https://www.rffm.es/acta-partido/1598178,2026-08-07T03:26:37.250949+00:00
1598178,1883,11758728,"ILUNDAIN APARICIO, LUCAS",48,48,100,https://www.rffm.es/acta-partido/1598178,2026-08-07T03:26:37.250949+00:00
1598178,6819643,10785346,"CHAVARRIA PACCHA, LUCAS DANIEL",32,32,100,https://www.rffm.es/acta-partido/1598178,2026-08-07T03:26:37.250949+00:00
1598178,6819643,15065599,"ZAMBRANO PALMA, MARIO ALESSANDRO",52,52,100,https://www.rffm.es/acta-partido/1598178,2026-08-07T03:26:37.250949+00:00
1598188,2179,14383425,"UBEDA SENADOR-GOMEZ, JORGE",10,10,100,https://www.rffm.es/acta-partido/1598188,2026-08-07T03:26:37.264476+00:00
1598188,2179,12748211,"VALLE ARIAS, IKER",14,14,100,https://www.rffm.es/acta-partido/1598188,2026-08-07T03:26:37.264476+00:00
1598188,2179,13159220,"PIZARRO VEGA, PEDRO FRANCISCO",36,36,100,https://www.rffm.es/acta-partido/1598188,2026-08-07T03:26:37.264476+00:00
1598188,2179,12748211,"VALLE ARIAS, IKER",37,37,100,https://www.rffm.es/acta-partido/1598188,2026-08-07T03:26:37.264476+00:00
1598188,3082477,8521820,"MOLINERO CHACON, LEO",60,60,100,https://www.rffm.es/acta-partido/1598188,2026-08-07T03:26:37.264476+00:00
1598185,416,10181206,"GONZALEZ DA SILVA, JAIME",17,17,100,https://www.rffm.es/acta-partido/1598185,2026-08-07T03:26:38.026680+00:00
1598185,416,8519314,"CELIX SANZ, ALANA",42,42,100,https://www.rffm.es/acta-partido/1598185,2026-08-07T03:26:38.026680+00:00
1598185,416,13175813,"MARTIN BARBERO, IVAN",52,52,100,https://www.rffm.es/acta-partido/1598185,2026-08-07T03:26:38.026680+00:00
1598189,15294592,8421663,"ALVARADO MONJE, DARIO",10,10,100,https://www.rffm.es/acta-partido/1598189,2026-08-07T03:26:38.088951+00:00
1598189,721545,14478842,"ERBURU SUBIJANA, JAIME",13,13,100,https://www.rffm.es/acta-partido/1598189,2026-08-07T03:26:38.088951+00:00
1598189,721545,11777180,"DIAZ CABEZAS, GONZALO",42,42,100,https://www.rffm.es/acta-partido/1598189,2026-08-07T03:26:38.088951+00:00
1598189,721545,11777180,"DIAZ CABEZAS, GONZALO",45,45,100,https://www.rffm.es/acta-partido/1598189,2026-08-07T03:26:38.088951+00:00
1598189,721545,14478842,"ERBURU SUBIJANA, JAIME",58,58,100,https://www.rffm.es/acta-partido/1598189,2026-08-07T03:26:38.088951+00:00
1598191,2598,11866099,"SANZ GARCÍA, GUILLERMO",29,29,100,https://www.rffm.es/acta-partido/1598191,2026-08-07T03:26:38.100797+00:00
1598191,2598,6784057,"MORENO GARCIA, ALONSO",46,46,100,https://www.rffm.es/acta-partido/1598191,2026-08-07T03:26:38.100797+00:00
1598191,2598,8521218,"FORTUNA MARRERO, JOSE ALBERTO",50,50,100,https://www.rffm.es/acta-partido/1598191,2026-08-07T03:26:38.100797+00:00
1598191,1408,16211778,"BAEZA CARRION, EDUARDO",28,28,100,https://www.rffm.es/acta-partido/1598191,2026-08-07T03:26:38.100797+00:00
1598191,1408,8496172,"ALFARO SANTOS, BRUNO",48,48,100,https://www.rffm.es/acta-partido/1598191,2026-08-07T03:26:38.100797+00:00
1598191,1408,7594912,"MARTINEZ LABAJOS, JOSE IGNACIO",57,57,100,https://www.rffm.es/acta-partido/1598191,2026-08-07T03:26:38.100797+00:00
1598186,6819643,10303711,"LEJARRAGA MARCOS, RAFAEL",30,30,100,https://www.rffm.es/acta-partido/1598186,2026-08-07T03:26:38.459836+00:00
1598186,6819643,16588745,"GARCÍA LORING, JUAN",40,40,100,https://www.rffm.es/acta-partido/1598186,2026-08-07T03:26:38.459836+00:00
1598186,6819643,12954602,"SALVADORES MARTIN, DANIEL",52,52,100,https://www.rffm.es/acta-partido/1598186,2026-08-07T03:26:38.459836+00:00
1598186,6819643,14401574,"MARIANI, DANTE ERNESTO",56,56,100,https://www.rffm.es/acta-partido/1598186,2026-08-07T03:26:38.459836+00:00
1598186,6819643,12954602,"SALVADORES MARTIN, DANIEL",60,60,100,https://www.rffm.es/acta-partido/1598186,2026-08-07T03:26:38.459836+00:00
1598186,455,8463378,"CILVETI CAZORLA, CARLOS",30,30,100,https://www.rffm.es/acta-partido/1598186,2026-08-07T03:26:38.459836+00:00
1598186,455,8462947,"NAVARRO MARTINEZ, EDUARDO",32,32,100,https://www.rffm.es/acta-partido/1598186,2026-08-07T03:26:38.459836+00:00
1598192,455,8462947,"NAVARRO MARTINEZ, EDUARDO",39,39,100,https://www.rffm.es/acta-partido/1598192,2026-08-07T03:26:38.571591+00:00
1598192,455,8463378,"CILVETI CAZORLA, CARLOS",46,46,100,https://www.rffm.es/acta-partido/1598192,2026-08-07T03:26:38.571591+00:00
1598192,455,11736316,"GONZÁLEZ GARCÍA, IÑAKI",61,61,100,https://www.rffm.es/acta-partido/1598192,2026-08-07T03:26:38.571591+00:00
1598192,1883,8517131,"RIAZA CASTELLANOS, HUGO",54,54,100,https://www.rffm.es/acta-partido/1598192,2026-08-07T03:26:38.571591+00:00
1598195,721545,14452746,"CABORNERO BLÁZQUEZ, DIEGO",8,8,100,https://www.rffm.es/acta-partido/1598195,2026-08-07T03:26:38.603749+00:00
1598195,721545,11777180,"DIAZ CABEZAS, GONZALO",40,40,100,https://www.rffm.es/acta-partido/1598195,2026-08-07T03:26:38.603749+00:00
1598195,2179,13078827,"NIARE AMARO, RAMA",25,25,100,https://www.rffm.es/acta-partido/1598195,2026-08-07T03:26:38.603749+00:00
1598195,2179,12748211,"VALLE ARIAS, IKER",57,57,100,https://www.rffm.es/acta-partido/1598195,2026-08-07T03:26:38.603749+00:00
1598187,526566,10085325,"LOPEZ CRIADO, NICOLAS",17,17,100,https://www.rffm.es/acta-partido/1598187,2026-08-07T03:26:38.749471+00:00
1598187,846985,9758868,"GUTIERREZ IMAZ, JORGE",23,23,100,https://www.rffm.es/acta-partido/1598187,2026-08-07T03:26:38.749471+00:00
1598187,846985,13161332,"KENNY AVILA, IAN",43,43,100,https://www.rffm.es/acta-partido/1598187,2026-08-07T03:26:38.749471+00:00
1598187,846985,13161704,"BONACHE SANZ, PABLO",69,69,102,https://www.rffm.es/acta-partido/1598187,2026-08-07T03:26:38.749471+00:00
1598190,846969,10197620,"SERRANO FUENTES, DIEGO",3,3,100,https://www.rffm.es/acta-partido/1598190,2026-08-07T03:26:38.758770+00:00
1598190,846969,10197620,"SERRANO FUENTES, DIEGO",19,19,100,https://www.rffm.es/acta-partido/1598190,2026-08-07T03:26:38.758770+00:00
1598190,846969,14647965,"LAMA GUTIERREZ, GUILLERMO",20,20,100,https://www.rffm.es/acta-partido/1598190,2026-08-07T03:26:38.758770+00:00
1598190,846969,14644953,"CHIARRI LEON, GONZALO",56,56,100,https://www.rffm.es/acta-partido/1598190,2026-08-07T03:26:38.758770+00:00
1598190,846969,10197620,"SERRANO FUENTES, DIEGO",59,59,100,https://www.rffm.es/acta-partido/1598190,2026-08-07T03:26:38.758770+00:00
1598194,3082477,7877992,"HERNANDEZ LOPEZ, DIEGO",21,21,100,https://www.rffm.es/acta-partido/1598194,2026-08-07T03:26:39.232941+00:00
1598194,526566,15998963,"GARCIA ABRIL MESA, ADAN",4,4,100,https://www.rffm.es/acta-partido/1598194,2026-08-07T03:26:39.232941+00:00
1598194,526566,7874282,"CALLEJO ROBLEDANO, JACOBO",5,5,100,https://www.rffm.es/acta-partido/1598194,2026-08-07T03:26:39.232941+00:00
1598198,416,9862514,"SEFIANI PÉREZ, OMAR",2,2,100,https://www.rffm.es/acta-partido/1598198,2026-08-07T03:26:39.237547+00:00
1598198,416,13175813,"MARTIN BARBERO, IVAN",22,22,100,https://www.rffm.es/acta-partido/1598198,2026-08-07T03:26:39.237547+00:00
1598198,416,10181206,"GONZALEZ DA SILVA, JAIME",29,29,100,https://www.rffm.es/acta-partido/1598198,2026-08-07T03:26:39.237547+00:00
1598198,416,8464537,"ARGUELLO VILCHES, ALEJANDRO",30,30,100,https://www.rffm.es/acta-partido/1598198,2026-08-07T03:26:39.237547+00:00
1598198,416,10181206,"GONZALEZ DA SILVA, JAIME",48,48,101,https://www.rffm.es/acta-partido/1598198,2026-08-07T03:26:39.237547+00:00
1598193,846985,8337108,"LEON RAMIREZ, GUILLERMO",34,34,100,https://www.rffm.es/acta-partido/1598193,2026-08-07T03:26:39.331181+00:00
1598193,6819643,14401574,"MARIANI, DANTE ERNESTO",14,14,100,https://www.rffm.es/acta-partido/1598193,2026-08-07T03:26:39.331181+00:00
1598193,6819643,10785346,"CHAVARRIA PACCHA, LUCAS DANIEL",16,16,100,https://www.rffm.es/acta-partido/1598193,2026-08-07T03:26:39.331181+00:00
1598193,6819643,12954136,"PRIETO GOMEZ ELVIRA, LUCAS",20,20,100,https://www.rffm.es/acta-partido/1598193,2026-08-07T03:26:39.331181+00:00
1598193,6819643,10785346,"CHAVARRIA PACCHA, LUCAS DANIEL",24,24,100,https://www.rffm.es/acta-partido/1598193,2026-08-07T03:26:39.331181+00:00
1598193,6819643,14401574,"MARIANI, DANTE ERNESTO",39,39,100,https://www.rffm.es/acta-partido/1598193,2026-08-07T03:26:39.331181+00:00
1598193,6819643,10785346,"CHAVARRIA PACCHA, LUCAS DANIEL",47,47,100,https://www.rffm.es/acta-partido/1598193,2026-08-07T03:26:39.331181+00:00
1598193,6819643,12954602,"SALVADORES MARTIN, DANIEL",57,57,100,https://www.rffm.es/acta-partido/1598193,2026-08-07T03:26:39.331181+00:00
1598199,416,9860136,"BLANCO VICENTE, ALONSO",20,20,100,https://www.rffm.es/acta-partido/1598199,2026-08-07T03:26:39.531263+00:00
1598199,416,9862514,"SEFIANI PÉREZ, OMAR",25,25,100,https://www.rffm.es/acta-partido/1598199,2026-08-07T03:26:39.531263+00:00
1598199,416,9860136,"BLANCO VICENTE, ALONSO",30,30,100,https://www.rffm.es/acta-partido/1598199,2026-08-07T03:26:39.531263+00:00
1598199,416,9862514,"SEFIANI PÉREZ, OMAR",45,45,100,https://www.rffm.es/acta-partido/1598199,2026-08-07T03:26:39.531263+00:00
1598199,416,16207428,"FERNANDEZ ALVAREZ, PEPE",55,55,100,https://www.rffm.es/acta-partido/1598199,2026-08-07T03:26:39.531263+00:00
1598199,416,16207428,"FERNANDEZ ALVAREZ, PEPE",59,59,100,https://www.rffm.es/acta-partido/1598199,2026-08-07T03:26:39.531263+00:00
1598199,455,13207347,"MARTÍN ROA, IGNACIO",24,24,100,https://www.rffm.es/acta-partido/1598199,2026-08-07T03:26:39.531263+00:00
1598199,455,13207347,"MARTÍN ROA, IGNACIO",41,41,100,https://www.rffm.es/acta-partido/1598199,2026-08-07T03:26:39.531263+00:00
1598202,526566,8138658,"ARGUIJO CAEROLS, ALEJANDRO",23,23,100,https://www.rffm.es/acta-partido/1598202,2026-08-07T03:26:39.747940+00:00
1598202,526566,11840307,"GARCIA FRANCES, ALEJANDRO",29,29,102,https://www.rffm.es/acta-partido/1598202,2026-08-07T03:26:39.747940+00:00
1598202,721545,14478842,"ERBURU SUBIJANA, JAIME",39,39,100,https://www.rffm.es/acta-partido/1598202,2026-08-07T03:26:39.747940+00:00
1598196,2039,9980623,"RUIZ OSORIO, MIGUEL",18,18,100,https://www.rffm.es/acta-partido/1598196,2026-08-07T03:26:39.753745+00:00
1598196,2039,8312635,"SANCERNI GALLEGO, RODRIGO",50,50,100,https://www.rffm.es/acta-partido/1598196,2026-08-07T03:26:39.753745+00:00
1598197,846969,9833990,"GALINDO REAL, IÑIGO",16,16,100,https://www.rffm.es/acta-partido/1598197,2026-08-07T03:26:39.803071+00:00
1598197,846969,14661316,"MATEOS GATA, DARIO",32,32,100,https://www.rffm.es/acta-partido/1598197,2026-08-07T03:26:39.803071+00:00
1598205,2598,6784057,"MORENO GARCIA, ALONSO",34,34,100,https://www.rffm.es/acta-partido/1598205,2026-08-07T03:26:40.559321+00:00
1598201,6819643,14800388,"MONTES GILSANZ, CARLOS",15,15,100,https://www.rffm.es/acta-partido/1598201,2026-08-07T03:26:40.589715+00:00
1598201,6819643,10785346,"CHAVARRIA PACCHA, LUCAS DANIEL",17,17,100,https://www.rffm.es/acta-partido/1598201,2026-08-07T03:26:40.589715+00:00
1598201,6819643,14401911,"URTIAGA MONJE, DIEGO",60,60,100,https://www.rffm.es/acta-partido/1598201,2026-08-07T03:26:40.589715+00:00
1598201,3082477,13450866,"CONSUEGRA DE RUZ, HUGO",40,40,100,https://www.rffm.es/acta-partido/1598201,2026-08-07T03:26:40.589715+00:00
1598200,1883,14830322,"SOLIS HIDALGO, SEBASTIAN",49,49,100,https://www.rffm.es/acta-partido/1598200,2026-08-07T03:26:40.625918+00:00
1598200,846985,11522536,"CASADO LOPEZ, DANIEL",7,7,100,https://www.rffm.es/acta-partido/1598200,2026-08-07T03:26:40.625918+00:00
1598200,846985,8613356,"CORRAL DE ARISTIZABAL, NICOLAS",43,43,100,https://www.rffm.es/acta-partido/1598200,2026-08-07T03:26:40.625918+00:00
1598212,846969,14660480,"MATEOS BENITO, MARCOS",29,29,100,https://www.rffm.es/acta-partido/1598212,2026-08-07T03:26:40.996026+00:00
1598212,846969,10197620,"SERRANO FUENTES, DIEGO",43,43,100,https://www.rffm.es/acta-partido/1598212,2026-08-07T03:26:40.996026+00:00
1598203,2179,13134719,"GARCIA HERNANDEZ, ADOLFO",8,8,100,https://www.rffm.es/acta-partido/1598203,2026-08-07T03:26:41.009900+00:00
1598203,2179,13134719,"GARCIA HERNANDEZ, ADOLFO",21,21,100,https://www.rffm.es/acta-partido/1598203,2026-08-07T03:26:41.009900+00:00
1598203,2039,14397218,"SANCHEZ DE LA MORENA MUÑIZ, MIGUEL",3,3,100,https://www.rffm.es/acta-partido/1598203,2026-08-07T03:26:41.009900+00:00
1598208,6819643,10785346,"CHAVARRIA PACCHA, LUCAS DANIEL",3,3,100,https://www.rffm.es/acta-partido/1598208,2026-08-07T03:26:41.058163+00:00
1598208,6819643,14401911,"URTIAGA MONJE, DIEGO",18,18,100,https://www.rffm.es/acta-partido/1598208,2026-08-07T03:26:41.058163+00:00
1598208,6819643,14460994,"MALDONADO PALAZON, KEVIN",33,33,100,https://www.rffm.es/acta-partido/1598208,2026-08-07T03:26:41.058163+00:00
1598208,6819643,10785346,"CHAVARRIA PACCHA, LUCAS DANIEL",41,41,100,https://www.rffm.es/acta-partido/1598208,2026-08-07T03:26:41.058163+00:00
1598210,1408,16211778,"BAEZA CARRION, EDUARDO",1,1,100,https://www.rffm.es/acta-partido/1598210,2026-08-07T03:26:41.063240+00:00
1598210,1408,11225026,"CORDON FERNANDEZ, ANGEL PELAYO",14,14,100,https://www.rffm.es/acta-partido/1598210,2026-08-07T03:26:41.063240+00:00
1598210,1408,8496172,"ALFARO SANTOS, BRUNO",60,60,100,https://www.rffm.es/acta-partido/1598210,2026-08-07T03:26:41.063240+00:00
1598210,2179,8501179,"PEREZ MINGUEZ ESCUDERO, SANTIAGO",3,3,100,https://www.rffm.es/acta-partido/1598210,2026-08-07T03:26:41.063240+00:00
1598209,2039,9245176,"MAHESO URBINA, ADRIAN",23,23,100,https://www.rffm.es/acta-partido/1598209,2026-08-07T03:26:41.068707+00:00
1598209,526566,15998963,"GARCIA ABRIL MESA, ADAN",32,32,100,https://www.rffm.es/acta-partido/1598209,2026-08-07T03:26:41.068707+00:00
1598211,2598,11866099,"SANZ GARCÍA, GUILLERMO",22,22,100,https://www.rffm.es/acta-partido/1598211,2026-08-07T03:26:41.707348+00:00
1598211,2598,6784057,"MORENO GARCIA, ALONSO",46,46,100,https://www.rffm.es/acta-partido/1598211,2026-08-07T03:26:41.707348+00:00
1598206,455,8462947,"NAVARRO MARTINEZ, EDUARDO",8,8,100,https://www.rffm.es/acta-partido/1598206,2026-08-07T03:26:41.739055+00:00
1598206,455,8463730,"ZABALA ANDUJAR, JAIME",38,38,100,https://www.rffm.es/acta-partido/1598206,2026-08-07T03:26:41.739055+00:00
1598206,455,9860296,"RIVERA RODRÍGUEZ, JAIME",41,41,100,https://www.rffm.es/acta-partido/1598206,2026-08-07T03:26:41.739055+00:00
1598207,1883,8517131,"RIAZA CASTELLANOS, HUGO",1,1,100,https://www.rffm.es/acta-partido/1598207,2026-08-07T03:26:41.742828+00:00
1598207,1883,11882267,"LACALLE LOPEZ, DANI",44,44,100,https://www.rffm.es/acta-partido/1598207,2026-08-07T03:26:41.742828+00:00
1598207,1883,13303007,"JIMENEZ SACRISTAN, DANIEL",69,69,100,https://www.rffm.es/acta-partido/1598207,2026-08-07T03:26:41.742828+00:00
1598214,455,8463342,"RUANO AYBAR, LUIS",5,5,100,https://www.rffm.es/acta-partido/1598214,2026-08-07T03:26:42.064105+00:00
1598214,455,8463447,"GREGORI ALONSO, DANIEL",60,60,100,https://www.rffm.es/acta-partido/1598214,2026-08-07T03:26:42.064105+00:00
1598218,2179,12756814,"RODRÍGUEZ VICARIO, IVÁN",10,10,100,https://www.rffm.es/acta-partido/1598218,2026-08-07T03:26:42.266931+00:00
1598218,2598,8519410,"PEÑALBA PEREZ, NICOLAS",60,60,100,https://www.rffm.es/acta-partido/1598218,2026-08-07T03:26:42.266931+00:00
1598217,526566,7652354,"PEREZ BRILLAS, DANIEL",58,58,100,https://www.rffm.es/acta-partido/1598217,2026-08-07T03:26:42.273095+00:00
1598217,1408,11225026,"CORDON FERNANDEZ, ANGEL PELAYO",25,25,100,https://www.rffm.es/acta-partido/1598217,2026-08-07T03:26:42.273095+00:00
1598216,6819643,12954602,"SALVADORES MARTIN, DANIEL",7,7,100,https://www.rffm.es/acta-partido/1598216,2026-08-07T03:26:42.275358+00:00
1598216,6819643,10785346,"CHAVARRIA PACCHA, LUCAS DANIEL",9,9,100,https://www.rffm.es/acta-partido/1598216,2026-08-07T03:26:42.275358+00:00
1598216,6819643,12954602,"SALVADORES MARTIN, DANIEL",10,10,100,https://www.rffm.es/acta-partido/1598216,2026-08-07T03:26:42.275358+00:00
1598216,6819643,12954602,"SALVADORES MARTIN, DANIEL",22,22,100,https://www.rffm.es/acta-partido/1598216,2026-08-07T03:26:42.275358+00:00
1598216,6819643,10303711,"LEJARRAGA MARCOS, RAFAEL",29,29,100,https://www.rffm.es/acta-partido/1598216,2026-08-07T03:26:42.275358+00:00
1598216,6819643,14464307,"TINEO JEREZ, TEO",34,34,100,https://www.rffm.es/acta-partido/1598216,2026-08-07T03:26:42.275358+00:00
1598216,6819643,10785346,"CHAVARRIA PACCHA, LUCAS DANIEL",37,37,100,https://www.rffm.es/acta-partido/1598216,2026-08-07T03:26:42.275358+00:00
1598216,6819643,14401911,"URTIAGA MONJE, DIEGO",52,52,100,https://www.rffm.es/acta-partido/1598216,2026-08-07T03:26:42.275358+00:00
1598219,846969,9833990,"GALINDO REAL, IÑIGO",46,46,100,https://www.rffm.es/acta-partido/1598219,2026-08-07T03:26:42.281769+00:00
1598219,846969,14660480,"MATEOS BENITO, MARCOS",58,58,100,https://www.rffm.es/acta-partido/1598219,2026-08-07T03:26:42.281769+00:00
1598213,846985,16017551,"PASCUAL PEREZ, HUGO",43,43,100,https://www.rffm.es/acta-partido/1598213,2026-08-07T03:26:43.265034+00:00
1598213,416,10181640,"AGRAZ ZAMUDIO, IKER",2,2,100,https://www.rffm.es/acta-partido/1598213,2026-08-07T03:26:43.265034+00:00
1598213,416,10181206,"GONZALEZ DA SILVA, JAIME",56,56,100,https://www.rffm.es/acta-partido/1598213,2026-08-07T03:26:43.265034+00:00
1598215,1883,8516908,"RODRIGUEZ MARTIN, DIEGO",11,11,100,https://www.rffm.es/acta-partido/1598215,2026-08-07T03:26:43.331931+00:00
1598215,1883,13303007,"JIMENEZ SACRISTAN, DANIEL",19,19,100,https://www.rffm.es/acta-partido/1598215,2026-08-07T03:26:43.331931+00:00
1598215,1883,14830322,"SOLIS HIDALGO, SEBASTIAN",30,30,100,https://www.rffm.es/acta-partido/1598215,2026-08-07T03:26:43.331931+00:00
1598215,1883,11882267,"LACALLE LOPEZ, DANI",32,32,100,https://www.rffm.es/acta-partido/1598215,2026-08-07T03:26:43.331931+00:00
1598215,1883,11882267,"LACALLE LOPEZ, DANI",39,39,100,https://www.rffm.es/acta-partido/1598215,2026-08-07T03:26:43.331931+00:00
1598215,1883,8517131,"RIAZA CASTELLANOS, HUGO",54,54,100,https://www.rffm.es/acta-partido/1598215,2026-08-07T03:26:43.331931+00:00
1598215,1883,14830276,"LUPANO SOLER, TOMAS",57,57,100,https://www.rffm.es/acta-partido/1598215,2026-08-07T03:26:43.331931+00:00
1598215,721545,8524065,"GOMEZ FERNANDEZ, BOSCO",6,6,100,https://www.rffm.es/acta-partido/1598215,2026-08-07T03:26:43.331931+00:00
1598226,416,8519314,"CELIX SANZ, ALANA",7,7,100,https://www.rffm.es/acta-partido/1598226,2026-08-07T03:26:43.342734+00:00
1598226,416,10181206,"GONZALEZ DA SILVA, JAIME",21,21,100,https://www.rffm.es/acta-partido/1598226,2026-08-07T03:26:43.342734+00:00
1598226,416,10181640,"AGRAZ ZAMUDIO, IKER",40,40,100,https://www.rffm.es/acta-partido/1598226,2026-08-07T03:26:43.342734+00:00
1598226,416,9860982,"MARTÍN CANALES, HUGO",48,48,100,https://www.rffm.es/acta-partido/1598226,2026-08-07T03:26:43.342734+00:00
1598226,416,9860982,"MARTÍN CANALES, HUGO",52,52,100,https://www.rffm.es/acta-partido/1598226,2026-08-07T03:26:43.342734+00:00
1598222,2039,9980623,"RUIZ OSORIO, MIGUEL",9,9,100,https://www.rffm.es/acta-partido/1598222,2026-08-07T03:26:43.370032+00:00
1598222,2039,9980623,"RUIZ OSORIO, MIGUEL",34,34,100,https://www.rffm.es/acta-partido/1598222,2026-08-07T03:26:43.370032+00:00
1598222,1883,8517131,"RIAZA CASTELLANOS, HUGO",12,12,100,https://www.rffm.es/acta-partido/1598222,2026-08-07T03:26:43.370032+00:00
1598222,1883,13303007,"JIMENEZ SACRISTAN, DANIEL",15,15,100,https://www.rffm.es/acta-partido/1598222,2026-08-07T03:26:43.370032+00:00
1598222,1883,11758728,"ILUNDAIN APARICIO, LUCAS",16,16,100,https://www.rffm.es/acta-partido/1598222,2026-08-07T03:26:43.370032+00:00
1598222,1883,8517131,"RIAZA CASTELLANOS, HUGO",20,20,100,https://www.rffm.es/acta-partido/1598222,2026-08-07T03:26:43.370032+00:00
1598222,1883,8505776,"BOTRAN MIRANDA, LUCAS",58,58,100,https://www.rffm.es/acta-partido/1598222,2026-08-07T03:26:43.370032+00:00
1598223,6819643,14401574,"MARIANI, DANTE ERNESTO",31,31,100,https://www.rffm.es/acta-partido/1598223,2026-08-07T03:26:43.450622+00:00
1598223,6819643,14401911,"URTIAGA MONJE, DIEGO",32,32,100,https://www.rffm.es/acta-partido/1598223,2026-08-07T03:26:43.450622+00:00
1598223,6819643,12954136,"PRIETO GOMEZ ELVIRA, LUCAS",59,59,101,https://www.rffm.es/acta-partido/1598223,2026-08-07T03:26:43.450622+00:00
1598221,721545,8524065,"GOMEZ FERNANDEZ, BOSCO",4,4,100,https://www.rffm.es/acta-partido/1598221,2026-08-07T03:26:43.455321+00:00
1598221,721545,10174401,"ESCOBAR VANEGAS, MARTIN",5,5,102,https://www.rffm.es/acta-partido/1598221,2026-08-07T03:26:43.455321+00:00
1598221,721545,14478842,"ERBURU SUBIJANA, JAIME",53,53,100,https://www.rffm.es/acta-partido/1598221,2026-08-07T03:26:43.455321+00:00
1598221,455,9885576,"ORDOÑEZ TEBA, JUAN LORENZO",8,8,100,https://www.rffm.es/acta-partido/1598221,2026-08-07T03:26:43.455321+00:00
1598221,455,8463447,"GREGORI ALONSO, DANIEL",45,45,101,https://www.rffm.es/acta-partido/1598221,2026-08-07T03:26:43.455321+00:00
1598225,846969,13245409,"MORO MARTIN, ALVARO",21,21,100,https://www.rffm.es/acta-partido/1598225,2026-08-07T03:26:43.500204+00:00
1598225,846969,13137031,"BENGURIA GOYANES, CARLOS JORGE",50,50,100,https://www.rffm.es/acta-partido/1598225,2026-08-07T03:26:43.500204+00:00
1598225,846969,13137031,"BENGURIA GOYANES, CARLOS JORGE",59,59,100,https://www.rffm.es/acta-partido/1598225,2026-08-07T03:26:43.500204+00:00
1598225,2179,13074948,"AMORRICH LARA BARAHONA, ANTONIO",18,18,100,https://www.rffm.es/acta-partido/1598225,2026-08-07T03:26:43.500204+00:00
1598225,2179,15925456,"CANTOS MARTINEZ, JOSE MIGUEL",50,50,100,https://www.rffm.es/acta-partido/1598225,2026-08-07T03:26:43.500204+00:00
1598225,2179,12748211,"VALLE ARIAS, IKER",53,53,100,https://www.rffm.es/acta-partido/1598225,2026-08-07T03:26:43.500204+00:00
1598224,2598,11866099,"SANZ GARCÍA, GUILLERMO",2,2,100,https://www.rffm.es/acta-partido/1598224,2026-08-07T03:26:43.638607+00:00
1598224,2598,6784057,"MORENO GARCIA, ALONSO",8,8,100,https://www.rffm.es/acta-partido/1598224,2026-08-07T03:26:43.638607+00:00
1598224,2598,6784057,"MORENO GARCIA, ALONSO",19,19,100,https://www.rffm.es/acta-partido/1598224,2026-08-07T03:26:43.638607+00:00
1598224,2598,11866099,"SANZ GARCÍA, GUILLERMO",37,37,100,https://www.rffm.es/acta-partido/1598224,2026-08-07T03:26:43.638607+00:00
1598224,2598,11866099,"SANZ GARCÍA, GUILLERMO",39,39,100,https://www.rffm.es/acta-partido/1598224,2026-08-07T03:26:43.638607+00:00
1598224,526566,7874282,"CALLEJO ROBLEDANO, JACOBO",42,42,100,https://www.rffm.es/acta-partido/1598224,2026-08-07T03:26:43.638607+00:00
1598224,526566,7874282,"CALLEJO ROBLEDANO, JACOBO",44,44,100,https://www.rffm.es/acta-partido/1598224,2026-08-07T03:26:43.638607+00:00
1598224,526566,11840307,"GARCIA FRANCES, ALEJANDRO",53,53,100,https://www.rffm.es/acta-partido/1598224,2026-08-07T03:26:43.638607+00:00
1598220,846985,9759013,"TORRES GONZALEZ, ANGEL",30,30,100,https://www.rffm.es/acta-partido/1598220,2026-08-07T03:26:44.785713+00:00
1598229,1951,12560355,"SANZ FUNEZ, DANIEL",18,18,100,https://www.rffm.es/acta-partido/1598229,2026-08-07T03:26:44.909681+00:00
1598229,1951,13125912,"GOMEZ DE AISA, DARIO",28,28,100,https://www.rffm.es/acta-partido/1598229,2026-08-07T03:26:44.909681+00:00
1598229,1391,8056489,"MARTINEZ DEL AGUILA, HECTOR",59,59,100,https://www.rffm.es/acta-partido/1598229,2026-08-07T03:26:44.909681+00:00
1598233,129,13034814,"GARCIA GOMEZ, DANIEL",26,26,100,https://www.rffm.es/acta-partido/1598233,2026-08-07T03:26:44.981575+00:00
1598233,129,10143489,"TOBAR ARROYO, LOPE",31,31,100,https://www.rffm.es/acta-partido/1598233,2026-08-07T03:26:44.981575+00:00
1598233,129,8068019,"FILIP, DAVID MIHAI",36,36,100,https://www.rffm.es/acta-partido/1598233,2026-08-07T03:26:44.981575+00:00
1598233,129,11779990,"FERNANDEZ BRUÑA, ANTONIO",44,44,100,https://www.rffm.es/acta-partido/1598233,2026-08-07T03:26:44.981575+00:00
1598233,129,10088845,"REDONDO CAÑAMERO, OSCAR",52,52,100,https://www.rffm.es/acta-partido/1598233,2026-08-07T03:26:44.981575+00:00
1598228,638,8445396,"RIVARA MENDEZ, JOAQUIN",5,5,100,https://www.rffm.es/acta-partido/1598228,2026-08-07T03:26:45.043409+00:00
1598228,638,9243126,"CALVO MOGOLLON, JUAN",50,50,100,https://www.rffm.es/acta-partido/1598228,2026-08-07T03:26:45.043409+00:00
1598228,638,8230172,"ORTIZ UBEDA PORTUGUES, MARCOS",55,55,100,https://www.rffm.es/acta-partido/1598228,2026-08-07T03:26:45.043409+00:00
1598228,638,8230172,"ORTIZ UBEDA PORTUGUES, MARCOS",59,59,100,https://www.rffm.es/acta-partido/1598228,2026-08-07T03:26:45.043409+00:00
1598227,2460,8246498,"ESCUDERO SANZ, FERNANDO",22,22,100,https://www.rffm.es/acta-partido/1598227,2026-08-07T03:26:45.098004+00:00
1598227,2460,10089735,"LLANAS COLIBABA, ARTURO",42,42,100,https://www.rffm.es/acta-partido/1598227,2026-08-07T03:26:45.098004+00:00
1598227,2460,8246498,"ESCUDERO SANZ, FERNANDO",49,49,100,https://www.rffm.es/acta-partido/1598227,2026-08-07T03:26:45.098004+00:00
1598227,12325498,8198153,"HERRERO NOBREGA, HECTOR",61,61,100,https://www.rffm.es/acta-partido/1598227,2026-08-07T03:26:45.098004+00:00
1598230,680454,14883998,"HOYOS TOVAR, NICOLAS",11,11,100,https://www.rffm.es/acta-partido/1598230,2026-08-07T03:26:45.212897+00:00
1598230,680454,16104662,"CASTAÑO MOREL, JAIME",50,50,100,https://www.rffm.es/acta-partido/1598230,2026-08-07T03:26:45.212897+00:00
1598230,619,13149746,"NAVARRO PRIETO, JORGE",1,1,100,https://www.rffm.es/acta-partido/1598230,2026-08-07T03:26:45.212897+00:00
1598230,619,8591471,"CALVO ZARATE, GABRIEL",46,46,100,https://www.rffm.es/acta-partido/1598230,2026-08-07T03:26:45.212897+00:00
1598230,619,8591471,"CALVO ZARATE, GABRIEL",57,57,100,https://www.rffm.es/acta-partido/1598230,2026-08-07T03:26:45.212897+00:00
1598230,619,9327199,"POLICARPO PORTO, ALEJANDRO",62,62,100,https://www.rffm.es/acta-partido/1598230,2026-08-07T03:26:45.212897+00:00
1598232,305652,12256691,"BALTAR MARTINEZ, NICOLAS",28,28,100,https://www.rffm.es/acta-partido/1598232,2026-08-07T03:26:45.213460+00:00
1598232,926,9796774,"CEMBRANOS GARCIA, NICOLAS",2,2,100,https://www.rffm.es/acta-partido/1598232,2026-08-07T03:26:45.213460+00:00
1598232,926,10701579,"DE MIGUEL FLAJOLET, RAFAEL",17,17,100,https://www.rffm.es/acta-partido/1598232,2026-08-07T03:26:45.213460+00:00
1598232,926,7546823,"MIJANGOS RUPEREZ, GONZALO",21,21,100,https://www.rffm.es/acta-partido/1598232,2026-08-07T03:26:45.213460+00:00
1598232,926,10701579,"DE MIGUEL FLAJOLET, RAFAEL",29,29,100,https://www.rffm.es/acta-partido/1598232,2026-08-07T03:26:45.213460+00:00
1598232,926,9796774,"CEMBRANOS GARCIA, NICOLAS",34,34,100,https://www.rffm.es/acta-partido/1598232,2026-08-07T03:26:45.213460+00:00
1598232,926,7082053,"MILLAN MARTINEZ, HUGO",44,44,100,https://www.rffm.es/acta-partido/1598232,2026-08-07T03:26:45.213460+00:00
1598232,926,7075728,"MARTINEZ MOTILLA, MARCOS",50,50,100,https://www.rffm.es/acta-partido/1598232,2026-08-07T03:26:45.213460+00:00
1598232,926,13611088,"GOMEZ MUÑOZ, MARIO",59,59,100,https://www.rffm.es/acta-partido/1598232,2026-08-07T03:26:45.213460+00:00
1598231,10677665,14107190,"DANSON ALE, NICOLAS",7,7,100,https://www.rffm.es/acta-partido/1598231,2026-08-07T03:26:45.224394+00:00
1598231,10677665,8514602,"ORERO PEREIRO, ALVARO",59,59,100,https://www.rffm.es/acta-partido/1598231,2026-08-07T03:26:45.224394+00:00
1598231,680433,11299540,"ALVAREZ DURAN, DANIEL",42,42,100,https://www.rffm.es/acta-partido/1598231,2026-08-07T03:26:45.224394+00:00
1598239,926,7082053,"MILLAN MARTINEZ, HUGO",21,21,100,https://www.rffm.es/acta-partido/1598239,2026-08-07T03:26:45.500476+00:00
1598239,926,9909454,"CANO DE FRUTOS, ILAN",29,29,100,https://www.rffm.es/acta-partido/1598239,2026-08-07T03:26:45.500476+00:00
1598239,926,10701579,"DE MIGUEL FLAJOLET, RAFAEL",35,35,100,https://www.rffm.es/acta-partido/1598239,2026-08-07T03:26:45.500476+00:00
1598239,926,13611088,"GOMEZ MUÑOZ, MARIO",55,55,100,https://www.rffm.es/acta-partido/1598239,2026-08-07T03:26:45.500476+00:00
1598237,619,8591471,"CALVO ZARATE, GABRIEL",19,19,100,https://www.rffm.es/acta-partido/1598237,2026-08-07T03:26:45.506672+00:00
1598237,1951,14775657,"ABAZA, DAVID CRISTIAN",43,43,100,https://www.rffm.es/acta-partido/1598237,2026-08-07T03:26:45.506672+00:00
1598236,638,9243126,"CALVO MOGOLLON, JUAN",15,15,100,https://www.rffm.es/acta-partido/1598236,2026-08-07T03:26:45.534494+00:00
1598236,638,7307828,"GONZALEZ MARTIN, JORGE",28,28,100,https://www.rffm.es/acta-partido/1598236,2026-08-07T03:26:45.534494+00:00
1598236,638,9364822,"PEREZ MOLINERO, IVAN",36,36,100,https://www.rffm.es/acta-partido/1598236,2026-08-07T03:26:45.534494+00:00
1598236,638,14789756,"PIQUERAS VALBUENA, HUGO",58,58,100,https://www.rffm.es/acta-partido/1598236,2026-08-07T03:26:45.534494+00:00
1598236,638,9602954,"SAN JOSE HERRERO, ANGEL",60,60,100,https://www.rffm.es/acta-partido/1598236,2026-08-07T03:26:45.534494+00:00
1598235,467140,8029533,"DEL RIO SANDIN, DAVID",2,2,100,https://www.rffm.es/acta-partido/1598235,2026-08-07T03:26:45.791390+00:00
1598235,467140,14287924,"LOPEZ DE LAS HAZAS MORENO, JUAN",16,16,100,https://www.rffm.es/acta-partido/1598235,2026-08-07T03:26:45.791390+00:00
1598235,467140,14287924,"LOPEZ DE LAS HAZAS MORENO, JUAN",23,23,100,https://www.rffm.es/acta-partido/1598235,2026-08-07T03:26:45.791390+00:00
1598235,467140,14287075,"RIAL YARUR, MARCOS",40,40,100,https://www.rffm.es/acta-partido/1598235,2026-08-07T03:26:45.791390+00:00
1598235,467140,12553217,"RODRÍGUEZ WHITE, SAMUEL",50,50,100,https://www.rffm.es/acta-partido/1598235,2026-08-07T03:26:45.791390+00:00
1598235,2460,8246498,"ESCUDERO SANZ, FERNANDO",6,6,100,https://www.rffm.es/acta-partido/1598235,2026-08-07T03:26:45.791390+00:00
1598235,2460,13176086,"MERLO LOPEZ DE LA REINA, ADRIAN",48,48,100,https://www.rffm.es/acta-partido/1598235,2026-08-07T03:26:45.791390+00:00
1598245,680454,14883998,"HOYOS TOVAR, NICOLAS",50,50,100,https://www.rffm.es/acta-partido/1598245,2026-08-07T03:26:46.199914+00:00
1598245,926,7082053,"MILLAN MARTINEZ, HUGO",5,5,100,https://www.rffm.es/acta-partido/1598245,2026-08-07T03:26:46.199914+00:00
1598245,926,7546823,"MIJANGOS RUPEREZ, GONZALO",16,16,100,https://www.rffm.es/acta-partido/1598245,2026-08-07T03:26:46.199914+00:00
1598245,926,8228518,"GONZALEZ DE LA PUENTE, FRANCISCO",18,18,100,https://www.rffm.es/acta-partido/1598245,2026-08-07T03:26:46.199914+00:00
1598245,926,10701579,"DE MIGUEL FLAJOLET, RAFAEL",37,37,100,https://www.rffm.es/acta-partido/1598245,2026-08-07T03:26:46.199914+00:00
1598245,926,13611088,"GOMEZ MUÑOZ, MARIO",47,47,100,https://www.rffm.es/acta-partido/1598245,2026-08-07T03:26:46.199914+00:00
1598245,926,10701501,"JIMENEZ DIAZ, ADRIAN",52,52,100,https://www.rffm.es/acta-partido/1598245,2026-08-07T03:26:46.199914+00:00
1598245,926,7081776,"PERALES RUIZ, GUILLERMO",59,59,100,https://www.rffm.es/acta-partido/1598245,2026-08-07T03:26:46.199914+00:00
1598240,1287,15541807,"CASAS ALVAREZ, MARIO",25,25,100,https://www.rffm.es/acta-partido/1598240,2026-08-07T03:26:46.204345+00:00
1598240,305652,6992724,"BEJARANO MEZQUITA, JOSE MARIA",42,42,100,https://www.rffm.es/acta-partido/1598240,2026-08-07T03:26:46.204345+00:00
1598240,305652,6992724,"BEJARANO MEZQUITA, JOSE MARIA",52,52,100,https://www.rffm.es/acta-partido/1598240,2026-08-07T03:26:46.204345+00:00
1598234,12325498,8450935,"POZAS RIVERO, RAUL",24,24,100,https://www.rffm.es/acta-partido/1598234,2026-08-07T03:26:46.254123+00:00
1598234,12325498,13169099,"GARCIA GUERRERO, CARLOS",57,57,100,https://www.rffm.es/acta-partido/1598234,2026-08-07T03:26:46.254123+00:00
1598234,129,9827484,"DUTA, CARLOS ANDREI",13,13,100,https://www.rffm.es/acta-partido/1598234,2026-08-07T03:26:46.254123+00:00
1598238,680433,8504848,"BALCAZAR OSSORIO, NOLAN",19,19,100,https://www.rffm.es/acta-partido/1598238,2026-08-07T03:26:46.261441+00:00
1598238,680433,11299540,"ALVAREZ DURAN, DANIEL",21,21,100,https://www.rffm.es/acta-partido/1598238,2026-08-07T03:26:46.261441+00:00
1598238,680433,8504848,"BALCAZAR OSSORIO, NOLAN",28,28,100,https://www.rffm.es/acta-partido/1598238,2026-08-07T03:26:46.261441+00:00
1598238,680433,8416535,"ILLESCAS ACOSTA, SERGIO",44,44,100,https://www.rffm.es/acta-partido/1598238,2026-08-07T03:26:46.261441+00:00
1598246,10677665,15870288,"GARCIA SANCHEZ, ROBERTO",26,26,100,https://www.rffm.es/acta-partido/1598246,2026-08-07T03:26:46.733048+00:00
1598246,10677665,13158024,"MONTENEGRO SANCHEZ, BRUNO",60,60,100,https://www.rffm.es/acta-partido/1598246,2026-08-07T03:26:46.733048+00:00
1598247,129,10143489,"TOBAR ARROYO, LOPE",7,7,100,https://www.rffm.es/acta-partido/1598247,2026-08-07T03:26:46.733602+00:00
1598247,129,11779990,"FERNANDEZ BRUÑA, ANTONIO",11,11,100,https://www.rffm.es/acta-partido/1598247,2026-08-07T03:26:46.733602+00:00
1598247,129,13037511,"PEGUERO CORDON, MATEO",31,31,100,https://www.rffm.es/acta-partido/1598247,2026-08-07T03:26:46.733602+00:00
1598247,129,13034814,"GARCIA GOMEZ, DANIEL",34,34,100,https://www.rffm.es/acta-partido/1598247,2026-08-07T03:26:46.733602+00:00
1598247,129,13637662,"TRILLO GARCIA, IZAN",43,43,100,https://www.rffm.es/acta-partido/1598247,2026-08-07T03:26:46.733602+00:00
1598247,129,8508966,"ROJAS MUÑOZ, ANGEL",48,48,100,https://www.rffm.es/acta-partido/1598247,2026-08-07T03:26:46.733602+00:00
1598247,129,13033804,"GARCIA PRIETO, MARCOS",56,56,100,https://www.rffm.es/acta-partido/1598247,2026-08-07T03:26:46.733602+00:00
1598247,129,11779990,"FERNANDEZ BRUÑA, ANTONIO",58,58,100,https://www.rffm.es/acta-partido/1598247,2026-08-07T03:26:46.733602+00:00
1598241,12325498,13182771,"MERINO SANZ, ALEJANDRO",7,7,100,https://www.rffm.es/acta-partido/1598241,2026-08-07T03:26:46.899011+00:00
1598241,12325498,13181961,"IARRICCIO SEPTIEM, PABLO",9,9,100,https://www.rffm.es/acta-partido/1598241,2026-08-07T03:26:46.899011+00:00
1598241,12325498,8198153,"HERRERO NOBREGA, HECTOR",11,11,100,https://www.rffm.es/acta-partido/1598241,2026-08-07T03:26:46.899011+00:00
1598241,12325498,8198153,"HERRERO NOBREGA, HECTOR",16,16,100,https://www.rffm.es/acta-partido/1598241,2026-08-07T03:26:46.899011+00:00
1598241,12325498,8198153,"HERRERO NOBREGA, HECTOR",20,20,100,https://www.rffm.es/acta-partido/1598241,2026-08-07T03:26:46.899011+00:00
1598244,680433,8416535,"ILLESCAS ACOSTA, SERGIO",33,33,100,https://www.rffm.es/acta-partido/1598244,2026-08-07T03:26:47.073310+00:00
1598242,2460,11210694,"HONRADO ROZALEN, NACHO",27,27,100,https://www.rffm.es/acta-partido/1598242,2026-08-07T03:26:47.200315+00:00
1598242,1391,8056489,"MARTINEZ DEL AGUILA, HECTOR",35,35,100,https://www.rffm.es/acta-partido/1598242,2026-08-07T03:26:47.200315+00:00
1598252,926,13611088,"GOMEZ MUÑOZ, MARIO",5,5,100,https://www.rffm.es/acta-partido/1598252,2026-08-07T03:26:47.253387+00:00
1598252,926,9909454,"CANO DE FRUTOS, ILAN",20,20,100,https://www.rffm.es/acta-partido/1598252,2026-08-07T03:26:47.253387+00:00
1598252,926,13611088,"GOMEZ MUÑOZ, MARIO",36,36,100,https://www.rffm.es/acta-partido/1598252,2026-08-07T03:26:47.253387+00:00
1598252,926,13611088,"GOMEZ MUÑOZ, MARIO",38,38,100,https://www.rffm.es/acta-partido/1598252,2026-08-07T03:26:47.253387+00:00
1598252,926,7075615,"BLANCO TOBALINA, GONZALO",54,54,100,https://www.rffm.es/acta-partido/1598252,2026-08-07T03:26:47.253387+00:00
1598252,1951,12560434,"LLORENTE REDONDO, RUBEN",18,18,100,https://www.rffm.es/acta-partido/1598252,2026-08-07T03:26:47.253387+00:00
1598252,1951,13125912,"GOMEZ DE AISA, DARIO",44,44,100,https://www.rffm.es/acta-partido/1598252,2026-08-07T03:26:47.253387+00:00
1598252,1951,12560355,"SANZ FUNEZ, DANIEL",50,50,100,https://www.rffm.es/acta-partido/1598252,2026-08-07T03:26:47.253387+00:00
1598243,638,9400021,"FERRERO MATEO, ALEJANDRO",25,25,100,https://www.rffm.es/acta-partido/1598243,2026-08-07T03:26:47.342155+00:00
1598243,638,9400021,"FERRERO MATEO, ALEJANDRO",37,37,100,https://www.rffm.es/acta-partido/1598243,2026-08-07T03:26:47.342155+00:00
1598243,638,9400021,"FERRERO MATEO, ALEJANDRO",39,39,100,https://www.rffm.es/acta-partido/1598243,2026-08-07T03:26:47.342155+00:00
1598243,638,7142490,"BERMEJO BOTE, HECTOR",40,40,100,https://www.rffm.es/acta-partido/1598243,2026-08-07T03:26:47.342155+00:00
1598243,638,9602954,"SAN JOSE HERRERO, ANGEL",45,45,100,https://www.rffm.es/acta-partido/1598243,2026-08-07T03:26:47.342155+00:00
1598243,638,9602954,"SAN JOSE HERRERO, ANGEL",49,49,100,https://www.rffm.es/acta-partido/1598243,2026-08-07T03:26:47.342155+00:00
1598243,638,9602954,"SAN JOSE HERRERO, ANGEL",52,52,100,https://www.rffm.es/acta-partido/1598243,2026-08-07T03:26:47.342155+00:00
1598243,638,10092534,"GUIBERT BARBA, ALEJANDRO",56,56,100,https://www.rffm.es/acta-partido/1598243,2026-08-07T03:26:47.342155+00:00
1598249,1391,11486771,"CONDE DE PEDRO, JORGE",34,34,100,https://www.rffm.es/acta-partido/1598249,2026-08-07T03:26:47.348347+00:00
1598249,1391,11540445,"ROTH ORTIZ DE ARRI, ALEJANDRO",52,52,100,https://www.rffm.es/acta-partido/1598249,2026-08-07T03:26:47.348347+00:00
1598249,12325498,8538554,"PELAEZ RODRIGUEZ, DARIO",21,21,100,https://www.rffm.es/acta-partido/1598249,2026-08-07T03:26:47.348347+00:00
1598253,1287,12292501,"MERINO POLO, SAMUEL",22,22,100,https://www.rffm.es/acta-partido/1598253,2026-08-07T03:26:48.152097+00:00
1598253,1287,15541796,"DIEZ PARDO, MARCOS",23,23,100,https://www.rffm.es/acta-partido/1598253,2026-08-07T03:26:48.152097+00:00
1598253,1287,12292501,"MERINO POLO, SAMUEL",42,42,100,https://www.rffm.es/acta-partido/1598253,2026-08-07T03:26:48.152097+00:00
1598253,1287,15560259,"GUZON RAMOS, CHISTIAN",56,56,100,https://www.rffm.es/acta-partido/1598253,2026-08-07T03:26:48.152097+00:00
1598253,680454,13933664,"HERNANDEZ FLORES, MARCO",7,7,102,https://www.rffm.es/acta-partido/1598253,2026-08-07T03:26:48.152097+00:00
1598253,680454,12723120,"WESTON ORTEGA, EDUARDO LUIS",17,17,102,https://www.rffm.es/acta-partido/1598253,2026-08-07T03:26:48.152097+00:00
1598250,2460,11210694,"HONRADO ROZALEN, NACHO",6,6,100,https://www.rffm.es/acta-partido/1598250,2026-08-07T03:26:48.350324+00:00
1598250,2460,8246498,"ESCUDERO SANZ, FERNANDO",10,10,101,https://www.rffm.es/acta-partido/1598250,2026-08-07T03:26:48.350324+00:00
1598250,2460,8246498,"ESCUDERO SANZ, FERNANDO",18,18,100,https://www.rffm.es/acta-partido/1598250,2026-08-07T03:26:48.350324+00:00
1598250,2460,7847328,"EKAME ZAMORA, MANUEL",22,22,100,https://www.rffm.es/acta-partido/1598250,2026-08-07T03:26:48.350324+00:00
1598250,2460,13171253,"MERINO MARTIN, GONZALO",28,28,100,https://www.rffm.es/acta-partido/1598250,2026-08-07T03:26:48.350324+00:00
1598250,2460,8246498,"ESCUDERO SANZ, FERNANDO",58,58,100,https://www.rffm.es/acta-partido/1598250,2026-08-07T03:26:48.350324+00:00
1598248,129,10093623,"COLLADO SANZ, ADRIAN",59,59,100,https://www.rffm.es/acta-partido/1598248,2026-08-07T03:26:48.391312+00:00
1598251,680433,12655972,"MANSO ACEBES, ADRIAN",23,23,100,https://www.rffm.es/acta-partido/1598251,2026-08-07T03:26:48.525340+00:00
1598251,638,9602954,"SAN JOSE HERRERO, ANGEL",3,3,100,https://www.rffm.es/acta-partido/1598251,2026-08-07T03:26:48.525340+00:00
1598251,638,7142490,"BERMEJO BOTE, HECTOR",7,7,100,https://www.rffm.es/acta-partido/1598251,2026-08-07T03:26:48.525340+00:00
1598251,638,9602954,"SAN JOSE HERRERO, ANGEL",10,10,100,https://www.rffm.es/acta-partido/1598251,2026-08-07T03:26:48.525340+00:00
1598251,638,14789756,"PIQUERAS VALBUENA, HUGO",46,46,100,https://www.rffm.es/acta-partido/1598251,2026-08-07T03:26:48.525340+00:00
1598251,638,8445396,"RIVARA MENDEZ, JOAQUIN",53,53,100,https://www.rffm.es/acta-partido/1598251,2026-08-07T03:26:48.525340+00:00
1598254,305652,9953102,"ESTEBAN PASCUAL, DANIEL",2,2,100,https://www.rffm.es/acta-partido/1598254,2026-08-07T03:26:48.533201+00:00
1598254,305652,8595622,"OVALLE GARCIA, ENEKO",12,12,100,https://www.rffm.es/acta-partido/1598254,2026-08-07T03:26:48.533201+00:00
1598254,305652,10201082,"GARRIDO JIMENEZ, ANDRES JOSUA",22,22,100,https://www.rffm.es/acta-partido/1598254,2026-08-07T03:26:48.533201+00:00
1598254,305652,8595622,"OVALLE GARCIA, ENEKO",37,37,100,https://www.rffm.es/acta-partido/1598254,2026-08-07T03:26:48.533201+00:00
1598254,305652,10201082,"GARRIDO JIMENEZ, ANDRES JOSUA",45,45,100,https://www.rffm.es/acta-partido/1598254,2026-08-07T03:26:48.533201+00:00
1598254,10677665,13158024,"MONTENEGRO SANCHEZ, BRUNO",34,34,100,https://www.rffm.es/acta-partido/1598254,2026-08-07T03:26:48.533201+00:00
1598254,10677665,13158024,"MONTENEGRO SANCHEZ, BRUNO",40,40,100,https://www.rffm.es/acta-partido/1598254,2026-08-07T03:26:48.533201+00:00
1598254,10677665,15870288,"GARCIA SANCHEZ, ROBERTO",51,51,100,https://www.rffm.es/acta-partido/1598254,2026-08-07T03:26:48.533201+00:00
1598260,305652,10201082,"GARRIDO JIMENEZ, ANDRES JOSUA",4,4,100,https://www.rffm.es/acta-partido/1598260,2026-08-07T03:26:48.607721+00:00
1598260,305652,6992724,"BEJARANO MEZQUITA, JOSE MARIA",21,21,100,https://www.rffm.es/acta-partido/1598260,2026-08-07T03:26:48.607721+00:00
1598260,305652,6992724,"BEJARANO MEZQUITA, JOSE MARIA",29,29,100,https://www.rffm.es/acta-partido/1598260,2026-08-07T03:26:48.607721+00:00
1598260,305652,11979561,"MUÑOZ SAN MARTIN, EDUARDO",38,38,100,https://www.rffm.es/acta-partido/1598260,2026-08-07T03:26:48.607721+00:00
1598260,305652,11694774,"MARTIN DE LA PAZ, DANIEL",44,44,100,https://www.rffm.es/acta-partido/1598260,2026-08-07T03:26:48.607721+00:00
1598260,305652,11694774,"MARTIN DE LA PAZ, DANIEL",57,57,100,https://www.rffm.es/acta-partido/1598260,2026-08-07T03:26:48.607721+00:00
1598259,1951,11756817,"MUÑOZ GOMEZ, ALVARO",34,34,100,https://www.rffm.es/acta-partido/1598259,2026-08-07T03:26:48.654721+00:00
1598259,1951,13125912,"GOMEZ DE AISA, DARIO",45,45,100,https://www.rffm.es/acta-partido/1598259,2026-08-07T03:26:48.654721+00:00
1598259,1951,13125912,"GOMEZ DE AISA, DARIO",57,57,100,https://www.rffm.es/acta-partido/1598259,2026-08-07T03:26:48.654721+00:00
1598259,1287,15398443,"LOPEZ ALARCON, JORGE",16,16,100,https://www.rffm.es/acta-partido/1598259,2026-08-07T03:26:48.654721+00:00
1598258,926,7546823,"MIJANGOS RUPEREZ, GONZALO",45,45,100,https://www.rffm.es/acta-partido/1598258,2026-08-07T03:26:48.668268+00:00
1598258,926,9796774,"CEMBRANOS GARCIA, NICOLAS",53,53,100,https://www.rffm.es/acta-partido/1598258,2026-08-07T03:26:48.668268+00:00
1598257,2460,10089735,"LLANAS COLIBABA, ARTURO",10,10,100,https://www.rffm.es/acta-partido/1598257,2026-08-07T03:26:49.188247+00:00
1598257,2460,13171467,"CUEVAS NUÑEZ, MARIO",39,39,100,https://www.rffm.es/acta-partido/1598257,2026-08-07T03:26:49.188247+00:00
1598257,2460,11210694,"HONRADO ROZALEN, NACHO",47,47,100,https://www.rffm.es/acta-partido/1598257,2026-08-07T03:26:49.188247+00:00
1598257,2460,8368626,"CHICHARRO RIZO, JULIAN",51,51,100,https://www.rffm.es/acta-partido/1598257,2026-08-07T03:26:49.188247+00:00
1598257,680433,12655972,"MANSO ACEBES, ADRIAN",57,57,100,https://www.rffm.es/acta-partido/1598257,2026-08-07T03:26:49.188247+00:00
1598257,680433,11773615,"ALVAREZ LOPEZ, IKER",59,59,100,https://www.rffm.es/acta-partido/1598257,2026-08-07T03:26:49.188247+00:00
1598255,467140,14287075,"RIAL YARUR, MARCOS",14,14,100,https://www.rffm.es/acta-partido/1598255,2026-08-07T03:26:49.192871+00:00
1598255,1391,13274986,"ANDRES HERRAIZ, GONZALO",15,15,100,https://www.rffm.es/acta-partido/1598255,2026-08-07T03:26:49.192871+00:00
1598261,129,10094306,"MARTINEZ ALONSO, MARCOS",9,9,100,https://www.rffm.es/acta-partido/1598261,2026-08-07T03:26:49.319963+00:00
1598261,129,10094306,"MARTINEZ ALONSO, MARCOS",12,12,100,https://www.rffm.es/acta-partido/1598261,2026-08-07T03:26:49.319963+00:00
1598261,129,10094306,"MARTINEZ ALONSO, MARCOS",27,27,100,https://www.rffm.es/acta-partido/1598261,2026-08-07T03:26:49.319963+00:00
1598261,129,10093988,"GARCIA MARKARYAN, ALEJANDRO",43,43,100,https://www.rffm.es/acta-partido/1598261,2026-08-07T03:26:49.319963+00:00
1598261,129,13037511,"PEGUERO CORDON, MATEO",45,45,100,https://www.rffm.es/acta-partido/1598261,2026-08-07T03:26:49.319963+00:00
1598261,10677665,13158024,"MONTENEGRO SANCHEZ, BRUNO",50,50,100,https://www.rffm.es/acta-partido/1598261,2026-08-07T03:26:49.319963+00:00
1598261,10677665,15239602,"ASEKO ELA, FROILAN NBA",55,55,100,https://www.rffm.es/acta-partido/1598261,2026-08-07T03:26:49.319963+00:00
1598256,12325498,13169099,"GARCIA GUERRERO, CARLOS",13,13,100,https://www.rffm.es/acta-partido/1598256,2026-08-07T03:26:49.545731+00:00
1598256,12325498,8450935,"POZAS RIVERO, RAUL",26,26,100,https://www.rffm.es/acta-partido/1598256,2026-08-07T03:26:49.545731+00:00
1598256,12325498,13169099,"GARCIA GUERRERO, CARLOS",36,36,100,https://www.rffm.es/acta-partido/1598256,2026-08-07T03:26:49.545731+00:00
1598256,12325498,13182771,"MERINO SANZ, ALEJANDRO",47,47,100,https://www.rffm.es/acta-partido/1598256,2026-08-07T03:26:49.545731+00:00
1598263,619,8209105,"ZARCO COSTA, HECTOR",52,52,100,https://www.rffm.es/acta-partido/1598263,2026-08-07T03:26:49.729125+00:00
1598263,467140,14287075,"RIAL YARUR, MARCOS",15,15,100,https://www.rffm.es/acta-partido/1598263,2026-08-07T03:26:49.729125+00:00
1598262,1391,11486771,"CONDE DE PEDRO, JORGE",42,42,100,https://www.rffm.es/acta-partido/1598262,2026-08-07T03:26:49.733811+00:00
1598262,129,13037511,"PEGUERO CORDON, MATEO",5,5,100,https://www.rffm.es/acta-partido/1598262,2026-08-07T03:26:49.733811+00:00
1598262,129,10094306,"MARTINEZ ALONSO, MARCOS",13,13,100,https://www.rffm.es/acta-partido/1598262,2026-08-07T03:26:49.733811+00:00
1598262,129,9827484,"DUTA, CARLOS ANDREI",23,23,100,https://www.rffm.es/acta-partido/1598262,2026-08-07T03:26:49.733811+00:00
1598262,129,11779990,"FERNANDEZ BRUÑA, ANTONIO",41,41,100,https://www.rffm.es/acta-partido/1598262,2026-08-07T03:26:49.733811+00:00
1598262,129,11779990,"FERNANDEZ BRUÑA, ANTONIO",53,53,100,https://www.rffm.es/acta-partido/1598262,2026-08-07T03:26:49.733811+00:00
1598262,129,11779990,"FERNANDEZ BRUÑA, ANTONIO",54,54,100,https://www.rffm.es/acta-partido/1598262,2026-08-07T03:26:49.733811+00:00
1598262,129,11779990,"FERNANDEZ BRUÑA, ANTONIO",59,59,101,https://www.rffm.es/acta-partido/1598262,2026-08-07T03:26:49.733811+00:00
1598265,926,7081776,"PERALES RUIZ, GUILLERMO",12,12,101,https://www.rffm.es/acta-partido/1598265,2026-08-07T03:26:49.773077+00:00
1598265,926,9917954,"GREDILLA MORON, RODRIGO",47,47,100,https://www.rffm.es/acta-partido/1598265,2026-08-07T03:26:49.773077+00:00
1598265,2460,8246498,"ESCUDERO SANZ, FERNANDO",28,28,100,https://www.rffm.es/acta-partido/1598265,2026-08-07T03:26:49.773077+00:00
1598265,2460,10089735,"LLANAS COLIBABA, ARTURO",39,39,100,https://www.rffm.es/acta-partido/1598265,2026-08-07T03:26:49.773077+00:00
1598268,10677665,13158024,"MONTENEGRO SANCHEZ, BRUNO",6,6,100,https://www.rffm.es/acta-partido/1598268,2026-08-07T03:26:49.784623+00:00
1598268,10677665,15239602,"ASEKO ELA, FROILAN NBA",29,29,100,https://www.rffm.es/acta-partido/1598268,2026-08-07T03:26:49.784623+00:00
1598268,10677665,13158024,"MONTENEGRO SANCHEZ, BRUNO",33,33,100,https://www.rffm.es/acta-partido/1598268,2026-08-07T03:26:49.784623+00:00
1598268,10677665,13158024,"MONTENEGRO SANCHEZ, BRUNO",35,35,100,https://www.rffm.es/acta-partido/1598268,2026-08-07T03:26:49.784623+00:00
1598268,10677665,13158024,"MONTENEGRO SANCHEZ, BRUNO",40,40,100,https://www.rffm.es/acta-partido/1598268,2026-08-07T03:26:49.784623+00:00
1598268,10677665,8514602,"ORERO PEREIRO, ALVARO",58,58,100,https://www.rffm.es/acta-partido/1598268,2026-08-07T03:26:49.784623+00:00
1598264,680433,12655972,"MANSO ACEBES, ADRIAN",34,34,100,https://www.rffm.es/acta-partido/1598264,2026-08-07T03:26:50.718207+00:00
1598264,680433,12655972,"MANSO ACEBES, ADRIAN",48,48,100,https://www.rffm.es/acta-partido/1598264,2026-08-07T03:26:50.718207+00:00
1598264,680433,12655972,"MANSO ACEBES, ADRIAN",57,57,100,https://www.rffm.es/acta-partido/1598264,2026-08-07T03:26:50.718207+00:00
1598264,12325498,8198153,"HERRERO NOBREGA, HECTOR",19,19,100,https://www.rffm.es/acta-partido/1598264,2026-08-07T03:26:50.718207+00:00
1598264,12325498,13182771,"MERINO SANZ, ALEJANDRO",55,55,100,https://www.rffm.es/acta-partido/1598264,2026-08-07T03:26:50.718207+00:00
1598267,305652,6992724,"BEJARANO MEZQUITA, JOSE MARIA",6,6,100,https://www.rffm.es/acta-partido/1598267,2026-08-07T03:26:50.771724+00:00
1598267,1951,11756817,"MUÑOZ GOMEZ, ALVARO",8,8,100,https://www.rffm.es/acta-partido/1598267,2026-08-07T03:26:50.771724+00:00
1598267,1951,13125912,"GOMEZ DE AISA, DARIO",15,15,100,https://www.rffm.es/acta-partido/1598267,2026-08-07T03:26:50.771724+00:00
1598267,1951,9449403,"GARCIA MARTINEZ, DAVID",29,29,100,https://www.rffm.es/acta-partido/1598267,2026-08-07T03:26:50.771724+00:00
1598266,638,14789756,"PIQUERAS VALBUENA, HUGO",28,28,100,https://www.rffm.es/acta-partido/1598266,2026-08-07T03:26:50.808760+00:00
1598266,638,9243126,"CALVO MOGOLLON, JUAN",31,31,100,https://www.rffm.es/acta-partido/1598266,2026-08-07T03:26:50.808760+00:00
1598266,638,7307828,"GONZALEZ MARTIN, JORGE",49,49,100,https://www.rffm.es/acta-partido/1598266,2026-08-07T03:26:50.808760+00:00
1598266,638,7142490,"BERMEJO BOTE, HECTOR",58,58,100,https://www.rffm.es/acta-partido/1598266,2026-08-07T03:26:50.808760+00:00
1598269,1391,11486771,"CONDE DE PEDRO, JORGE",29,29,100,https://www.rffm.es/acta-partido/1598269,2026-08-07T03:26:50.835886+00:00
1598269,619,8208949,"GONGORA VICENTE, AARON",24,24,102,https://www.rffm.es/acta-partido/1598269,2026-08-07T03:26:50.835886+00:00
1598274,1951,8458813,"ABASCAL GARCIA, ADRIAN",51,51,100,https://www.rffm.es/acta-partido/1598274,2026-08-07T03:26:50.999206+00:00
1598274,10677665,10181958,"CERRADA CABRERA, PABLO",40,40,100,https://www.rffm.es/acta-partido/1598274,2026-08-07T03:26:50.999206+00:00
1598270,680433,13050498,"SANTACRUZ CUESTA, NICHOLAS",51,51,100,https://www.rffm.es/acta-partido/1598270,2026-08-07T03:26:50.999516+00:00
1598275,129,11779990,"FERNANDEZ BRUÑA, ANTONIO",8,8,100,https://www.rffm.es/acta-partido/1598275,2026-08-07T03:26:51.025040+00:00
1598275,129,11779990,"FERNANDEZ BRUÑA, ANTONIO",23,23,100,https://www.rffm.es/acta-partido/1598275,2026-08-07T03:26:51.025040+00:00
1598275,129,10143489,"TOBAR ARROYO, LOPE",60,60,100,https://www.rffm.es/acta-partido/1598275,2026-08-07T03:26:51.025040+00:00
1598273,638,9602954,"SAN JOSE HERRERO, ANGEL",13,13,100,https://www.rffm.es/acta-partido/1598273,2026-08-07T03:26:51.041191+00:00
1598273,638,7142490,"BERMEJO BOTE, HECTOR",15,15,100,https://www.rffm.es/acta-partido/1598273,2026-08-07T03:26:51.041191+00:00
1598273,638,10092534,"GUIBERT BARBA, ALEJANDRO",28,28,100,https://www.rffm.es/acta-partido/1598273,2026-08-07T03:26:51.041191+00:00
1598273,638,8445396,"RIVARA MENDEZ, JOAQUIN",32,32,100,https://www.rffm.es/acta-partido/1598273,2026-08-07T03:26:51.041191+00:00
1598273,638,8445396,"RIVARA MENDEZ, JOAQUIN",39,39,100,https://www.rffm.es/acta-partido/1598273,2026-08-07T03:26:51.041191+00:00
1598273,638,8445396,"RIVARA MENDEZ, JOAQUIN",40,40,100,https://www.rffm.es/acta-partido/1598273,2026-08-07T03:26:51.041191+00:00
1598273,638,6974759,"OLMO ALCAZAR, DIEGO",56,56,100,https://www.rffm.es/acta-partido/1598273,2026-08-07T03:26:51.041191+00:00
1598272,2460,8246498,"ESCUDERO SANZ, FERNANDO",12,12,100,https://www.rffm.es/acta-partido/1598272,2026-08-07T03:26:51.695080+00:00
1598272,2460,10089735,"LLANAS COLIBABA, ARTURO",15,15,100,https://www.rffm.es/acta-partido/1598272,2026-08-07T03:26:51.695080+00:00
1598272,2460,8246498,"ESCUDERO SANZ, FERNANDO",17,17,100,https://www.rffm.es/acta-partido/1598272,2026-08-07T03:26:51.695080+00:00
1598272,2460,8246498,"ESCUDERO SANZ, FERNANDO",19,19,100,https://www.rffm.es/acta-partido/1598272,2026-08-07T03:26:51.695080+00:00
1598272,2460,10089735,"LLANAS COLIBABA, ARTURO",25,25,100,https://www.rffm.es/acta-partido/1598272,2026-08-07T03:26:51.695080+00:00
1598272,2460,8368626,"CHICHARRO RIZO, JULIAN",27,27,100,https://www.rffm.es/acta-partido/1598272,2026-08-07T03:26:51.695080+00:00
1598272,2460,13176311,"LOPEZ ARRIBAS, PABLO",42,42,101,https://www.rffm.es/acta-partido/1598272,2026-08-07T03:26:51.695080+00:00
1598272,2460,13369763,"LOPEZ LANCHA, ANGEL",54,54,100,https://www.rffm.es/acta-partido/1598272,2026-08-07T03:26:51.695080+00:00
1598278,926,9796774,"CEMBRANOS GARCIA, NICOLAS",16,16,100,https://www.rffm.es/acta-partido/1598278,2026-08-07T03:26:51.800552+00:00
1598278,926,9796774,"CEMBRANOS GARCIA, NICOLAS",33,33,100,https://www.rffm.es/acta-partido/1598278,2026-08-07T03:26:51.800552+00:00
1598278,926,7546823,"MIJANGOS RUPEREZ, GONZALO",37,37,100,https://www.rffm.es/acta-partido/1598278,2026-08-07T03:26:51.800552+00:00
1598278,926,9796774,"CEMBRANOS GARCIA, NICOLAS",40,40,100,https://www.rffm.es/acta-partido/1598278,2026-08-07T03:26:51.800552+00:00
1598278,926,10701665,"DEL RIO GARCIA, DANIEL",48,48,100,https://www.rffm.es/acta-partido/1598278,2026-08-07T03:26:51.800552+00:00
1598276,129,13037511,"PEGUERO CORDON, MATEO",37,37,100,https://www.rffm.es/acta-partido/1598276,2026-08-07T03:26:52.045524+00:00
1598276,129,11779990,"FERNANDEZ BRUÑA, ANTONIO",53,53,100,https://www.rffm.es/acta-partido/1598276,2026-08-07T03:26:52.045524+00:00
1598281,10677665,13158024,"MONTENEGRO SANCHEZ, BRUNO",34,34,100,https://www.rffm.es/acta-partido/1598281,2026-08-07T03:26:52.185541+00:00
1598281,10677665,14107190,"DANSON ALE, NICOLAS",45,45,100,https://www.rffm.es/acta-partido/1598281,2026-08-07T03:26:52.185541+00:00
1598281,638,7351987,"HERNANDEZ VALENCIA, JOSE LUIS",21,21,100,https://www.rffm.es/acta-partido/1598281,2026-08-07T03:26:52.185541+00:00
1598281,638,7142490,"BERMEJO BOTE, HECTOR",25,25,100,https://www.rffm.es/acta-partido/1598281,2026-08-07T03:26:52.185541+00:00
1598281,638,10092534,"GUIBERT BARBA, ALEJANDRO",47,47,100,https://www.rffm.es/acta-partido/1598281,2026-08-07T03:26:52.185541+00:00
1598282,680454,16104996,"SERRANO CARRETERO, GONZALO",6,6,100,https://www.rffm.es/acta-partido/1598282,2026-08-07T03:26:52.277519+00:00
1598282,1951,12560818,"MOLINA RODRIGUEZ, HUGO",11,11,100,https://www.rffm.es/acta-partido/1598282,2026-08-07T03:26:52.277519+00:00
1598282,1951,12560434,"LLORENTE REDONDO, RUBEN",20,20,100,https://www.rffm.es/acta-partido/1598282,2026-08-07T03:26:52.277519+00:00
1598282,1951,13125912,"GOMEZ DE AISA, DARIO",21,21,100,https://www.rffm.es/acta-partido/1598282,2026-08-07T03:26:52.277519+00:00
1598282,1951,8458813,"ABASCAL GARCIA, ADRIAN",30,30,100,https://www.rffm.es/acta-partido/1598282,2026-08-07T03:26:52.277519+00:00
1598282,1951,8458813,"ABASCAL GARCIA, ADRIAN",41,41,100,https://www.rffm.es/acta-partido/1598282,2026-08-07T03:26:52.277519+00:00
1598282,1951,8458813,"ABASCAL GARCIA, ADRIAN",55,55,100,https://www.rffm.es/acta-partido/1598282,2026-08-07T03:26:52.277519+00:00
1598282,1951,12750267,"AVALOS DE SANTIAGO, MARIO",57,57,100,https://www.rffm.es/acta-partido/1598282,2026-08-07T03:26:52.277519+00:00
1598282,1951,12750267,"AVALOS DE SANTIAGO, MARIO",59,59,100,https://www.rffm.es/acta-partido/1598282,2026-08-07T03:26:52.277519+00:00
1598277,680433,8416535,"ILLESCAS ACOSTA, SERGIO",57,57,101,https://www.rffm.es/acta-partido/1598277,2026-08-07T03:26:52.280474+00:00
1598277,1391,13274986,"ANDRES HERRAIZ, GONZALO",6,6,100,https://www.rffm.es/acta-partido/1598277,2026-08-07T03:26:52.280474+00:00
1598277,1391,13274986,"ANDRES HERRAIZ, GONZALO",58,58,100,https://www.rffm.es/acta-partido/1598277,2026-08-07T03:26:52.280474+00:00
1598277,1391,11473020,"DIAZ CASTRO, TEO",59,59,100,https://www.rffm.es/acta-partido/1598277,2026-08-07T03:26:52.280474+00:00
1598279,12325498,8198153,"HERRERO NOBREGA, HECTOR",10,10,100,https://www.rffm.es/acta-partido/1598279,2026-08-07T03:26:52.290584+00:00
1598279,12325498,8198153,"HERRERO NOBREGA, HECTOR",33,33,100,https://www.rffm.es/acta-partido/1598279,2026-08-07T03:26:52.290584+00:00
1598279,12325498,8198153,"HERRERO NOBREGA, HECTOR",40,40,100,https://www.rffm.es/acta-partido/1598279,2026-08-07T03:26:52.290584+00:00
1687525,305652,12708974,"LOPEZ LORENZO, JAIME",40,40,100,https://www.rffm.es/acta-partido/1687525,2026-08-07T03:26:52.922920+00:00
1687525,2460,10089735,"LLANAS COLIBABA, ARTURO",9,9,100,https://www.rffm.es/acta-partido/1687525,2026-08-07T03:26:52.922920+00:00
1687525,2460,10089735,"LLANAS COLIBABA, ARTURO",19,19,100,https://www.rffm.es/acta-partido/1687525,2026-08-07T03:26:52.922920+00:00
1687525,2460,8246498,"ESCUDERO SANZ, FERNANDO",22,22,100,https://www.rffm.es/acta-partido/1687525,2026-08-07T03:26:52.922920+00:00
1687525,2460,8246498,"ESCUDERO SANZ, FERNANDO",27,27,100,https://www.rffm.es/acta-partido/1687525,2026-08-07T03:26:52.922920+00:00
1687525,2460,10089735,"LLANAS COLIBABA, ARTURO",47,47,100,https://www.rffm.es/acta-partido/1687525,2026-08-07T03:26:52.922920+00:00
1687525,2460,13171467,"CUEVAS NUÑEZ, MARIO",55,55,100,https://www.rffm.es/acta-partido/1687525,2026-08-07T03:26:52.922920+00:00
1598289,129,10143489,"TOBAR ARROYO, LOPE",5,5,100,https://www.rffm.es/acta-partido/1598289,2026-08-07T03:26:52.930847+00:00
1598289,129,10143489,"TOBAR ARROYO, LOPE",18,18,100,https://www.rffm.es/acta-partido/1598289,2026-08-07T03:26:52.930847+00:00
1598289,129,13057653,"NEDELCU GRANADOS, RAUL",24,24,100,https://www.rffm.es/acta-partido/1598289,2026-08-07T03:26:52.930847+00:00
1598289,1951,12750267,"AVALOS DE SANTIAGO, MARIO",30,30,100,https://www.rffm.es/acta-partido/1598289,2026-08-07T03:26:52.930847+00:00
1598284,1391,8056489,"MARTINEZ DEL AGUILA, HECTOR",28,28,100,https://www.rffm.es/acta-partido/1598284,2026-08-07T03:26:53.024916+00:00
1598284,1391,11540445,"ROTH ORTIZ DE ARRI, ALEJANDRO",40,40,100,https://www.rffm.es/acta-partido/1598284,2026-08-07T03:26:53.024916+00:00
1598284,926,9796774,"CEMBRANOS GARCIA, NICOLAS",10,10,100,https://www.rffm.es/acta-partido/1598284,2026-08-07T03:26:53.024916+00:00
1598284,926,7075615,"BLANCO TOBALINA, GONZALO",22,22,100,https://www.rffm.es/acta-partido/1598284,2026-08-07T03:26:53.024916+00:00
1598284,926,7075615,"BLANCO TOBALINA, GONZALO",59,59,100,https://www.rffm.es/acta-partido/1598284,2026-08-07T03:26:53.024916+00:00
1598285,467140,13137153,"RAMOS BELLO, IÑIGO",16,16,100,https://www.rffm.es/acta-partido/1598285,2026-08-07T03:26:53.334671+00:00
1598285,467140,14287075,"RIAL YARUR, MARCOS",60,60,100,https://www.rffm.es/acta-partido/1598285,2026-08-07T03:26:53.334671+00:00
1598287,2460,13176086,"MERLO LOPEZ DE LA REINA, ADRIAN",38,38,100,https://www.rffm.es/acta-partido/1598287,2026-08-07T03:26:53.441423+00:00
1598287,2460,10089735,"LLANAS COLIBABA, ARTURO",45,45,100,https://www.rffm.es/acta-partido/1598287,2026-08-07T03:26:53.441423+00:00
1598287,2460,10089735,"LLANAS COLIBABA, ARTURO",60,60,100,https://www.rffm.es/acta-partido/1598287,2026-08-07T03:26:53.441423+00:00
1598287,10677665,12655101,"DE SOUSA CAMPOS, TOMAS",34,34,100,https://www.rffm.es/acta-partido/1598287,2026-08-07T03:26:53.441423+00:00
1598287,10677665,14107190,"DANSON ALE, NICOLAS",53,53,100,https://www.rffm.es/acta-partido/1598287,2026-08-07T03:26:53.441423+00:00
1598288,638,9602954,"SAN JOSE HERRERO, ANGEL",48,48,100,https://www.rffm.es/acta-partido/1598288,2026-08-07T03:26:53.442037+00:00
1598288,680454,8077837,"BRAVO RAMIREZ, HERNAN",45,45,102,https://www.rffm.es/acta-partido/1598288,2026-08-07T03:26:53.442037+00:00
1598283,619,8591471,"CALVO ZARATE, GABRIEL",20,20,100,https://www.rffm.es/acta-partido/1598283,2026-08-07T03:26:53.481822+00:00
1598283,619,7552867,"SANCHEZ FIDALGO, LUCAS",33,33,100,https://www.rffm.es/acta-partido/1598283,2026-08-07T03:26:53.481822+00:00
1598283,680433,12655972,"MANSO ACEBES, ADRIAN",4,4,100,https://www.rffm.es/acta-partido/1598283,2026-08-07T03:26:53.481822+00:00
1598283,680433,13839049,"PARRILLA PURROY, FRANCISCO",6,6,100,https://www.rffm.es/acta-partido/1598283,2026-08-07T03:26:53.481822+00:00
1598283,680433,13839049,"PARRILLA PURROY, FRANCISCO",10,10,100,https://www.rffm.es/acta-partido/1598283,2026-08-07T03:26:53.481822+00:00
1598283,680433,12655972,"MANSO ACEBES, ADRIAN",28,28,100,https://www.rffm.es/acta-partido/1598283,2026-08-07T03:26:53.481822+00:00
1598283,680433,13837696,"PIRLEA, RAZVAN IULIAN",41,41,100,https://www.rffm.es/acta-partido/1598283,2026-08-07T03:26:53.481822+00:00
1598283,680433,7976288,"RAMIREZ CHAVEZ, JEAN PIERRE",49,49,100,https://www.rffm.es/acta-partido/1598283,2026-08-07T03:26:53.481822+00:00
1598286,12325498,8538554,"PELAEZ RODRIGUEZ, DARIO",4,4,100,https://www.rffm.es/acta-partido/1598286,2026-08-07T03:26:53.498176+00:00
1598286,12325498,8538554,"PELAEZ RODRIGUEZ, DARIO",32,32,100,https://www.rffm.es/acta-partido/1598286,2026-08-07T03:26:53.498176+00:00
1598286,12325498,8450935,"POZAS RIVERO, RAUL",49,49,100,https://www.rffm.es/acta-partido/1598286,2026-08-07T03:26:53.498176+00:00
1598286,305652,14588398,"BUGARIN GONÇALVES, YOEL",52,52,100,https://www.rffm.es/acta-partido/1598286,2026-08-07T03:26:53.498176+00:00
1598295,2460,11210694,"HONRADO ROZALEN, NACHO",22,22,100,https://www.rffm.es/acta-partido/1598295,2026-08-07T03:26:54.161737+00:00
1598295,2460,8246498,"ESCUDERO SANZ, FERNANDO",32,32,100,https://www.rffm.es/acta-partido/1598295,2026-08-07T03:26:54.161737+00:00
1598295,2460,11210694,"HONRADO ROZALEN, NACHO",33,33,100,https://www.rffm.es/acta-partido/1598295,2026-08-07T03:26:54.161737+00:00
1598295,2460,10089735,"LLANAS COLIBABA, ARTURO",46,46,100,https://www.rffm.es/acta-partido/1598295,2026-08-07T03:26:54.161737+00:00
1598295,2460,8368626,"CHICHARRO RIZO, JULIAN",48,48,100,https://www.rffm.es/acta-partido/1598295,2026-08-07T03:26:54.161737+00:00
1598291,926,7081688,"GOMEZ TAJUELO, MARCOS",4,4,100,https://www.rffm.es/acta-partido/1598291,2026-08-07T03:26:54.194429+00:00
1598291,926,7075615,"BLANCO TOBALINA, GONZALO",50,50,100,https://www.rffm.es/acta-partido/1598291,2026-08-07T03:26:54.194429+00:00
1598291,619,11765386,"IZEVBOKUN EDUSA, BOLTON ININOSA",59,59,100,https://www.rffm.es/acta-partido/1598291,2026-08-07T03:26:54.194429+00:00
1598294,12325498,8538554,"PELAEZ RODRIGUEZ, DARIO",5,5,100,https://www.rffm.es/acta-partido/1598294,2026-08-07T03:26:54.489486+00:00
1598294,12325498,13182771,"MERINO SANZ, ALEJANDRO",17,17,100,https://www.rffm.es/acta-partido/1598294,2026-08-07T03:26:54.489486+00:00
1598294,12325498,8198153,"HERRERO NOBREGA, HECTOR",25,25,100,https://www.rffm.es/acta-partido/1598294,2026-08-07T03:26:54.489486+00:00
1598294,12325498,8538554,"PELAEZ RODRIGUEZ, DARIO",28,28,100,https://www.rffm.es/acta-partido/1598294,2026-08-07T03:26:54.489486+00:00
1598294,12325498,13182771,"MERINO SANZ, ALEJANDRO",30,30,100,https://www.rffm.es/acta-partido/1598294,2026-08-07T03:26:54.489486+00:00
1598294,12325498,13181961,"IARRICCIO SEPTIEM, PABLO",43,43,100,https://www.rffm.es/acta-partido/1598294,2026-08-07T03:26:54.489486+00:00
1598293,305652,10201082,"GARRIDO JIMENEZ, ANDRES JOSUA",10,10,100,https://www.rffm.es/acta-partido/1598293,2026-08-07T03:26:54.738521+00:00
1598293,305652,10201082,"GARRIDO JIMENEZ, ANDRES JOSUA",36,36,100,https://www.rffm.es/acta-partido/1598293,2026-08-07T03:26:54.738521+00:00
1598293,305652,6992724,"BEJARANO MEZQUITA, JOSE MARIA",41,41,100,https://www.rffm.es/acta-partido/1598293,2026-08-07T03:26:54.738521+00:00
1598293,305652,6992724,"BEJARANO MEZQUITA, JOSE MARIA",59,59,100,https://www.rffm.es/acta-partido/1598293,2026-08-07T03:26:54.738521+00:00
1598293,305652,6992724,"BEJARANO MEZQUITA, JOSE MARIA",59,59,100,https://www.rffm.es/acta-partido/1598293,2026-08-07T03:26:54.738521+00:00
1598293,467140,10139530,"VEGA CORNEJO, GABRIEL",25,25,100,https://www.rffm.es/acta-partido/1598293,2026-08-07T03:26:54.738521+00:00
1598293,467140,14287075,"RIAL YARUR, MARCOS",57,57,100,https://www.rffm.es/acta-partido/1598293,2026-08-07T03:26:54.738521+00:00
1688424,680433,12655972,"MANSO ACEBES, ADRIAN",57,57,100,https://www.rffm.es/acta-partido/1688424,2026-08-07T03:26:55.231084+00:00
1598303,129,13037511,"PEGUERO CORDON, MATEO",6,6,100,https://www.rffm.es/acta-partido/1598303,2026-08-07T03:26:55.246293+00:00
1598296,1951,12560434,"LLORENTE REDONDO, RUBEN",6,6,100,https://www.rffm.es/acta-partido/1598296,2026-08-07T03:26:55.393680+00:00
1598296,1951,12560434,"LLORENTE REDONDO, RUBEN",21,21,100,https://www.rffm.es/acta-partido/1598296,2026-08-07T03:26:55.393680+00:00
1598296,1951,12560434,"LLORENTE REDONDO, RUBEN",40,40,100,https://www.rffm.es/acta-partido/1598296,2026-08-07T03:26:55.393680+00:00
1598296,638,9602954,"SAN JOSE HERRERO, ANGEL",29,29,100,https://www.rffm.es/acta-partido/1598296,2026-08-07T03:26:55.393680+00:00
1598296,638,7142490,"BERMEJO BOTE, HECTOR",30,30,100,https://www.rffm.es/acta-partido/1598296,2026-08-07T03:26:55.393680+00:00
1598296,638,8486409,"CASAS FERNANDEZ, LUCAS",30,30,100,https://www.rffm.es/acta-partido/1598296,2026-08-07T03:26:55.393680+00:00
1598292,1287,13638057,"DUARTE BAUTISTA, SERGIO",43,43,100,https://www.rffm.es/acta-partido/1598292,2026-08-07T03:26:55.429053+00:00
1598292,1391,7795545,"CALVO DE LAS HERAS, SANTIAGO",3,3,100,https://www.rffm.es/acta-partido/1598292,2026-08-07T03:26:55.429053+00:00
1598292,1391,8098856,"CANO LOPEZ, ALVARO",6,6,101,https://www.rffm.es/acta-partido/1598292,2026-08-07T03:26:55.429053+00:00
1598292,1391,8098856,"CANO LOPEZ, ALVARO",32,32,100,https://www.rffm.es/acta-partido/1598292,2026-08-07T03:26:55.429053+00:00
1598299,1391,13274986,"ANDRES HERRAIZ, GONZALO",2,2,100,https://www.rffm.es/acta-partido/1598299,2026-08-07T03:26:55.440086+00:00
1598299,1391,8098856,"CANO LOPEZ, ALVARO",15,15,101,https://www.rffm.es/acta-partido/1598299,2026-08-07T03:26:55.440086+00:00
1598299,1391,8098856,"CANO LOPEZ, ALVARO",36,36,100,https://www.rffm.es/acta-partido/1598299,2026-08-07T03:26:55.440086+00:00
1598299,1391,8098856,"CANO LOPEZ, ALVARO",48,48,100,https://www.rffm.es/acta-partido/1598299,2026-08-07T03:26:55.440086+00:00
1598299,305652,8595622,"OVALLE GARCIA, ENEKO",32,32,100,https://www.rffm.es/acta-partido/1598299,2026-08-07T03:26:55.440086+00:00
1598299,305652,12256691,"BALTAR MARTINEZ, NICOLAS",60,60,100,https://www.rffm.es/acta-partido/1598299,2026-08-07T03:26:55.440086+00:00
1598298,619,8209105,"ZARCO COSTA, HECTOR",9,9,100,https://www.rffm.es/acta-partido/1598298,2026-08-07T03:26:55.500558+00:00
1598298,1287,15560259,"GUZON RAMOS, CHISTIAN",59,59,100,https://www.rffm.es/acta-partido/1598298,2026-08-07T03:26:55.500558+00:00
1598300,467140,8029433,"MARTINEZ DIEZ, GONZALO",32,32,100,https://www.rffm.es/acta-partido/1598300,2026-08-07T03:26:55.564891+00:00
1598297,680433,10190024,"BLAZQUEZ MEDINA, ADRIAN",38,38,100,https://www.rffm.es/acta-partido/1598297,2026-08-07T03:26:55.819786+00:00
1598297,680433,10194469,"BOURDI BOULAICH BENAZZOUZ, MOHAMED AMIN",40,40,100,https://www.rffm.es/acta-partido/1598297,2026-08-07T03:26:55.819786+00:00
1598297,680433,13839049,"PARRILLA PURROY, FRANCISCO",52,52,100,https://www.rffm.es/acta-partido/1598297,2026-08-07T03:26:55.819786+00:00
1598297,926,7075615,"BLANCO TOBALINA, GONZALO",15,15,100,https://www.rffm.es/acta-partido/1598297,2026-08-07T03:26:55.819786+00:00
1598297,926,7082053,"MILLAN MARTINEZ, HUGO",25,25,100,https://www.rffm.es/acta-partido/1598297,2026-08-07T03:26:55.819786+00:00
1598297,926,9796774,"CEMBRANOS GARCIA, NICOLAS",41,41,100,https://www.rffm.es/acta-partido/1598297,2026-08-07T03:26:55.819786+00:00
1598297,926,7082053,"MILLAN MARTINEZ, HUGO",45,45,100,https://www.rffm.es/acta-partido/1598297,2026-08-07T03:26:55.819786+00:00
1598297,926,13611088,"GOMEZ MUÑOZ, MARIO",51,51,100,https://www.rffm.es/acta-partido/1598297,2026-08-07T03:26:55.819786+00:00
1598301,12325498,13182771,"MERINO SANZ, ALEJANDRO",26,26,100,https://www.rffm.es/acta-partido/1598301,2026-08-07T03:26:55.885921+00:00
1598301,12325498,8538554,"PELAEZ RODRIGUEZ, DARIO",37,37,100,https://www.rffm.es/acta-partido/1598301,2026-08-07T03:26:55.885921+00:00
1598301,12325498,13181902,"DEL VAL SCARPA, ENRIQUE",43,43,100,https://www.rffm.es/acta-partido/1598301,2026-08-07T03:26:55.885921+00:00
1598301,12325498,13182771,"MERINO SANZ, ALEJANDRO",48,48,100,https://www.rffm.es/acta-partido/1598301,2026-08-07T03:26:55.885921+00:00
1598304,129,13034814,"GARCIA GOMEZ, DANIEL",11,11,100,https://www.rffm.es/acta-partido/1598304,2026-08-07T03:26:55.969598+00:00
1598304,926,9796774,"CEMBRANOS GARCIA, NICOLAS",13,13,100,https://www.rffm.es/acta-partido/1598304,2026-08-07T03:26:55.969598+00:00
1598304,926,9909454,"CANO DE FRUTOS, ILAN",43,43,100,https://www.rffm.es/acta-partido/1598304,2026-08-07T03:26:55.969598+00:00
1598304,926,9917954,"GREDILLA MORON, RODRIGO",46,46,100,https://www.rffm.es/acta-partido/1598304,2026-08-07T03:26:55.969598+00:00
1598302,2460,10089735,"LLANAS COLIBABA, ARTURO",7,7,100,https://www.rffm.es/acta-partido/1598302,2026-08-07T03:26:55.984178+00:00
1598302,2460,11210694,"HONRADO ROZALEN, NACHO",14,14,100,https://www.rffm.es/acta-partido/1598302,2026-08-07T03:26:55.984178+00:00
1598302,2460,11210694,"HONRADO ROZALEN, NACHO",23,23,100,https://www.rffm.es/acta-partido/1598302,2026-08-07T03:26:55.984178+00:00
1598302,2460,8246498,"ESCUDERO SANZ, FERNANDO",24,24,100,https://www.rffm.es/acta-partido/1598302,2026-08-07T03:26:55.984178+00:00
1598302,2460,10089735,"LLANAS COLIBABA, ARTURO",31,31,100,https://www.rffm.es/acta-partido/1598302,2026-08-07T03:26:55.984178+00:00
1598302,2460,13171253,"MERINO MARTIN, GONZALO",45,45,100,https://www.rffm.es/acta-partido/1598302,2026-08-07T03:26:55.984178+00:00
1598302,1951,12560355,"SANZ FUNEZ, DANIEL",2,2,100,https://www.rffm.es/acta-partido/1598302,2026-08-07T03:26:55.984178+00:00
1598302,1951,11756817,"MUÑOZ GOMEZ, ALVARO",20,20,100,https://www.rffm.es/acta-partido/1598302,2026-08-07T03:26:55.984178+00:00
1598302,1951,8458813,"ABASCAL GARCIA, ADRIAN",49,49,100,https://www.rffm.es/acta-partido/1598302,2026-08-07T03:26:55.984178+00:00
1598309,12325498,8538554,"PELAEZ RODRIGUEZ, DARIO",15,15,100,https://www.rffm.es/acta-partido/1598309,2026-08-07T03:26:56.095277+00:00
1598309,12325498,7906282,"SERRANO AMPUERO, VICENTE",34,34,100,https://www.rffm.es/acta-partido/1598309,2026-08-07T03:26:56.095277+00:00
1598309,12325498,13182771,"MERINO SANZ, ALEJANDRO",44,44,100,https://www.rffm.es/acta-partido/1598309,2026-08-07T03:26:56.095277+00:00
1598310,638,7142490,"BERMEJO BOTE, HECTOR",2,2,100,https://www.rffm.es/acta-partido/1598310,2026-08-07T03:26:56.747802+00:00
1598310,638,6974759,"OLMO ALCAZAR, DIEGO",9,9,100,https://www.rffm.es/acta-partido/1598310,2026-08-07T03:26:56.747802+00:00
1598308,680454,12642440,"HERRANZ ALFONSO, GUILLERMO",59,59,100,https://www.rffm.es/acta-partido/1598308,2026-08-07T03:26:56.752106+00:00
1598308,467140,8029323,"LOPEZ RIVAS, ENZO",3,3,100,https://www.rffm.es/acta-partido/1598308,2026-08-07T03:26:56.752106+00:00
1598308,467140,14287075,"RIAL YARUR, MARCOS",9,9,100,https://www.rffm.es/acta-partido/1598308,2026-08-07T03:26:56.752106+00:00
1598305,1287,14213659,"MARTI PILOÑA, OSCAR",55,55,100,https://www.rffm.es/acta-partido/1598305,2026-08-07T03:26:56.774448+00:00
1598307,1391,11486771,"CONDE DE PEDRO, JORGE",9,9,100,https://www.rffm.es/acta-partido/1598307,2026-08-07T03:26:57.063291+00:00
1598306,305652,10201082,"GARRIDO JIMENEZ, ANDRES JOSUA",32,32,100,https://www.rffm.es/acta-partido/1598306,2026-08-07T03:26:57.134709+00:00
1598306,305652,8501252,"SANZ FERNANDEZ, ANGEL",50,50,100,https://www.rffm.es/acta-partido/1598306,2026-08-07T03:26:57.134709+00:00
1598306,619,8591471,"CALVO ZARATE, GABRIEL",5,5,100,https://www.rffm.es/acta-partido/1598306,2026-08-07T03:26:57.134709+00:00
1598313,619,7552607,"MUÑOZ FERNANDEZ, SAMUEL",51,51,100,https://www.rffm.es/acta-partido/1598313,2026-08-07T03:26:57.250254+00:00
1598313,10677665,13158024,"MONTENEGRO SANCHEZ, BRUNO",23,23,100,https://www.rffm.es/acta-partido/1598313,2026-08-07T03:26:57.250254+00:00
1598314,1391,13274986,"ANDRES HERRAIZ, GONZALO",3,3,100,https://www.rffm.es/acta-partido/1598314,2026-08-07T03:26:57.256519+00:00
1598314,1391,13274986,"ANDRES HERRAIZ, GONZALO",21,21,100,https://www.rffm.es/acta-partido/1598314,2026-08-07T03:26:57.256519+00:00
1598314,1391,11486771,"CONDE DE PEDRO, JORGE",29,29,100,https://www.rffm.es/acta-partido/1598314,2026-08-07T03:26:57.256519+00:00
1598314,1391,8056489,"MARTINEZ DEL AGUILA, HECTOR",37,37,100,https://www.rffm.es/acta-partido/1598314,2026-08-07T03:26:57.256519+00:00
1598314,1391,11540445,"ROTH ORTIZ DE ARRI, ALEJANDRO",41,41,100,https://www.rffm.es/acta-partido/1598314,2026-08-07T03:26:57.256519+00:00
1598314,1391,8056489,"MARTINEZ DEL AGUILA, HECTOR",43,43,100,https://www.rffm.es/acta-partido/1598314,2026-08-07T03:26:57.256519+00:00
1598314,1391,11473020,"DIAZ CASTRO, TEO",44,44,100,https://www.rffm.es/acta-partido/1598314,2026-08-07T03:26:57.256519+00:00
1598314,1391,11486771,"CONDE DE PEDRO, JORGE",46,46,100,https://www.rffm.es/acta-partido/1598314,2026-08-07T03:26:57.256519+00:00
1598314,1391,8056489,"MARTINEZ DEL AGUILA, HECTOR",47,47,100,https://www.rffm.es/acta-partido/1598314,2026-08-07T03:26:57.256519+00:00
1598314,1391,7795545,"CALVO DE LAS HERAS, SANTIAGO",54,54,100,https://www.rffm.es/acta-partido/1598314,2026-08-07T03:26:57.256519+00:00
1598314,1391,8056489,"MARTINEZ DEL AGUILA, HECTOR",58,58,100,https://www.rffm.es/acta-partido/1598314,2026-08-07T03:26:57.256519+00:00
1598314,680454,13300963,"PEIROTEN RESCALVO, ALBERTO",42,42,100,https://www.rffm.es/acta-partido/1598314,2026-08-07T03:26:57.256519+00:00
1598311,1287,14213659,"MARTI PILOÑA, OSCAR",16,16,100,https://www.rffm.es/acta-partido/1598311,2026-08-07T03:26:57.262145+00:00
1598311,1287,15541796,"DIEZ PARDO, MARCOS",19,19,100,https://www.rffm.es/acta-partido/1598311,2026-08-07T03:26:57.262145+00:00
1598312,680433,10190024,"BLAZQUEZ MEDINA, ADRIAN",24,24,100,https://www.rffm.es/acta-partido/1598312,2026-08-07T03:26:57.967445+00:00
1598312,680433,12647157,"REYES MOZOS, GONZALO",30,30,100,https://www.rffm.es/acta-partido/1598312,2026-08-07T03:26:57.967445+00:00
1598312,680433,13837696,"PIRLEA, RAZVAN IULIAN",56,56,100,https://www.rffm.es/acta-partido/1598312,2026-08-07T03:26:57.967445+00:00
1598312,680433,8416535,"ILLESCAS ACOSTA, SERGIO",60,60,100,https://www.rffm.es/acta-partido/1598312,2026-08-07T03:26:57.967445+00:00
1598312,305652,9953102,"ESTEBAN PASCUAL, DANIEL",11,11,100,https://www.rffm.es/acta-partido/1598312,2026-08-07T03:26:57.967445+00:00
1598315,467140,14287075,"RIAL YARUR, MARCOS",41,41,100,https://www.rffm.es/acta-partido/1598315,2026-08-07T03:26:57.972850+00:00
1598317,2460,10089735,"LLANAS COLIBABA, ARTURO",30,30,100,https://www.rffm.es/acta-partido/1598317,2026-08-07T03:26:58.043189+00:00
1598317,2460,10089735,"LLANAS COLIBABA, ARTURO",41,41,100,https://www.rffm.es/acta-partido/1598317,2026-08-07T03:26:58.043189+00:00
1598317,2460,11210694,"HONRADO ROZALEN, NACHO",45,45,100,https://www.rffm.es/acta-partido/1598317,2026-08-07T03:26:58.043189+00:00
1598317,129,13037511,"PEGUERO CORDON, MATEO",16,16,100,https://www.rffm.es/acta-partido/1598317,2026-08-07T03:26:58.043189+00:00
1598317,129,10094306,"MARTINEZ ALONSO, MARCOS",55,55,100,https://www.rffm.es/acta-partido/1598317,2026-08-07T03:26:58.043189+00:00
1598317,129,13057653,"NEDELCU GRANADOS, RAUL",57,57,100,https://www.rffm.es/acta-partido/1598317,2026-08-07T03:26:58.043189+00:00
1598316,12325498,8450935,"POZAS RIVERO, RAUL",13,13,100,https://www.rffm.es/acta-partido/1598316,2026-08-07T03:26:58.361335+00:00
1598316,12325498,8198153,"HERRERO NOBREGA, HECTOR",15,15,100,https://www.rffm.es/acta-partido/1598316,2026-08-07T03:26:58.361335+00:00
1598316,638,7307828,"GONZALEZ MARTIN, JORGE",11,11,100,https://www.rffm.es/acta-partido/1598316,2026-08-07T03:26:58.361335+00:00
1598321,619,7552183,"LOPEZ VICTORIO, YERAY",15,15,100,https://www.rffm.es/acta-partido/1598321,2026-08-07T03:26:58.399184+00:00
1598321,619,7552867,"SANCHEZ FIDALGO, LUCAS",21,21,100,https://www.rffm.es/acta-partido/1598321,2026-08-07T03:26:58.399184+00:00
1598321,619,8209105,"ZARCO COSTA, HECTOR",25,25,100,https://www.rffm.es/acta-partido/1598321,2026-08-07T03:26:58.399184+00:00
1598321,619,8591471,"CALVO ZARATE, GABRIEL",36,36,100,https://www.rffm.es/acta-partido/1598321,2026-08-07T03:26:58.399184+00:00
1598321,619,8591471,"CALVO ZARATE, GABRIEL",40,40,100,https://www.rffm.es/acta-partido/1598321,2026-08-07T03:26:58.399184+00:00
1598321,619,8209105,"ZARCO COSTA, HECTOR",52,52,100,https://www.rffm.es/acta-partido/1598321,2026-08-07T03:26:58.399184+00:00
1598321,619,11765386,"IZEVBOKUN EDUSA, BOLTON ININOSA",58,58,100,https://www.rffm.es/acta-partido/1598321,2026-08-07T03:26:58.399184+00:00
1598321,680454,16104996,"SERRANO CARRETERO, GONZALO",18,18,100,https://www.rffm.es/acta-partido/1598321,2026-08-07T03:26:58.399184+00:00
1598320,1391,8056489,"MARTINEZ DEL AGUILA, HECTOR",31,31,100,https://www.rffm.es/acta-partido/1598320,2026-08-07T03:26:58.533811+00:00
1598320,1391,8098856,"CANO LOPEZ, ALVARO",59,59,100,https://www.rffm.es/acta-partido/1598320,2026-08-07T03:26:58.533811+00:00
1598320,1951,12560434,"LLORENTE REDONDO, RUBEN",48,48,100,https://www.rffm.es/acta-partido/1598320,2026-08-07T03:26:58.533811+00:00
1598323,926,10701501,"JIMENEZ DIAZ, ADRIAN",21,21,100,https://www.rffm.es/acta-partido/1598323,2026-08-07T03:26:58.537376+00:00
1598323,926,7082053,"MILLAN MARTINEZ, HUGO",33,33,100,https://www.rffm.es/acta-partido/1598323,2026-08-07T03:26:58.537376+00:00
1598323,926,7081776,"PERALES RUIZ, GUILLERMO",36,36,100,https://www.rffm.es/acta-partido/1598323,2026-08-07T03:26:58.537376+00:00
1598323,926,7082053,"MILLAN MARTINEZ, HUGO",41,41,100,https://www.rffm.es/acta-partido/1598323,2026-08-07T03:26:58.537376+00:00
1598323,926,9796774,"CEMBRANOS GARCIA, NICOLAS",48,48,100,https://www.rffm.es/acta-partido/1598323,2026-08-07T03:26:58.537376+00:00
1598323,926,7075615,"BLANCO TOBALINA, GONZALO",59,59,100,https://www.rffm.es/acta-partido/1598323,2026-08-07T03:26:58.537376+00:00
1598322,680433,12655972,"MANSO ACEBES, ADRIAN",4,4,100,https://www.rffm.es/acta-partido/1598322,2026-08-07T03:26:58.542902+00:00
1598322,680433,8504848,"BALCAZAR OSSORIO, NOLAN",46,46,100,https://www.rffm.es/acta-partido/1598322,2026-08-07T03:26:58.542902+00:00
1598322,10677665,14107190,"DANSON ALE, NICOLAS",57,57,100,https://www.rffm.es/acta-partido/1598322,2026-08-07T03:26:58.542902+00:00
1598319,467140,14287075,"RIAL YARUR, MARCOS",31,31,100,https://www.rffm.es/acta-partido/1598319,2026-08-07T03:26:59.572773+00:00
1598319,638,8445396,"RIVARA MENDEZ, JOAQUIN",59,59,100,https://www.rffm.es/acta-partido/1598319,2026-08-07T03:26:59.572773+00:00
1598318,12325498,13169099,"GARCIA GUERRERO, CARLOS",19,19,100,https://www.rffm.es/acta-partido/1598318,2026-08-07T03:26:59.577424+00:00
1598318,12325498,8198153,"HERRERO NOBREGA, HECTOR",22,22,100,https://www.rffm.es/acta-partido/1598318,2026-08-07T03:26:59.577424+00:00
1598318,12325498,13186104,"DELAHAYE FERNANDEZ, ADRIAN",28,28,100,https://www.rffm.es/acta-partido/1598318,2026-08-07T03:26:59.577424+00:00
1598318,2460,10089735,"LLANAS COLIBABA, ARTURO",45,45,100,https://www.rffm.es/acta-partido/1598318,2026-08-07T03:26:59.577424+00:00
1598324,1287,13099806,"BADIS, FABIAN VALENTIN",19,19,100,https://www.rffm.es/acta-partido/1598324,2026-08-07T03:26:59.594003+00:00
1598324,1287,12292501,"MERINO POLO, SAMUEL",21,21,100,https://www.rffm.es/acta-partido/1598324,2026-08-07T03:26:59.594003+00:00
1598324,1287,13099806,"BADIS, FABIAN VALENTIN",23,23,100,https://www.rffm.es/acta-partido/1598324,2026-08-07T03:26:59.594003+00:00
1598324,129,11779990,"FERNANDEZ BRUÑA, ANTONIO",6,6,100,https://www.rffm.es/acta-partido/1598324,2026-08-07T03:26:59.594003+00:00
1598324,129,10094306,"MARTINEZ ALONSO, MARCOS",42,42,101,https://www.rffm.es/acta-partido/1598324,2026-08-07T03:26:59.594003+00:00
