match_id,official_kind,official_id,official_name,role_raw,source_url,scraped_at
1039030,referee,591116,"TORRALBA CASTAÑEDA, PABLO",Arbitro principal,https://www.rffm.es/acta-partido/1039030,2026-08-09T16:15:26.965278+00:00
1039030,referee,1169766,"ABAJO FERNANDEZ, JORGE",Arbitro asistente,https://www.rffm.es/acta-partido/1039030,2026-08-09T16:15:26.965278+00:00
1039030,referee,909252,"GONZALEZ PELAEZ, JOSE ADRIAN",Arbitro asistente,https://www.rffm.es/acta-partido/1039030,2026-08-09T16:15:26.965278+00:00
1039030,field_delegate,,"NONAY QUESADA, JUAN PEDRO",delegado_campo,https://www.rffm.es/acta-partido/1039030,2026-08-09T16:15:26.965278+00:00
1039033,referee,665595,"PINILLA SERRANO, ADRIAN",Arbitro principal,https://www.rffm.es/acta-partido/1039033,2026-08-09T16:15:26.971939+00:00
1039033,referee,716478,"ALMANSA HERAS, SERGIO",Arbitro asistente,https://www.rffm.es/acta-partido/1039033,2026-08-09T16:15:26.971939+00:00
1039033,referee,877940,"CABADO RODRIGUEZ, YAGO",Arbitro asistente,https://www.rffm.es/acta-partido/1039033,2026-08-09T16:15:26.971939+00:00
1039033,field_delegate,,"ARANDA CABALLERO , BALTASAR",delegado_campo,https://www.rffm.es/acta-partido/1039033,2026-08-09T16:15:26.971939+00:00
1039034,referee,3682,"GONZALEZ GUISADO, SERGIO",Arbitro principal,https://www.rffm.es/acta-partido/1039034,2026-08-09T16:15:27.012019+00:00
1039034,referee,1169816,"GOMEZ HERRERO, ALEJANDRO",Arbitro asistente,https://www.rffm.es/acta-partido/1039034,2026-08-09T16:15:27.012019+00:00
1039034,referee,1169871,"ROMANILLOS GARCIA, GONZALO",Arbitro asistente,https://www.rffm.es/acta-partido/1039034,2026-08-09T16:15:27.012019+00:00
1039034,field_delegate,,"REY , LUÍS ALFONSO",delegado_campo,https://www.rffm.es/acta-partido/1039034,2026-08-09T16:15:27.012019+00:00
1039035,referee,1091,"VALVERDE SANCHEZ, ANGEL LUIS",Arbitro principal,https://www.rffm.es/acta-partido/1039035,2026-08-09T16:15:27.114280+00:00
1039035,referee,1169857,"MURCIEGO CABEZAS, MIGUEL",Arbitro asistente,https://www.rffm.es/acta-partido/1039035,2026-08-09T16:15:27.114280+00:00
1039035,referee,877778,"MORENO AVILES, DANIEL",Arbitro asistente,https://www.rffm.es/acta-partido/1039035,2026-08-09T16:15:27.114280+00:00
1039035,field_delegate,,"MARTIN FELIX, JOSE LUIS",delegado_campo,https://www.rffm.es/acta-partido/1039035,2026-08-09T16:15:27.114280+00:00
1039031,referee,718977,"KOURTAM CHEHLAOUI, KHALID",Arbitro principal,https://www.rffm.es/acta-partido/1039031,2026-08-09T16:15:27.177033+00:00
1039031,referee,967704,"ALVARO NEBREDA, JOSE ANGEL",Arbitro asistente,https://www.rffm.es/acta-partido/1039031,2026-08-09T16:15:27.177033+00:00
1039031,referee,3895,"BOR, TAMAS",Arbitro asistente,https://www.rffm.es/acta-partido/1039031,2026-08-09T16:15:27.177033+00:00
1039031,field_delegate,,"SÁNCHEZ DE LAS MATAS PÉREZ, CARLOS",delegado_campo,https://www.rffm.es/acta-partido/1039031,2026-08-09T16:15:27.177033+00:00
1039037,referee,4302,"AVILES GARCIA, DAVID",Arbitro principal,https://www.rffm.es/acta-partido/1039037,2026-08-09T16:15:27.210894+00:00
1039037,referee,1169774,"CHASI TOMALO, EDISON LUIS",Arbitro asistente,https://www.rffm.es/acta-partido/1039037,2026-08-09T16:15:27.210894+00:00
1039037,referee,797592,"GARCIA-GIL TALLANTE, DAVID",Arbitro asistente,https://www.rffm.es/acta-partido/1039037,2026-08-09T16:15:27.210894+00:00
1039032,referee,3535,"ACERO LLAMAS, GUILLERMO",Arbitro principal,https://www.rffm.es/acta-partido/1039032,2026-08-09T16:15:27.305082+00:00
1039032,referee,3812,"FERNANDEZ HURTADO, JOSE LUIS",Arbitro asistente,https://www.rffm.es/acta-partido/1039032,2026-08-09T16:15:27.305082+00:00
1039032,referee,5123,"MORALEDA CRISTOBAL, ANTONIO",Arbitro asistente,https://www.rffm.es/acta-partido/1039032,2026-08-09T16:15:27.305082+00:00
1039032,field_delegate,,"POZON GAMERO , JUAN JOSE",delegado_campo,https://www.rffm.es/acta-partido/1039032,2026-08-09T16:15:27.305082+00:00
1039036,referee,645494,"FERNANDEZ MOLINERO, SERGIO",Arbitro principal,https://www.rffm.es/acta-partido/1039036,2026-08-09T16:15:27.311536+00:00
1039036,referee,1169850,"MORATO JIMENEZ, RAMON",Arbitro asistente,https://www.rffm.es/acta-partido/1039036,2026-08-09T16:15:27.311536+00:00
1039036,referee,4926,"LAZARO VADILLO, DAVID",Arbitro asistente,https://www.rffm.es/acta-partido/1039036,2026-08-09T16:15:27.311536+00:00
1039036,field_delegate,,"ALONSO BARRADO, ALBERTO",delegado_campo,https://www.rffm.es/acta-partido/1039036,2026-08-09T16:15:27.311536+00:00
1039029,referee,3728,"DE LA CRUZ GONZALEZ, JAIME",Arbitro principal,https://www.rffm.es/acta-partido/1039029,2026-08-09T16:15:27.598438+00:00
1039029,referee,1169875,"RUIZ MARTINEZ ALCOCER, ADRIAN",Arbitro asistente,https://www.rffm.es/acta-partido/1039029,2026-08-09T16:15:27.598438+00:00
1039029,referee,2616,"MEDINA GARCIA, ALEJANDRO",Arbitro asistente,https://www.rffm.es/acta-partido/1039029,2026-08-09T16:15:27.598438+00:00
1039029,field_delegate,,"VILLA GÓMEZ, FERNANDO",delegado_campo,https://www.rffm.es/acta-partido/1039029,2026-08-09T16:15:27.598438+00:00
1039038,referee,3824,"PUENTE BONILLA, PABLO",Arbitro principal,https://www.rffm.es/acta-partido/1039038,2026-08-09T16:15:27.603473+00:00
1039038,referee,1169809,"GONZALEZ MENDES, SORAYA",Arbitro asistente,https://www.rffm.es/acta-partido/1039038,2026-08-09T16:15:27.603473+00:00
1039038,referee,645223,"SANCHEZ JIMENEZ, DAVID",Arbitro asistente,https://www.rffm.es/acta-partido/1039038,2026-08-09T16:15:27.603473+00:00
1039038,field_delegate,,"HERNANDEZ PADILLA, FRANCISCO JOSE",delegado_campo,https://www.rffm.es/acta-partido/1039038,2026-08-09T16:15:27.603473+00:00
1039043,referee,591020,"DE GUSTIN PINTO, DAVID",Arbitro principal,https://www.rffm.es/acta-partido/1039043,2026-08-09T16:15:27.607233+00:00
1039043,referee,1169816,"GOMEZ HERRERO, ALEJANDRO",Arbitro asistente,https://www.rffm.es/acta-partido/1039043,2026-08-09T16:15:27.607233+00:00
1039043,referee,645351,"MADALOSSO , RICCARDO",Arbitro asistente,https://www.rffm.es/acta-partido/1039043,2026-08-09T16:15:27.607233+00:00
1039043,field_delegate,,"MATA GARCÍA , ROBERTO ANDRÉS",delegado_campo,https://www.rffm.es/acta-partido/1039043,2026-08-09T16:15:27.607233+00:00
1039041,referee,4413,"FERNANDEZ MARUGAN, MARIO ALEXIS",Arbitro principal,https://www.rffm.es/acta-partido/1039041,2026-08-09T16:15:27.628583+00:00
1039041,referee,1169774,"CHASI TOMALO, EDISON LUIS",Arbitro asistente,https://www.rffm.es/acta-partido/1039041,2026-08-09T16:15:27.628583+00:00
1039041,referee,822935,"LOPEZ PIÑA, GONZALO",Arbitro asistente,https://www.rffm.es/acta-partido/1039041,2026-08-09T16:15:27.628583+00:00
1039041,field_delegate,,"RECIO ORTEGA , JESUS",delegado_campo,https://www.rffm.es/acta-partido/1039041,2026-08-09T16:15:27.628583+00:00
1039039,referee,591232,"GONZALEZ SEIJAS, JORGE",Arbitro principal,https://www.rffm.es/acta-partido/1039039,2026-08-09T16:15:27.992577+00:00
1039039,referee,1169885,"SANTILLAN VELA, FREDDY",Arbitro asistente,https://www.rffm.es/acta-partido/1039039,2026-08-09T16:15:27.992577+00:00
1039039,referee,4419,"MENDOZA CEMBRANOS, PABLO",Arbitro asistente,https://www.rffm.es/acta-partido/1039039,2026-08-09T16:15:27.992577+00:00
1039039,field_delegate,,"RODRIGUEZ GARCIA, JUAN DIEGO",delegado_campo,https://www.rffm.es/acta-partido/1039039,2026-08-09T16:15:27.992577+00:00
1039046,referee,592583,"MARTINEZ MANSILLA, MIGUEL",Arbitro principal,https://www.rffm.es/acta-partido/1039046,2026-08-09T16:15:28.077146+00:00
1039046,referee,716478,"ALMANSA HERAS, SERGIO",Arbitro asistente,https://www.rffm.es/acta-partido/1039046,2026-08-09T16:15:28.077146+00:00
1039046,referee,797628,"JIMENEZ GONZALEZ, JAIME",Arbitro asistente,https://www.rffm.es/acta-partido/1039046,2026-08-09T16:15:28.077146+00:00
1039046,field_delegate,,"LAZARO ROMERO, FELIX",delegado_campo,https://www.rffm.es/acta-partido/1039046,2026-08-09T16:15:28.077146+00:00
1039042,referee,4813,"GARCIA MARTINEZ, JORGE",Arbitro principal,https://www.rffm.es/acta-partido/1039042,2026-08-09T16:15:28.421312+00:00
1039042,referee,1169800,"FORTUNA GIRON, JULEN",Arbitro asistente,https://www.rffm.es/acta-partido/1039042,2026-08-09T16:15:28.421312+00:00
1039042,referee,718727,"IZQUIERDO CANTERO, ALEJANDRO",Arbitro asistente,https://www.rffm.es/acta-partido/1039042,2026-08-09T16:15:28.421312+00:00
1039042,field_delegate,,"SANCHEZ JIMENEZ, ALFONSO",delegado_campo,https://www.rffm.es/acta-partido/1039042,2026-08-09T16:15:28.421312+00:00
1039040,referee,718719,"GUIJARRO PANIAGUA, DANIEL",Arbitro principal,https://www.rffm.es/acta-partido/1039040,2026-08-09T16:15:29.160531+00:00
1039040,referee,1169888,"SEGOVIA SAN BENITO, CARLOS",Arbitro asistente,https://www.rffm.es/acta-partido/1039040,2026-08-09T16:15:29.160531+00:00
1039040,referee,742557,"IGLESIAS SZENDEFY, MARK",Arbitro asistente,https://www.rffm.es/acta-partido/1039040,2026-08-09T16:15:29.160531+00:00
1039040,field_delegate,,"PRADOS EIRAS, JUAN JOSE",delegado_campo,https://www.rffm.es/acta-partido/1039040,2026-08-09T16:15:29.160531+00:00
1039045,referee,4913,"ARRANZ FURONES, LUIS",Arbitro principal,https://www.rffm.es/acta-partido/1039045,2026-08-09T16:15:29.459678+00:00
1039045,referee,967704,"ALVARO NEBREDA, JOSE ANGEL",Arbitro asistente,https://www.rffm.es/acta-partido/1039045,2026-08-09T16:15:29.459678+00:00
1039045,referee,3895,"BOR, TAMAS",Arbitro asistente,https://www.rffm.es/acta-partido/1039045,2026-08-09T16:15:29.459678+00:00
1039045,field_delegate,,"ALMAGRO CHICA, JOSE MANUEL",delegado_campo,https://www.rffm.es/acta-partido/1039045,2026-08-09T16:15:29.459678+00:00
1039047,referee,804593,"DE MINGO COLLADOS, VICTOR",Arbitro principal,https://www.rffm.es/acta-partido/1039047,2026-08-09T16:15:29.870430+00:00
1039047,referee,1169857,"MURCIEGO CABEZAS, MIGUEL",Arbitro asistente,https://www.rffm.es/acta-partido/1039047,2026-08-09T16:15:29.870430+00:00
1039047,referee,5069,"GONZALEZ CALVO, EDUARDO",Arbitro asistente,https://www.rffm.es/acta-partido/1039047,2026-08-09T16:15:29.870430+00:00
1039047,field_delegate,,"HERNANDEZ PADILLA, FRANCISCO JOSE",delegado_campo,https://www.rffm.es/acta-partido/1039047,2026-08-09T16:15:29.870430+00:00
1039050,referee,4083,"FUENTES CASTAÑO, AGUSTIN",Arbitro principal,https://www.rffm.es/acta-partido/1039050,2026-08-09T16:15:29.876462+00:00
1039050,referee,1169854,"MUÑOZ CERRADA, IGNACIO",Arbitro asistente,https://www.rffm.es/acta-partido/1039050,2026-08-09T16:15:29.876462+00:00
1039050,referee,591084,"RODRIGUEZ GIRALDO, IVAN",Arbitro asistente,https://www.rffm.es/acta-partido/1039050,2026-08-09T16:15:29.876462+00:00
1039050,field_delegate,,"SÁNCHEZ DE LAS MATAS PÉREZ, CARLOS",delegado_campo,https://www.rffm.es/acta-partido/1039050,2026-08-09T16:15:29.876462+00:00
1039049,referee,592583,"MARTINEZ MANSILLA, MIGUEL",Arbitro principal,https://www.rffm.es/acta-partido/1039049,2026-08-09T16:15:29.889293+00:00
1039049,referee,1169900,"VALLE DOMINGO, ANTONIO",Arbitro asistente,https://www.rffm.es/acta-partido/1039049,2026-08-09T16:15:29.889293+00:00
1039049,referee,5105,"CARDERO ARRANZ, SANTIAGO",Arbitro asistente,https://www.rffm.es/acta-partido/1039049,2026-08-09T16:15:29.889293+00:00
1039049,field_delegate,,"NONAY QUESADA, JUAN PEDRO",delegado_campo,https://www.rffm.es/acta-partido/1039049,2026-08-09T16:15:29.889293+00:00
1039051,referee,4901,"RANZ CASTAÑEDA, SAMUEL",Arbitro principal,https://www.rffm.es/acta-partido/1039051,2026-08-09T16:15:30.068080+00:00
1039051,referee,1169800,"FORTUNA GIRON, JULEN",Arbitro asistente,https://www.rffm.es/acta-partido/1039051,2026-08-09T16:15:30.068080+00:00
1039051,referee,797585,"FRAMIÑAN GARCIA, SERGIO",Arbitro asistente,https://www.rffm.es/acta-partido/1039051,2026-08-09T16:15:30.068080+00:00
1039051,field_delegate,,"POZON GAMERO , JUAN JOSE",delegado_campo,https://www.rffm.es/acta-partido/1039051,2026-08-09T16:15:30.068080+00:00
1039053,referee,5076,"SANCHEZ FERNANDEZ DE AVILA, MIGUEL",Arbitro principal,https://www.rffm.es/acta-partido/1039053,2026-08-09T16:15:30.336494+00:00
1039053,referee,3812,"FERNANDEZ HURTADO, JOSE LUIS",Arbitro asistente,https://www.rffm.es/acta-partido/1039053,2026-08-09T16:15:30.336494+00:00
1039053,referee,591070,"OLIVA RAMOS, ALVARO",Arbitro asistente,https://www.rffm.es/acta-partido/1039053,2026-08-09T16:15:30.336494+00:00
1039053,field_delegate,,"REY , LUÍS ALFONSO",delegado_campo,https://www.rffm.es/acta-partido/1039053,2026-08-09T16:15:30.336494+00:00
1039055,referee,1050822,"CHAVARRIA GIL, JESUS",Arbitro principal,https://www.rffm.es/acta-partido/1039055,2026-08-09T16:15:30.383023+00:00
1039055,referee,1169770,"BELHAJ HARBI, AYMAN",Arbitro asistente,https://www.rffm.es/acta-partido/1039055,2026-08-09T16:15:30.383023+00:00
1039055,referee,3925,"PARRA GONZALEZ, VICTOR",Arbitro asistente,https://www.rffm.es/acta-partido/1039055,2026-08-09T16:15:30.383023+00:00
1039055,field_delegate,,"BARTOLOME TEJEDOR, GREGORIO",delegado_campo,https://www.rffm.es/acta-partido/1039055,2026-08-09T16:15:30.383023+00:00
1039054,referee,3914,"IBAÑEZ GUTIERREZ, ANGEL",Arbitro principal,https://www.rffm.es/acta-partido/1039054,2026-08-09T16:15:30.505014+00:00
1039054,referee,1169885,"SANTILLAN VELA, FREDDY",Arbitro asistente,https://www.rffm.es/acta-partido/1039054,2026-08-09T16:15:30.505014+00:00
1039054,referee,797638,"MASSO GOMEZ, MARTA",Arbitro asistente,https://www.rffm.es/acta-partido/1039054,2026-08-09T16:15:30.505014+00:00
1039054,field_delegate,,", JOSE LUIS MARTIN FELIX",delegado_campo,https://www.rffm.es/acta-partido/1039054,2026-08-09T16:15:30.505014+00:00
1039044,referee,3539,"CASTRO MARTIN, FERNANDO",Arbitro principal,https://www.rffm.es/acta-partido/1039044,2026-08-09T16:15:30.574773+00:00
1039044,referee,3812,"FERNANDEZ HURTADO, JOSE LUIS",Arbitro asistente,https://www.rffm.es/acta-partido/1039044,2026-08-09T16:15:30.574773+00:00
1039044,referee,4546,"BARRADO LACORTE, PEDRO JESUS",Arbitro asistente,https://www.rffm.es/acta-partido/1039044,2026-08-09T16:15:30.574773+00:00
1039044,field_delegate,,"VÁZQUEZ BERNAL , ALEJANDRO JOSÉ",delegado_campo,https://www.rffm.es/acta-partido/1039044,2026-08-09T16:15:30.574773+00:00
1039048,referee,591116,"TORRALBA CASTAÑEDA, PABLO",Arbitro principal,https://www.rffm.es/acta-partido/1039048,2026-08-09T16:15:31.256889+00:00
1039048,referee,1169766,"ABAJO FERNANDEZ, JORGE",Arbitro asistente,https://www.rffm.es/acta-partido/1039048,2026-08-09T16:15:31.256889+00:00
1039048,referee,5105,"CARDERO ARRANZ, SANTIAGO",Arbitro asistente,https://www.rffm.es/acta-partido/1039048,2026-08-09T16:15:31.256889+00:00
1039048,field_delegate,,"VILLA GOMEZ, FERNANDO",delegado_campo,https://www.rffm.es/acta-partido/1039048,2026-08-09T16:15:31.256889+00:00
1039063,referee,1091,"VALVERDE SANCHEZ, ANGEL LUIS",Arbitro principal,https://www.rffm.es/acta-partido/1039063,2026-08-09T16:15:31.454211+00:00
1039063,referee,1169854,"MUÑOZ CERRADA, IGNACIO",Arbitro asistente,https://www.rffm.es/acta-partido/1039063,2026-08-09T16:15:31.454211+00:00
1039063,referee,964694,"FERNANDEZ BAERT, JAIME",Arbitro asistente,https://www.rffm.es/acta-partido/1039063,2026-08-09T16:15:31.454211+00:00
1039063,field_delegate,,"LAZARO ROMERO, FELIX",delegado_campo,https://www.rffm.es/acta-partido/1039063,2026-08-09T16:15:31.454211+00:00
1039058,referee,645067,"MUÑOZ MORENO, JAIME",Arbitro principal,https://www.rffm.es/acta-partido/1039058,2026-08-09T16:15:31.465315+00:00
1039058,referee,1169865,"PEREZ ROSARIO, CRISTIAN",Arbitro asistente,https://www.rffm.es/acta-partido/1039058,2026-08-09T16:15:31.465315+00:00
1039058,referee,877900,"ACEVEDO GONZALEZ, JORGE",Arbitro asistente,https://www.rffm.es/acta-partido/1039058,2026-08-09T16:15:31.465315+00:00
1039058,field_delegate,,"RECIO ORTEGA , JESUS",delegado_campo,https://www.rffm.es/acta-partido/1039058,2026-08-09T16:15:31.465315+00:00
1039059,referee,645710,"CASTRO MANQUILLO, SEBASTIAN",Arbitro principal,https://www.rffm.es/acta-partido/1039059,2026-08-09T16:15:31.793794+00:00
1039059,referee,1169838,"JURCA, MIHAI ALEXANDRU",Arbitro asistente,https://www.rffm.es/acta-partido/1039059,2026-08-09T16:15:31.793794+00:00
1039059,referee,523234,"ROYO CID, CARLOS",Arbitro asistente,https://www.rffm.es/acta-partido/1039059,2026-08-09T16:15:31.793794+00:00
1039059,field_delegate,,"SANCHEZ JIMENEZ, ALFONSO",delegado_campo,https://www.rffm.es/acta-partido/1039059,2026-08-09T16:15:31.793794+00:00
1039052,referee,4413,"FERNANDEZ MARUGAN, MARIO ALEXIS",Arbitro principal,https://www.rffm.es/acta-partido/1039052,2026-08-09T16:15:31.840535+00:00
1039052,referee,1169631,"GUEVARA RAMIREZ, LUIS HERNAN",Arbitro asistente,https://www.rffm.es/acta-partido/1039052,2026-08-09T16:15:31.840535+00:00
1039052,referee,3925,"PARRA GONZALEZ, VICTOR",Arbitro asistente,https://www.rffm.es/acta-partido/1039052,2026-08-09T16:15:31.840535+00:00
1039052,field_delegate,,"ARANDA CABALLERO , BALTASAR",delegado_campo,https://www.rffm.es/acta-partido/1039052,2026-08-09T16:15:31.840535+00:00
1039056,referee,591020,"DE GUSTIN PINTO, DAVID",Arbitro principal,https://www.rffm.es/acta-partido/1039056,2026-08-09T16:15:32.077896+00:00
1039056,referee,1169816,"GOMEZ HERRERO, ALEJANDRO",Arbitro asistente,https://www.rffm.es/acta-partido/1039056,2026-08-09T16:15:32.077896+00:00
1039056,referee,3800,"ALVAREZ SASTRE, SERGIO",Arbitro asistente,https://www.rffm.es/acta-partido/1039056,2026-08-09T16:15:32.077896+00:00
1039056,field_delegate,,"RODRIGUEZ GARCIA, JUAN DIEGO",delegado_campo,https://www.rffm.es/acta-partido/1039056,2026-08-09T16:15:32.077896+00:00
1039057,referee,742609,"PEREZ TORRES, DIEGO",Arbitro principal,https://www.rffm.es/acta-partido/1039057,2026-08-09T16:15:32.083706+00:00
1039057,referee,1169897,"TORRALBA RODRIGUEZ, MANUEL",Arbitro asistente,https://www.rffm.es/acta-partido/1039057,2026-08-09T16:15:32.083706+00:00
1039057,referee,536790,"ESPINOSA ARANDA, DANIEL",Arbitro asistente,https://www.rffm.es/acta-partido/1039057,2026-08-09T16:15:32.083706+00:00
1039057,field_delegate,,"PRADOS EIRAS, JUAN JOSE",delegado_campo,https://www.rffm.es/acta-partido/1039057,2026-08-09T16:15:32.083706+00:00
1039062,referee,222,"ROMERO SAEZ, EDUARDO",Arbitro principal,https://www.rffm.es/acta-partido/1039062,2026-08-09T16:15:32.433409+00:00
1039062,referee,1169631,"GUEVARA RAMIREZ, LUIS HERNAN",Arbitro asistente,https://www.rffm.es/acta-partido/1039062,2026-08-09T16:15:32.433409+00:00
1039062,referee,4546,"BARRADO LACORTE, PEDRO JESUS",Arbitro asistente,https://www.rffm.es/acta-partido/1039062,2026-08-09T16:15:32.433409+00:00
1039062,field_delegate,,"CASTRO DEL BARRIO, GUILLERMO",delegado_campo,https://www.rffm.es/acta-partido/1039062,2026-08-09T16:15:32.433409+00:00
1039060,referee,2085,"CARRALERO CALVO, MANUEL",Arbitro principal,https://www.rffm.es/acta-partido/1039060,2026-08-09T16:15:32.443179+00:00
1039060,referee,1169766,"ABAJO FERNANDEZ, JORGE",Arbitro asistente,https://www.rffm.es/acta-partido/1039060,2026-08-09T16:15:32.443179+00:00
1039060,referee,722273,"SANCHEZ MORAGA, CRISTIAN",Arbitro asistente,https://www.rffm.es/acta-partido/1039060,2026-08-09T16:15:32.443179+00:00
1039060,field_delegate,,"MATA GARCÍA , ROBERTO ANDRÉS",delegado_campo,https://www.rffm.es/acta-partido/1039060,2026-08-09T16:15:32.443179+00:00
1039064,referee,578072,"BORDONS ROMERO, IGNACIO",Arbitro principal,https://www.rffm.es/acta-partido/1039064,2026-08-09T16:15:32.473169+00:00
1039064,referee,523088,"JAADAR MOKHTARI, BILAL",Arbitro asistente,https://www.rffm.es/acta-partido/1039064,2026-08-09T16:15:32.473169+00:00
1039064,referee,797592,"GARCIA-GIL TALLANTE, DAVID",Arbitro asistente,https://www.rffm.es/acta-partido/1039064,2026-08-09T16:15:32.473169+00:00
1039064,field_delegate,,"ALONSO BARRADO, ALBERTO",delegado_campo,https://www.rffm.es/acta-partido/1039064,2026-08-09T16:15:32.473169+00:00
1039061,referee,636170,"CONDE CLEMENTE, KILIAN",Arbitro principal,https://www.rffm.es/acta-partido/1039061,2026-08-09T16:15:32.490350+00:00
1039061,referee,1169809,"GONZALEZ MENDES, SORAYA",Arbitro asistente,https://www.rffm.es/acta-partido/1039061,2026-08-09T16:15:32.490350+00:00
1039061,referee,4334,"GARCIA COBO, ALBERTO",Arbitro asistente,https://www.rffm.es/acta-partido/1039061,2026-08-09T16:15:32.490350+00:00
1039061,field_delegate,,"MENDOZA PEDROCHE, JOSE IGNACIO",delegado_campo,https://www.rffm.es/acta-partido/1039061,2026-08-09T16:15:32.490350+00:00
1039068,referee,536786,"DIAZ CARRASCO, DIEGO",Arbitro principal,https://www.rffm.es/acta-partido/1039068,2026-08-09T16:15:32.576055+00:00
1039068,referee,716478,"ALMANSA HERAS, SERGIO",Arbitro asistente,https://www.rffm.es/acta-partido/1039068,2026-08-09T16:15:32.576055+00:00
1039068,referee,4910,"SIMON GARCIA, SERGIO",Arbitro asistente,https://www.rffm.es/acta-partido/1039068,2026-08-09T16:15:32.576055+00:00
1039068,field_delegate,,"NONAY QUESADA, JUAN PEDRO",delegado_campo,https://www.rffm.es/acta-partido/1039068,2026-08-09T16:15:32.576055+00:00
1039069,referee,3824,"PUENTE BONILLA, PABLO",Arbitro principal,https://www.rffm.es/acta-partido/1039069,2026-08-09T16:15:32.718798+00:00
1039069,referee,1169809,"GONZALEZ MENDES, SORAYA",Arbitro asistente,https://www.rffm.es/acta-partido/1039069,2026-08-09T16:15:32.718798+00:00
1039069,referee,909095,"BLANCO RIVERA, DANIEL",Arbitro asistente,https://www.rffm.es/acta-partido/1039069,2026-08-09T16:15:32.718798+00:00
1039069,field_delegate,,"SÁNCHEZ DE LAS MATAS PÉREZ, CARLOS",delegado_campo,https://www.rffm.es/acta-partido/1039069,2026-08-09T16:15:32.718798+00:00
1039072,referee,797831,"BETES CASTRO, ALFREDO",Arbitro principal,https://www.rffm.es/acta-partido/1039072,2026-08-09T16:15:32.734714+00:00
1039072,referee,1169829,"GARCIA CASADO, ALVARO",Arbitro asistente,https://www.rffm.es/acta-partido/1039072,2026-08-09T16:15:32.734714+00:00
1039072,referee,5105,"CARDERO ARRANZ, SANTIAGO",Arbitro asistente,https://www.rffm.es/acta-partido/1039072,2026-08-09T16:15:32.734714+00:00
1039072,field_delegate,,"REY , LUÍS ALFONSO",delegado_campo,https://www.rffm.es/acta-partido/1039072,2026-08-09T16:15:32.734714+00:00
1039070,referee,718977,"KOURTAM CHEHLAOUI, KHALID",Arbitro principal,https://www.rffm.es/acta-partido/1039070,2026-08-09T16:15:32.738763+00:00
1039070,referee,1169865,"PEREZ ROSARIO, CRISTIAN",Arbitro asistente,https://www.rffm.es/acta-partido/1039070,2026-08-09T16:15:32.738763+00:00
1039070,referee,523200,"MORARU, FLORIN WESPASIAN",Arbitro asistente,https://www.rffm.es/acta-partido/1039070,2026-08-09T16:15:32.738763+00:00
1039070,field_delegate,,"SÁNCHEZ MÉNDEZ, JOSÉ LUIS",delegado_campo,https://www.rffm.es/acta-partido/1039070,2026-08-09T16:15:32.738763+00:00
1039071,referee,3682,"GONZALEZ GUISADO, SERGIO",Arbitro principal,https://www.rffm.es/acta-partido/1039071,2026-08-09T16:15:33.092423+00:00
1039071,referee,1169897,"TORRALBA RODRIGUEZ, MANUEL",Arbitro asistente,https://www.rffm.es/acta-partido/1039071,2026-08-09T16:15:33.092423+00:00
1039071,referee,823081,"POSTOLACHE PATRICHI, DANIELA ELENA",Arbitro asistente,https://www.rffm.es/acta-partido/1039071,2026-08-09T16:15:33.092423+00:00
1039071,field_delegate,,"ARANDA CABALLERO , BALTASAR",delegado_campo,https://www.rffm.es/acta-partido/1039071,2026-08-09T16:15:33.092423+00:00
1039073,referee,1181959,"PIÑEIRO MARCOS, ALEJANDRO",Arbitro principal,https://www.rffm.es/acta-partido/1039073,2026-08-09T16:15:33.103317+00:00
1039073,referee,1169816,"GOMEZ HERRERO, ALEJANDRO",Arbitro asistente,https://www.rffm.es/acta-partido/1039073,2026-08-09T16:15:33.103317+00:00
1039073,referee,679,"BARRANQUERO SANCHEZ, EDUARDO",Arbitro asistente,https://www.rffm.es/acta-partido/1039073,2026-08-09T16:15:33.103317+00:00
1039073,field_delegate,,"BARTOLOME TEJEDOR, GREGORIO",delegado_campo,https://www.rffm.es/acta-partido/1039073,2026-08-09T16:15:33.103317+00:00
1039065,referee,4395,"FERRERO MELCHOR, IGNACIO",Arbitro principal,https://www.rffm.es/acta-partido/1039065,2026-08-09T16:15:33.253151+00:00
1039065,referee,1169871,"ROMANILLOS GARCIA, GONZALO",Arbitro asistente,https://www.rffm.es/acta-partido/1039065,2026-08-09T16:15:33.253151+00:00
1039065,referee,771863,"BLANCO GONZALEZ, RUBEN",Arbitro asistente,https://www.rffm.es/acta-partido/1039065,2026-08-09T16:15:33.253151+00:00
1039065,field_delegate,,"RODRIGUEZ GARCÍA, JUAN DIEGO",delegado_campo,https://www.rffm.es/acta-partido/1039065,2026-08-09T16:15:33.253151+00:00
1039067,referee,3773,"TOTH, LORAND ZOLTAN",Arbitro principal,https://www.rffm.es/acta-partido/1039067,2026-08-09T16:15:33.502054+00:00
1039067,referee,3812,"FERNANDEZ HURTADO, JOSE LUIS",Arbitro asistente,https://www.rffm.es/acta-partido/1039067,2026-08-09T16:15:33.502054+00:00
1039067,referee,645830,"VIDALLER SEGURA, LEON",Arbitro asistente,https://www.rffm.es/acta-partido/1039067,2026-08-09T16:15:33.502054+00:00
1039067,field_delegate,,"VILLA GÓMEZ, FERNANDO",delegado_campo,https://www.rffm.es/acta-partido/1039067,2026-08-09T16:15:33.502054+00:00
1039066,referee,4813,"GARCIA MARTINEZ, JORGE",Arbitro principal,https://www.rffm.es/acta-partido/1039066,2026-08-09T16:15:33.549173+00:00
1039066,referee,1169800,"FORTUNA GIRON, JULEN",Arbitro asistente,https://www.rffm.es/acta-partido/1039066,2026-08-09T16:15:33.549173+00:00
1039066,referee,878174,"MORENO MORALEDA, ISMAEL",Arbitro asistente,https://www.rffm.es/acta-partido/1039066,2026-08-09T16:15:33.549173+00:00
1039066,field_delegate,,"HERNANDEZ PADILLA, FRANCISCO JOSE",delegado_campo,https://www.rffm.es/acta-partido/1039066,2026-08-09T16:15:33.549173+00:00
1039077,referee,3535,"ACERO LLAMAS, GUILLERMO",Arbitro principal,https://www.rffm.es/acta-partido/1039077,2026-08-09T16:15:33.737767+00:00
1039077,referee,1169774,"CHASI TOMALO, EDISON LUIS",Arbitro asistente,https://www.rffm.es/acta-partido/1039077,2026-08-09T16:15:33.737767+00:00
1039077,referee,5105,"CARDERO ARRANZ, SANTIAGO",Arbitro asistente,https://www.rffm.es/acta-partido/1039077,2026-08-09T16:15:33.737767+00:00
1039077,field_delegate,,"MATA GARCÍA , ROBERTO ANDRÉS",delegado_campo,https://www.rffm.es/acta-partido/1039077,2026-08-09T16:15:33.737767+00:00
1039082,referee,4901,"RANZ CASTAÑEDA, SAMUEL",Arbitro principal,https://www.rffm.es/acta-partido/1039082,2026-08-09T16:15:33.853679+00:00
1039082,referee,1169800,"FORTUNA GIRON, JULEN",Arbitro asistente,https://www.rffm.es/acta-partido/1039082,2026-08-09T16:15:33.853679+00:00
1039082,referee,797585,"FRAMIÑAN GARCIA, SERGIO",Arbitro asistente,https://www.rffm.es/acta-partido/1039082,2026-08-09T16:15:33.853679+00:00
1039082,field_delegate,,"MARTIN FELIX, JOSE LUIS",delegado_campo,https://www.rffm.es/acta-partido/1039082,2026-08-09T16:15:33.853679+00:00
1039075,referee,1050822,"CHAVARRIA GIL, JESUS",Arbitro principal,https://www.rffm.es/acta-partido/1039075,2026-08-09T16:15:33.859353+00:00
1039075,referee,1169770,"BELHAJ HARBI, AYMAN",Arbitro asistente,https://www.rffm.es/acta-partido/1039075,2026-08-09T16:15:33.859353+00:00
1039075,referee,1174307,"PULIDO VALERO, FRANCISCO JAVIER",Arbitro asistente,https://www.rffm.es/acta-partido/1039075,2026-08-09T16:15:33.859353+00:00
1039075,field_delegate,,"RECIO ORTEGA , JESUS",delegado_campo,https://www.rffm.es/acta-partido/1039075,2026-08-09T16:15:33.859353+00:00
1039074,referee,592583,"MARTINEZ MANSILLA, MIGUEL",Arbitro principal,https://www.rffm.es/acta-partido/1039074,2026-08-09T16:15:34.500644+00:00
1039074,referee,716478,"ALMANSA HERAS, SERGIO",Arbitro asistente,https://www.rffm.es/acta-partido/1039074,2026-08-09T16:15:34.500644+00:00
1039074,referee,536311,"DELGADO BENÍTEZ, RAÚL",Arbitro asistente,https://www.rffm.es/acta-partido/1039074,2026-08-09T16:15:34.500644+00:00
1039074,field_delegate,,"PRADOS EIRAS, JUAN JOSE",delegado_campo,https://www.rffm.es/acta-partido/1039074,2026-08-09T16:15:34.500644+00:00
1039080,referee,645494,"FERNANDEZ MOLINERO, SERGIO",Arbitro principal,https://www.rffm.es/acta-partido/1039080,2026-08-09T16:15:34.663539+00:00
1039080,referee,1169871,"ROMANILLOS GARCIA, GONZALO",Arbitro asistente,https://www.rffm.es/acta-partido/1039080,2026-08-09T16:15:34.663539+00:00
1039080,referee,877545,"ILLANA GAGO, GONZALO",Arbitro asistente,https://www.rffm.es/acta-partido/1039080,2026-08-09T16:15:34.663539+00:00
1039080,field_delegate,,"LAZARO ROMERO, FELIX",delegado_campo,https://www.rffm.es/acta-partido/1039080,2026-08-09T16:15:34.663539+00:00
1039078,referee,4302,"AVILES GARCIA, DAVID",Arbitro principal,https://www.rffm.es/acta-partido/1039078,2026-08-09T16:15:34.874333+00:00
1039078,referee,1169897,"TORRALBA RODRIGUEZ, MANUEL",Arbitro asistente,https://www.rffm.es/acta-partido/1039078,2026-08-09T16:15:34.874333+00:00
1039078,referee,1169363,"SAYAR CELESTINO, JESUS MIGUEL",Arbitro asistente,https://www.rffm.es/acta-partido/1039078,2026-08-09T16:15:34.874333+00:00
1039078,field_delegate,,"MENDOZA PEDROCHE, JOSE IGNACIO",delegado_campo,https://www.rffm.es/acta-partido/1039078,2026-08-09T16:15:34.874333+00:00
1039081,referee,656463,"MARTINEZ PRIETO, ARTURO",Arbitro principal,https://www.rffm.es/acta-partido/1039081,2026-08-09T16:15:34.879040+00:00
1039081,referee,1169888,"SEGOVIA SAN BENITO, CARLOS",Arbitro asistente,https://www.rffm.es/acta-partido/1039081,2026-08-09T16:15:34.879040+00:00
1039081,referee,1029814,"GARCIA PEÑACOBA, CESAR",Arbitro asistente,https://www.rffm.es/acta-partido/1039081,2026-08-09T16:15:34.879040+00:00
1039081,field_delegate,,"ALONSO BARRADO, ALBERTO",delegado_campo,https://www.rffm.es/acta-partido/1039081,2026-08-09T16:15:34.879040+00:00
1039088,referee,4793,"BENITO MARTINEZ, SERGIO",Arbitro principal,https://www.rffm.es/acta-partido/1039088,2026-08-09T16:15:35.142980+00:00
1039088,referee,1169774,"CHASI TOMALO, EDISON LUIS",Arbitro asistente,https://www.rffm.es/acta-partido/1039088,2026-08-09T16:15:35.142980+00:00
1039088,referee,877900,"ACEVEDO GONZALEZ, JORGE",Arbitro asistente,https://www.rffm.es/acta-partido/1039088,2026-08-09T16:15:35.142980+00:00
1039088,field_delegate,,"SÁNCHEZ DE LAS MATAS PÉREZ, CARLOS",delegado_campo,https://www.rffm.es/acta-partido/1039088,2026-08-09T16:15:35.142980+00:00
1039086,referee,578072,"BORDONS ROMERO, IGNACIO",Arbitro principal,https://www.rffm.es/acta-partido/1039086,2026-08-09T16:15:35.148653+00:00
1039086,referee,1169900,"VALLE DOMINGO, ANTONIO",Arbitro asistente,https://www.rffm.es/acta-partido/1039086,2026-08-09T16:15:35.148653+00:00
1039086,referee,878313,"VICENTE JUAREZ, ANGEL",Arbitro asistente,https://www.rffm.es/acta-partido/1039086,2026-08-09T16:15:35.148653+00:00
1039086,field_delegate,,"VILLA GOMEZ, FERNANDO",delegado_campo,https://www.rffm.es/acta-partido/1039086,2026-08-09T16:15:35.148653+00:00
1039076,referee,5076,"SANCHEZ FERNANDEZ DE AVILA, MIGUEL",Arbitro principal,https://www.rffm.es/acta-partido/1039076,2026-08-09T16:15:35.413231+00:00
1039076,referee,1169766,"ABAJO FERNANDEZ, JORGE",Arbitro asistente,https://www.rffm.es/acta-partido/1039076,2026-08-09T16:15:35.413231+00:00
1039076,referee,813607,"FERNANDEZ ALCOBENDAS, OSCAR",Arbitro asistente,https://www.rffm.es/acta-partido/1039076,2026-08-09T16:15:35.413231+00:00
1039076,field_delegate,,"SANCHEZ JIMENEZ, ALFONSO",delegado_campo,https://www.rffm.es/acta-partido/1039076,2026-08-09T16:15:35.413231+00:00
1039087,referee,1182046,"BILBAO RODRIGUEZ, JAVIER",Arbitro principal,https://www.rffm.es/acta-partido/1039087,2026-08-09T16:15:35.456412+00:00
1039087,referee,1169766,"ABAJO FERNANDEZ, JORGE",Arbitro asistente,https://www.rffm.es/acta-partido/1039087,2026-08-09T16:15:35.456412+00:00
1039087,referee,877940,"CABADO RODRIGUEZ, YAGO",Arbitro asistente,https://www.rffm.es/acta-partido/1039087,2026-08-09T16:15:35.456412+00:00
1039087,field_delegate,,"FUENTES RUIZ, FRANCISCO JOSE",delegado_campo,https://www.rffm.es/acta-partido/1039087,2026-08-09T16:15:35.456412+00:00
1039079,referee,2591,"CALVO GONZALEZ, JAVIER",Arbitro principal,https://www.rffm.es/acta-partido/1039079,2026-08-09T16:15:35.505053+00:00
1039079,referee,3812,"FERNANDEZ HURTADO, JOSE LUIS",Arbitro asistente,https://www.rffm.es/acta-partido/1039079,2026-08-09T16:15:35.505053+00:00
1039079,referee,645830,"VIDALLER SEGURA, LEON",Arbitro asistente,https://www.rffm.es/acta-partido/1039079,2026-08-09T16:15:35.505053+00:00
1039079,field_delegate,,"ALMAGRO CHICA, JOSE MANUEL",delegado_campo,https://www.rffm.es/acta-partido/1039079,2026-08-09T16:15:35.505053+00:00
1039085,referee,3773,"TOTH, LORAND ZOLTAN",Arbitro principal,https://www.rffm.es/acta-partido/1039085,2026-08-09T16:15:35.721926+00:00
1039085,referee,967704,"ALVARO NEBREDA, JOSE ANGEL",Arbitro asistente,https://www.rffm.es/acta-partido/1039085,2026-08-09T16:15:35.721926+00:00
1039085,referee,878174,"MORENO MORALEDA, ISMAEL",Arbitro asistente,https://www.rffm.es/acta-partido/1039085,2026-08-09T16:15:35.721926+00:00
1039085,field_delegate,,"HERNANDEZ PADILLA, FRANCISCO JOSE",delegado_campo,https://www.rffm.es/acta-partido/1039085,2026-08-09T16:15:35.721926+00:00
1039083,referee,3902,"FEITO RABANAL, DAVID",Arbitro principal,https://www.rffm.es/acta-partido/1039083,2026-08-09T16:15:35.904028+00:00
1039083,referee,909329,"MANZANO GARCIA, JORGE",Arbitro asistente,https://www.rffm.es/acta-partido/1039083,2026-08-09T16:15:35.904028+00:00
1039083,referee,718586,"GOMEZ GUILLEN, PEDRO",Arbitro asistente,https://www.rffm.es/acta-partido/1039083,2026-08-09T16:15:35.904028+00:00
1039083,field_delegate,,"PRADOS EIRAS, JUAN JOSE",delegado_campo,https://www.rffm.es/acta-partido/1039083,2026-08-09T16:15:35.904028+00:00
1039089,referee,222,"ROMERO SAEZ, EDUARDO",Arbitro principal,https://www.rffm.es/acta-partido/1039089,2026-08-09T16:15:36.058992+00:00
1039089,referee,1169631,"GUEVARA RAMIREZ, LUIS HERNAN",Arbitro asistente,https://www.rffm.es/acta-partido/1039089,2026-08-09T16:15:36.058992+00:00
1039089,referee,877778,"MORENO AVILES, DANIEL",Arbitro asistente,https://www.rffm.es/acta-partido/1039089,2026-08-09T16:15:36.058992+00:00
1039089,field_delegate,,"POZON GAMERO , JUAN JOSE",delegado_campo,https://www.rffm.es/acta-partido/1039089,2026-08-09T16:15:36.058992+00:00
1039099,referee,804593,"DE MINGO COLLADOS, VICTOR",Arbitro principal,https://www.rffm.es/acta-partido/1039099,2026-08-09T16:15:36.227581+00:00
1039099,referee,1169857,"MURCIEGO CABEZAS, MIGUEL",Arbitro asistente,https://www.rffm.es/acta-partido/1039099,2026-08-09T16:15:36.227581+00:00
1039099,referee,4267,"ZUJAR MARTINEZ, PEDRO DAVID",Arbitro asistente,https://www.rffm.es/acta-partido/1039099,2026-08-09T16:15:36.227581+00:00
1039099,field_delegate,,", JOSE LUIS MARTIN FELIX",delegado_campo,https://www.rffm.es/acta-partido/1039099,2026-08-09T16:15:36.227581+00:00
1039084,referee,1181959,"PIÑEIRO MARCOS, ALEJANDRO",Arbitro principal,https://www.rffm.es/acta-partido/1039084,2026-08-09T16:15:36.346494+00:00
1039084,referee,1169816,"GOMEZ HERRERO, ALEJANDRO",Arbitro asistente,https://www.rffm.es/acta-partido/1039084,2026-08-09T16:15:36.346494+00:00
1039084,referee,1027683,"CACHO BENITEZ, BRIAN",Arbitro asistente,https://www.rffm.es/acta-partido/1039084,2026-08-09T16:15:36.346494+00:00
1039084,field_delegate,,"RODRIGUEZ GARCÍA, JUAN DIEGO",delegado_campo,https://www.rffm.es/acta-partido/1039084,2026-08-09T16:15:36.346494+00:00
1039090,referee,718719,"GUIJARRO PANIAGUA, DANIEL",Arbitro principal,https://www.rffm.es/acta-partido/1039090,2026-08-09T16:15:36.352846+00:00
1039090,referee,1169800,"FORTUNA GIRON, JULEN",Arbitro asistente,https://www.rffm.es/acta-partido/1039090,2026-08-09T16:15:36.352846+00:00
1039090,referee,536790,"ESPINOSA ARANDA, DANIEL",Arbitro asistente,https://www.rffm.es/acta-partido/1039090,2026-08-09T16:15:36.352846+00:00
1039090,field_delegate,,"ARANDA CABALLERO , BALTASAR",delegado_campo,https://www.rffm.es/acta-partido/1039090,2026-08-09T16:15:36.352846+00:00
1039091,referee,3728,"DE LA CRUZ GONZALEZ, JAIME",Arbitro principal,https://www.rffm.es/acta-partido/1039091,2026-08-09T16:15:36.417700+00:00
1039091,referee,1169875,"RUIZ MARTINEZ ALCOCER, ADRIAN",Arbitro asistente,https://www.rffm.es/acta-partido/1039091,2026-08-09T16:15:36.417700+00:00
1039091,referee,3243,"BAUTISTA ALVAREZ, RICARDO",Arbitro asistente,https://www.rffm.es/acta-partido/1039091,2026-08-09T16:15:36.417700+00:00
1039091,field_delegate,,"BARTOLOME TEJEDOR, GREGORIO",delegado_campo,https://www.rffm.es/acta-partido/1039091,2026-08-09T16:15:36.417700+00:00
1039094,referee,719275,"MADROÑAL LORENTE, IVAN",Arbitro principal,https://www.rffm.es/acta-partido/1039094,2026-08-09T16:15:36.694642+00:00
1039094,referee,1169875,"RUIZ MARTINEZ ALCOCER, ADRIAN",Arbitro asistente,https://www.rffm.es/acta-partido/1039094,2026-08-09T16:15:36.694642+00:00
1039094,referee,1174362,"MARIN CASTILLO, WILMER ENRIQUE",Arbitro asistente,https://www.rffm.es/acta-partido/1039094,2026-08-09T16:15:36.694642+00:00
1039094,field_delegate,,"MATA GARCÍA , ROBERTO ANDRÉS",delegado_campo,https://www.rffm.es/acta-partido/1039094,2026-08-09T16:15:36.694642+00:00
1039100,referee,3580,"PARRA GONZALEZ, PABLO",Arbitro principal,https://www.rffm.es/acta-partido/1039100,2026-08-09T16:15:36.973025+00:00
1039100,referee,1169829,"GARCIA CASADO, ALVARO",Arbitro asistente,https://www.rffm.es/acta-partido/1039100,2026-08-09T16:15:36.973025+00:00
1039100,referee,3895,"BOR, TAMAS",Arbitro asistente,https://www.rffm.es/acta-partido/1039100,2026-08-09T16:15:36.973025+00:00
1039100,field_delegate,,"REY , LUÍS ALFONSO",delegado_campo,https://www.rffm.es/acta-partido/1039100,2026-08-09T16:15:36.973025+00:00
1039093,referee,2591,"CALVO GONZALEZ, JAVIER",Arbitro principal,https://www.rffm.es/acta-partido/1039093,2026-08-09T16:15:37.168910+00:00
1039093,referee,3812,"FERNANDEZ HURTADO, JOSE LUIS",Arbitro asistente,https://www.rffm.es/acta-partido/1039093,2026-08-09T16:15:37.168910+00:00
1039093,referee,909252,"GONZALEZ PELAEZ, JOSE ADRIAN",Arbitro asistente,https://www.rffm.es/acta-partido/1039093,2026-08-09T16:15:37.168910+00:00
1039093,field_delegate,,"SANCHEZ JIMENEZ, ALFONSO",delegado_campo,https://www.rffm.es/acta-partido/1039093,2026-08-09T16:15:37.168910+00:00
1039096,referee,2085,"CARRALERO CALVO, MANUEL",Arbitro principal,https://www.rffm.es/acta-partido/1039096,2026-08-09T16:15:37.283384+00:00
1039096,referee,1169766,"ABAJO FERNANDEZ, JORGE",Arbitro asistente,https://www.rffm.es/acta-partido/1039096,2026-08-09T16:15:37.283384+00:00
1039096,referee,121,"PERAL HERNANDEZ, EMILIO",Arbitro asistente,https://www.rffm.es/acta-partido/1039096,2026-08-09T16:15:37.283384+00:00
1039096,field_delegate,,"ALMAGRO CHICA, JOSE MANUEL",delegado_campo,https://www.rffm.es/acta-partido/1039096,2026-08-09T16:15:37.283384+00:00
1039097,referee,4526,"GARCIA GUTIERREZ, DAVID",Arbitro principal,https://www.rffm.es/acta-partido/1039097,2026-08-09T16:15:37.302532+00:00
1039097,referee,1169900,"VALLE DOMINGO, ANTONIO",Arbitro asistente,https://www.rffm.es/acta-partido/1039097,2026-08-09T16:15:37.302532+00:00
1039097,referee,1029814,"GARCIA PEÑACOBA, CESAR",Arbitro asistente,https://www.rffm.es/acta-partido/1039097,2026-08-09T16:15:37.302532+00:00
1039097,field_delegate,,"LAZARO ROMERO, FELIX",delegado_campo,https://www.rffm.es/acta-partido/1039097,2026-08-09T16:15:37.302532+00:00
1039095,referee,4940,"SANCHEZ CORTEZ, JORGE ALFREDO",Arbitro principal,https://www.rffm.es/acta-partido/1039095,2026-08-09T16:15:37.503812+00:00
1039095,referee,1169795,"FERNANDEZ MORENO, ALEJANDRO",Arbitro asistente,https://www.rffm.es/acta-partido/1039095,2026-08-09T16:15:37.503812+00:00
1039095,referee,877545,"ILLANA GAGO, GONZALO",Arbitro asistente,https://www.rffm.es/acta-partido/1039095,2026-08-09T16:15:37.503812+00:00
1039095,field_delegate,,"MENDOZA PEDROCHE, JOSE IGNACIO",delegado_campo,https://www.rffm.es/acta-partido/1039095,2026-08-09T16:15:37.503812+00:00
1039098,referee,3682,"GONZALEZ GUISADO, SERGIO",Arbitro principal,https://www.rffm.es/acta-partido/1039098,2026-08-09T16:15:37.671422+00:00
1039098,referee,1169897,"TORRALBA RODRIGUEZ, MANUEL",Arbitro asistente,https://www.rffm.es/acta-partido/1039098,2026-08-09T16:15:37.671422+00:00
1039098,referee,909252,"GONZALEZ PELAEZ, JOSE ADRIAN",Arbitro asistente,https://www.rffm.es/acta-partido/1039098,2026-08-09T16:15:37.671422+00:00
1039098,field_delegate,,"ALONSO BARRADO, ALBERTO",delegado_campo,https://www.rffm.es/acta-partido/1039098,2026-08-09T16:15:37.671422+00:00
1039092,referee,2755,"MONRABAL CASTAÑO, JOSE",Arbitro principal,https://www.rffm.es/acta-partido/1039092,2026-08-09T16:15:37.694920+00:00
1039092,referee,967704,"ALVARO NEBREDA, JOSE ANGEL",Arbitro asistente,https://www.rffm.es/acta-partido/1039092,2026-08-09T16:15:37.694920+00:00
1039092,referee,718723,"HUERTA DUQUE, MANUEL",Arbitro asistente,https://www.rffm.es/acta-partido/1039092,2026-08-09T16:15:37.694920+00:00
1039092,field_delegate,,"RECIO ORTEGA , JESUS",delegado_campo,https://www.rffm.es/acta-partido/1039092,2026-08-09T16:15:37.694920+00:00
1039107,referee,742609,"PEREZ TORRES, DIEGO",Arbitro principal,https://www.rffm.es/acta-partido/1039107,2026-08-09T16:15:38.032275+00:00
1039107,referee,1169897,"TORRALBA RODRIGUEZ, MANUEL",Arbitro asistente,https://www.rffm.es/acta-partido/1039107,2026-08-09T16:15:38.032275+00:00
1039107,referee,5162,"LOPEZ SORIA, JAVIER NICOLAS",Arbitro asistente,https://www.rffm.es/acta-partido/1039107,2026-08-09T16:15:38.032275+00:00
1039107,field_delegate,,"SÁNCHEZ DE LAS MATAS PÉREZ, CARLOS",delegado_campo,https://www.rffm.es/acta-partido/1039107,2026-08-09T16:15:38.032275+00:00
1039104,referee,3902,"FEITO RABANAL, DAVID",Arbitro principal,https://www.rffm.es/acta-partido/1039104,2026-08-09T16:15:39.266355+00:00
1039104,referee,1169854,"MUÑOZ CERRADA, IGNACIO",Arbitro asistente,https://www.rffm.es/acta-partido/1039104,2026-08-09T16:15:39.266355+00:00
1039104,referee,5119,"LOPEZ CUEVAS, AGUSTIN",Arbitro asistente,https://www.rffm.es/acta-partido/1039104,2026-08-09T16:15:39.266355+00:00
1039104,field_delegate,,"HERNANDEZ PADILLA, FRANCISCO JOSE",delegado_campo,https://www.rffm.es/acta-partido/1039104,2026-08-09T16:15:39.266355+00:00
1039105,referee,3824,"PUENTE BONILLA, PABLO",Arbitro principal,https://www.rffm.es/acta-partido/1039105,2026-08-09T16:15:39.269782+00:00
1039105,referee,1169875,"RUIZ MARTINEZ ALCOCER, ADRIAN",Arbitro asistente,https://www.rffm.es/acta-partido/1039105,2026-08-09T16:15:39.269782+00:00
1039105,referee,877940,"CABADO RODRIGUEZ, YAGO",Arbitro asistente,https://www.rffm.es/acta-partido/1039105,2026-08-09T16:15:39.269782+00:00
1039105,field_delegate,,"VILLA GOMEZ, FERNANDO",delegado_campo,https://www.rffm.es/acta-partido/1039105,2026-08-09T16:15:39.269782+00:00
1039109,referee,1091,"VALVERDE SANCHEZ, ANGEL LUIS",Arbitro principal,https://www.rffm.es/acta-partido/1039109,2026-08-09T16:15:39.469314+00:00
1039109,referee,3812,"FERNANDEZ HURTADO, JOSE LUIS",Arbitro asistente,https://www.rffm.es/acta-partido/1039109,2026-08-09T16:15:39.469314+00:00
1039109,referee,986847,"HIDALGO ALEJO, RAFAEL",Arbitro asistente,https://www.rffm.es/acta-partido/1039109,2026-08-09T16:15:39.469314+00:00
1039109,field_delegate,,"BARTOLOME TEJEDOR, GREGORIO",delegado_campo,https://www.rffm.es/acta-partido/1039109,2026-08-09T16:15:39.469314+00:00
1039101,referee,656463,"MARTINEZ PRIETO, ARTURO",Arbitro principal,https://www.rffm.es/acta-partido/1039101,2026-08-09T16:15:39.474338+00:00
1039101,referee,1169900,"VALLE DOMINGO, ANTONIO",Arbitro asistente,https://www.rffm.es/acta-partido/1039101,2026-08-09T16:15:39.474338+00:00
1039101,referee,718727,"IZQUIERDO CANTERO, ALEJANDRO",Arbitro asistente,https://www.rffm.es/acta-partido/1039101,2026-08-09T16:15:39.474338+00:00
1039101,field_delegate,,"RECIO ORTEGA , JESUS",delegado_campo,https://www.rffm.es/acta-partido/1039101,2026-08-09T16:15:39.474338+00:00
1039108,referee,536786,"DIAZ CARRASCO, DIEGO",Arbitro principal,https://www.rffm.es/acta-partido/1039108,2026-08-09T16:15:39.658939+00:00
1039108,referee,1169770,"BELHAJ HARBI, AYMAN",Arbitro asistente,https://www.rffm.es/acta-partido/1039108,2026-08-09T16:15:39.658939+00:00
1039108,referee,5069,"GONZALEZ CALVO, EDUARDO",Arbitro asistente,https://www.rffm.es/acta-partido/1039108,2026-08-09T16:15:39.658939+00:00
1039108,field_delegate,,"POZON GAMERO , JUAN JOSE",delegado_campo,https://www.rffm.es/acta-partido/1039108,2026-08-09T16:15:39.658939+00:00
1039102,referee,578072,"BORDONS ROMERO, IGNACIO",Arbitro principal,https://www.rffm.es/acta-partido/1039102,2026-08-09T16:15:39.673252+00:00
1039102,referee,909329,"MANZANO GARCIA, JORGE",Arbitro asistente,https://www.rffm.es/acta-partido/1039102,2026-08-09T16:15:39.673252+00:00
1039102,referee,878313,"VICENTE JUAREZ, ANGEL",Arbitro asistente,https://www.rffm.es/acta-partido/1039102,2026-08-09T16:15:39.673252+00:00
1039102,field_delegate,,"PRADOS EIRAS, JUAN JOSE",delegado_campo,https://www.rffm.es/acta-partido/1039102,2026-08-09T16:15:39.673252+00:00
1039103,referee,5076,"SANCHEZ FERNANDEZ DE AVILA, MIGUEL",Arbitro principal,https://www.rffm.es/acta-partido/1039103,2026-08-09T16:15:39.702046+00:00
1039103,referee,1169766,"ABAJO FERNANDEZ, JORGE",Arbitro asistente,https://www.rffm.es/acta-partido/1039103,2026-08-09T16:15:39.702046+00:00
1039103,referee,877900,"ACEVEDO GONZALEZ, JORGE",Arbitro asistente,https://www.rffm.es/acta-partido/1039103,2026-08-09T16:15:39.702046+00:00
1039103,field_delegate,,"RODRIGUEZ GARCÍA, JUAN DIEGO",delegado_campo,https://www.rffm.es/acta-partido/1039103,2026-08-09T16:15:39.702046+00:00
1039111,referee,5109,"FAJARDO FERNANDEZ, HECTOR",Arbitro principal,https://www.rffm.es/acta-partido/1039111,2026-08-09T16:15:39.735791+00:00
1039111,referee,1169850,"MORATO JIMENEZ, RAMON",Arbitro asistente,https://www.rffm.es/acta-partido/1039111,2026-08-09T16:15:39.735791+00:00
1039111,referee,877545,"ILLANA GAGO, GONZALO",Arbitro asistente,https://www.rffm.es/acta-partido/1039111,2026-08-09T16:15:39.735791+00:00
1039111,field_delegate,,"SAUGAR MORENO , DANIEL",delegado_campo,https://www.rffm.es/acta-partido/1039111,2026-08-09T16:15:39.735791+00:00
1039106,referee,4813,"GARCIA MARTINEZ, JORGE",Arbitro principal,https://www.rffm.es/acta-partido/1039106,2026-08-09T16:15:39.861021+00:00
1039106,referee,1169800,"FORTUNA GIRON, JULEN",Arbitro asistente,https://www.rffm.es/acta-partido/1039106,2026-08-09T16:15:39.861021+00:00
1039106,referee,536790,"ESPINOSA ARANDA, DANIEL",Arbitro asistente,https://www.rffm.es/acta-partido/1039106,2026-08-09T16:15:39.861021+00:00
1039106,field_delegate,,"NONAY QUESADA, JUAN PEDRO",delegado_campo,https://www.rffm.es/acta-partido/1039106,2026-08-09T16:15:39.861021+00:00
1039110,referee,4913,"ARRANZ FURONES, LUIS",Arbitro principal,https://www.rffm.es/acta-partido/1039110,2026-08-09T16:15:39.936360+00:00
1039110,referee,967704,"ALVARO NEBREDA, JOSE ANGEL",Arbitro asistente,https://www.rffm.es/acta-partido/1039110,2026-08-09T16:15:39.936360+00:00
1039110,referee,718586,"GOMEZ GUILLEN, PEDRO",Arbitro asistente,https://www.rffm.es/acta-partido/1039110,2026-08-09T16:15:39.936360+00:00
1039110,field_delegate,,"SANCHEZ JIMENEZ, ALFONSO",delegado_campo,https://www.rffm.es/acta-partido/1039110,2026-08-09T16:15:39.936360+00:00
1039117,referee,591116,"TORRALBA CASTAÑEDA, PABLO",Arbitro principal,https://www.rffm.es/acta-partido/1039117,2026-08-09T16:15:40.021923+00:00
1039117,referee,1169766,"ABAJO FERNANDEZ, JORGE",Arbitro asistente,https://www.rffm.es/acta-partido/1039117,2026-08-09T16:15:40.021923+00:00
1039117,referee,877778,"MORENO AVILES, DANIEL",Arbitro asistente,https://www.rffm.es/acta-partido/1039117,2026-08-09T16:15:40.021923+00:00
1039117,field_delegate,,"REY , LUÍS ALFONSO",delegado_campo,https://www.rffm.es/acta-partido/1039117,2026-08-09T16:15:40.021923+00:00
1039114,referee,591232,"GONZALEZ SEIJAS, JORGE",Arbitro principal,https://www.rffm.es/acta-partido/1039114,2026-08-09T16:15:40.231270+00:00
1039114,referee,1169885,"SANTILLAN VELA, FREDDY",Arbitro asistente,https://www.rffm.es/acta-partido/1039114,2026-08-09T16:15:40.231270+00:00
1039114,referee,536790,"ESPINOSA ARANDA, DANIEL",Arbitro asistente,https://www.rffm.es/acta-partido/1039114,2026-08-09T16:15:40.231270+00:00
1039114,field_delegate,,"LAZARO ROMERO, FELIX",delegado_campo,https://www.rffm.es/acta-partido/1039114,2026-08-09T16:15:40.231270+00:00
1039115,referee,785202,"PEREZ SANCHEZ, ALEJANDRO",Arbitro principal,https://www.rffm.es/acta-partido/1039115,2026-08-09T16:15:40.242602+00:00
1039115,referee,1169857,"MURCIEGO CABEZAS, MIGUEL",Arbitro asistente,https://www.rffm.es/acta-partido/1039115,2026-08-09T16:15:40.242602+00:00
1039115,referee,536790,"ESPINOSA ARANDA, DANIEL",Arbitro asistente,https://www.rffm.es/acta-partido/1039115,2026-08-09T16:15:40.242602+00:00
1039115,field_delegate,,"ALONSO BARRADO, ALBERTO",delegado_campo,https://www.rffm.es/acta-partido/1039115,2026-08-09T16:15:40.242602+00:00
1039118,referee,592583,"MARTINEZ MANSILLA, MIGUEL",Arbitro principal,https://www.rffm.es/acta-partido/1039118,2026-08-09T16:15:40.414084+00:00
1039118,referee,945336,"FERNANDEZ FERNANDEZ, DENNIS",Arbitro asistente,https://www.rffm.es/acta-partido/1039118,2026-08-09T16:15:40.414084+00:00
1039118,referee,3939,"PATIÑO ALVAREZ, ALEJANDRO",Arbitro asistente,https://www.rffm.es/acta-partido/1039118,2026-08-09T16:15:40.414084+00:00
1039118,field_delegate,,"ARANDA CABALLERO , BALTASAR",delegado_campo,https://www.rffm.es/acta-partido/1039118,2026-08-09T16:15:40.414084+00:00
1039112,referee,797831,"BETES CASTRO, ALFREDO",Arbitro principal,https://www.rffm.es/acta-partido/1039112,2026-08-09T16:15:40.476041+00:00
1039112,referee,1169829,"GARCIA CASADO, ALVARO",Arbitro asistente,https://www.rffm.es/acta-partido/1039112,2026-08-09T16:15:40.476041+00:00
1039112,referee,536311,"DELGADO BENÍTEZ, RAÚL",Arbitro asistente,https://www.rffm.es/acta-partido/1039112,2026-08-09T16:15:40.476041+00:00
1039116,referee,861935,"GARCIA GUERRERO, ALEJANDRO",Arbitro principal,https://www.rffm.es/acta-partido/1039116,2026-08-09T16:15:40.546839+00:00
1039116,referee,1169865,"PEREZ ROSARIO, CRISTIAN",Arbitro asistente,https://www.rffm.es/acta-partido/1039116,2026-08-09T16:15:40.546839+00:00
1039116,referee,894373,"CALVO VALENTIN, ELISABETH",Arbitro asistente,https://www.rffm.es/acta-partido/1039116,2026-08-09T16:15:40.546839+00:00
1039116,field_delegate,,", JOSE LUIS MARTIN FELIX",delegado_campo,https://www.rffm.es/acta-partido/1039116,2026-08-09T16:15:40.546839+00:00
1039113,referee,3728,"DE LA CRUZ GONZALEZ, JAIME",Arbitro principal,https://www.rffm.es/acta-partido/1039113,2026-08-09T16:15:41.018155+00:00
1039113,referee,1169854,"MUÑOZ CERRADA, IGNACIO",Arbitro asistente,https://www.rffm.es/acta-partido/1039113,2026-08-09T16:15:41.018155+00:00
1039113,referee,877900,"ACEVEDO GONZALEZ, JORGE",Arbitro asistente,https://www.rffm.es/acta-partido/1039113,2026-08-09T16:15:41.018155+00:00
1039113,field_delegate,,"ALMAGRO CHICA, JOSE MANUEL",delegado_campo,https://www.rffm.es/acta-partido/1039113,2026-08-09T16:15:41.018155+00:00
1039125,referee,3824,"PUENTE BONILLA, PABLO",Arbitro principal,https://www.rffm.es/acta-partido/1039125,2026-08-09T16:15:41.552917+00:00
1039125,referee,1169809,"GONZALEZ MENDES, SORAYA",Arbitro asistente,https://www.rffm.es/acta-partido/1039125,2026-08-09T16:15:41.552917+00:00
1039125,referee,3912,"HIDALGO GACIMARTIN, BORJA",Arbitro asistente,https://www.rffm.es/acta-partido/1039125,2026-08-09T16:15:41.552917+00:00
1039125,field_delegate,,"NONAY QUESADA, JUAN PEDRO",delegado_campo,https://www.rffm.es/acta-partido/1039125,2026-08-09T16:15:41.552917+00:00
1039127,referee,591020,"DE GUSTIN PINTO, DAVID",Arbitro principal,https://www.rffm.es/acta-partido/1039127,2026-08-09T16:15:41.677291+00:00
1039127,referee,1169875,"RUIZ MARTINEZ ALCOCER, ADRIAN",Arbitro asistente,https://www.rffm.es/acta-partido/1039127,2026-08-09T16:15:41.677291+00:00
1039127,referee,964694,"FERNANDEZ BAERT, JAIME",Arbitro asistente,https://www.rffm.es/acta-partido/1039127,2026-08-09T16:15:41.677291+00:00
1039127,field_delegate,,"BARTOLOME TEJEDOR, GREGORIO",delegado_campo,https://www.rffm.es/acta-partido/1039127,2026-08-09T16:15:41.677291+00:00
1039126,referee,4901,"RANZ CASTAÑEDA, SAMUEL",Arbitro principal,https://www.rffm.es/acta-partido/1039126,2026-08-09T16:15:41.784328+00:00
1039126,referee,1169800,"FORTUNA GIRON, JULEN",Arbitro asistente,https://www.rffm.es/acta-partido/1039126,2026-08-09T16:15:41.784328+00:00
1039126,referee,909189,"GARCIA GONZALEZ, VICTOR",Arbitro asistente,https://www.rffm.es/acta-partido/1039126,2026-08-09T16:15:41.784328+00:00
1039126,field_delegate,,"SÁNCHEZ DE LAS MATAS PÉREZ, CARLOS",delegado_campo,https://www.rffm.es/acta-partido/1039126,2026-08-09T16:15:41.784328+00:00
1039121,referee,4083,"FUENTES CASTAÑO, AGUSTIN",Arbitro principal,https://www.rffm.es/acta-partido/1039121,2026-08-09T16:15:41.805453+00:00
1039121,referee,1169854,"MUÑOZ CERRADA, IGNACIO",Arbitro asistente,https://www.rffm.es/acta-partido/1039121,2026-08-09T16:15:41.805453+00:00
1039121,referee,877467,"CARRASCOSA VÁZQUEZ, CRISTIAN JOSÉ",Arbitro asistente,https://www.rffm.es/acta-partido/1039121,2026-08-09T16:15:41.805453+00:00
1039121,field_delegate,,"PRADOS EIRAS, JUAN JOSE",delegado_campo,https://www.rffm.es/acta-partido/1039121,2026-08-09T16:15:41.805453+00:00
1039123,referee,539246,"RODRIGUEZ RECIO, ALVARO",Arbitro principal,https://www.rffm.es/acta-partido/1039123,2026-08-09T16:15:41.841005+00:00
1039123,referee,1169857,"MURCIEGO CABEZAS, MIGUEL",Arbitro asistente,https://www.rffm.es/acta-partido/1039123,2026-08-09T16:15:41.841005+00:00
1039123,referee,877778,"MORENO AVILES, DANIEL",Arbitro asistente,https://www.rffm.es/acta-partido/1039123,2026-08-09T16:15:41.841005+00:00
1039123,field_delegate,,"HERNANDEZ PADILLA, FRANCISCO JOSE",delegado_campo,https://www.rffm.es/acta-partido/1039123,2026-08-09T16:15:41.841005+00:00
1039122,referee,636170,"CONDE CLEMENTE, KILIAN",Arbitro principal,https://www.rffm.es/acta-partido/1039122,2026-08-09T16:15:41.979935+00:00
1039122,referee,1169885,"SANTILLAN VELA, FREDDY",Arbitro asistente,https://www.rffm.es/acta-partido/1039122,2026-08-09T16:15:41.979935+00:00
1039122,referee,878107,"GRACIA VALENZUELA, MOISES",Arbitro asistente,https://www.rffm.es/acta-partido/1039122,2026-08-09T16:15:41.979935+00:00
1039122,field_delegate,,"GARCÍA AGUILAR, DAVID",delegado_campo,https://www.rffm.es/acta-partido/1039122,2026-08-09T16:15:41.979935+00:00
1039133,referee,4813,"GARCIA MARTINEZ, JORGE",Arbitro principal,https://www.rffm.es/acta-partido/1039133,2026-08-09T16:15:42.631370+00:00
1039133,referee,1169800,"FORTUNA GIRON, JULEN",Arbitro asistente,https://www.rffm.es/acta-partido/1039133,2026-08-09T16:15:42.631370+00:00
1039133,referee,645223,"SANCHEZ JIMENEZ, DAVID",Arbitro asistente,https://www.rffm.es/acta-partido/1039133,2026-08-09T16:15:42.631370+00:00
1039133,field_delegate,,", JOSE LUIS MARTIN FELIX",delegado_campo,https://www.rffm.es/acta-partido/1039133,2026-08-09T16:15:42.631370+00:00
1039120,referee,4112,"RUBIO PINO, CESAR",Arbitro principal,https://www.rffm.es/acta-partido/1039120,2026-08-09T16:15:42.636077+00:00
1039120,referee,1169795,"FERNANDEZ MORENO, ALEJANDRO",Arbitro asistente,https://www.rffm.es/acta-partido/1039120,2026-08-09T16:15:42.636077+00:00
1039120,referee,591096,"SANCHEZ LOPEZ, SAMUEL",Arbitro asistente,https://www.rffm.es/acta-partido/1039120,2026-08-09T16:15:42.636077+00:00
1039120,field_delegate,,"RECIO ORTEGA , JESUS",delegado_campo,https://www.rffm.es/acta-partido/1039120,2026-08-09T16:15:42.636077+00:00
1039124,referee,3682,"GONZALEZ GUISADO, SERGIO",Arbitro principal,https://www.rffm.es/acta-partido/1039124,2026-08-09T16:15:42.686371+00:00
1039124,referee,1169871,"ROMANILLOS GARCIA, GONZALO",Arbitro asistente,https://www.rffm.es/acta-partido/1039124,2026-08-09T16:15:42.686371+00:00
1039124,referee,877900,"ACEVEDO GONZALEZ, JORGE",Arbitro asistente,https://www.rffm.es/acta-partido/1039124,2026-08-09T16:15:42.686371+00:00
1039124,field_delegate,,"CORTÉS BENITO, FERNANDO",delegado_campo,https://www.rffm.es/acta-partido/1039124,2026-08-09T16:15:42.686371+00:00
1039134,referee,4302,"AVILES GARCIA, DAVID",Arbitro principal,https://www.rffm.es/acta-partido/1039134,2026-08-09T16:15:42.691581+00:00
1039134,referee,1169875,"RUIZ MARTINEZ ALCOCER, ADRIAN",Arbitro asistente,https://www.rffm.es/acta-partido/1039134,2026-08-09T16:15:42.691581+00:00
1039134,referee,3653,"LOPEZ ORTIZ, RAFAEL",Arbitro asistente,https://www.rffm.es/acta-partido/1039134,2026-08-09T16:15:42.691581+00:00
1039134,field_delegate,,"REY , LUÍS ALFONSO",delegado_campo,https://www.rffm.es/acta-partido/1039134,2026-08-09T16:15:42.691581+00:00
1039131,referee,804593,"DE MINGO COLLADOS, VICTOR",Arbitro principal,https://www.rffm.es/acta-partido/1039131,2026-08-09T16:15:42.727411+00:00
1039131,referee,1169850,"MORATO JIMENEZ, RAMON",Arbitro asistente,https://www.rffm.es/acta-partido/1039131,2026-08-09T16:15:42.727411+00:00
1039131,referee,797592,"GARCIA-GIL TALLANTE, DAVID",Arbitro asistente,https://www.rffm.es/acta-partido/1039131,2026-08-09T16:15:42.727411+00:00
1039131,field_delegate,,"LAZARO ROMERO, FELIX",delegado_campo,https://www.rffm.es/acta-partido/1039131,2026-08-09T16:15:42.727411+00:00
1039128,referee,2909,"DE LA IGLESIA DE LA IGLESIA, ALVARO",Arbitro principal,https://www.rffm.es/acta-partido/1039128,2026-08-09T16:15:42.727726+00:00
1039128,referee,1169631,"GUEVARA RAMIREZ, LUIS HERNAN",Arbitro asistente,https://www.rffm.es/acta-partido/1039128,2026-08-09T16:15:42.727726+00:00
1039128,referee,718727,"IZQUIERDO CANTERO, ALEJANDRO",Arbitro asistente,https://www.rffm.es/acta-partido/1039128,2026-08-09T16:15:42.727726+00:00
1039128,field_delegate,,"MATA GARCÍA , ROBERTO ANDRÉS",delegado_campo,https://www.rffm.es/acta-partido/1039128,2026-08-09T16:15:42.727726+00:00
1039119,referee,3580,"PARRA GONZALEZ, PABLO",Arbitro principal,https://www.rffm.es/acta-partido/1039119,2026-08-09T16:15:42.850772+00:00
1039119,referee,1169838,"JURCA, MIHAI ALEXANDRU",Arbitro asistente,https://www.rffm.es/acta-partido/1039119,2026-08-09T16:15:42.850772+00:00
1039119,referee,854194,"KINGA-HAJNALKA, LOBENSCHUS",Arbitro asistente,https://www.rffm.es/acta-partido/1039119,2026-08-09T16:15:42.850772+00:00
1039119,field_delegate,,"SANCHEZ JIMENEZ, ALFONSO",delegado_campo,https://www.rffm.es/acta-partido/1039119,2026-08-09T16:15:42.850772+00:00
1039136,referee,797556,"DE LA MATA MARTÍNEZ, RAÚL",Arbitro principal,https://www.rffm.es/acta-partido/1039136,2026-08-09T16:15:42.952517+00:00
1039136,referee,1169871,"ROMANILLOS GARCIA, GONZALO",Arbitro asistente,https://www.rffm.es/acta-partido/1039136,2026-08-09T16:15:42.952517+00:00
1039136,referee,718586,"GOMEZ GUILLEN, PEDRO",Arbitro asistente,https://www.rffm.es/acta-partido/1039136,2026-08-09T16:15:42.952517+00:00
1039136,field_delegate,,"POZON GAMERO , JUAN JOSE",delegado_campo,https://www.rffm.es/acta-partido/1039136,2026-08-09T16:15:42.952517+00:00
1039142,referee,785202,"PEREZ SANCHEZ, ALEJANDRO",Arbitro principal,https://www.rffm.es/acta-partido/1039142,2026-08-09T16:15:43.345702+00:00
1039142,referee,5105,"CARDERO ARRANZ, SANTIAGO",Arbitro asistente,https://www.rffm.es/acta-partido/1039142,2026-08-09T16:15:43.345702+00:00
1039142,referee,797585,"FRAMIÑAN GARCIA, SERGIO",Arbitro asistente,https://www.rffm.es/acta-partido/1039142,2026-08-09T16:15:43.345702+00:00
1039142,field_delegate,,"HERNANDEZ PADILLA, FRANCISCO JOSE",delegado_campo,https://www.rffm.es/acta-partido/1039142,2026-08-09T16:15:43.345702+00:00
1039129,referee,1182046,"BILBAO RODRIGUEZ, JAVIER",Arbitro principal,https://www.rffm.es/acta-partido/1039129,2026-08-09T16:15:43.495774+00:00
1039129,referee,1169777,"DONATO MORALES, ALEJANDRO",Arbitro asistente,https://www.rffm.es/acta-partido/1039129,2026-08-09T16:15:43.495774+00:00
1039129,referee,797592,"GARCIA-GIL TALLANTE, DAVID",Arbitro asistente,https://www.rffm.es/acta-partido/1039129,2026-08-09T16:15:43.495774+00:00
1039129,field_delegate,,"MENDOZA PEDROCHE, JOSE IGNACIO",delegado_campo,https://www.rffm.es/acta-partido/1039129,2026-08-09T16:15:43.495774+00:00
1039137,referee,645067,"MUÑOZ MORENO, JAIME",Arbitro principal,https://www.rffm.es/acta-partido/1039137,2026-08-09T16:15:43.757653+00:00
1039137,referee,3572,"RAMOS GARCIA, ANTONIO",Arbitro asistente,https://www.rffm.es/acta-partido/1039137,2026-08-09T16:15:43.757653+00:00
1039137,referee,797095,"ALMAZAN MARTINEZ, ANDRES",Arbitro asistente,https://www.rffm.es/acta-partido/1039137,2026-08-09T16:15:43.757653+00:00
1039137,field_delegate,,"MATA GARCÍA , ROBERTO ANDRÉS",delegado_campo,https://www.rffm.es/acta-partido/1039137,2026-08-09T16:15:43.757653+00:00
1039135,referee,3773,"TOTH, LORAND ZOLTAN",Arbitro principal,https://www.rffm.es/acta-partido/1039135,2026-08-09T16:15:43.826465+00:00
1039135,referee,967704,"ALVARO NEBREDA, JOSE ANGEL",Arbitro asistente,https://www.rffm.es/acta-partido/1039135,2026-08-09T16:15:43.826465+00:00
1039135,referee,4926,"LAZARO VADILLO, DAVID",Arbitro asistente,https://www.rffm.es/acta-partido/1039135,2026-08-09T16:15:43.826465+00:00
1039135,field_delegate,,"ARANDA CABALLERO , BALTASAR",delegado_campo,https://www.rffm.es/acta-partido/1039135,2026-08-09T16:15:43.826465+00:00
1039130,referee,665595,"PINILLA SERRANO, ADRIAN",Arbitro principal,https://www.rffm.es/acta-partido/1039130,2026-08-09T16:15:43.826808+00:00
1039130,referee,1169838,"JURCA, MIHAI ALEXANDRU",Arbitro asistente,https://www.rffm.es/acta-partido/1039130,2026-08-09T16:15:43.826808+00:00
1039130,referee,718727,"IZQUIERDO CANTERO, ALEJANDRO",Arbitro asistente,https://www.rffm.es/acta-partido/1039130,2026-08-09T16:15:43.826808+00:00
1039130,field_delegate,,"ALMAGRO CHICA, JOSE MANUEL",delegado_campo,https://www.rffm.es/acta-partido/1039130,2026-08-09T16:15:43.826808+00:00
1039132,referee,718719,"GUIJARRO PANIAGUA, DANIEL",Arbitro principal,https://www.rffm.es/acta-partido/1039132,2026-08-09T16:15:43.909282+00:00
1039132,referee,1169766,"ABAJO FERNANDEZ, JORGE",Arbitro asistente,https://www.rffm.es/acta-partido/1039132,2026-08-09T16:15:43.909282+00:00
1039132,referee,4223,"PEREIRA ARTEAGA, MICHEL RODRIGO",Arbitro asistente,https://www.rffm.es/acta-partido/1039132,2026-08-09T16:15:43.909282+00:00
1039132,field_delegate,,"ALONSO BARRADO, ALBERTO",delegado_campo,https://www.rffm.es/acta-partido/1039132,2026-08-09T16:15:43.909282+00:00
1039139,referee,3535,"ACERO LLAMAS, GUILLERMO",Arbitro principal,https://www.rffm.es/acta-partido/1039139,2026-08-09T16:15:43.941728+00:00
1039139,referee,1169777,"DONATO MORALES, ALEJANDRO",Arbitro asistente,https://www.rffm.es/acta-partido/1039139,2026-08-09T16:15:43.941728+00:00
1039139,referee,3919,"LOPEZ DEL PRECINTO, DAVID",Arbitro asistente,https://www.rffm.es/acta-partido/1039139,2026-08-09T16:15:43.941728+00:00
1039139,field_delegate,,"RECIO ORTEGA , JESUS",delegado_campo,https://www.rffm.es/acta-partido/1039139,2026-08-09T16:15:43.941728+00:00
1039145,referee,797831,"BETES CASTRO, ALFREDO",Arbitro principal,https://www.rffm.es/acta-partido/1039145,2026-08-09T16:15:44.141455+00:00
1039145,referee,1169829,"GARCIA CASADO, ALVARO",Arbitro asistente,https://www.rffm.es/acta-partido/1039145,2026-08-09T16:15:44.141455+00:00
1039145,referee,536790,"ESPINOSA ARANDA, DANIEL",Arbitro asistente,https://www.rffm.es/acta-partido/1039145,2026-08-09T16:15:44.141455+00:00
1039145,field_delegate,,"BARTOLOME TEJEDOR, GREGORIO",delegado_campo,https://www.rffm.es/acta-partido/1039145,2026-08-09T16:15:44.141455+00:00
1039141,referee,539246,"RODRIGUEZ RECIO, ALVARO",Arbitro principal,https://www.rffm.es/acta-partido/1039141,2026-08-09T16:15:44.596816+00:00
1039141,referee,1169857,"MURCIEGO CABEZAS, MIGUEL",Arbitro asistente,https://www.rffm.es/acta-partido/1039141,2026-08-09T16:15:44.596816+00:00
1039141,referee,878174,"MORENO MORALEDA, ISMAEL",Arbitro asistente,https://www.rffm.es/acta-partido/1039141,2026-08-09T16:15:44.596816+00:00
1039141,field_delegate,,"GARCÍA AGUILAR, DAVID",delegado_campo,https://www.rffm.es/acta-partido/1039141,2026-08-09T16:15:44.596816+00:00
1039138,referee,4901,"RANZ CASTAÑEDA, SAMUEL",Arbitro principal,https://www.rffm.es/acta-partido/1039138,2026-08-09T16:15:44.738339+00:00
1039138,referee,1169800,"FORTUNA GIRON, JULEN",Arbitro asistente,https://www.rffm.es/acta-partido/1039138,2026-08-09T16:15:44.738339+00:00
1039138,referee,5161,"LOPEZ JIMENEZ, FERNANDO",Arbitro asistente,https://www.rffm.es/acta-partido/1039138,2026-08-09T16:15:44.738339+00:00
1039138,field_delegate,,"SANCHEZ JIMENEZ, ALFONSO",delegado_campo,https://www.rffm.es/acta-partido/1039138,2026-08-09T16:15:44.738339+00:00
1039140,referee,645721,"DIAZ RODRIGUEZ, LUIS MIGUEL",Arbitro principal,https://www.rffm.es/acta-partido/1039140,2026-08-09T16:15:44.959489+00:00
1039140,referee,1169846,"LUMBRERAS RODRIGUEZ, IRENE",Arbitro asistente,https://www.rffm.es/acta-partido/1039140,2026-08-09T16:15:44.959489+00:00
1039140,referee,3939,"PATIÑO ALVAREZ, ALEJANDRO",Arbitro asistente,https://www.rffm.es/acta-partido/1039140,2026-08-09T16:15:44.959489+00:00
1039140,field_delegate,,"PRADOS EIRAS, JUAN JOSE",delegado_campo,https://www.rffm.es/acta-partido/1039140,2026-08-09T16:15:44.959489+00:00
1039143,referee,861935,"GARCIA GUERRERO, ALEJANDRO",Arbitro principal,https://www.rffm.es/acta-partido/1039143,2026-08-09T16:15:45.071546+00:00
1039143,referee,1169865,"PEREZ ROSARIO, CRISTIAN",Arbitro asistente,https://www.rffm.es/acta-partido/1039143,2026-08-09T16:15:45.071546+00:00
1039143,referee,1027683,"CACHO BENITEZ, BRIAN",Arbitro asistente,https://www.rffm.es/acta-partido/1039143,2026-08-09T16:15:45.071546+00:00
1039143,field_delegate,,"VILLA GOMEZ, FERNANDO",delegado_campo,https://www.rffm.es/acta-partido/1039143,2026-08-09T16:15:45.071546+00:00
1039144,referee,591232,"GONZALEZ SEIJAS, JORGE",Arbitro principal,https://www.rffm.es/acta-partido/1039144,2026-08-09T16:15:45.075193+00:00
1039144,referee,1169875,"RUIZ MARTINEZ ALCOCER, ADRIAN",Arbitro asistente,https://www.rffm.es/acta-partido/1039144,2026-08-09T16:15:45.075193+00:00
1039144,referee,1027683,"CACHO BENITEZ, BRIAN",Arbitro asistente,https://www.rffm.es/acta-partido/1039144,2026-08-09T16:15:45.075193+00:00
1039144,field_delegate,,"NONAY QUESADA, JUAN PEDRO",delegado_campo,https://www.rffm.es/acta-partido/1039144,2026-08-09T16:15:45.075193+00:00
1039149,referee,3728,"DE LA CRUZ GONZALEZ, JAIME",Arbitro principal,https://www.rffm.es/acta-partido/1039149,2026-08-09T16:15:45.156648+00:00
1039149,referee,1169777,"DONATO MORALES, ALEJANDRO",Arbitro asistente,https://www.rffm.es/acta-partido/1039149,2026-08-09T16:15:45.156648+00:00
1039149,referee,3454,"ARANZANA CARPINTERO, RICARDO",Arbitro asistente,https://www.rffm.es/acta-partido/1039149,2026-08-09T16:15:45.156648+00:00
1039149,field_delegate,,"ALONSO BARRADO, ALBERTO",delegado_campo,https://www.rffm.es/acta-partido/1039149,2026-08-09T16:15:45.156648+00:00
1039154,referee,222,"ROMERO SAEZ, EDUARDO",Arbitro principal,https://www.rffm.es/acta-partido/1039154,2026-08-09T16:15:45.221739+00:00
1039154,referee,1169838,"JURCA, MIHAI ALEXANDRU",Arbitro asistente,https://www.rffm.es/acta-partido/1039154,2026-08-09T16:15:45.221739+00:00
1039154,referee,877900,"ACEVEDO GONZALEZ, JORGE",Arbitro asistente,https://www.rffm.es/acta-partido/1039154,2026-08-09T16:15:45.221739+00:00
1039154,field_delegate,,"SÁNCHEZ DE LAS MATAS PÉREZ, CARLOS",delegado_campo,https://www.rffm.es/acta-partido/1039154,2026-08-09T16:15:45.221739+00:00
1039150,referee,2085,"CARRALERO CALVO, MANUEL",Arbitro principal,https://www.rffm.es/acta-partido/1039150,2026-08-09T16:15:45.343783+00:00
1039150,referee,1169766,"ABAJO FERNANDEZ, JORGE",Arbitro asistente,https://www.rffm.es/acta-partido/1039150,2026-08-09T16:15:45.343783+00:00
1039150,referee,3248,"CARRALERO CALVO, ROBERTO",Arbitro asistente,https://www.rffm.es/acta-partido/1039150,2026-08-09T16:15:45.343783+00:00
1039150,field_delegate,,", JOSE LUIS MARTIN FELIX",delegado_campo,https://www.rffm.es/acta-partido/1039150,2026-08-09T16:15:45.343783+00:00
1039153,referee,5076,"SANCHEZ FERNANDEZ DE AVILA, MIGUEL",Arbitro principal,https://www.rffm.es/acta-partido/1039153,2026-08-09T16:15:46.018019+00:00
1039153,referee,945336,"FERNANDEZ FERNANDEZ, DENNIS",Arbitro asistente,https://www.rffm.es/acta-partido/1039153,2026-08-09T16:15:46.018019+00:00
1039153,referee,782848,"ALBILLOS IBAÑEZ, JOSE MARIA",Arbitro asistente,https://www.rffm.es/acta-partido/1039153,2026-08-09T16:15:46.018019+00:00
1039153,field_delegate,,"POZON GAMERO , JUAN JOSE",delegado_campo,https://www.rffm.es/acta-partido/1039153,2026-08-09T16:15:46.018019+00:00
1039148,referee,591020,"DE GUSTIN PINTO, DAVID",Arbitro principal,https://www.rffm.es/acta-partido/1039148,2026-08-09T16:15:46.183474+00:00
1039148,referee,1169816,"GOMEZ HERRERO, ALEJANDRO",Arbitro asistente,https://www.rffm.es/acta-partido/1039148,2026-08-09T16:15:46.183474+00:00
1039148,referee,3454,"ARANZANA CARPINTERO, RICARDO",Arbitro asistente,https://www.rffm.es/acta-partido/1039148,2026-08-09T16:15:46.183474+00:00
1039148,field_delegate,,"LAZARO ROMERO, FELIX",delegado_campo,https://www.rffm.es/acta-partido/1039148,2026-08-09T16:15:46.183474+00:00
1039151,referee,5109,"FAJARDO FERNANDEZ, HECTOR",Arbitro principal,https://www.rffm.es/acta-partido/1039151,2026-08-09T16:15:46.229143+00:00
1039151,referee,1169800,"FORTUNA GIRON, JULEN",Arbitro asistente,https://www.rffm.es/acta-partido/1039151,2026-08-09T16:15:46.229143+00:00
1039151,referee,717741,"CASTAÑEDA RODRIGUEZ, BORJA ANTONIO",Arbitro asistente,https://www.rffm.es/acta-partido/1039151,2026-08-09T16:15:46.229143+00:00
1039151,field_delegate,,"REY , LUÍS ALFONSO",delegado_campo,https://www.rffm.es/acta-partido/1039151,2026-08-09T16:15:46.229143+00:00
1039147,referee,718977,"KOURTAM CHEHLAOUI, KHALID",Arbitro principal,https://www.rffm.es/acta-partido/1039147,2026-08-09T16:15:46.335813+00:00
1039147,referee,967704,"ALVARO NEBREDA, JOSE ANGEL",Arbitro asistente,https://www.rffm.es/acta-partido/1039147,2026-08-09T16:15:46.335813+00:00
1039147,referee,964694,"FERNANDEZ BAERT, JAIME",Arbitro asistente,https://www.rffm.es/acta-partido/1039147,2026-08-09T16:15:46.335813+00:00
1039147,field_delegate,,"ALMAGRO CHICA, JOSE MANUEL",delegado_campo,https://www.rffm.es/acta-partido/1039147,2026-08-09T16:15:46.335813+00:00
1039152,referee,3914,"IBAÑEZ GUTIERREZ, ANGEL",Arbitro principal,https://www.rffm.es/acta-partido/1039152,2026-08-09T16:15:46.364381+00:00
1039152,referee,1169770,"BELHAJ HARBI, AYMAN",Arbitro asistente,https://www.rffm.es/acta-partido/1039152,2026-08-09T16:15:46.364381+00:00
1039152,referee,797539,"CAÑAS DURAN, JOSE FRANCISCO",Arbitro asistente,https://www.rffm.es/acta-partido/1039152,2026-08-09T16:15:46.364381+00:00
1039152,field_delegate,,"ARANDA CABALLERO , BALTASAR",delegado_campo,https://www.rffm.es/acta-partido/1039152,2026-08-09T16:15:46.364381+00:00
1039146,referee,3902,"FEITO RABANAL, DAVID",Arbitro principal,https://www.rffm.es/acta-partido/1039146,2026-08-09T16:15:46.509850+00:00
1039146,referee,1169846,"LUMBRERAS RODRIGUEZ, IRENE",Arbitro asistente,https://www.rffm.es/acta-partido/1039146,2026-08-09T16:15:46.509850+00:00
1039146,referee,717741,"CASTAÑEDA RODRIGUEZ, BORJA ANTONIO",Arbitro asistente,https://www.rffm.es/acta-partido/1039146,2026-08-09T16:15:46.509850+00:00
1039146,field_delegate,,"MENDOZA PEDROCHE, JOSE IGNACIO",delegado_campo,https://www.rffm.es/acta-partido/1039146,2026-08-09T16:15:46.509850+00:00
1039156,referee,1050822,"CHAVARRIA GIL, JESUS",Arbitro principal,https://www.rffm.es/acta-partido/1039156,2026-08-09T16:15:46.518483+00:00
1039156,referee,1169770,"BELHAJ HARBI, AYMAN",Arbitro asistente,https://www.rffm.es/acta-partido/1039156,2026-08-09T16:15:46.518483+00:00
1039156,referee,536790,"ESPINOSA ARANDA, DANIEL",Arbitro asistente,https://www.rffm.es/acta-partido/1039156,2026-08-09T16:15:46.518483+00:00
1039156,field_delegate,,"MATA GARCÍA , ROBERTO ANDRÉS",delegado_campo,https://www.rffm.es/acta-partido/1039156,2026-08-09T16:15:46.518483+00:00
1039161,referee,861935,"GARCIA GUERRERO, ALEJANDRO",Arbitro principal,https://www.rffm.es/acta-partido/1039161,2026-08-09T16:15:46.587237+00:00
1039161,referee,1169865,"PEREZ ROSARIO, CRISTIAN",Arbitro asistente,https://www.rffm.es/acta-partido/1039161,2026-08-09T16:15:46.587237+00:00
1039161,referee,3892,"HERNANDEZ ACERA, RICARDO",Arbitro asistente,https://www.rffm.es/acta-partido/1039161,2026-08-09T16:15:46.587237+00:00
1039161,field_delegate,,"HERNANDEZ PADILLA, FRANCISCO JOSE",delegado_campo,https://www.rffm.es/acta-partido/1039161,2026-08-09T16:15:46.587237+00:00
1039157,referee,1091,"VALVERDE SANCHEZ, ANGEL LUIS",Arbitro principal,https://www.rffm.es/acta-partido/1039157,2026-08-09T16:15:47.084573+00:00
1039157,referee,1169766,"ABAJO FERNANDEZ, JORGE",Arbitro asistente,https://www.rffm.es/acta-partido/1039157,2026-08-09T16:15:47.084573+00:00
1039157,referee,641667,"GARCIA RACIONERO, JORGE",Arbitro asistente,https://www.rffm.es/acta-partido/1039157,2026-08-09T16:15:47.084573+00:00
1039157,field_delegate,,"SANCHEZ JIMENEZ, ALFONSO",delegado_campo,https://www.rffm.es/acta-partido/1039157,2026-08-09T16:15:47.084573+00:00
1039163,referee,3824,"PUENTE BONILLA, PABLO",Arbitro principal,https://www.rffm.es/acta-partido/1039163,2026-08-09T16:15:47.246487+00:00
1039163,referee,4775,"SANTIAGO SACRISTAN, GUILLERMO",Arbitro asistente,https://www.rffm.es/acta-partido/1039163,2026-08-09T16:15:47.246487+00:00
1039163,referee,2992,"BUENO PRIETO, FERNANDO",Arbitro asistente,https://www.rffm.es/acta-partido/1039163,2026-08-09T16:15:47.246487+00:00
1039163,field_delegate,,"BARTOLOME TEJEDOR, GREGORIO",delegado_campo,https://www.rffm.es/acta-partido/1039163,2026-08-09T16:15:47.246487+00:00
1039155,referee,4913,"ARRANZ FURONES, LUIS",Arbitro principal,https://www.rffm.es/acta-partido/1039155,2026-08-09T16:15:47.560988+00:00
1039155,referee,1169631,"GUEVARA RAMIREZ, LUIS HERNAN",Arbitro asistente,https://www.rffm.es/acta-partido/1039155,2026-08-09T16:15:47.560988+00:00
1039155,referee,536790,"ESPINOSA ARANDA, DANIEL",Arbitro asistente,https://www.rffm.es/acta-partido/1039155,2026-08-09T16:15:47.560988+00:00
1039155,field_delegate,,"MENDOZA PEDROCHE, JOSE IGNACIO",delegado_campo,https://www.rffm.es/acta-partido/1039155,2026-08-09T16:15:47.560988+00:00
1039159,referee,645494,"FERNANDEZ MOLINERO, SERGIO",Arbitro principal,https://www.rffm.es/acta-partido/1039159,2026-08-09T16:15:47.590993+00:00
1039159,referee,1169885,"SANTILLAN VELA, FREDDY",Arbitro asistente,https://www.rffm.es/acta-partido/1039159,2026-08-09T16:15:47.590993+00:00
1039159,referee,771863,"BLANCO GONZALEZ, RUBEN",Arbitro asistente,https://www.rffm.es/acta-partido/1039159,2026-08-09T16:15:47.590993+00:00
1039159,field_delegate,,"PRADOS EIRAS, JUAN JOSE",delegado_campo,https://www.rffm.es/acta-partido/1039159,2026-08-09T16:15:47.590993+00:00
1039162,referee,592583,"MARTINEZ MANSILLA, MIGUEL",Arbitro principal,https://www.rffm.es/acta-partido/1039162,2026-08-09T16:15:47.666583+00:00
1039162,referee,1169900,"VALLE DOMINGO, ANTONIO",Arbitro asistente,https://www.rffm.es/acta-partido/1039162,2026-08-09T16:15:47.666583+00:00
1039162,referee,2616,"MEDINA GARCIA, ALEJANDRO",Arbitro asistente,https://www.rffm.es/acta-partido/1039162,2026-08-09T16:15:47.666583+00:00
1039162,field_delegate,,"VILLA GOMEZ, FERNANDO",delegado_campo,https://www.rffm.es/acta-partido/1039162,2026-08-09T16:15:47.666583+00:00
1039158,referee,719275,"MADROÑAL LORENTE, IVAN",Arbitro principal,https://www.rffm.es/acta-partido/1039158,2026-08-09T16:15:47.838326+00:00
1039158,referee,1169777,"DONATO MORALES, ALEJANDRO",Arbitro asistente,https://www.rffm.es/acta-partido/1039158,2026-08-09T16:15:47.838326+00:00
1039158,referee,909095,"BLANCO RIVERA, DANIEL",Arbitro asistente,https://www.rffm.es/acta-partido/1039158,2026-08-09T16:15:47.838326+00:00
1039158,field_delegate,,"RECIO ORTEGA , JESUS",delegado_campo,https://www.rffm.es/acta-partido/1039158,2026-08-09T16:15:47.838326+00:00
1039160,referee,3773,"TOTH, LORAND ZOLTAN",Arbitro principal,https://www.rffm.es/acta-partido/1039160,2026-08-09T16:15:47.951103+00:00
1039160,referee,967704,"ALVARO NEBREDA, JOSE ANGEL",Arbitro asistente,https://www.rffm.es/acta-partido/1039160,2026-08-09T16:15:47.951103+00:00
1039160,referee,909252,"GONZALEZ PELAEZ, JOSE ADRIAN",Arbitro asistente,https://www.rffm.es/acta-partido/1039160,2026-08-09T16:15:47.951103+00:00
1039160,field_delegate,,"GARCÍA AGUILAR, DAVID",delegado_campo,https://www.rffm.es/acta-partido/1039160,2026-08-09T16:15:47.951103+00:00
1039164,referee,804593,"DE MINGO COLLADOS, VICTOR",Arbitro principal,https://www.rffm.es/acta-partido/1039164,2026-08-09T16:15:48.076446+00:00
1039164,referee,1169857,"MURCIEGO CABEZAS, MIGUEL",Arbitro asistente,https://www.rffm.es/acta-partido/1039164,2026-08-09T16:15:48.076446+00:00
1039164,referee,877940,"CABADO RODRIGUEZ, YAGO",Arbitro asistente,https://www.rffm.es/acta-partido/1039164,2026-08-09T16:15:48.076446+00:00
1039164,field_delegate,,"BARTOLOME TEJEDOR, GREGORIO",delegado_campo,https://www.rffm.es/acta-partido/1039164,2026-08-09T16:15:48.076446+00:00
1039167,referee,3535,"ACERO LLAMAS, GUILLERMO",Arbitro principal,https://www.rffm.es/acta-partido/1039167,2026-08-09T16:15:48.567246+00:00
1039167,referee,1169774,"CHASI TOMALO, EDISON LUIS",Arbitro asistente,https://www.rffm.es/acta-partido/1039167,2026-08-09T16:15:48.567246+00:00
1039167,referee,5119,"LOPEZ CUEVAS, AGUSTIN",Arbitro asistente,https://www.rffm.es/acta-partido/1039167,2026-08-09T16:15:48.567246+00:00
1039167,field_delegate,,", JOSE LUIS MARTIN FELIX",delegado_campo,https://www.rffm.es/acta-partido/1039167,2026-08-09T16:15:48.567246+00:00
1039171,referee,4302,"AVILES GARCIA, DAVID",Arbitro principal,https://www.rffm.es/acta-partido/1039171,2026-08-09T16:15:48.916250+00:00
1039171,referee,1169900,"VALLE DOMINGO, ANTONIO",Arbitro asistente,https://www.rffm.es/acta-partido/1039171,2026-08-09T16:15:48.916250+00:00
1039171,referee,1183042,"MEDINA GAVILAN, BORJA",Arbitro asistente,https://www.rffm.es/acta-partido/1039171,2026-08-09T16:15:48.916250+00:00
1039171,field_delegate,,"SÁNCHEZ DE LAS MATAS PÉREZ, CARLOS",delegado_campo,https://www.rffm.es/acta-partido/1039171,2026-08-09T16:15:48.916250+00:00
1039172,referee,3682,"GONZALEZ GUISADO, SERGIO",Arbitro principal,https://www.rffm.es/acta-partido/1039172,2026-08-09T16:15:48.919397+00:00
1039172,referee,1169816,"GOMEZ HERRERO, ALEJANDRO",Arbitro asistente,https://www.rffm.es/acta-partido/1039172,2026-08-09T16:15:48.919397+00:00
1039172,referee,591084,"RODRIGUEZ GIRALDO, IVAN",Arbitro asistente,https://www.rffm.es/acta-partido/1039172,2026-08-09T16:15:48.919397+00:00
1039172,field_delegate,,"GALAN , DANIEL LORENZO",delegado_campo,https://www.rffm.es/acta-partido/1039172,2026-08-09T16:15:48.919397+00:00
1039170,referee,785202,"PEREZ SANCHEZ, ALEJANDRO",Arbitro principal,https://www.rffm.es/acta-partido/1039170,2026-08-09T16:15:49.130171+00:00
1039170,referee,945336,"FERNANDEZ FERNANDEZ, DENNIS",Arbitro asistente,https://www.rffm.es/acta-partido/1039170,2026-08-09T16:15:49.130171+00:00
1039170,referee,4267,"ZUJAR MARTINEZ, PEDRO DAVID",Arbitro asistente,https://www.rffm.es/acta-partido/1039170,2026-08-09T16:15:49.130171+00:00
1039170,field_delegate,,"POZON GAMERO , JUAN JOSE",delegado_campo,https://www.rffm.es/acta-partido/1039170,2026-08-09T16:15:49.130171+00:00
1039166,referee,797831,"BETES CASTRO, ALFREDO",Arbitro principal,https://www.rffm.es/acta-partido/1039166,2026-08-09T16:15:49.780368+00:00
1039166,referee,1169829,"GARCIA CASADO, ALVARO",Arbitro asistente,https://www.rffm.es/acta-partido/1039166,2026-08-09T16:15:49.780368+00:00
1039166,referee,877900,"ACEVEDO GONZALEZ, JORGE",Arbitro asistente,https://www.rffm.es/acta-partido/1039166,2026-08-09T16:15:49.780368+00:00
1039169,referee,591232,"GONZALEZ SEIJAS, JORGE",Arbitro principal,https://www.rffm.es/acta-partido/1039169,2026-08-09T16:15:49.787611+00:00
1039169,referee,1169885,"SANTILLAN VELA, FREDDY",Arbitro asistente,https://www.rffm.es/acta-partido/1039169,2026-08-09T16:15:49.787611+00:00
1039169,referee,721280,"VIALCHO MIRANDA, MIGUEL ANGEL",Arbitro asistente,https://www.rffm.es/acta-partido/1039169,2026-08-09T16:15:49.787611+00:00
1039169,field_delegate,,"ARANDA CABALLERO , BALTASAR",delegado_campo,https://www.rffm.es/acta-partido/1039169,2026-08-09T16:15:49.787611+00:00
1039168,referee,645721,"DIAZ RODRIGUEZ, LUIS MIGUEL",Arbitro principal,https://www.rffm.es/acta-partido/1039168,2026-08-09T16:15:49.913431+00:00
1039168,referee,1169846,"LUMBRERAS RODRIGUEZ, IRENE",Arbitro asistente,https://www.rffm.es/acta-partido/1039168,2026-08-09T16:15:49.913431+00:00
1039168,referee,5105,"CARDERO ARRANZ, SANTIAGO",Arbitro asistente,https://www.rffm.es/acta-partido/1039168,2026-08-09T16:15:49.913431+00:00
1039168,field_delegate,,"REY , LUÍS ALFONSO",delegado_campo,https://www.rffm.es/acta-partido/1039168,2026-08-09T16:15:49.913431+00:00
1039165,referee,1181959,"PIÑEIRO MARCOS, ALEJANDRO",Arbitro principal,https://www.rffm.es/acta-partido/1039165,2026-08-09T16:15:50.192755+00:00
1039165,referee,1169875,"RUIZ MARTINEZ ALCOCER, ADRIAN",Arbitro asistente,https://www.rffm.es/acta-partido/1039165,2026-08-09T16:15:50.192755+00:00
1039165,referee,1183042,"MEDINA GAVILAN, BORJA",Arbitro asistente,https://www.rffm.es/acta-partido/1039165,2026-08-09T16:15:50.192755+00:00
1039165,field_delegate,,"LAZARO ROMERO, FELIX",delegado_campo,https://www.rffm.es/acta-partido/1039165,2026-08-09T16:15:50.192755+00:00
1039179,referee,591020,"DE GUSTIN PINTO, DAVID",Arbitro principal,https://www.rffm.es/acta-partido/1039179,2026-08-09T16:15:50.913015+00:00
1039179,referee,1169816,"GOMEZ HERRERO, ALEJANDRO",Arbitro asistente,https://www.rffm.es/acta-partido/1039179,2026-08-09T16:15:50.913015+00:00
1039179,referee,3454,"ARANZANA CARPINTERO, RICARDO",Arbitro asistente,https://www.rffm.es/acta-partido/1039179,2026-08-09T16:15:50.913015+00:00
1039179,field_delegate,,"RODRIGUEZ GIL, ALBERTO",delegado_campo,https://www.rffm.es/acta-partido/1039179,2026-08-09T16:15:50.913015+00:00
1039175,referee,536786,"DIAZ CARRASCO, DIEGO",Arbitro principal,https://www.rffm.es/acta-partido/1039175,2026-08-09T16:15:50.925913+00:00
1039175,referee,1169850,"MORATO JIMENEZ, RAMON",Arbitro asistente,https://www.rffm.es/acta-partido/1039175,2026-08-09T16:15:50.925913+00:00
1039175,referee,877940,"CABADO RODRIGUEZ, YAGO",Arbitro asistente,https://www.rffm.es/acta-partido/1039175,2026-08-09T16:15:50.925913+00:00
1039175,field_delegate,,"MATA GARCÍA , ROBERTO ANDRÉS",delegado_campo,https://www.rffm.es/acta-partido/1039175,2026-08-09T16:15:50.925913+00:00
1039181,referee,3580,"PARRA GONZALEZ, PABLO",Arbitro principal,https://www.rffm.es/acta-partido/1039181,2026-08-09T16:15:51.077084+00:00
1039181,referee,1169838,"JURCA, MIHAI ALEXANDRU",Arbitro asistente,https://www.rffm.es/acta-partido/1039181,2026-08-09T16:15:51.077084+00:00
1039181,referee,523200,"MORARU, FLORIN WESPASIAN",Arbitro asistente,https://www.rffm.es/acta-partido/1039181,2026-08-09T16:15:51.077084+00:00
1039181,field_delegate,,"VILLA GÓMEZ, FERNANDO",delegado_campo,https://www.rffm.es/acta-partido/1039181,2026-08-09T16:15:51.077084+00:00
1039176,referee,645067,"MUÑOZ MORENO, JAIME",Arbitro principal,https://www.rffm.es/acta-partido/1039176,2026-08-09T16:15:51.117020+00:00
1039176,referee,1238126,"FERNANDEZ FERNANDEZ, DIEGO",Arbitro asistente,https://www.rffm.es/acta-partido/1039176,2026-08-09T16:15:51.117020+00:00
1039176,referee,717741,"CASTAÑEDA RODRIGUEZ, BORJA ANTONIO",Arbitro asistente,https://www.rffm.es/acta-partido/1039176,2026-08-09T16:15:51.117020+00:00
1039176,field_delegate,,"SANCHEZ JIMENEZ, ALFONSO",delegado_campo,https://www.rffm.es/acta-partido/1039176,2026-08-09T16:15:51.117020+00:00
1039174,referee,3773,"TOTH, LORAND ZOLTAN",Arbitro principal,https://www.rffm.es/acta-partido/1039174,2026-08-09T16:15:51.688668+00:00
1039174,referee,1169631,"GUEVARA RAMIREZ, LUIS HERNAN",Arbitro asistente,https://www.rffm.es/acta-partido/1039174,2026-08-09T16:15:51.688668+00:00
1039174,referee,822935,"LOPEZ PIÑA, GONZALO",Arbitro asistente,https://www.rffm.es/acta-partido/1039174,2026-08-09T16:15:51.688668+00:00
1039174,field_delegate,,"MENDOZA PEDROCHE, JOSE IGNACIO",delegado_campo,https://www.rffm.es/acta-partido/1039174,2026-08-09T16:15:51.688668+00:00
1039180,referee,5076,"SANCHEZ FERNANDEZ DE AVILA, MIGUEL",Arbitro principal,https://www.rffm.es/acta-partido/1039180,2026-08-09T16:15:51.709709+00:00
1039180,referee,1169857,"MURCIEGO CABEZAS, MIGUEL",Arbitro asistente,https://www.rffm.es/acta-partido/1039180,2026-08-09T16:15:51.709709+00:00
1039180,referee,4267,"ZUJAR MARTINEZ, PEDRO DAVID",Arbitro asistente,https://www.rffm.es/acta-partido/1039180,2026-08-09T16:15:51.709709+00:00
1039180,field_delegate,,"HERNANDEZ PADILLA, FRANCISCO JOSE",delegado_campo,https://www.rffm.es/acta-partido/1039180,2026-08-09T16:15:51.709709+00:00
1039187,referee,861935,"GARCIA GUERRERO, ALEJANDRO",Arbitro principal,https://www.rffm.es/acta-partido/1039187,2026-08-09T16:15:51.764252+00:00
1039187,referee,1169865,"PEREZ ROSARIO, CRISTIAN",Arbitro asistente,https://www.rffm.es/acta-partido/1039187,2026-08-09T16:15:51.764252+00:00
1039187,referee,877900,"ACEVEDO GONZALEZ, JORGE",Arbitro asistente,https://www.rffm.es/acta-partido/1039187,2026-08-09T16:15:51.764252+00:00
1039187,field_delegate,,"MATA GARCÍA , ROBERTO ANDRÉS",delegado_campo,https://www.rffm.es/acta-partido/1039187,2026-08-09T16:15:51.764252+00:00
1039185,referee,718719,"GUIJARRO PANIAGUA, DANIEL",Arbitro principal,https://www.rffm.es/acta-partido/1039185,2026-08-09T16:15:52.109334+00:00
1039185,referee,1169829,"GARCIA CASADO, ALVARO",Arbitro asistente,https://www.rffm.es/acta-partido/1039185,2026-08-09T16:15:52.109334+00:00
1039185,referee,3243,"BAUTISTA ALVAREZ, RICARDO",Arbitro asistente,https://www.rffm.es/acta-partido/1039185,2026-08-09T16:15:52.109334+00:00
1039185,field_delegate,,"RECIO ORTEGA , JESUS",delegado_campo,https://www.rffm.es/acta-partido/1039185,2026-08-09T16:15:52.109334+00:00
1039178,referee,1091,"VALVERDE SANCHEZ, ANGEL LUIS",Arbitro principal,https://www.rffm.es/acta-partido/1039178,2026-08-09T16:15:52.195368+00:00
1039178,referee,1169897,"TORRALBA RODRIGUEZ, MANUEL",Arbitro asistente,https://www.rffm.es/acta-partido/1039178,2026-08-09T16:15:52.195368+00:00
1039178,referee,878107,"GRACIA VALENZUELA, MOISES",Arbitro asistente,https://www.rffm.es/acta-partido/1039178,2026-08-09T16:15:52.195368+00:00
1039178,field_delegate,,"PRADOS EIRAS, JUAN JOSE",delegado_campo,https://www.rffm.es/acta-partido/1039178,2026-08-09T16:15:52.195368+00:00
1039173,referee,4813,"GARCIA MARTINEZ, JORGE",Arbitro principal,https://www.rffm.es/acta-partido/1039173,2026-08-09T16:15:52.210041+00:00
1039173,referee,716478,"ALMANSA HERAS, SERGIO",Arbitro asistente,https://www.rffm.es/acta-partido/1039173,2026-08-09T16:15:52.210041+00:00
1039173,referee,797628,"JIMENEZ GONZALEZ, JAIME",Arbitro asistente,https://www.rffm.es/acta-partido/1039173,2026-08-09T16:15:52.210041+00:00
1039173,field_delegate,,"ALMAGRO CHICA, JOSE MANUEL",delegado_campo,https://www.rffm.es/acta-partido/1039173,2026-08-09T16:15:52.210041+00:00
1039177,referee,718977,"KOURTAM CHEHLAOUI, KHALID",Arbitro principal,https://www.rffm.es/acta-partido/1039177,2026-08-09T16:15:52.217517+00:00
1039177,referee,1169865,"PEREZ ROSARIO, CRISTIAN",Arbitro asistente,https://www.rffm.es/acta-partido/1039177,2026-08-09T16:15:52.217517+00:00
1039177,referee,4926,"LAZARO VADILLO, DAVID",Arbitro asistente,https://www.rffm.es/acta-partido/1039177,2026-08-09T16:15:52.217517+00:00
1039177,field_delegate,,"RECIO ORTEGA , JESUS",delegado_campo,https://www.rffm.es/acta-partido/1039177,2026-08-09T16:15:52.217517+00:00
1039182,referee,222,"ROMERO SAEZ, EDUARDO",Arbitro principal,https://www.rffm.es/acta-partido/1039182,2026-08-09T16:15:52.296292+00:00
1039182,referee,1169631,"GUEVARA RAMIREZ, LUIS HERNAN",Arbitro asistente,https://www.rffm.es/acta-partido/1039182,2026-08-09T16:15:52.296292+00:00
1039182,referee,5069,"GONZALEZ CALVO, EDUARDO",Arbitro asistente,https://www.rffm.es/acta-partido/1039182,2026-08-09T16:15:52.296292+00:00
1039182,field_delegate,,"HERNANDEZ PADILLA, FRANCISCO JOSE",delegado_campo,https://www.rffm.es/acta-partido/1039182,2026-08-09T16:15:52.296292+00:00
1039184,referee,3682,"GONZALEZ GUISADO, SERGIO",Arbitro principal,https://www.rffm.es/acta-partido/1039184,2026-08-09T16:15:52.380325+00:00
1039184,referee,1169897,"TORRALBA RODRIGUEZ, MANUEL",Arbitro asistente,https://www.rffm.es/acta-partido/1039184,2026-08-09T16:15:52.380325+00:00
1039184,referee,4546,"BARRADO LACORTE, PEDRO JESUS",Arbitro asistente,https://www.rffm.es/acta-partido/1039184,2026-08-09T16:15:52.380325+00:00
1039184,field_delegate,,"PRADOS EIRAS, JUAN JOSE",delegado_campo,https://www.rffm.es/acta-partido/1039184,2026-08-09T16:15:52.380325+00:00
1039183,referee,3539,"CASTRO MARTIN, FERNANDO",Arbitro principal,https://www.rffm.es/acta-partido/1039183,2026-08-09T16:15:52.385592+00:00
1039183,referee,1169766,"ABAJO FERNANDEZ, JORGE",Arbitro asistente,https://www.rffm.es/acta-partido/1039183,2026-08-09T16:15:52.385592+00:00
1039183,referee,1027683,"CACHO BENITEZ, BRIAN",Arbitro asistente,https://www.rffm.es/acta-partido/1039183,2026-08-09T16:15:52.385592+00:00
1039183,field_delegate,,"RODRIGUEZ GIL, ALBERTO",delegado_campo,https://www.rffm.es/acta-partido/1039183,2026-08-09T16:15:52.385592+00:00
1039188,referee,804593,"DE MINGO COLLADOS, VICTOR",Arbitro principal,https://www.rffm.es/acta-partido/1039188,2026-08-09T16:15:52.773487+00:00
1039188,referee,1169857,"MURCIEGO CABEZAS, MIGUEL",Arbitro asistente,https://www.rffm.es/acta-partido/1039188,2026-08-09T16:15:52.773487+00:00
1039188,referee,665514,"FERNANDEZ DOMINGUEZ, MARCOS",Arbitro asistente,https://www.rffm.es/acta-partido/1039188,2026-08-09T16:15:52.773487+00:00
1039188,field_delegate,,"MENDOZA PEDROCHE, JOSE IGNACIO",delegado_campo,https://www.rffm.es/acta-partido/1039188,2026-08-09T16:15:52.773487+00:00
1039186,referee,4413,"FERNANDEZ MARUGAN, MARIO ALEXIS",Arbitro principal,https://www.rffm.es/acta-partido/1039186,2026-08-09T16:15:52.780333+00:00
1039186,referee,1169774,"CHASI TOMALO, EDISON LUIS",Arbitro asistente,https://www.rffm.es/acta-partido/1039186,2026-08-09T16:15:52.780333+00:00
1039186,referee,964565,"BELLOSO RIVERO, ABRAHAM",Arbitro asistente,https://www.rffm.es/acta-partido/1039186,2026-08-09T16:15:52.780333+00:00
1039186,field_delegate,,"SANCHEZ JIMENEZ, ALFONSO",delegado_campo,https://www.rffm.es/acta-partido/1039186,2026-08-09T16:15:52.780333+00:00
1039191,referee,645494,"FERNANDEZ MOLINERO, SERGIO",Arbitro principal,https://www.rffm.es/acta-partido/1039191,2026-08-09T16:15:53.254861+00:00
1039191,referee,1169900,"VALLE DOMINGO, ANTONIO",Arbitro asistente,https://www.rffm.es/acta-partido/1039191,2026-08-09T16:15:53.254861+00:00
1039191,referee,5118,"JASSO AGENJO, ALEJANDRO",Arbitro asistente,https://www.rffm.es/acta-partido/1039191,2026-08-09T16:15:53.254861+00:00
1039191,field_delegate,,"BARTOLOME TEJEDOR, GREGORIO",delegado_campo,https://www.rffm.es/acta-partido/1039191,2026-08-09T16:15:53.254861+00:00
1039190,referee,592583,"MARTINEZ MANSILLA, MIGUEL",Arbitro principal,https://www.rffm.es/acta-partido/1039190,2026-08-09T16:15:53.255898+00:00
1039190,referee,1169900,"VALLE DOMINGO, ANTONIO",Arbitro asistente,https://www.rffm.es/acta-partido/1039190,2026-08-09T16:15:53.255898+00:00
1039190,referee,5105,"CARDERO ARRANZ, SANTIAGO",Arbitro asistente,https://www.rffm.es/acta-partido/1039190,2026-08-09T16:15:53.255898+00:00
1039190,field_delegate,,"SANZ , GABRIEL ANTONIO",delegado_campo,https://www.rffm.es/acta-partido/1039190,2026-08-09T16:15:53.255898+00:00
1039189,referee,636170,"CONDE CLEMENTE, KILIAN",Arbitro principal,https://www.rffm.es/acta-partido/1039189,2026-08-09T16:15:53.307854+00:00
1039189,referee,1169809,"GONZALEZ MENDES, SORAYA",Arbitro asistente,https://www.rffm.es/acta-partido/1039189,2026-08-09T16:15:53.307854+00:00
1039189,referee,797592,"GARCIA-GIL TALLANTE, DAVID",Arbitro asistente,https://www.rffm.es/acta-partido/1039189,2026-08-09T16:15:53.307854+00:00
1039189,field_delegate,,"ALMAGRO CHICA, JOSE MANUEL",delegado_campo,https://www.rffm.es/acta-partido/1039189,2026-08-09T16:15:53.307854+00:00
1039194,referee,5109,"FAJARDO FERNANDEZ, HECTOR",Arbitro principal,https://www.rffm.es/acta-partido/1039194,2026-08-09T16:15:53.502614+00:00
1039194,referee,3812,"FERNANDEZ HURTADO, JOSE LUIS",Arbitro asistente,https://www.rffm.es/acta-partido/1039194,2026-08-09T16:15:53.502614+00:00
1039194,referee,591084,"RODRIGUEZ GIRALDO, IVAN",Arbitro asistente,https://www.rffm.es/acta-partido/1039194,2026-08-09T16:15:53.502614+00:00
1039194,field_delegate,,"SÁNCHEZ DE LAS MATAS PÉREZ, CARLOS",delegado_campo,https://www.rffm.es/acta-partido/1039194,2026-08-09T16:15:53.502614+00:00
1039195,referee,4813,"GARCIA MARTINEZ, JORGE",Arbitro principal,https://www.rffm.es/acta-partido/1039195,2026-08-09T16:15:53.508354+00:00
1039195,referee,1169800,"FORTUNA GIRON, JULEN",Arbitro asistente,https://www.rffm.es/acta-partido/1039195,2026-08-09T16:15:53.508354+00:00
1039195,referee,5123,"MORALEDA CRISTOBAL, ANTONIO",Arbitro asistente,https://www.rffm.es/acta-partido/1039195,2026-08-09T16:15:53.508354+00:00
1039195,field_delegate,,"POZON GAMERO , JUAN JOSE",delegado_campo,https://www.rffm.es/acta-partido/1039195,2026-08-09T16:15:53.508354+00:00
1039193,referee,4302,"AVILES GARCIA, DAVID",Arbitro principal,https://www.rffm.es/acta-partido/1039193,2026-08-09T16:15:53.513401+00:00
1039193,referee,1169897,"TORRALBA RODRIGUEZ, MANUEL",Arbitro asistente,https://www.rffm.es/acta-partido/1039193,2026-08-09T16:15:53.513401+00:00
1039193,referee,877545,"ILLANA GAGO, GONZALO",Arbitro asistente,https://www.rffm.es/acta-partido/1039193,2026-08-09T16:15:53.513401+00:00
1039193,field_delegate,,"PACHECO TORRES, ALBERTO",delegado_campo,https://www.rffm.es/acta-partido/1039193,2026-08-09T16:15:53.513401+00:00
1039197,referee,5076,"SANCHEZ FERNANDEZ DE AVILA, MIGUEL",Arbitro principal,https://www.rffm.es/acta-partido/1039197,2026-08-09T16:15:53.998927+00:00
1039197,referee,1169766,"ABAJO FERNANDEZ, JORGE",Arbitro asistente,https://www.rffm.es/acta-partido/1039197,2026-08-09T16:15:53.998927+00:00
1039197,referee,3653,"LOPEZ ORTIZ, RAFAEL",Arbitro asistente,https://www.rffm.es/acta-partido/1039197,2026-08-09T16:15:53.998927+00:00
1039197,field_delegate,,"REY , LUÍS ALFONSO",delegado_campo,https://www.rffm.es/acta-partido/1039197,2026-08-09T16:15:53.998927+00:00
1039198,referee,785202,"PEREZ SANCHEZ, ALEJANDRO",Arbitro principal,https://www.rffm.es/acta-partido/1039198,2026-08-09T16:15:54.006601+00:00
1039198,referee,1169854,"MUÑOZ CERRADA, IGNACIO",Arbitro asistente,https://www.rffm.es/acta-partido/1039198,2026-08-09T16:15:54.006601+00:00
1039198,referee,5119,"LOPEZ CUEVAS, AGUSTIN",Arbitro asistente,https://www.rffm.es/acta-partido/1039198,2026-08-09T16:15:54.006601+00:00
1039198,field_delegate,,", JOSE LUIS MARTIN FELIX",delegado_campo,https://www.rffm.es/acta-partido/1039198,2026-08-09T16:15:54.006601+00:00
1039196,referee,4112,"RUBIO PINO, CESAR",Arbitro principal,https://www.rffm.es/acta-partido/1039196,2026-08-09T16:15:54.197928+00:00
1039196,referee,1169850,"MORATO JIMENEZ, RAMON",Arbitro asistente,https://www.rffm.es/acta-partido/1039196,2026-08-09T16:15:54.197928+00:00
1039196,referee,986847,"HIDALGO ALEJO, RAFAEL",Arbitro asistente,https://www.rffm.es/acta-partido/1039196,2026-08-09T16:15:54.197928+00:00
1039196,field_delegate,,"ALVAREZ CASTRO, SAMUEL",delegado_campo,https://www.rffm.es/acta-partido/1039196,2026-08-09T16:15:54.197928+00:00
1039192,referee,797556,"DE LA MATA MARTÍNEZ, RAÚL",Arbitro principal,https://www.rffm.es/acta-partido/1039192,2026-08-09T16:15:54.202723+00:00
1039192,referee,1169865,"PEREZ ROSARIO, CRISTIAN",Arbitro asistente,https://www.rffm.es/acta-partido/1039192,2026-08-09T16:15:54.202723+00:00
1039192,referee,877940,"CABADO RODRIGUEZ, YAGO",Arbitro asistente,https://www.rffm.es/acta-partido/1039192,2026-08-09T16:15:54.202723+00:00
1039192,field_delegate,,"VILLA GOMEZ, FERNANDO",delegado_campo,https://www.rffm.es/acta-partido/1039192,2026-08-09T16:15:54.202723+00:00
1039199,referee,4395,"FERRERO MELCHOR, IGNACIO",Arbitro principal,https://www.rffm.es/acta-partido/1039199,2026-08-09T16:15:54.242559+00:00
1039199,referee,1169871,"ROMANILLOS GARCIA, GONZALO",Arbitro asistente,https://www.rffm.es/acta-partido/1039199,2026-08-09T16:15:54.242559+00:00
1039199,referee,4419,"MENDOZA CEMBRANOS, PABLO",Arbitro asistente,https://www.rffm.es/acta-partido/1039199,2026-08-09T16:15:54.242559+00:00
1039199,field_delegate,,"ALONSO BARRADO, ALBERTO",delegado_campo,https://www.rffm.es/acta-partido/1039199,2026-08-09T16:15:54.242559+00:00
1039204,referee,3824,"PUENTE BONILLA, PABLO",Arbitro principal,https://www.rffm.es/acta-partido/1039204,2026-08-09T16:15:54.620416+00:00
1039204,referee,1169809,"GONZALEZ MENDES, SORAYA",Arbitro asistente,https://www.rffm.es/acta-partido/1039204,2026-08-09T16:15:54.620416+00:00
1039204,referee,712593,"NAVAS FERNANDEZ, JOSE MANUEL",Arbitro asistente,https://www.rffm.es/acta-partido/1039204,2026-08-09T16:15:54.620416+00:00
1039204,field_delegate,,"MATA GARCÍA , ROBERTO ANDRÉS",delegado_campo,https://www.rffm.es/acta-partido/1039204,2026-08-09T16:15:54.620416+00:00
1039202,referee,536786,"DIAZ CARRASCO, DIEGO",Arbitro principal,https://www.rffm.es/acta-partido/1039202,2026-08-09T16:15:54.669910+00:00
1039202,referee,1169897,"TORRALBA RODRIGUEZ, MANUEL",Arbitro asistente,https://www.rffm.es/acta-partido/1039202,2026-08-09T16:15:54.669910+00:00
1039202,referee,797646,"NARANJO CAMARERO, CARLOS",Arbitro asistente,https://www.rffm.es/acta-partido/1039202,2026-08-09T16:15:54.669910+00:00
1039202,field_delegate,,"RECIO ORTEGA , JESUS",delegado_campo,https://www.rffm.es/acta-partido/1039202,2026-08-09T16:15:54.669910+00:00
1039200,referee,592583,"MARTINEZ MANSILLA, MIGUEL",Arbitro principal,https://www.rffm.es/acta-partido/1039200,2026-08-09T16:15:54.726755+00:00
1039200,referee,1169900,"VALLE DOMINGO, ANTONIO",Arbitro asistente,https://www.rffm.es/acta-partido/1039200,2026-08-09T16:15:54.726755+00:00
1039200,referee,5118,"JASSO AGENJO, ALEJANDRO",Arbitro asistente,https://www.rffm.es/acta-partido/1039200,2026-08-09T16:15:54.726755+00:00
1039200,field_delegate,,"GONZALEZ MORA, ELBIO RAFAEL",delegado_campo,https://www.rffm.es/acta-partido/1039200,2026-08-09T16:15:54.726755+00:00
1039203,referee,718977,"KOURTAM CHEHLAOUI, KHALID",Arbitro principal,https://www.rffm.es/acta-partido/1039203,2026-08-09T16:15:55.180633+00:00
1039203,referee,1169854,"MUÑOZ CERRADA, IGNACIO",Arbitro asistente,https://www.rffm.es/acta-partido/1039203,2026-08-09T16:15:55.180633+00:00
1039203,referee,5162,"LOPEZ SORIA, JAVIER NICOLAS",Arbitro asistente,https://www.rffm.es/acta-partido/1039203,2026-08-09T16:15:55.180633+00:00
1039203,field_delegate,,"SANCHEZ JIMENEZ, ALFONSO",delegado_campo,https://www.rffm.es/acta-partido/1039203,2026-08-09T16:15:55.180633+00:00
1039205,referee,645067,"MUÑOZ MORENO, JAIME",Arbitro principal,https://www.rffm.es/acta-partido/1039205,2026-08-09T16:15:55.228315+00:00
1039205,referee,945336,"FERNANDEZ FERNANDEZ, DENNIS",Arbitro asistente,https://www.rffm.es/acta-partido/1039205,2026-08-09T16:15:55.228315+00:00
1039205,referee,718727,"IZQUIERDO CANTERO, ALEJANDRO",Arbitro asistente,https://www.rffm.es/acta-partido/1039205,2026-08-09T16:15:55.228315+00:00
1039205,field_delegate,,"MENDOZA PEDROCHE, JOSE IGNACIO",delegado_campo,https://www.rffm.es/acta-partido/1039205,2026-08-09T16:15:55.228315+00:00
1039201,referee,2085,"CARRALERO CALVO, MANUEL",Arbitro principal,https://www.rffm.es/acta-partido/1039201,2026-08-09T16:15:55.433652+00:00
1039201,referee,1169871,"ROMANILLOS GARCIA, GONZALO",Arbitro asistente,https://www.rffm.es/acta-partido/1039201,2026-08-09T16:15:55.433652+00:00
1039201,referee,742557,"IGLESIAS SZENDEFY, MARK",Arbitro asistente,https://www.rffm.es/acta-partido/1039201,2026-08-09T16:15:55.433652+00:00
1039201,field_delegate,,"PRADOS EIRAS, JUAN JOSE",delegado_campo,https://www.rffm.es/acta-partido/1039201,2026-08-09T16:15:55.433652+00:00
1039207,referee,3773,"TOTH, LORAND ZOLTAN",Arbitro principal,https://www.rffm.es/acta-partido/1039207,2026-08-09T16:15:55.458319+00:00
1039207,referee,1169777,"DONATO MORALES, ALEJANDRO",Arbitro asistente,https://www.rffm.es/acta-partido/1039207,2026-08-09T16:15:55.458319+00:00
1039207,referee,877545,"ILLANA GAGO, GONZALO",Arbitro asistente,https://www.rffm.es/acta-partido/1039207,2026-08-09T16:15:55.458319+00:00
1039207,field_delegate,,"SANZ , GABRIEL ANTONIO",delegado_campo,https://www.rffm.es/acta-partido/1039207,2026-08-09T16:15:55.458319+00:00
1039208,referee,1182046,"BILBAO RODRIGUEZ, JAVIER",Arbitro principal,https://www.rffm.es/acta-partido/1039208,2026-08-09T16:15:55.465326+00:00
1039208,referee,1169875,"RUIZ MARTINEZ ALCOCER, ADRIAN",Arbitro asistente,https://www.rffm.es/acta-partido/1039208,2026-08-09T16:15:55.465326+00:00
1039208,referee,742557,"IGLESIAS SZENDEFY, MARK",Arbitro asistente,https://www.rffm.es/acta-partido/1039208,2026-08-09T16:15:55.465326+00:00
1039208,field_delegate,,"ALONSO BARRADO, ALBERTO",delegado_campo,https://www.rffm.es/acta-partido/1039208,2026-08-09T16:15:55.465326+00:00
1039206,referee,4901,"RANZ CASTAÑEDA, SAMUEL",Arbitro principal,https://www.rffm.es/acta-partido/1039206,2026-08-09T16:15:55.701767+00:00
1039206,referee,1169800,"FORTUNA GIRON, JULEN",Arbitro asistente,https://www.rffm.es/acta-partido/1039206,2026-08-09T16:15:55.701767+00:00
1039206,referee,523200,"MORARU, FLORIN WESPASIAN",Arbitro asistente,https://www.rffm.es/acta-partido/1039206,2026-08-09T16:15:55.701767+00:00
1039206,field_delegate,,"ALMAGRO CHICA, JOSE MANUEL",delegado_campo,https://www.rffm.es/acta-partido/1039206,2026-08-09T16:15:55.701767+00:00
1039213,referee,718719,"GUIJARRO PANIAGUA, DANIEL",Arbitro principal,https://www.rffm.es/acta-partido/1039213,2026-08-09T16:15:55.977208+00:00
1039213,referee,1169871,"ROMANILLOS GARCIA, GONZALO",Arbitro asistente,https://www.rffm.es/acta-partido/1039213,2026-08-09T16:15:55.977208+00:00
1039213,referee,5105,"CARDERO ARRANZ, SANTIAGO",Arbitro asistente,https://www.rffm.es/acta-partido/1039213,2026-08-09T16:15:55.977208+00:00
1039213,field_delegate,,"SÁNCHEZ DE LAS MATAS PÉREZ, CARLOS",delegado_campo,https://www.rffm.es/acta-partido/1039213,2026-08-09T16:15:55.977208+00:00
1039210,referee,3728,"DE LA CRUZ GONZALEZ, JAIME",Arbitro principal,https://www.rffm.es/acta-partido/1039210,2026-08-09T16:15:55.987368+00:00
1039210,referee,523088,"JAADAR MOKHTARI, BILAL",Arbitro asistente,https://www.rffm.es/acta-partido/1039210,2026-08-09T16:15:55.987368+00:00
1039210,referee,782848,"ALBILLOS IBAÑEZ, JOSE MARIA",Arbitro asistente,https://www.rffm.es/acta-partido/1039210,2026-08-09T16:15:55.987368+00:00
1039210,field_delegate,,"HERNANDEZ PADILLA, FRANCISCO JOSE",delegado_campo,https://www.rffm.es/acta-partido/1039210,2026-08-09T16:15:55.987368+00:00
1039214,referee,719275,"MADROÑAL LORENTE, IVAN",Arbitro principal,https://www.rffm.es/acta-partido/1039214,2026-08-09T16:15:56.551174+00:00
1039214,referee,1169857,"MURCIEGO CABEZAS, MIGUEL",Arbitro asistente,https://www.rffm.es/acta-partido/1039214,2026-08-09T16:15:56.551174+00:00
1039214,referee,5069,"GONZALEZ CALVO, EDUARDO",Arbitro asistente,https://www.rffm.es/acta-partido/1039214,2026-08-09T16:15:56.551174+00:00
1039214,field_delegate,,"POZON GAMERO , JUAN JOSE",delegado_campo,https://www.rffm.es/acta-partido/1039214,2026-08-09T16:15:56.551174+00:00
1039209,referee,4302,"AVILES GARCIA, DAVID",Arbitro principal,https://www.rffm.es/acta-partido/1039209,2026-08-09T16:15:56.566717+00:00
1039209,referee,1169897,"TORRALBA RODRIGUEZ, MANUEL",Arbitro asistente,https://www.rffm.es/acta-partido/1039209,2026-08-09T16:15:56.566717+00:00
1039209,referee,909189,"GARCIA GONZALEZ, VICTOR",Arbitro asistente,https://www.rffm.es/acta-partido/1039209,2026-08-09T16:15:56.566717+00:00
1039209,field_delegate,,"BARTOLOME TEJEDOR, GREGORIO",delegado_campo,https://www.rffm.es/acta-partido/1039209,2026-08-09T16:15:56.566717+00:00
1039217,referee,5109,"FAJARDO FERNANDEZ, HECTOR",Arbitro principal,https://www.rffm.es/acta-partido/1039217,2026-08-09T16:15:57.049620+00:00
1039217,referee,3812,"FERNANDEZ HURTADO, JOSE LUIS",Arbitro asistente,https://www.rffm.es/acta-partido/1039217,2026-08-09T16:15:57.049620+00:00
1039217,referee,894373,"CALVO VALENTIN, ELISABETH",Arbitro asistente,https://www.rffm.es/acta-partido/1039217,2026-08-09T16:15:57.049620+00:00
1039217,field_delegate,,", JOSE LUIS MARTIN FELIX",delegado_campo,https://www.rffm.es/acta-partido/1039217,2026-08-09T16:15:57.049620+00:00
1039211,referee,5076,"SANCHEZ FERNANDEZ DE AVILA, MIGUEL",Arbitro principal,https://www.rffm.es/acta-partido/1039211,2026-08-09T16:15:57.200571+00:00
1039211,referee,909329,"MANZANO GARCIA, JORGE",Arbitro asistente,https://www.rffm.es/acta-partido/1039211,2026-08-09T16:15:57.200571+00:00
1039211,referee,1027683,"CACHO BENITEZ, BRIAN",Arbitro asistente,https://www.rffm.es/acta-partido/1039211,2026-08-09T16:15:57.200571+00:00
1039211,field_delegate,,"CORTÉS BENITO, FERNANDO",delegado_campo,https://www.rffm.es/acta-partido/1039211,2026-08-09T16:15:57.200571+00:00
1039221,referee,3535,"ACERO LLAMAS, GUILLERMO",Arbitro principal,https://www.rffm.es/acta-partido/1039221,2026-08-09T16:15:57.249598+00:00
1039221,referee,1169875,"RUIZ MARTINEZ ALCOCER, ADRIAN",Arbitro asistente,https://www.rffm.es/acta-partido/1039221,2026-08-09T16:15:57.249598+00:00
1039221,referee,1182758,"CHEDDADI CHEDDADI, ZAKARIAE",Arbitro asistente,https://www.rffm.es/acta-partido/1039221,2026-08-09T16:15:57.249598+00:00
1039221,field_delegate,,"MATA GARCÍA , ROBERTO ANDRÉS",delegado_campo,https://www.rffm.es/acta-partido/1039221,2026-08-09T16:15:57.249598+00:00
1039212,referee,1050822,"CHAVARRIA GIL, JESUS",Arbitro principal,https://www.rffm.es/acta-partido/1039212,2026-08-09T16:15:57.280894+00:00
1039212,referee,1169770,"BELHAJ HARBI, AYMAN",Arbitro asistente,https://www.rffm.es/acta-partido/1039212,2026-08-09T16:15:57.280894+00:00
1039212,referee,1027683,"CACHO BENITEZ, BRIAN",Arbitro asistente,https://www.rffm.es/acta-partido/1039212,2026-08-09T16:15:57.280894+00:00
1039212,field_delegate,,"PACHECO TORRES, ALBERTO",delegado_campo,https://www.rffm.es/acta-partido/1039212,2026-08-09T16:15:57.280894+00:00
1039215,referee,3580,"PARRA GONZALEZ, PABLO",Arbitro principal,https://www.rffm.es/acta-partido/1039215,2026-08-09T16:15:57.385183+00:00
1039215,referee,716478,"ALMANSA HERAS, SERGIO",Arbitro asistente,https://www.rffm.es/acta-partido/1039215,2026-08-09T16:15:57.385183+00:00
1039215,referee,964694,"FERNANDEZ BAERT, JAIME",Arbitro asistente,https://www.rffm.es/acta-partido/1039215,2026-08-09T16:15:57.385183+00:00
1039215,field_delegate,,"ARANDA CABALLERO , BALTASAR",delegado_campo,https://www.rffm.es/acta-partido/1039215,2026-08-09T16:15:57.385183+00:00
1039216,referee,222,"ROMERO SAEZ, EDUARDO",Arbitro principal,https://www.rffm.es/acta-partido/1039216,2026-08-09T16:15:57.520413+00:00
1039216,referee,1169875,"RUIZ MARTINEZ ALCOCER, ADRIAN",Arbitro asistente,https://www.rffm.es/acta-partido/1039216,2026-08-09T16:15:57.520413+00:00
1039216,referee,964694,"FERNANDEZ BAERT, JAIME",Arbitro asistente,https://www.rffm.es/acta-partido/1039216,2026-08-09T16:15:57.520413+00:00
1039216,field_delegate,,"REY , LUÍS ALFONSO",delegado_campo,https://www.rffm.es/acta-partido/1039216,2026-08-09T16:15:57.520413+00:00
1039219,referee,4913,"ARRANZ FURONES, LUIS",Arbitro principal,https://www.rffm.es/acta-partido/1039219,2026-08-09T16:15:57.951141+00:00
1039219,referee,967704,"ALVARO NEBREDA, JOSE ANGEL",Arbitro asistente,https://www.rffm.es/acta-partido/1039219,2026-08-09T16:15:57.951141+00:00
1039219,referee,877467,"CARRASCOSA VÁZQUEZ, CRISTIAN JOSÉ",Arbitro asistente,https://www.rffm.es/acta-partido/1039219,2026-08-09T16:15:57.951141+00:00
1039219,field_delegate,,"RECIO ORTEGA , JESUS",delegado_campo,https://www.rffm.es/acta-partido/1039219,2026-08-09T16:15:57.951141+00:00
1039220,referee,591116,"TORRALBA CASTAÑEDA, PABLO",Arbitro principal,https://www.rffm.es/acta-partido/1039220,2026-08-09T16:15:57.954504+00:00
1039220,referee,1169766,"ABAJO FERNANDEZ, JORGE",Arbitro asistente,https://www.rffm.es/acta-partido/1039220,2026-08-09T16:15:57.954504+00:00
1039220,referee,877940,"CABADO RODRIGUEZ, YAGO",Arbitro asistente,https://www.rffm.es/acta-partido/1039220,2026-08-09T16:15:57.954504+00:00
1039220,field_delegate,,"SANCHEZ JIMENEZ, ALFONSO",delegado_campo,https://www.rffm.es/acta-partido/1039220,2026-08-09T16:15:57.954504+00:00
1039223,referee,4112,"RUBIO PINO, CESAR",Arbitro principal,https://www.rffm.es/acta-partido/1039223,2026-08-09T16:15:58.031996+00:00
1039223,referee,1169854,"MUÑOZ CERRADA, IGNACIO",Arbitro asistente,https://www.rffm.es/acta-partido/1039223,2026-08-09T16:15:58.031996+00:00
1039223,referee,822935,"LOPEZ PIÑA, GONZALO",Arbitro asistente,https://www.rffm.es/acta-partido/1039223,2026-08-09T16:15:58.031996+00:00
1039223,field_delegate,,"ALMAGRO CHICA, JOSE MANUEL",delegado_campo,https://www.rffm.es/acta-partido/1039223,2026-08-09T16:15:58.031996+00:00
1039225,referee,592583,"MARTINEZ MANSILLA, MIGUEL",Arbitro principal,https://www.rffm.es/acta-partido/1039225,2026-08-09T16:15:58.047687+00:00
1039225,referee,1169900,"VALLE DOMINGO, ANTONIO",Arbitro asistente,https://www.rffm.es/acta-partido/1039225,2026-08-09T16:15:58.047687+00:00
1039225,referee,877940,"CABADO RODRIGUEZ, YAGO",Arbitro asistente,https://www.rffm.es/acta-partido/1039225,2026-08-09T16:15:58.047687+00:00
1039225,field_delegate,,"ALONSO BARRADO, ALBERTO",delegado_campo,https://www.rffm.es/acta-partido/1039225,2026-08-09T16:15:58.047687+00:00
1039226,referee,4813,"GARCIA MARTINEZ, JORGE",Arbitro principal,https://www.rffm.es/acta-partido/1039226,2026-08-09T16:15:58.102652+00:00
1039226,referee,894373,"CALVO VALENTIN, ELISABETH",Arbitro asistente,https://www.rffm.es/acta-partido/1039226,2026-08-09T16:15:58.102652+00:00
1039226,referee,877778,"MORENO AVILES, DANIEL",Arbitro asistente,https://www.rffm.es/acta-partido/1039226,2026-08-09T16:15:58.102652+00:00
1039226,field_delegate,,", JOSE LUIS MARTIN FELIX",delegado_campo,https://www.rffm.es/acta-partido/1039226,2026-08-09T16:15:58.102652+00:00
1039218,referee,665595,"PINILLA SERRANO, ADRIAN",Arbitro principal,https://www.rffm.es/acta-partido/1039218,2026-08-09T16:15:58.205720+00:00
1039218,referee,1169829,"GARCIA CASADO, ALVARO",Arbitro asistente,https://www.rffm.es/acta-partido/1039218,2026-08-09T16:15:58.205720+00:00
1039218,referee,878313,"VICENTE JUAREZ, ANGEL",Arbitro asistente,https://www.rffm.es/acta-partido/1039218,2026-08-09T16:15:58.205720+00:00
1039218,field_delegate,,"PRADOS EIRAS, JUAN JOSE",delegado_campo,https://www.rffm.es/acta-partido/1039218,2026-08-09T16:15:58.205720+00:00
1039222,referee,645721,"DIAZ RODRIGUEZ, LUIS MIGUEL",Arbitro principal,https://www.rffm.es/acta-partido/1039222,2026-08-09T16:15:58.470978+00:00
1039222,referee,1169838,"JURCA, MIHAI ALEXANDRU",Arbitro asistente,https://www.rffm.es/acta-partido/1039222,2026-08-09T16:15:58.470978+00:00
1039222,referee,877467,"CARRASCOSA VÁZQUEZ, CRISTIAN JOSÉ",Arbitro asistente,https://www.rffm.es/acta-partido/1039222,2026-08-09T16:15:58.470978+00:00
1039222,field_delegate,,"MENDOZA PEDROCHE, JOSE IGNACIO",delegado_campo,https://www.rffm.es/acta-partido/1039222,2026-08-09T16:15:58.470978+00:00
1039224,referee,591232,"GONZALEZ SEIJAS, JORGE",Arbitro principal,https://www.rffm.es/acta-partido/1039224,2026-08-09T16:15:58.805127+00:00
1039224,referee,645830,"VIDALLER SEGURA, LEON",Arbitro asistente,https://www.rffm.es/acta-partido/1039224,2026-08-09T16:15:58.805127+00:00
1039224,referee,813607,"FERNANDEZ ALCOBENDAS, OSCAR",Arbitro asistente,https://www.rffm.es/acta-partido/1039224,2026-08-09T16:15:58.805127+00:00
1039224,field_delegate,,"SANZ , GABRIEL ANTONIO",delegado_campo,https://www.rffm.es/acta-partido/1039224,2026-08-09T16:15:58.805127+00:00
1039235,referee,3728,"DE LA CRUZ GONZALEZ, JAIME",Arbitro principal,https://www.rffm.es/acta-partido/1039235,2026-08-09T16:15:58.971633+00:00
1039235,referee,1169875,"RUIZ MARTINEZ ALCOCER, ADRIAN",Arbitro asistente,https://www.rffm.es/acta-partido/1039235,2026-08-09T16:15:58.971633+00:00
1039235,referee,591084,"RODRIGUEZ GIRALDO, IVAN",Arbitro asistente,https://www.rffm.es/acta-partido/1039235,2026-08-09T16:15:58.971633+00:00
1039235,field_delegate,,"REY , LUÍS ALFONSO",delegado_campo,https://www.rffm.es/acta-partido/1039235,2026-08-09T16:15:58.971633+00:00
1039232,referee,861935,"GARCIA GUERRERO, ALEJANDRO",Arbitro principal,https://www.rffm.es/acta-partido/1039232,2026-08-09T16:15:59.082482+00:00
1039232,referee,1169865,"PEREZ ROSARIO, CRISTIAN",Arbitro asistente,https://www.rffm.es/acta-partido/1039232,2026-08-09T16:15:59.082482+00:00
1039232,referee,536396,"GOMEZ GONZALEZ, AMANDO",Arbitro asistente,https://www.rffm.es/acta-partido/1039232,2026-08-09T16:15:59.082482+00:00
1039232,field_delegate,,"SÁNCHEZ DE LAS MATAS PÉREZ, CARLOS",delegado_campo,https://www.rffm.es/acta-partido/1039232,2026-08-09T16:15:59.082482+00:00
1039230,referee,1091,"VALVERDE SANCHEZ, ANGEL LUIS",Arbitro principal,https://www.rffm.es/acta-partido/1039230,2026-08-09T16:15:59.337439+00:00
1039230,referee,1169829,"GARCIA CASADO, ALVARO",Arbitro asistente,https://www.rffm.es/acta-partido/1039230,2026-08-09T16:15:59.337439+00:00
1039230,referee,909252,"GONZALEZ PELAEZ, JOSE ADRIAN",Arbitro asistente,https://www.rffm.es/acta-partido/1039230,2026-08-09T16:15:59.337439+00:00
1039230,field_delegate,,"CORTÉS BENITO, FERNANDO",delegado_campo,https://www.rffm.es/acta-partido/1039230,2026-08-09T16:15:59.337439+00:00
1039231,referee,2591,"CALVO GONZALEZ, JAVIER",Arbitro principal,https://www.rffm.es/acta-partido/1039231,2026-08-09T16:15:59.347234+00:00
1039231,referee,3812,"FERNANDEZ HURTADO, JOSE LUIS",Arbitro asistente,https://www.rffm.es/acta-partido/1039231,2026-08-09T16:15:59.347234+00:00
1039231,referee,854194,"KINGA-HAJNALKA, LOBENSCHUS",Arbitro asistente,https://www.rffm.es/acta-partido/1039231,2026-08-09T16:15:59.347234+00:00
1039231,field_delegate,,"PACHECO TORRES, ALBERTO",delegado_campo,https://www.rffm.es/acta-partido/1039231,2026-08-09T16:15:59.347234+00:00
1039233,referee,645067,"MUÑOZ MORENO, JAIME",Arbitro principal,https://www.rffm.es/acta-partido/1039233,2026-08-09T16:15:59.360022+00:00
1039233,referee,945336,"FERNANDEZ FERNANDEZ, DENNIS",Arbitro asistente,https://www.rffm.es/acta-partido/1039233,2026-08-09T16:15:59.360022+00:00
1039233,referee,721280,"VIALCHO MIRANDA, MIGUEL ANGEL",Arbitro asistente,https://www.rffm.es/acta-partido/1039233,2026-08-09T16:15:59.360022+00:00
1039233,field_delegate,,"POZON GAMERO , JUAN JOSE",delegado_campo,https://www.rffm.es/acta-partido/1039233,2026-08-09T16:15:59.360022+00:00
1039227,referee,536786,"DIAZ CARRASCO, DIEGO",Arbitro principal,https://www.rffm.es/acta-partido/1039227,2026-08-09T16:15:59.467295+00:00
1039227,referee,1169777,"DONATO MORALES, ALEJANDRO",Arbitro asistente,https://www.rffm.es/acta-partido/1039227,2026-08-09T16:15:59.467295+00:00
1039227,referee,797592,"GARCIA-GIL TALLANTE, DAVID",Arbitro asistente,https://www.rffm.es/acta-partido/1039227,2026-08-09T16:15:59.467295+00:00
1039227,field_delegate,,"BARTOLOME TEJEDOR, GREGORIO",delegado_campo,https://www.rffm.es/acta-partido/1039227,2026-08-09T16:15:59.467295+00:00
1039228,referee,3580,"PARRA GONZALEZ, PABLO",Arbitro principal,https://www.rffm.es/acta-partido/1039228,2026-08-09T16:15:59.881546+00:00
1039228,referee,1169900,"VALLE DOMINGO, ANTONIO",Arbitro asistente,https://www.rffm.es/acta-partido/1039228,2026-08-09T16:15:59.881546+00:00
1039228,referee,877545,"ILLANA GAGO, GONZALO",Arbitro asistente,https://www.rffm.es/acta-partido/1039228,2026-08-09T16:15:59.881546+00:00
1039228,field_delegate,,"RODRIGUEZ GIL, ALBERTO",delegado_campo,https://www.rffm.es/acta-partido/1039228,2026-08-09T16:15:59.881546+00:00
1039238,referee,591116,"TORRALBA CASTAÑEDA, PABLO",Arbitro principal,https://www.rffm.es/acta-partido/1039238,2026-08-09T16:16:00.551193+00:00
1039238,referee,1169766,"ABAJO FERNANDEZ, JORGE",Arbitro asistente,https://www.rffm.es/acta-partido/1039238,2026-08-09T16:16:00.551193+00:00
1039238,referee,718727,"IZQUIERDO CANTERO, ALEJANDRO",Arbitro asistente,https://www.rffm.es/acta-partido/1039238,2026-08-09T16:16:00.551193+00:00
1039238,field_delegate,,"MATA GARCÍA , ROBERTO ANDRÉS",delegado_campo,https://www.rffm.es/acta-partido/1039238,2026-08-09T16:16:00.551193+00:00
1039243,referee,539246,"RODRIGUEZ RECIO, ALVARO",Arbitro principal,https://www.rffm.es/acta-partido/1039243,2026-08-09T16:16:00.614232+00:00
1039243,referee,1169857,"MURCIEGO CABEZAS, MIGUEL",Arbitro asistente,https://www.rffm.es/acta-partido/1039243,2026-08-09T16:16:00.614232+00:00
1039243,referee,5069,"GONZALEZ CALVO, EDUARDO",Arbitro asistente,https://www.rffm.es/acta-partido/1039243,2026-08-09T16:16:00.614232+00:00
1039243,field_delegate,,"MARTIN FELIX, JOSE LUIS",delegado_campo,https://www.rffm.es/acta-partido/1039243,2026-08-09T16:16:00.614232+00:00
1039244,referee,3773,"TOTH, LORAND ZOLTAN",Arbitro principal,https://www.rffm.es/acta-partido/1039244,2026-08-09T16:16:00.619664+00:00
1039244,referee,967704,"ALVARO NEBREDA, JOSE ANGEL",Arbitro asistente,https://www.rffm.es/acta-partido/1039244,2026-08-09T16:16:00.619664+00:00
1039244,referee,1027683,"CACHO BENITEZ, BRIAN",Arbitro asistente,https://www.rffm.es/acta-partido/1039244,2026-08-09T16:16:00.619664+00:00
1039244,field_delegate,,"REY , LUÍS ALFONSO",delegado_campo,https://www.rffm.es/acta-partido/1039244,2026-08-09T16:16:00.619664+00:00
1039242,referee,3539,"CASTRO MARTIN, FERNANDO",Arbitro principal,https://www.rffm.es/acta-partido/1039242,2026-08-09T16:16:00.660117+00:00
1039242,referee,1169838,"JURCA, MIHAI ALEXANDRU",Arbitro asistente,https://www.rffm.es/acta-partido/1039242,2026-08-09T16:16:00.660117+00:00
1039242,referee,523234,"ROYO CID, CARLOS",Arbitro asistente,https://www.rffm.es/acta-partido/1039242,2026-08-09T16:16:00.660117+00:00
1039242,field_delegate,,"ALONSO BARRADO, ALBERTO",delegado_campo,https://www.rffm.es/acta-partido/1039242,2026-08-09T16:16:00.660117+00:00
1039229,referee,3824,"PUENTE BONILLA, PABLO",Arbitro principal,https://www.rffm.es/acta-partido/1039229,2026-08-09T16:16:00.706083+00:00
1039229,referee,1169857,"MURCIEGO CABEZAS, MIGUEL",Arbitro asistente,https://www.rffm.es/acta-partido/1039229,2026-08-09T16:16:00.706083+00:00
1039229,referee,2146,"ALONSO CAMPOS, LUIS",Arbitro asistente,https://www.rffm.es/acta-partido/1039229,2026-08-09T16:16:00.706083+00:00
1039229,field_delegate,,"MARQUEZ RODRIGUEZ, MARCO ANTONIO",delegado_campo,https://www.rffm.es/acta-partido/1039229,2026-08-09T16:16:00.706083+00:00
1039234,referee,4901,"RANZ CASTAÑEDA, SAMUEL",Arbitro principal,https://www.rffm.es/acta-partido/1039234,2026-08-09T16:16:00.744516+00:00
1039234,referee,1169800,"FORTUNA GIRON, JULEN",Arbitro asistente,https://www.rffm.es/acta-partido/1039234,2026-08-09T16:16:00.744516+00:00
1039234,referee,3919,"LOPEZ DEL PRECINTO, DAVID",Arbitro asistente,https://www.rffm.es/acta-partido/1039234,2026-08-09T16:16:00.744516+00:00
1039234,field_delegate,,"ARANDA CABALLERO , BALTASAR",delegado_campo,https://www.rffm.es/acta-partido/1039234,2026-08-09T16:16:00.744516+00:00
1039241,referee,591020,"DE GUSTIN PINTO, DAVID",Arbitro principal,https://www.rffm.es/acta-partido/1039241,2026-08-09T16:16:00.774519+00:00
1039241,referee,1169774,"CHASI TOMALO, EDISON LUIS",Arbitro asistente,https://www.rffm.es/acta-partido/1039241,2026-08-09T16:16:00.774519+00:00
1039241,referee,877900,"ACEVEDO GONZALEZ, JORGE",Arbitro asistente,https://www.rffm.es/acta-partido/1039241,2026-08-09T16:16:00.774519+00:00
1039241,field_delegate,,"SANZ , GABRIEL ANTONIO",delegado_campo,https://www.rffm.es/acta-partido/1039241,2026-08-09T16:16:00.774519+00:00
1039240,referee,785202,"PEREZ SANCHEZ, ALEJANDRO",Arbitro principal,https://www.rffm.es/acta-partido/1039240,2026-08-09T16:16:01.041613+00:00
1039240,referee,716478,"ALMANSA HERAS, SERGIO",Arbitro asistente,https://www.rffm.es/acta-partido/1039240,2026-08-09T16:16:01.041613+00:00
1039240,referee,909095,"BLANCO RIVERA, DANIEL",Arbitro asistente,https://www.rffm.es/acta-partido/1039240,2026-08-09T16:16:01.041613+00:00
1039240,field_delegate,,"ALMAGRO CHICA, JOSE MANUEL",delegado_campo,https://www.rffm.es/acta-partido/1039240,2026-08-09T16:16:01.041613+00:00
1039248,referee,4813,"GARCIA MARTINEZ, JORGE",Arbitro principal,https://www.rffm.es/acta-partido/1039248,2026-08-09T16:16:01.216406+00:00
1039248,referee,945336,"FERNANDEZ FERNANDEZ, DENNIS",Arbitro asistente,https://www.rffm.es/acta-partido/1039248,2026-08-09T16:16:01.216406+00:00
1039248,referee,877778,"MORENO AVILES, DANIEL",Arbitro asistente,https://www.rffm.es/acta-partido/1039248,2026-08-09T16:16:01.216406+00:00
1039248,field_delegate,,"MARQUEZ RODRIGUEZ, MARCO ANTONIO",delegado_campo,https://www.rffm.es/acta-partido/1039248,2026-08-09T16:16:01.216406+00:00
1039249,referee,3728,"DE LA CRUZ GONZALEZ, JAIME",Arbitro principal,https://www.rffm.es/acta-partido/1039249,2026-08-09T16:16:01.400756+00:00
1039249,referee,1169875,"RUIZ MARTINEZ ALCOCER, ADRIAN",Arbitro asistente,https://www.rffm.es/acta-partido/1039249,2026-08-09T16:16:01.400756+00:00
1039249,referee,878107,"GRACIA VALENZUELA, MOISES",Arbitro asistente,https://www.rffm.es/acta-partido/1039249,2026-08-09T16:16:01.400756+00:00
1039249,field_delegate,,"CORTÉS BENITO, FERNANDO",delegado_campo,https://www.rffm.es/acta-partido/1039249,2026-08-09T16:16:01.400756+00:00
1039239,referee,718719,"GUIJARRO PANIAGUA, DANIEL",Arbitro principal,https://www.rffm.es/acta-partido/1039239,2026-08-09T16:16:01.573231+00:00
1039239,referee,1169888,"SEGOVIA SAN BENITO, CARLOS",Arbitro asistente,https://www.rffm.es/acta-partido/1039239,2026-08-09T16:16:01.573231+00:00
1039239,referee,877900,"ACEVEDO GONZALEZ, JORGE",Arbitro asistente,https://www.rffm.es/acta-partido/1039239,2026-08-09T16:16:01.573231+00:00
1039239,field_delegate,,"MENDOZA PEDROCHE, JOSE IGNACIO",delegado_campo,https://www.rffm.es/acta-partido/1039239,2026-08-09T16:16:01.573231+00:00
1039237,referee,4112,"RUBIO PINO, CESAR",Arbitro principal,https://www.rffm.es/acta-partido/1039237,2026-08-09T16:16:02.220621+00:00
1039237,referee,1169897,"TORRALBA RODRIGUEZ, MANUEL",Arbitro asistente,https://www.rffm.es/acta-partido/1039237,2026-08-09T16:16:02.220621+00:00
1039237,referee,1182758,"CHEDDADI CHEDDADI, ZAKARIAE",Arbitro asistente,https://www.rffm.es/acta-partido/1039237,2026-08-09T16:16:02.220621+00:00
1039237,field_delegate,,"SANCHEZ JIMENEZ, ALFONSO",delegado_campo,https://www.rffm.es/acta-partido/1039237,2026-08-09T16:16:02.220621+00:00
1039245,referee,591232,"GONZALEZ SEIJAS, JORGE",Arbitro principal,https://www.rffm.es/acta-partido/1039245,2026-08-09T16:16:02.225767+00:00
1039245,referee,3812,"FERNANDEZ HURTADO, JOSE LUIS",Arbitro asistente,https://www.rffm.es/acta-partido/1039245,2026-08-09T16:16:02.225767+00:00
1039245,referee,3895,"BOR, TAMAS",Arbitro asistente,https://www.rffm.es/acta-partido/1039245,2026-08-09T16:16:02.225767+00:00
1039245,field_delegate,,"BARTOLOME TEJEDOR, GREGORIO",delegado_campo,https://www.rffm.es/acta-partido/1039245,2026-08-09T16:16:02.225767+00:00
1039251,referee,5076,"SANCHEZ FERNANDEZ DE AVILA, MIGUEL",Arbitro principal,https://www.rffm.es/acta-partido/1039251,2026-08-09T16:16:02.265903+00:00
1039251,referee,1169766,"ABAJO FERNANDEZ, JORGE",Arbitro asistente,https://www.rffm.es/acta-partido/1039251,2026-08-09T16:16:02.265903+00:00
1039251,referee,1185339,"ALONSO PAREDES, MANUEL ALEJANDRO",Arbitro asistente,https://www.rffm.es/acta-partido/1039251,2026-08-09T16:16:02.265903+00:00
1039251,field_delegate,,"SÁNCHEZ DE LAS MATAS PÉREZ, CARLOS",delegado_campo,https://www.rffm.es/acta-partido/1039251,2026-08-09T16:16:02.265903+00:00
1039250,referee,3824,"PUENTE BONILLA, PABLO",Arbitro principal,https://www.rffm.es/acta-partido/1039250,2026-08-09T16:16:02.395294+00:00
1039250,referee,1169857,"MURCIEGO CABEZAS, MIGUEL",Arbitro asistente,https://www.rffm.es/acta-partido/1039250,2026-08-09T16:16:02.395294+00:00
1039250,referee,523200,"MORARU, FLORIN WESPASIAN",Arbitro asistente,https://www.rffm.es/acta-partido/1039250,2026-08-09T16:16:02.395294+00:00
1039250,field_delegate,,"PACHECO TORRES, ALBERTO",delegado_campo,https://www.rffm.es/acta-partido/1039250,2026-08-09T16:16:02.395294+00:00
1039252,referee,3580,"PARRA GONZALEZ, PABLO",Arbitro principal,https://www.rffm.es/acta-partido/1039252,2026-08-09T16:16:02.596643+00:00
1039252,referee,1169800,"FORTUNA GIRON, JULEN",Arbitro asistente,https://www.rffm.es/acta-partido/1039252,2026-08-09T16:16:02.596643+00:00
1039252,referee,5119,"LOPEZ CUEVAS, AGUSTIN",Arbitro asistente,https://www.rffm.es/acta-partido/1039252,2026-08-09T16:16:02.596643+00:00
1039252,field_delegate,,"POZON GAMERO , JUAN JOSE",delegado_campo,https://www.rffm.es/acta-partido/1039252,2026-08-09T16:16:02.596643+00:00
1039236,referee,1091,"VALVERDE SANCHEZ, ANGEL LUIS",Arbitro principal,https://www.rffm.es/acta-partido/1039236,2026-08-09T16:16:02.696423+00:00
1039236,referee,1169850,"MORATO JIMENEZ, RAMON",Arbitro asistente,https://www.rffm.es/acta-partido/1039236,2026-08-09T16:16:02.696423+00:00
1039236,referee,536790,"ESPINOSA ARANDA, DANIEL",Arbitro asistente,https://www.rffm.es/acta-partido/1039236,2026-08-09T16:16:02.696423+00:00
1039236,field_delegate,,"RECIO ORTEGA , JESUS",delegado_campo,https://www.rffm.es/acta-partido/1039236,2026-08-09T16:16:02.696423+00:00
1039246,referee,861935,"GARCIA GUERRERO, ALEJANDRO",Arbitro principal,https://www.rffm.es/acta-partido/1039246,2026-08-09T16:16:02.810585+00:00
1039246,referee,1169865,"PEREZ ROSARIO, CRISTIAN",Arbitro asistente,https://www.rffm.es/acta-partido/1039246,2026-08-09T16:16:02.810585+00:00
1039246,referee,3524,"VIDAL TORMO, MARIO",Arbitro asistente,https://www.rffm.es/acta-partido/1039246,2026-08-09T16:16:02.810585+00:00
1039246,field_delegate,,"PRADOS EIRAS, JUAN JOSE",delegado_campo,https://www.rffm.es/acta-partido/1039246,2026-08-09T16:16:02.810585+00:00
1039255,referee,591020,"DE GUSTIN PINTO, DAVID",Arbitro principal,https://www.rffm.es/acta-partido/1039255,2026-08-09T16:16:02.893559+00:00
1039255,referee,1169850,"MORATO JIMENEZ, RAMON",Arbitro asistente,https://www.rffm.es/acta-partido/1039255,2026-08-09T16:16:02.893559+00:00
1039255,referee,897711,"ALMODOVAR PEREZ, ALEJANDRO DOMINGO",Arbitro asistente,https://www.rffm.es/acta-partido/1039255,2026-08-09T16:16:02.893559+00:00
1039255,field_delegate,,"MATA GARCÍA , ROBERTO ANDRÉS",delegado_campo,https://www.rffm.es/acta-partido/1039255,2026-08-09T16:16:02.893559+00:00
1039247,referee,3902,"FEITO RABANAL, DAVID",Arbitro principal,https://www.rffm.es/acta-partido/1039247,2026-08-09T16:16:02.897922+00:00
1039247,referee,1169631,"GUEVARA RAMIREZ, LUIS HERNAN",Arbitro asistente,https://www.rffm.es/acta-partido/1039247,2026-08-09T16:16:02.897922+00:00
1039247,referee,1174362,"MARIN CASTILLO, WILMER ENRIQUE",Arbitro asistente,https://www.rffm.es/acta-partido/1039247,2026-08-09T16:16:02.897922+00:00
1039247,field_delegate,,"GONZALEZ MORA, ELBIO RAFAEL",delegado_campo,https://www.rffm.es/acta-partido/1039247,2026-08-09T16:16:02.897922+00:00
1039253,referee,2591,"CALVO GONZALEZ, JAVIER",Arbitro principal,https://www.rffm.es/acta-partido/1039253,2026-08-09T16:16:02.951714+00:00
1039253,referee,1169766,"ABAJO FERNANDEZ, JORGE",Arbitro asistente,https://www.rffm.es/acta-partido/1039253,2026-08-09T16:16:02.951714+00:00
1039253,referee,909252,"GONZALEZ PELAEZ, JOSE ADRIAN",Arbitro asistente,https://www.rffm.es/acta-partido/1039253,2026-08-09T16:16:02.951714+00:00
1039253,field_delegate,,"ARANDA CABALLERO , BALTASAR",delegado_campo,https://www.rffm.es/acta-partido/1039253,2026-08-09T16:16:02.951714+00:00
1039260,referee,2085,"CARRALERO CALVO, MANUEL",Arbitro principal,https://www.rffm.es/acta-partido/1039260,2026-08-09T16:16:03.114814+00:00
1039260,referee,1169766,"ABAJO FERNANDEZ, JORGE",Arbitro asistente,https://www.rffm.es/acta-partido/1039260,2026-08-09T16:16:03.114814+00:00
1039260,referee,797585,"FRAMIÑAN GARCIA, SERGIO",Arbitro asistente,https://www.rffm.es/acta-partido/1039260,2026-08-09T16:16:03.114814+00:00
1039260,field_delegate,,"MARTIN FELIX, JOSE LUIS",delegado_campo,https://www.rffm.es/acta-partido/1039260,2026-08-09T16:16:03.114814+00:00
1039261,referee,4913,"ARRANZ FURONES, LUIS",Arbitro principal,https://www.rffm.es/acta-partido/1039261,2026-08-09T16:16:03.472547+00:00
1039261,referee,967704,"ALVARO NEBREDA, JOSE ANGEL",Arbitro asistente,https://www.rffm.es/acta-partido/1039261,2026-08-09T16:16:03.472547+00:00
1039261,referee,3895,"BOR, TAMAS",Arbitro asistente,https://www.rffm.es/acta-partido/1039261,2026-08-09T16:16:03.472547+00:00
1039261,field_delegate,,"REY , LUÍS ALFONSO",delegado_campo,https://www.rffm.es/acta-partido/1039261,2026-08-09T16:16:03.472547+00:00
1039258,referee,536786,"DIAZ CARRASCO, DIEGO",Arbitro principal,https://www.rffm.es/acta-partido/1039258,2026-08-09T16:16:03.637279+00:00
1039258,referee,1169770,"BELHAJ HARBI, AYMAN",Arbitro asistente,https://www.rffm.es/acta-partido/1039258,2026-08-09T16:16:03.637279+00:00
1039258,referee,3653,"LOPEZ ORTIZ, RAFAEL",Arbitro asistente,https://www.rffm.es/acta-partido/1039258,2026-08-09T16:16:03.637279+00:00
1039258,field_delegate,,"SANZ , GABRIEL ANTONIO",delegado_campo,https://www.rffm.es/acta-partido/1039258,2026-08-09T16:16:03.637279+00:00
1039254,referee,592583,"MARTINEZ MANSILLA, MIGUEL",Arbitro principal,https://www.rffm.es/acta-partido/1039254,2026-08-09T16:16:03.785548+00:00
1039254,referee,1169900,"VALLE DOMINGO, ANTONIO",Arbitro asistente,https://www.rffm.es/acta-partido/1039254,2026-08-09T16:16:03.785548+00:00
1039254,referee,5161,"LOPEZ JIMENEZ, FERNANDO",Arbitro asistente,https://www.rffm.es/acta-partido/1039254,2026-08-09T16:16:03.785548+00:00
1039254,field_delegate,,"SANCHEZ JIMENEZ, ALFONSO",delegado_campo,https://www.rffm.es/acta-partido/1039254,2026-08-09T16:16:03.785548+00:00
1039256,referee,4083,"FUENTES CASTAÑO, AGUSTIN",Arbitro principal,https://www.rffm.es/acta-partido/1039256,2026-08-09T16:16:03.945272+00:00
1039256,referee,1169900,"VALLE DOMINGO, ANTONIO",Arbitro asistente,https://www.rffm.es/acta-partido/1039256,2026-08-09T16:16:03.945272+00:00
1039256,referee,3771,"GARCIA PEREZ, ANTONIO",Arbitro asistente,https://www.rffm.es/acta-partido/1039256,2026-08-09T16:16:03.945272+00:00
1039256,field_delegate,,"MENDOZA PEDROCHE, JOSE IGNACIO",delegado_campo,https://www.rffm.es/acta-partido/1039256,2026-08-09T16:16:03.945272+00:00
1039259,referee,636170,"CONDE CLEMENTE, KILIAN",Arbitro principal,https://www.rffm.es/acta-partido/1039259,2026-08-09T16:16:03.991674+00:00
1039259,referee,1169809,"GONZALEZ MENDES, SORAYA",Arbitro asistente,https://www.rffm.es/acta-partido/1039259,2026-08-09T16:16:03.991674+00:00
1039259,referee,3653,"LOPEZ ORTIZ, RAFAEL",Arbitro asistente,https://www.rffm.es/acta-partido/1039259,2026-08-09T16:16:03.991674+00:00
1039259,field_delegate,,"ALONSO BARRADO, ALBERTO",delegado_campo,https://www.rffm.es/acta-partido/1039259,2026-08-09T16:16:03.991674+00:00
1039257,referee,4793,"BENITO MARTINEZ, SERGIO",Arbitro principal,https://www.rffm.es/acta-partido/1039257,2026-08-09T16:16:04.096926+00:00
1039257,referee,1169795,"FERNANDEZ MORENO, ALEJANDRO",Arbitro asistente,https://www.rffm.es/acta-partido/1039257,2026-08-09T16:16:04.096926+00:00
1039257,referee,1174362,"MARIN CASTILLO, WILMER ENRIQUE",Arbitro asistente,https://www.rffm.es/acta-partido/1039257,2026-08-09T16:16:04.096926+00:00
1039257,field_delegate,,"ALMAGRO CHICA, JOSE MANUEL",delegado_campo,https://www.rffm.es/acta-partido/1039257,2026-08-09T16:16:04.096926+00:00
1039262,referee,1181959,"PIÑEIRO MARCOS, ALEJANDRO",Arbitro principal,https://www.rffm.es/acta-partido/1039262,2026-08-09T16:16:04.147424+00:00
1039262,referee,1169816,"GOMEZ HERRERO, ALEJANDRO",Arbitro asistente,https://www.rffm.es/acta-partido/1039262,2026-08-09T16:16:04.147424+00:00
1039262,referee,3895,"BOR, TAMAS",Arbitro asistente,https://www.rffm.es/acta-partido/1039262,2026-08-09T16:16:04.147424+00:00
1039262,field_delegate,,"ARANDA CABALLERO , BALTASAR",delegado_campo,https://www.rffm.es/acta-partido/1039262,2026-08-09T16:16:04.147424+00:00
1039270,referee,591116,"TORRALBA CASTAÑEDA, PABLO",Arbitro principal,https://www.rffm.es/acta-partido/1039270,2026-08-09T16:16:04.326266+00:00
1039270,referee,1169766,"ABAJO FERNANDEZ, JORGE",Arbitro asistente,https://www.rffm.es/acta-partido/1039270,2026-08-09T16:16:04.326266+00:00
1039270,referee,797539,"CAÑAS DURAN, JOSE FRANCISCO",Arbitro asistente,https://www.rffm.es/acta-partido/1039270,2026-08-09T16:16:04.326266+00:00
1039270,field_delegate,,"SÁNCHEZ DE LAS MATAS PÉREZ, CARLOS",delegado_campo,https://www.rffm.es/acta-partido/1039270,2026-08-09T16:16:04.326266+00:00
1039263,referee,3682,"GONZALEZ GUISADO, SERGIO",Arbitro principal,https://www.rffm.es/acta-partido/1039263,2026-08-09T16:16:04.917714+00:00
1039263,referee,1169816,"GOMEZ HERRERO, ALEJANDRO",Arbitro asistente,https://www.rffm.es/acta-partido/1039263,2026-08-09T16:16:04.917714+00:00
1039263,referee,3925,"PARRA GONZALEZ, VICTOR",Arbitro asistente,https://www.rffm.es/acta-partido/1039263,2026-08-09T16:16:04.917714+00:00
1039263,field_delegate,,"BARTOLOME TEJEDOR, GREGORIO",delegado_campo,https://www.rffm.es/acta-partido/1039263,2026-08-09T16:16:04.917714+00:00
1039264,referee,2591,"CALVO GONZALEZ, JAVIER",Arbitro principal,https://www.rffm.es/acta-partido/1039264,2026-08-09T16:16:05.116359+00:00
1039264,referee,1169854,"MUÑOZ CERRADA, IGNACIO",Arbitro asistente,https://www.rffm.es/acta-partido/1039264,2026-08-09T16:16:05.116359+00:00
1039264,referee,877935,"BUSTOS PEREIRA, ENRIQUE",Arbitro asistente,https://www.rffm.es/acta-partido/1039264,2026-08-09T16:16:05.116359+00:00
1039264,field_delegate,,"RECIO ORTEGA , JESUS",delegado_campo,https://www.rffm.es/acta-partido/1039264,2026-08-09T16:16:05.116359+00:00
1039269,referee,1091,"VALVERDE SANCHEZ, ANGEL LUIS",Arbitro principal,https://www.rffm.es/acta-partido/1039269,2026-08-09T16:16:05.185978+00:00
1039269,referee,1169829,"GARCIA CASADO, ALVARO",Arbitro asistente,https://www.rffm.es/acta-partido/1039269,2026-08-09T16:16:05.185978+00:00
1039269,referee,1027683,"CACHO BENITEZ, BRIAN",Arbitro asistente,https://www.rffm.es/acta-partido/1039269,2026-08-09T16:16:05.185978+00:00
1039269,field_delegate,,"PACHECO TORRES, ALBERTO",delegado_campo,https://www.rffm.es/acta-partido/1039269,2026-08-09T16:16:05.185978+00:00
1039266,referee,742609,"PEREZ TORRES, DIEGO",Arbitro principal,https://www.rffm.es/acta-partido/1039266,2026-08-09T16:16:05.337403+00:00
1039266,referee,1169777,"DONATO MORALES, ALEJANDRO",Arbitro asistente,https://www.rffm.es/acta-partido/1039266,2026-08-09T16:16:05.337403+00:00
1039266,referee,718723,"HUERTA DUQUE, MANUEL",Arbitro asistente,https://www.rffm.es/acta-partido/1039266,2026-08-09T16:16:05.337403+00:00
1039266,field_delegate,,"GONZALEZ MORA, ELBIO RAFAEL",delegado_campo,https://www.rffm.es/acta-partido/1039266,2026-08-09T16:16:05.337403+00:00
1039267,referee,797556,"DE LA MATA MARTÍNEZ, RAÚL",Arbitro principal,https://www.rffm.es/acta-partido/1039267,2026-08-09T16:16:05.406914+00:00
1039267,referee,1169871,"ROMANILLOS GARCIA, GONZALO",Arbitro asistente,https://www.rffm.es/acta-partido/1039267,2026-08-09T16:16:05.406914+00:00
1039267,referee,782848,"ALBILLOS IBAÑEZ, JOSE MARIA",Arbitro asistente,https://www.rffm.es/acta-partido/1039267,2026-08-09T16:16:05.406914+00:00
1039267,field_delegate,,"HERNANDEZ PADILLA, FRANCISCO JOSE",delegado_campo,https://www.rffm.es/acta-partido/1039267,2026-08-09T16:16:05.406914+00:00
1039268,referee,785202,"PEREZ SANCHEZ, ALEJANDRO",Arbitro principal,https://www.rffm.es/acta-partido/1039268,2026-08-09T16:16:05.496749+00:00
1039268,referee,1169875,"RUIZ MARTINEZ ALCOCER, ADRIAN",Arbitro asistente,https://www.rffm.es/acta-partido/1039268,2026-08-09T16:16:05.496749+00:00
1039268,referee,718723,"HUERTA DUQUE, MANUEL",Arbitro asistente,https://www.rffm.es/acta-partido/1039268,2026-08-09T16:16:05.496749+00:00
1039268,field_delegate,,"MUÑIZ GONZÁLEZ, JOAQUÍN",delegado_campo,https://www.rffm.es/acta-partido/1039268,2026-08-09T16:16:05.496749+00:00
1039265,referee,4913,"ARRANZ FURONES, LUIS",Arbitro principal,https://www.rffm.es/acta-partido/1039265,2026-08-09T16:16:05.545923+00:00
1039265,referee,3912,"HIDALGO GACIMARTIN, BORJA",Arbitro asistente,https://www.rffm.es/acta-partido/1039265,2026-08-09T16:16:05.545923+00:00
1039265,referee,877545,"ILLANA GAGO, GONZALO",Arbitro asistente,https://www.rffm.es/acta-partido/1039265,2026-08-09T16:16:05.545923+00:00
1039265,field_delegate,,", DAVID CORONEL NUÑEZ",delegado_campo,https://www.rffm.es/acta-partido/1039265,2026-08-09T16:16:05.545923+00:00
1039271,referee,3728,"DE LA CRUZ GONZALEZ, JAIME",Arbitro principal,https://www.rffm.es/acta-partido/1039271,2026-08-09T16:16:05.671023+00:00
1039271,referee,716478,"ALMANSA HERAS, SERGIO",Arbitro asistente,https://www.rffm.es/acta-partido/1039271,2026-08-09T16:16:05.671023+00:00
1039271,referee,539198,"MADERA HERNANDEZ, DAVID",Arbitro asistente,https://www.rffm.es/acta-partido/1039271,2026-08-09T16:16:05.671023+00:00
1039271,field_delegate,,"POZON GAMERO , JUAN JOSE",delegado_campo,https://www.rffm.es/acta-partido/1039271,2026-08-09T16:16:05.671023+00:00
1039272,referee,645067,"MUÑOZ MORENO, JAIME",Arbitro principal,https://www.rffm.es/acta-partido/1039272,2026-08-09T16:16:05.714737+00:00
1039272,referee,1169816,"GOMEZ HERRERO, ALEJANDRO",Arbitro asistente,https://www.rffm.es/acta-partido/1039272,2026-08-09T16:16:05.714737+00:00
1039272,referee,591084,"RODRIGUEZ GIRALDO, IVAN",Arbitro asistente,https://www.rffm.es/acta-partido/1039272,2026-08-09T16:16:05.714737+00:00
1039272,field_delegate,,"MATA GARCÍA , ROBERTO ANDRÉS",delegado_campo,https://www.rffm.es/acta-partido/1039272,2026-08-09T16:16:05.714737+00:00
1039275,referee,861935,"GARCIA GUERRERO, ALEJANDRO",Arbitro principal,https://www.rffm.es/acta-partido/1039275,2026-08-09T16:16:05.952026+00:00
1039275,referee,1169871,"ROMANILLOS GARCIA, GONZALO",Arbitro asistente,https://www.rffm.es/acta-partido/1039275,2026-08-09T16:16:05.952026+00:00
1039275,referee,964694,"FERNANDEZ BAERT, JAIME",Arbitro asistente,https://www.rffm.es/acta-partido/1039275,2026-08-09T16:16:05.952026+00:00
1039275,field_delegate,,"SANZ , GABRIEL ANTONIO",delegado_campo,https://www.rffm.es/acta-partido/1039275,2026-08-09T16:16:05.952026+00:00
1039280,referee,539246,"RODRIGUEZ RECIO, ALVARO",Arbitro principal,https://www.rffm.es/acta-partido/1039280,2026-08-09T16:16:06.225725+00:00
1039280,referee,909329,"MANZANO GARCIA, JORGE",Arbitro asistente,https://www.rffm.es/acta-partido/1039280,2026-08-09T16:16:06.225725+00:00
1039280,referee,645223,"SANCHEZ JIMENEZ, DAVID",Arbitro asistente,https://www.rffm.es/acta-partido/1039280,2026-08-09T16:16:06.225725+00:00
1039280,field_delegate,,"POZON GAMERO , JUAN JOSE",delegado_campo,https://www.rffm.es/acta-partido/1039280,2026-08-09T16:16:06.225725+00:00
1039276,referee,645721,"DIAZ RODRIGUEZ, LUIS MIGUEL",Arbitro principal,https://www.rffm.es/acta-partido/1039276,2026-08-09T16:16:06.494834+00:00
1039276,referee,1169838,"JURCA, MIHAI ALEXANDRU",Arbitro asistente,https://www.rffm.es/acta-partido/1039276,2026-08-09T16:16:06.494834+00:00
1039276,referee,536311,"DELGADO BENÍTEZ, RAÚL",Arbitro asistente,https://www.rffm.es/acta-partido/1039276,2026-08-09T16:16:06.494834+00:00
1039276,field_delegate,,"ALONSO BARRADO, ALBERTO",delegado_campo,https://www.rffm.es/acta-partido/1039276,2026-08-09T16:16:06.494834+00:00
1039278,referee,2085,"CARRALERO CALVO, MANUEL",Arbitro principal,https://www.rffm.es/acta-partido/1039278,2026-08-09T16:16:06.524714+00:00
1039278,referee,1169766,"ABAJO FERNANDEZ, JORGE",Arbitro asistente,https://www.rffm.es/acta-partido/1039278,2026-08-09T16:16:06.524714+00:00
1039278,referee,877900,"ACEVEDO GONZALEZ, JORGE",Arbitro asistente,https://www.rffm.es/acta-partido/1039278,2026-08-09T16:16:06.524714+00:00
1039278,field_delegate,,"REY , LUÍS ALFONSO",delegado_campo,https://www.rffm.es/acta-partido/1039278,2026-08-09T16:16:06.524714+00:00
1039279,referee,2909,"DE LA IGLESIA DE LA IGLESIA, ALVARO",Arbitro principal,https://www.rffm.es/acta-partido/1039279,2026-08-09T16:16:06.588219+00:00
1039279,referee,1169631,"GUEVARA RAMIREZ, LUIS HERNAN",Arbitro asistente,https://www.rffm.es/acta-partido/1039279,2026-08-09T16:16:06.588219+00:00
1039279,referee,536790,"ESPINOSA ARANDA, DANIEL",Arbitro asistente,https://www.rffm.es/acta-partido/1039279,2026-08-09T16:16:06.588219+00:00
1039279,field_delegate,,"ALVAREZ CASTRO, SAMUEL",delegado_campo,https://www.rffm.es/acta-partido/1039279,2026-08-09T16:16:06.588219+00:00
1039273,referee,718977,"KOURTAM CHEHLAOUI, KHALID",Arbitro principal,https://www.rffm.es/acta-partido/1039273,2026-08-09T16:16:06.744328+00:00
1039273,referee,967704,"ALVARO NEBREDA, JOSE ANGEL",Arbitro asistente,https://www.rffm.es/acta-partido/1039273,2026-08-09T16:16:06.744328+00:00
1039273,referee,1182758,"CHEDDADI CHEDDADI, ZAKARIAE",Arbitro asistente,https://www.rffm.es/acta-partido/1039273,2026-08-09T16:16:06.744328+00:00
1039273,field_delegate,,"MENDOZA PEDROCHE, JOSE IGNACIO",delegado_campo,https://www.rffm.es/acta-partido/1039273,2026-08-09T16:16:06.744328+00:00
1039277,referee,1050822,"CHAVARRIA GIL, JESUS",Arbitro principal,https://www.rffm.es/acta-partido/1039277,2026-08-09T16:16:06.856061+00:00
1039277,referee,1169770,"BELHAJ HARBI, AYMAN",Arbitro asistente,https://www.rffm.es/acta-partido/1039277,2026-08-09T16:16:06.856061+00:00
1039277,referee,721280,"VIALCHO MIRANDA, MIGUEL ANGEL",Arbitro asistente,https://www.rffm.es/acta-partido/1039277,2026-08-09T16:16:06.856061+00:00
1039277,field_delegate,,"MARTIN FELIX, JOSE LUIS",delegado_campo,https://www.rffm.es/acta-partido/1039277,2026-08-09T16:16:06.856061+00:00
1039274,referee,3824,"PUENTE BONILLA, PABLO",Arbitro principal,https://www.rffm.es/acta-partido/1039274,2026-08-09T16:16:06.934826+00:00
1039274,referee,1169809,"GONZALEZ MENDES, SORAYA",Arbitro asistente,https://www.rffm.es/acta-partido/1039274,2026-08-09T16:16:06.934826+00:00
1039274,referee,719740,"MORONA DEL CAMPO, LUIS ENRIQUE",Arbitro asistente,https://www.rffm.es/acta-partido/1039274,2026-08-09T16:16:06.934826+00:00
1039274,field_delegate,,"ALMAGRO CHICA, JOSE MANUEL",delegado_campo,https://www.rffm.es/acta-partido/1039274,2026-08-09T16:16:06.934826+00:00
1039289,referee,3902,"FEITO RABANAL, DAVID",Arbitro principal,https://www.rffm.es/acta-partido/1039289,2026-08-09T16:16:07.498405+00:00
1039289,referee,1169850,"MORATO JIMENEZ, RAMON",Arbitro asistente,https://www.rffm.es/acta-partido/1039289,2026-08-09T16:16:07.498405+00:00
1039289,referee,4546,"BARRADO LACORTE, PEDRO JESUS",Arbitro asistente,https://www.rffm.es/acta-partido/1039289,2026-08-09T16:16:07.498405+00:00
1039289,field_delegate,,"SÁNCHEZ DE LAS MATAS PÉREZ, CARLOS",delegado_campo,https://www.rffm.es/acta-partido/1039289,2026-08-09T16:16:07.498405+00:00
1039286,referee,4302,"AVILES GARCIA, DAVID",Arbitro principal,https://www.rffm.es/acta-partido/1039286,2026-08-09T16:16:07.504777+00:00
1039286,referee,1169897,"TORRALBA RODRIGUEZ, MANUEL",Arbitro asistente,https://www.rffm.es/acta-partido/1039286,2026-08-09T16:16:07.504777+00:00
1039286,referee,878174,"MORENO MORALEDA, ISMAEL",Arbitro asistente,https://www.rffm.es/acta-partido/1039286,2026-08-09T16:16:07.504777+00:00
1039286,field_delegate,,"HERNANDEZ PADILLA, FRANCISCO JOSE",delegado_campo,https://www.rffm.es/acta-partido/1039286,2026-08-09T16:16:07.504777+00:00
1039281,referee,785202,"PEREZ SANCHEZ, ALEJANDRO",Arbitro principal,https://www.rffm.es/acta-partido/1039281,2026-08-09T16:16:07.774043+00:00
1039281,referee,1169857,"MURCIEGO CABEZAS, MIGUEL",Arbitro asistente,https://www.rffm.es/acta-partido/1039281,2026-08-09T16:16:07.774043+00:00
1039281,referee,797539,"CAÑAS DURAN, JOSE FRANCISCO",Arbitro asistente,https://www.rffm.es/acta-partido/1039281,2026-08-09T16:16:07.774043+00:00
1039281,field_delegate,,"BARTOLOME TEJEDOR, GREGORIO",delegado_campo,https://www.rffm.es/acta-partido/1039281,2026-08-09T16:16:07.774043+00:00
1039283,referee,4901,"RANZ CASTAÑEDA, SAMUEL",Arbitro principal,https://www.rffm.es/acta-partido/1039283,2026-08-09T16:16:07.778680+00:00
1039283,referee,1169800,"FORTUNA GIRON, JULEN",Arbitro asistente,https://www.rffm.es/acta-partido/1039283,2026-08-09T16:16:07.778680+00:00
1039283,referee,3579,"MAROTO CRIADO, SERGIO",Arbitro asistente,https://www.rffm.es/acta-partido/1039283,2026-08-09T16:16:07.778680+00:00
1039283,field_delegate,,"RECIO ORTEGA , JESUS",delegado_campo,https://www.rffm.es/acta-partido/1039283,2026-08-09T16:16:07.778680+00:00
1039288,referee,3580,"PARRA GONZALEZ, PABLO",Arbitro principal,https://www.rffm.es/acta-partido/1039288,2026-08-09T16:16:07.871472+00:00
1039288,referee,1169838,"JURCA, MIHAI ALEXANDRU",Arbitro asistente,https://www.rffm.es/acta-partido/1039288,2026-08-09T16:16:07.871472+00:00
1039288,referee,1174362,"MARIN CASTILLO, WILMER ENRIQUE",Arbitro asistente,https://www.rffm.es/acta-partido/1039288,2026-08-09T16:16:07.871472+00:00
1039288,field_delegate,,"PACHECO TORRES, ALBERTO",delegado_campo,https://www.rffm.es/acta-partido/1039288,2026-08-09T16:16:07.871472+00:00
1039285,referee,222,"ROMERO SAEZ, EDUARDO",Arbitro principal,https://www.rffm.es/acta-partido/1039285,2026-08-09T16:16:08.031825+00:00
1039285,referee,1169631,"GUEVARA RAMIREZ, LUIS HERNAN",Arbitro asistente,https://www.rffm.es/acta-partido/1039285,2026-08-09T16:16:08.031825+00:00
1039285,referee,877900,"ACEVEDO GONZALEZ, JORGE",Arbitro asistente,https://www.rffm.es/acta-partido/1039285,2026-08-09T16:16:08.031825+00:00
1039285,field_delegate,,"GONZALEZ MORA, ELBIO RAFAEL",delegado_campo,https://www.rffm.es/acta-partido/1039285,2026-08-09T16:16:08.031825+00:00
1039282,referee,4793,"BENITO MARTINEZ, SERGIO",Arbitro principal,https://www.rffm.es/acta-partido/1039282,2026-08-09T16:16:08.136877+00:00
1039282,referee,1169854,"MUÑOZ CERRADA, IGNACIO",Arbitro asistente,https://www.rffm.es/acta-partido/1039282,2026-08-09T16:16:08.136877+00:00
1039282,referee,536790,"ESPINOSA ARANDA, DANIEL",Arbitro asistente,https://www.rffm.es/acta-partido/1039282,2026-08-09T16:16:08.136877+00:00
1039282,field_delegate,,"SANCHEZ JIMENEZ, ALFONSO",delegado_campo,https://www.rffm.es/acta-partido/1039282,2026-08-09T16:16:08.136877+00:00
1039284,referee,4813,"GARCIA MARTINEZ, JORGE",Arbitro principal,https://www.rffm.es/acta-partido/1039284,2026-08-09T16:16:08.211532+00:00
1039284,referee,1169777,"DONATO MORALES, ALEJANDRO",Arbitro asistente,https://www.rffm.es/acta-partido/1039284,2026-08-09T16:16:08.211532+00:00
1039284,referee,877467,"CARRASCOSA VÁZQUEZ, CRISTIAN JOSÉ",Arbitro asistente,https://www.rffm.es/acta-partido/1039284,2026-08-09T16:16:08.211532+00:00
1039284,field_delegate,,"PRADOS EIRAS, JUAN JOSE",delegado_campo,https://www.rffm.es/acta-partido/1039284,2026-08-09T16:16:08.211532+00:00
1039298,referee,797556,"DE LA MATA MARTÍNEZ, RAÚL",Arbitro principal,https://www.rffm.es/acta-partido/1039298,2026-08-09T16:16:08.774666+00:00
1039298,referee,1169809,"GONZALEZ MENDES, SORAYA",Arbitro asistente,https://www.rffm.es/acta-partido/1039298,2026-08-09T16:16:08.774666+00:00
1039298,referee,877935,"BUSTOS PEREIRA, ENRIQUE",Arbitro asistente,https://www.rffm.es/acta-partido/1039298,2026-08-09T16:16:08.774666+00:00
1039298,field_delegate,,"SÁNCHEZ DE LAS MATAS PÉREZ, CARLOS",delegado_campo,https://www.rffm.es/acta-partido/1039298,2026-08-09T16:16:08.774666+00:00
1039287,referee,591232,"GONZALEZ SEIJAS, JORGE",Arbitro principal,https://www.rffm.es/acta-partido/1039287,2026-08-09T16:16:08.959957+00:00
1039287,referee,1169816,"GOMEZ HERRERO, ALEJANDRO",Arbitro asistente,https://www.rffm.es/acta-partido/1039287,2026-08-09T16:16:08.959957+00:00
1039287,referee,1174362,"MARIN CASTILLO, WILMER ENRIQUE",Arbitro asistente,https://www.rffm.es/acta-partido/1039287,2026-08-09T16:16:08.959957+00:00
1039287,field_delegate,,"MUÑIZ GONZÁLEZ, JOAQUÍN",delegado_campo,https://www.rffm.es/acta-partido/1039287,2026-08-09T16:16:08.959957+00:00
1039293,referee,3682,"GONZALEZ GUISADO, SERGIO",Arbitro principal,https://www.rffm.es/acta-partido/1039293,2026-08-09T16:16:09.010717+00:00
1039293,referee,1169777,"DONATO MORALES, ALEJANDRO",Arbitro asistente,https://www.rffm.es/acta-partido/1039293,2026-08-09T16:16:09.010717+00:00
1039293,referee,645351,"MADALOSSO , RICCARDO",Arbitro asistente,https://www.rffm.es/acta-partido/1039293,2026-08-09T16:16:09.010717+00:00
1039293,field_delegate,,"ALONSO BARRADO, ALBERTO",delegado_campo,https://www.rffm.es/acta-partido/1039293,2026-08-09T16:16:09.010717+00:00
1039292,referee,2909,"DE LA IGLESIA DE LA IGLESIA, ALVARO",Arbitro principal,https://www.rffm.es/acta-partido/1039292,2026-08-09T16:16:09.116272+00:00
1039292,referee,1169631,"GUEVARA RAMIREZ, LUIS HERNAN",Arbitro asistente,https://www.rffm.es/acta-partido/1039292,2026-08-09T16:16:09.116272+00:00
1039292,referee,591096,"SANCHEZ LOPEZ, SAMUEL",Arbitro asistente,https://www.rffm.es/acta-partido/1039292,2026-08-09T16:16:09.116272+00:00
1039292,field_delegate,,"SANZ , GABRIEL ANTONIO",delegado_campo,https://www.rffm.es/acta-partido/1039292,2026-08-09T16:16:09.116272+00:00
1039297,referee,804593,"DE MINGO COLLADOS, VICTOR",Arbitro principal,https://www.rffm.es/acta-partido/1039297,2026-08-09T16:16:09.170141+00:00
1039297,referee,1169850,"MORATO JIMENEZ, RAMON",Arbitro asistente,https://www.rffm.es/acta-partido/1039297,2026-08-09T16:16:09.170141+00:00
1039297,referee,5069,"GONZALEZ CALVO, EDUARDO",Arbitro asistente,https://www.rffm.es/acta-partido/1039297,2026-08-09T16:16:09.170141+00:00
1039297,field_delegate,,"POZON GAMERO , JUAN JOSE",delegado_campo,https://www.rffm.es/acta-partido/1039297,2026-08-09T16:16:09.170141+00:00
1039290,referee,591116,"TORRALBA CASTAÑEDA, PABLO",Arbitro principal,https://www.rffm.es/acta-partido/1039290,2026-08-09T16:16:09.312012+00:00
1039290,referee,1169766,"ABAJO FERNANDEZ, JORGE",Arbitro asistente,https://www.rffm.es/acta-partido/1039290,2026-08-09T16:16:09.312012+00:00
1039290,referee,823081,"POSTOLACHE PATRICHI, DANIELA ELENA",Arbitro asistente,https://www.rffm.es/acta-partido/1039290,2026-08-09T16:16:09.312012+00:00
1039290,field_delegate,,"VÁZQUEZ BERNAL , ALEJANDRO JOSÉ",delegado_campo,https://www.rffm.es/acta-partido/1039290,2026-08-09T16:16:09.312012+00:00
1039296,referee,3773,"TOTH, LORAND ZOLTAN",Arbitro principal,https://www.rffm.es/acta-partido/1039296,2026-08-09T16:16:09.433307+00:00
1039296,referee,967704,"ALVARO NEBREDA, JOSE ANGEL",Arbitro asistente,https://www.rffm.es/acta-partido/1039296,2026-08-09T16:16:09.433307+00:00
1039296,referee,718727,"IZQUIERDO CANTERO, ALEJANDRO",Arbitro asistente,https://www.rffm.es/acta-partido/1039296,2026-08-09T16:16:09.433307+00:00
1039296,field_delegate,,"ARANDA CABALLERO , BALTASAR",delegado_campo,https://www.rffm.es/acta-partido/1039296,2026-08-09T16:16:09.433307+00:00
1039294,referee,2591,"CALVO GONZALEZ, JAVIER",Arbitro principal,https://www.rffm.es/acta-partido/1039294,2026-08-09T16:16:09.506702+00:00
1039294,referee,1169838,"JURCA, MIHAI ALEXANDRU",Arbitro asistente,https://www.rffm.es/acta-partido/1039294,2026-08-09T16:16:09.506702+00:00
1039294,referee,5123,"MORALEDA CRISTOBAL, ANTONIO",Arbitro asistente,https://www.rffm.es/acta-partido/1039294,2026-08-09T16:16:09.506702+00:00
1039294,field_delegate,,"MARTIN FELIX, JOSE LUIS",delegado_campo,https://www.rffm.es/acta-partido/1039294,2026-08-09T16:16:09.506702+00:00
1039304,referee,3914,"IBAÑEZ GUTIERREZ, ANGEL",Arbitro principal,https://www.rffm.es/acta-partido/1039304,2026-08-09T16:16:10.299333+00:00
1039304,referee,1169885,"SANTILLAN VELA, FREDDY",Arbitro asistente,https://www.rffm.es/acta-partido/1039304,2026-08-09T16:16:10.299333+00:00
1039304,referee,718723,"HUERTA DUQUE, MANUEL",Arbitro asistente,https://www.rffm.es/acta-partido/1039304,2026-08-09T16:16:10.299333+00:00
1039304,field_delegate,,"GONZALEZ MORA, ELBIO RAFAEL",delegado_campo,https://www.rffm.es/acta-partido/1039304,2026-08-09T16:16:10.299333+00:00
1039299,referee,1050822,"CHAVARRIA GIL, JESUS",Arbitro principal,https://www.rffm.es/acta-partido/1039299,2026-08-09T16:16:10.314301+00:00
1039299,referee,1169770,"BELHAJ HARBI, AYMAN",Arbitro asistente,https://www.rffm.es/acta-partido/1039299,2026-08-09T16:16:10.314301+00:00
1039299,referee,5161,"LOPEZ JIMENEZ, FERNANDO",Arbitro asistente,https://www.rffm.es/acta-partido/1039299,2026-08-09T16:16:10.314301+00:00
1039299,field_delegate,,"BARTOLOME TEJEDOR, GREGORIO",delegado_campo,https://www.rffm.es/acta-partido/1039299,2026-08-09T16:16:10.314301+00:00
1039300,referee,4302,"AVILES GARCIA, DAVID",Arbitro principal,https://www.rffm.es/acta-partido/1039300,2026-08-09T16:16:10.333006+00:00
1039300,referee,1169888,"SEGOVIA SAN BENITO, CARLOS",Arbitro asistente,https://www.rffm.es/acta-partido/1039300,2026-08-09T16:16:10.333006+00:00
1039300,referee,4849,"MARTINEZ MADROÑAL, OSCAR",Arbitro asistente,https://www.rffm.es/acta-partido/1039300,2026-08-09T16:16:10.333006+00:00
1039300,field_delegate,,"MATA GARCÍA , ROBERTO ANDRÉS",delegado_campo,https://www.rffm.es/acta-partido/1039300,2026-08-09T16:16:10.333006+00:00
1039307,referee,3728,"DE LA CRUZ GONZALEZ, JAIME",Arbitro principal,https://www.rffm.es/acta-partido/1039307,2026-08-09T16:16:10.471123+00:00
1039307,referee,1169875,"RUIZ MARTINEZ ALCOCER, ADRIAN",Arbitro asistente,https://www.rffm.es/acta-partido/1039307,2026-08-09T16:16:10.471123+00:00
1039307,referee,822935,"LOPEZ PIÑA, GONZALO",Arbitro asistente,https://www.rffm.es/acta-partido/1039307,2026-08-09T16:16:10.471123+00:00
1039307,field_delegate,,"PACHECO TORRES, ALBERTO",delegado_campo,https://www.rffm.es/acta-partido/1039307,2026-08-09T16:16:10.471123+00:00
1039303,referee,4526,"GARCIA GUTIERREZ, DAVID",Arbitro principal,https://www.rffm.es/acta-partido/1039303,2026-08-09T16:16:10.551126+00:00
1039303,referee,1169829,"GARCIA CASADO, ALVARO",Arbitro asistente,https://www.rffm.es/acta-partido/1039303,2026-08-09T16:16:10.551126+00:00
1039303,referee,4452,"MOLTO MARIN, MARIO",Arbitro asistente,https://www.rffm.es/acta-partido/1039303,2026-08-09T16:16:10.551126+00:00
1039303,field_delegate,,"PRADOS EIRAS, JUAN JOSE",delegado_campo,https://www.rffm.es/acta-partido/1039303,2026-08-09T16:16:10.551126+00:00
1039295,referee,4395,"FERRERO MELCHOR, IGNACIO",Arbitro principal,https://www.rffm.es/acta-partido/1039295,2026-08-09T16:16:10.754099+00:00
1039295,referee,1169871,"ROMANILLOS GARCIA, GONZALO",Arbitro asistente,https://www.rffm.es/acta-partido/1039295,2026-08-09T16:16:10.754099+00:00
1039295,referee,1182758,"CHEDDADI CHEDDADI, ZAKARIAE",Arbitro asistente,https://www.rffm.es/acta-partido/1039295,2026-08-09T16:16:10.754099+00:00
1039295,field_delegate,,"REY , LUÍS ALFONSO",delegado_campo,https://www.rffm.es/acta-partido/1039295,2026-08-09T16:16:10.754099+00:00
1039305,referee,5076,"SANCHEZ FERNANDEZ DE AVILA, MIGUEL",Arbitro principal,https://www.rffm.es/acta-partido/1039305,2026-08-09T16:16:10.762013+00:00
1039305,referee,1169865,"PEREZ ROSARIO, CRISTIAN",Arbitro asistente,https://www.rffm.es/acta-partido/1039305,2026-08-09T16:16:10.762013+00:00
1039305,referee,5119,"LOPEZ CUEVAS, AGUSTIN",Arbitro asistente,https://www.rffm.es/acta-partido/1039305,2026-08-09T16:16:10.762013+00:00
1039305,field_delegate,,"HERNANDEZ PADILLA, FRANCISCO JOSE",delegado_campo,https://www.rffm.es/acta-partido/1039305,2026-08-09T16:16:10.762013+00:00
1039291,referee,3539,"CASTRO MARTIN, FERNANDO",Arbitro principal,https://www.rffm.es/acta-partido/1039291,2026-08-09T16:16:10.766779+00:00
1039291,referee,3812,"FERNANDEZ HURTADO, JOSE LUIS",Arbitro asistente,https://www.rffm.es/acta-partido/1039291,2026-08-09T16:16:10.766779+00:00
1039291,referee,986847,"HIDALGO ALEJO, RAFAEL",Arbitro asistente,https://www.rffm.es/acta-partido/1039291,2026-08-09T16:16:10.766779+00:00
1039312,referee,718719,"GUIJARRO PANIAGUA, DANIEL",Arbitro principal,https://www.rffm.es/acta-partido/1039312,2026-08-09T16:16:11.245886+00:00
1039312,referee,1169829,"GARCIA CASADO, ALVARO",Arbitro asistente,https://www.rffm.es/acta-partido/1039312,2026-08-09T16:16:11.245886+00:00
1039312,referee,909189,"GARCIA GONZALEZ, VICTOR",Arbitro asistente,https://www.rffm.es/acta-partido/1039312,2026-08-09T16:16:11.245886+00:00
1039312,field_delegate,,"REY , LUÍS ALFONSO",delegado_campo,https://www.rffm.es/acta-partido/1039312,2026-08-09T16:16:11.245886+00:00
1039309,referee,4901,"RANZ CASTAÑEDA, SAMUEL",Arbitro principal,https://www.rffm.es/acta-partido/1039309,2026-08-09T16:16:11.279765+00:00
1039309,referee,945336,"FERNANDEZ FERNANDEZ, DENNIS",Arbitro asistente,https://www.rffm.es/acta-partido/1039309,2026-08-09T16:16:11.279765+00:00
1039309,referee,3771,"GARCIA PEREZ, ANTONIO",Arbitro asistente,https://www.rffm.es/acta-partido/1039309,2026-08-09T16:16:11.279765+00:00
1039309,field_delegate,,"SANZ , GABRIEL ANTONIO",delegado_campo,https://www.rffm.es/acta-partido/1039309,2026-08-09T16:16:11.279765+00:00
1039301,referee,539246,"RODRIGUEZ RECIO, ALVARO",Arbitro principal,https://www.rffm.es/acta-partido/1039301,2026-08-09T16:16:11.440717+00:00
1039301,referee,1169857,"MURCIEGO CABEZAS, MIGUEL",Arbitro asistente,https://www.rffm.es/acta-partido/1039301,2026-08-09T16:16:11.440717+00:00
1039301,referee,909252,"GONZALEZ PELAEZ, JOSE ADRIAN",Arbitro asistente,https://www.rffm.es/acta-partido/1039301,2026-08-09T16:16:11.440717+00:00
1039301,field_delegate,,"SANCHEZ JIMENEZ, ALFONSO",delegado_campo,https://www.rffm.es/acta-partido/1039301,2026-08-09T16:16:11.440717+00:00
1039302,referee,861935,"GARCIA GUERRERO, ALEJANDRO",Arbitro principal,https://www.rffm.es/acta-partido/1039302,2026-08-09T16:16:11.560460+00:00
1039302,referee,1169871,"ROMANILLOS GARCIA, GONZALO",Arbitro asistente,https://www.rffm.es/acta-partido/1039302,2026-08-09T16:16:11.560460+00:00
1039302,referee,877940,"CABADO RODRIGUEZ, YAGO",Arbitro asistente,https://www.rffm.es/acta-partido/1039302,2026-08-09T16:16:11.560460+00:00
1039302,field_delegate,,"RECIO ORTEGA , JESUS",delegado_campo,https://www.rffm.es/acta-partido/1039302,2026-08-09T16:16:11.560460+00:00
1039306,referee,1181959,"PIÑEIRO MARCOS, ALEJANDRO",Arbitro principal,https://www.rffm.es/acta-partido/1039306,2026-08-09T16:16:11.565298+00:00
1039306,referee,1169816,"GOMEZ HERRERO, ALEJANDRO",Arbitro asistente,https://www.rffm.es/acta-partido/1039306,2026-08-09T16:16:11.565298+00:00
1039306,referee,877900,"ACEVEDO GONZALEZ, JORGE",Arbitro asistente,https://www.rffm.es/acta-partido/1039306,2026-08-09T16:16:11.565298+00:00
1039306,field_delegate,,"MUÑIZ GONZALEZ, JOAQUIN",delegado_campo,https://www.rffm.es/acta-partido/1039306,2026-08-09T16:16:11.565298+00:00
1039315,referee,3580,"PARRA GONZALEZ, PABLO",Arbitro principal,https://www.rffm.es/acta-partido/1039315,2026-08-09T16:16:11.596498+00:00
1039315,referee,1169888,"SEGOVIA SAN BENITO, CARLOS",Arbitro asistente,https://www.rffm.es/acta-partido/1039315,2026-08-09T16:16:11.596498+00:00
1039315,referee,3925,"PARRA GONZALEZ, VICTOR",Arbitro asistente,https://www.rffm.es/acta-partido/1039315,2026-08-09T16:16:11.596498+00:00
1039315,field_delegate,,"SÁNCHEZ DE LAS MATAS PÉREZ, CARLOS",delegado_campo,https://www.rffm.es/acta-partido/1039315,2026-08-09T16:16:11.596498+00:00
1039311,referee,222,"ROMERO SAEZ, EDUARDO",Arbitro principal,https://www.rffm.es/acta-partido/1039311,2026-08-09T16:16:11.779208+00:00
1039311,referee,1169631,"GUEVARA RAMIREZ, LUIS HERNAN",Arbitro asistente,https://www.rffm.es/acta-partido/1039311,2026-08-09T16:16:11.779208+00:00
1039311,referee,645223,"SANCHEZ JIMENEZ, DAVID",Arbitro asistente,https://www.rffm.es/acta-partido/1039311,2026-08-09T16:16:11.779208+00:00
1039311,field_delegate,,"MARTIN FELIX, JOSE LUIS",delegado_campo,https://www.rffm.es/acta-partido/1039311,2026-08-09T16:16:11.779208+00:00
1039316,referee,536786,"DIAZ CARRASCO, DIEGO",Arbitro principal,https://www.rffm.es/acta-partido/1039316,2026-08-09T16:16:11.972174+00:00
1039316,referee,716478,"ALMANSA HERAS, SERGIO",Arbitro asistente,https://www.rffm.es/acta-partido/1039316,2026-08-09T16:16:11.972174+00:00
1039316,referee,536790,"ESPINOSA ARANDA, DANIEL",Arbitro asistente,https://www.rffm.es/acta-partido/1039316,2026-08-09T16:16:11.972174+00:00
1039316,field_delegate,,"PACHECO TORRES, ALBERTO",delegado_campo,https://www.rffm.es/acta-partido/1039316,2026-08-09T16:16:11.972174+00:00
1039314,referee,5109,"FAJARDO FERNANDEZ, HECTOR",Arbitro principal,https://www.rffm.es/acta-partido/1039314,2026-08-09T16:16:12.508751+00:00
1039314,referee,3812,"FERNANDEZ HURTADO, JOSE LUIS",Arbitro asistente,https://www.rffm.es/acta-partido/1039314,2026-08-09T16:16:12.508751+00:00
1039314,referee,877778,"MORENO AVILES, DANIEL",Arbitro asistente,https://www.rffm.es/acta-partido/1039314,2026-08-09T16:16:12.508751+00:00
1039314,field_delegate,,"POZON GAMERO , JUAN JOSE",delegado_campo,https://www.rffm.es/acta-partido/1039314,2026-08-09T16:16:12.508751+00:00
1039310,referee,656463,"MARTINEZ PRIETO, ARTURO",Arbitro principal,https://www.rffm.es/acta-partido/1039310,2026-08-09T16:16:12.593138+00:00
1039310,referee,1169766,"ABAJO FERNANDEZ, JORGE",Arbitro asistente,https://www.rffm.es/acta-partido/1039310,2026-08-09T16:16:12.593138+00:00
1039310,referee,3771,"GARCIA PEREZ, ANTONIO",Arbitro asistente,https://www.rffm.es/acta-partido/1039310,2026-08-09T16:16:12.593138+00:00
1039310,field_delegate,,"ALONSO BARRADO, ALBERTO",delegado_campo,https://www.rffm.es/acta-partido/1039310,2026-08-09T16:16:12.593138+00:00
1039308,referee,591232,"GONZALEZ SEIJAS, JORGE",Arbitro principal,https://www.rffm.es/acta-partido/1039308,2026-08-09T16:16:12.707773+00:00
1039308,referee,1169885,"SANTILLAN VELA, FREDDY",Arbitro asistente,https://www.rffm.es/acta-partido/1039308,2026-08-09T16:16:12.707773+00:00
1039308,referee,5105,"CARDERO ARRANZ, SANTIAGO",Arbitro asistente,https://www.rffm.es/acta-partido/1039308,2026-08-09T16:16:12.707773+00:00
1039308,field_delegate,,"ALMAGRO CHICA, JOSE MANUEL",delegado_campo,https://www.rffm.es/acta-partido/1039308,2026-08-09T16:16:12.707773+00:00
1039313,referee,4813,"GARCIA MARTINEZ, JORGE",Arbitro principal,https://www.rffm.es/acta-partido/1039313,2026-08-09T16:16:12.805693+00:00
1039313,referee,1169871,"ROMANILLOS GARCIA, GONZALO",Arbitro asistente,https://www.rffm.es/acta-partido/1039313,2026-08-09T16:16:12.805693+00:00
1039313,referee,4862,"ARANA URRUNAGA, EDDY J.",Arbitro asistente,https://www.rffm.es/acta-partido/1039313,2026-08-09T16:16:12.805693+00:00
1039313,field_delegate,,"ARANDA CABALLERO , BALTASAR",delegado_campo,https://www.rffm.es/acta-partido/1039313,2026-08-09T16:16:12.805693+00:00
1039321,referee,797556,"DE LA MATA MARTÍNEZ, RAÚL",Arbitro principal,https://www.rffm.es/acta-partido/1039321,2026-08-09T16:16:12.838435+00:00
1039321,referee,716478,"ALMANSA HERAS, SERGIO",Arbitro asistente,https://www.rffm.es/acta-partido/1039321,2026-08-09T16:16:12.838435+00:00
1039321,referee,813607,"FERNANDEZ ALCOBENDAS, OSCAR",Arbitro asistente,https://www.rffm.es/acta-partido/1039321,2026-08-09T16:16:12.838435+00:00
1039321,field_delegate,,"RECIO ORTEGA , JESUS",delegado_campo,https://www.rffm.es/acta-partido/1039321,2026-08-09T16:16:12.838435+00:00
1039322,referee,592583,"MARTINEZ MANSILLA, MIGUEL",Arbitro principal,https://www.rffm.es/acta-partido/1039322,2026-08-09T16:16:13.240644+00:00
1039322,referee,1169900,"VALLE DOMINGO, ANTONIO",Arbitro asistente,https://www.rffm.es/acta-partido/1039322,2026-08-09T16:16:13.240644+00:00
1039322,referee,5105,"CARDERO ARRANZ, SANTIAGO",Arbitro asistente,https://www.rffm.es/acta-partido/1039322,2026-08-09T16:16:13.240644+00:00
1039322,field_delegate,,"PRADOS EIRAS, JUAN JOSE",delegado_campo,https://www.rffm.es/acta-partido/1039322,2026-08-09T16:16:13.240644+00:00
1039325,referee,3682,"GONZALEZ GUISADO, SERGIO",Arbitro principal,https://www.rffm.es/acta-partido/1039325,2026-08-09T16:16:13.333709+00:00
1039325,referee,1169777,"DONATO MORALES, ALEJANDRO",Arbitro asistente,https://www.rffm.es/acta-partido/1039325,2026-08-09T16:16:13.333709+00:00
1039325,referee,4849,"MARTINEZ MADROÑAL, OSCAR",Arbitro asistente,https://www.rffm.es/acta-partido/1039325,2026-08-09T16:16:13.333709+00:00
1039325,field_delegate,,"MUÑIZ GONZALEZ, JOAQUIN",delegado_campo,https://www.rffm.es/acta-partido/1039325,2026-08-09T16:16:13.333709+00:00
1039324,referee,4083,"FUENTES CASTAÑO, AGUSTIN",Arbitro principal,https://www.rffm.es/acta-partido/1039324,2026-08-09T16:16:13.783519+00:00
1039324,referee,1169865,"PEREZ ROSARIO, CRISTIAN",Arbitro asistente,https://www.rffm.es/acta-partido/1039324,2026-08-09T16:16:13.783519+00:00
1039324,referee,721280,"VIALCHO MIRANDA, MIGUEL ANGEL",Arbitro asistente,https://www.rffm.es/acta-partido/1039324,2026-08-09T16:16:13.783519+00:00
1039324,field_delegate,,"MARQUEZ RODRIGUEZ, MARCO ANTONIO",delegado_campo,https://www.rffm.es/acta-partido/1039324,2026-08-09T16:16:13.783519+00:00
1039317,referee,4940,"SANCHEZ CORTEZ, JORGE ALFREDO",Arbitro principal,https://www.rffm.es/acta-partido/1039317,2026-08-09T16:16:13.791350+00:00
1039317,referee,1169809,"GONZALEZ MENDES, SORAYA",Arbitro asistente,https://www.rffm.es/acta-partido/1039317,2026-08-09T16:16:13.791350+00:00
1039317,referee,2616,"MEDINA GARCIA, ALEJANDRO",Arbitro asistente,https://www.rffm.es/acta-partido/1039317,2026-08-09T16:16:13.791350+00:00
1039317,field_delegate,,"ALMAGRO CHICA, JOSE MANUEL",delegado_campo,https://www.rffm.es/acta-partido/1039317,2026-08-09T16:16:13.791350+00:00
1039319,referee,861935,"GARCIA GUERRERO, ALEJANDRO",Arbitro principal,https://www.rffm.es/acta-partido/1039319,2026-08-09T16:16:13.966389+00:00
1039319,referee,1169871,"ROMANILLOS GARCIA, GONZALO",Arbitro asistente,https://www.rffm.es/acta-partido/1039319,2026-08-09T16:16:13.966389+00:00
1039319,referee,909252,"GONZALEZ PELAEZ, JOSE ADRIAN",Arbitro asistente,https://www.rffm.es/acta-partido/1039319,2026-08-09T16:16:13.966389+00:00
1039319,field_delegate,,"MATA GARCÍA , ROBERTO ANDRÉS",delegado_campo,https://www.rffm.es/acta-partido/1039319,2026-08-09T16:16:13.966389+00:00
1039323,referee,3728,"DE LA CRUZ GONZALEZ, JAIME",Arbitro principal,https://www.rffm.es/acta-partido/1039323,2026-08-09T16:16:14.094523+00:00
1039323,referee,1169875,"RUIZ MARTINEZ ALCOCER, ADRIAN",Arbitro asistente,https://www.rffm.es/acta-partido/1039323,2026-08-09T16:16:14.094523+00:00
1039323,referee,877545,"ILLANA GAGO, GONZALO",Arbitro asistente,https://www.rffm.es/acta-partido/1039323,2026-08-09T16:16:14.094523+00:00
1039323,field_delegate,,"GONZALEZ MORA, ELBIO RAFAEL",delegado_campo,https://www.rffm.es/acta-partido/1039323,2026-08-09T16:16:14.094523+00:00
1039318,referee,591232,"GONZALEZ SEIJAS, JORGE",Arbitro principal,https://www.rffm.es/acta-partido/1039318,2026-08-09T16:16:14.171199+00:00
1039318,referee,1169846,"LUMBRERAS RODRIGUEZ, IRENE",Arbitro asistente,https://www.rffm.es/acta-partido/1039318,2026-08-09T16:16:14.171199+00:00
1039318,referee,4452,"MOLTO MARIN, MARIO",Arbitro asistente,https://www.rffm.es/acta-partido/1039318,2026-08-09T16:16:14.171199+00:00
1039318,field_delegate,,"MENDOZA PEDROCHE, JOSE IGNACIO",delegado_campo,https://www.rffm.es/acta-partido/1039318,2026-08-09T16:16:14.171199+00:00
1039327,referee,636170,"CONDE CLEMENTE, KILIAN",Arbitro principal,https://www.rffm.es/acta-partido/1039327,2026-08-09T16:16:14.255910+00:00
1039327,referee,1169809,"GONZALEZ MENDES, SORAYA",Arbitro asistente,https://www.rffm.es/acta-partido/1039327,2026-08-09T16:16:14.255910+00:00
1039327,referee,3800,"ALVAREZ SASTRE, SERGIO",Arbitro asistente,https://www.rffm.es/acta-partido/1039327,2026-08-09T16:16:14.255910+00:00
1039327,field_delegate,,"ALONSO BARRADO, ALBERTO",delegado_campo,https://www.rffm.es/acta-partido/1039327,2026-08-09T16:16:14.255910+00:00
1039320,referee,3535,"ACERO LLAMAS, GUILLERMO",Arbitro principal,https://www.rffm.es/acta-partido/1039320,2026-08-09T16:16:14.500252+00:00
1039320,referee,1169857,"MURCIEGO CABEZAS, MIGUEL",Arbitro asistente,https://www.rffm.es/acta-partido/1039320,2026-08-09T16:16:14.500252+00:00
1039320,referee,1174362,"MARIN CASTILLO, WILMER ENRIQUE",Arbitro asistente,https://www.rffm.es/acta-partido/1039320,2026-08-09T16:16:14.500252+00:00
1039320,field_delegate,,"SANCHEZ JIMENEZ, ALFONSO",delegado_campo,https://www.rffm.es/acta-partido/1039320,2026-08-09T16:16:14.500252+00:00
1039326,referee,5076,"SANCHEZ FERNANDEZ DE AVILA, MIGUEL",Arbitro principal,https://www.rffm.es/acta-partido/1039326,2026-08-09T16:16:14.879583+00:00
1039326,referee,1169766,"ABAJO FERNANDEZ, JORGE",Arbitro asistente,https://www.rffm.es/acta-partido/1039326,2026-08-09T16:16:14.879583+00:00
1039326,referee,909252,"GONZALEZ PELAEZ, JOSE ADRIAN",Arbitro asistente,https://www.rffm.es/acta-partido/1039326,2026-08-09T16:16:14.879583+00:00
1039326,field_delegate,,"GALÁN GARCÍA , GUILLERMO RICARDO",delegado_campo,https://www.rffm.es/acta-partido/1039326,2026-08-09T16:16:14.879583+00:00
1039330,referee,719275,"MADROÑAL LORENTE, IVAN",Arbitro principal,https://www.rffm.es/acta-partido/1039330,2026-08-09T16:16:14.955794+00:00
1039330,referee,1169900,"VALLE DOMINGO, ANTONIO",Arbitro asistente,https://www.rffm.es/acta-partido/1039330,2026-08-09T16:16:14.955794+00:00
1039330,referee,986847,"HIDALGO ALEJO, RAFAEL",Arbitro asistente,https://www.rffm.es/acta-partido/1039330,2026-08-09T16:16:14.955794+00:00
1039330,field_delegate,,"ARANDA CABALLERO , BALTASAR",delegado_campo,https://www.rffm.es/acta-partido/1039330,2026-08-09T16:16:14.955794+00:00
1039329,referee,3580,"PARRA GONZALEZ, PABLO",Arbitro principal,https://www.rffm.es/acta-partido/1039329,2026-08-09T16:16:15.051442+00:00
1039329,referee,1169865,"PEREZ ROSARIO, CRISTIAN",Arbitro asistente,https://www.rffm.es/acta-partido/1039329,2026-08-09T16:16:15.051442+00:00
1039329,referee,877940,"CABADO RODRIGUEZ, YAGO",Arbitro asistente,https://www.rffm.es/acta-partido/1039329,2026-08-09T16:16:15.051442+00:00
1039329,field_delegate,,"REY , LUÍS ALFONSO",delegado_campo,https://www.rffm.es/acta-partido/1039329,2026-08-09T16:16:15.051442+00:00
1039328,referee,1091,"VALVERDE SANCHEZ, ANGEL LUIS",Arbitro principal,https://www.rffm.es/acta-partido/1039328,2026-08-09T16:16:15.055911+00:00
1039328,referee,1069,"VELASCO ARRIBAS, ANGEL LUIS",Arbitro asistente,https://www.rffm.es/acta-partido/1039328,2026-08-09T16:16:15.055911+00:00
1039328,referee,1067,"SANCHEZ-MATEOS DOMINGUEZ, RAUL",Arbitro asistente,https://www.rffm.es/acta-partido/1039328,2026-08-09T16:16:15.055911+00:00
1039328,field_delegate,,"HIDALGO JIMÉNEZ , MANUEL",delegado_campo,https://www.rffm.es/acta-partido/1039328,2026-08-09T16:16:15.055911+00:00
1039333,referee,4302,"AVILES GARCIA, DAVID",Arbitro principal,https://www.rffm.es/acta-partido/1039333,2026-08-09T16:16:15.261325+00:00
1039333,referee,716478,"ALMANSA HERAS, SERGIO",Arbitro asistente,https://www.rffm.es/acta-partido/1039333,2026-08-09T16:16:15.261325+00:00
1039333,referee,3771,"GARCIA PEREZ, ANTONIO",Arbitro asistente,https://www.rffm.es/acta-partido/1039333,2026-08-09T16:16:15.261325+00:00
1039333,field_delegate,,"PACHECO TORRES, ALBERTO",delegado_campo,https://www.rffm.es/acta-partido/1039333,2026-08-09T16:16:15.261325+00:00
1039331,referee,578072,"BORDONS ROMERO, IGNACIO",Arbitro principal,https://www.rffm.es/acta-partido/1039331,2026-08-09T16:16:15.308343+00:00
1039331,referee,1169846,"LUMBRERAS RODRIGUEZ, IRENE",Arbitro asistente,https://www.rffm.es/acta-partido/1039331,2026-08-09T16:16:15.308343+00:00
1039331,referee,5119,"LOPEZ CUEVAS, AGUSTIN",Arbitro asistente,https://www.rffm.es/acta-partido/1039331,2026-08-09T16:16:15.308343+00:00
1039331,field_delegate,,"POZON GAMERO , JUAN JOSE",delegado_campo,https://www.rffm.es/acta-partido/1039331,2026-08-09T16:16:15.308343+00:00
1039332,referee,3773,"TOTH, LORAND ZOLTAN",Arbitro principal,https://www.rffm.es/acta-partido/1039332,2026-08-09T16:16:15.315490+00:00
1039332,referee,967704,"ALVARO NEBREDA, JOSE ANGEL",Arbitro asistente,https://www.rffm.es/acta-partido/1039332,2026-08-09T16:16:15.315490+00:00
1039332,referee,797592,"GARCIA-GIL TALLANTE, DAVID",Arbitro asistente,https://www.rffm.es/acta-partido/1039332,2026-08-09T16:16:15.315490+00:00
1039332,field_delegate,,"SÁNCHEZ DE LAS MATAS PÉREZ, CARLOS",delegado_campo,https://www.rffm.es/acta-partido/1039332,2026-08-09T16:16:15.315490+00:00
1039334,referee,5109,"FAJARDO FERNANDEZ, HECTOR",Arbitro principal,https://www.rffm.es/acta-partido/1039334,2026-08-09T16:16:15.527575+00:00
1039334,referee,3812,"FERNANDEZ HURTADO, JOSE LUIS",Arbitro asistente,https://www.rffm.es/acta-partido/1039334,2026-08-09T16:16:15.527575+00:00
1039334,referee,536790,"ESPINOSA ARANDA, DANIEL",Arbitro asistente,https://www.rffm.es/acta-partido/1039334,2026-08-09T16:16:15.527575+00:00
1039334,field_delegate,,"BARTOLOME TEJEDOR, GREGORIO",delegado_campo,https://www.rffm.es/acta-partido/1039334,2026-08-09T16:16:15.527575+00:00
1039337,referee,222,"ROMERO SAEZ, EDUARDO",Arbitro principal,https://www.rffm.es/acta-partido/1039337,2026-08-09T16:16:16.216677+00:00
1039337,referee,546,"RUBIO PALOMINO, IGNACIO",Arbitro asistente,https://www.rffm.es/acta-partido/1039337,2026-08-09T16:16:16.216677+00:00
1039337,referee,718723,"HUERTA DUQUE, MANUEL",Arbitro asistente,https://www.rffm.es/acta-partido/1039337,2026-08-09T16:16:16.216677+00:00
1039337,field_delegate,,"PARRO PARRO , RAFAEL",delegado_campo,https://www.rffm.es/acta-partido/1039337,2026-08-09T16:16:16.216677+00:00
1039335,referee,645710,"CASTRO MANQUILLO, SEBASTIAN",Arbitro principal,https://www.rffm.es/acta-partido/1039335,2026-08-09T16:16:16.317008+00:00
1039335,referee,1169885,"SANTILLAN VELA, FREDDY",Arbitro asistente,https://www.rffm.es/acta-partido/1039335,2026-08-09T16:16:16.317008+00:00
1039335,referee,712561,"CALLEJA SANCHEZ, JULIO FRANCISCO",Arbitro asistente,https://www.rffm.es/acta-partido/1039335,2026-08-09T16:16:16.317008+00:00
1039341,referee,3902,"FEITO RABANAL, DAVID",Arbitro principal,https://www.rffm.es/acta-partido/1039341,2026-08-09T16:16:16.665995+00:00
1039341,referee,536408,"GONZALEZ PELAEZ, LUIS",Arbitro asistente,https://www.rffm.es/acta-partido/1039341,2026-08-09T16:16:16.665995+00:00
1039341,referee,3919,"LOPEZ DEL PRECINTO, DAVID",Arbitro asistente,https://www.rffm.es/acta-partido/1039341,2026-08-09T16:16:16.665995+00:00
1039341,field_delegate,,"GONZALEZ ALVAREZ, JORGE",delegado_campo,https://www.rffm.es/acta-partido/1039341,2026-08-09T16:16:16.665995+00:00
1039340,referee,4793,"BENITO MARTINEZ, SERGIO",Arbitro principal,https://www.rffm.es/acta-partido/1039340,2026-08-09T16:16:16.732051+00:00
1039340,referee,1169795,"FERNANDEZ MORENO, ALEJANDRO",Arbitro asistente,https://www.rffm.es/acta-partido/1039340,2026-08-09T16:16:16.732051+00:00
1039340,referee,534643,"CASTILLA APARICIO, DIEGO",Arbitro asistente,https://www.rffm.es/acta-partido/1039340,2026-08-09T16:16:16.732051+00:00
1039340,field_delegate,,"FRANCO DOMINGUEZ, JUAN AVELINO",delegado_campo,https://www.rffm.es/acta-partido/1039340,2026-08-09T16:16:16.732051+00:00
1039339,referee,656463,"MARTINEZ PRIETO, ARTURO",Arbitro principal,https://www.rffm.es/acta-partido/1039339,2026-08-09T16:16:16.754337+00:00
1039339,referee,878313,"VICENTE JUAREZ, ANGEL",Arbitro asistente,https://www.rffm.es/acta-partido/1039339,2026-08-09T16:16:16.754337+00:00
1039339,referee,121,"PERAL HERNANDEZ, EMILIO",Arbitro asistente,https://www.rffm.es/acta-partido/1039339,2026-08-09T16:16:16.754337+00:00
1039339,field_delegate,,"HERNÁNDEZ PÉREZ, FRANCISCO",delegado_campo,https://www.rffm.es/acta-partido/1039339,2026-08-09T16:16:16.754337+00:00
1039342,referee,645721,"DIAZ RODRIGUEZ, LUIS MIGUEL",Arbitro principal,https://www.rffm.es/acta-partido/1039342,2026-08-09T16:16:16.835815+00:00
1039342,referee,1169838,"JURCA, MIHAI ALEXANDRU",Arbitro asistente,https://www.rffm.es/acta-partido/1039342,2026-08-09T16:16:16.835815+00:00
1039342,referee,3800,"ALVAREZ SASTRE, SERGIO",Arbitro asistente,https://www.rffm.es/acta-partido/1039342,2026-08-09T16:16:16.835815+00:00
1039342,field_delegate,,"HERRANZ GENEROSO, JESUS",delegado_campo,https://www.rffm.es/acta-partido/1039342,2026-08-09T16:16:16.835815+00:00
1039351,referee,536786,"DIAZ CARRASCO, DIEGO",Arbitro principal,https://www.rffm.es/acta-partido/1039351,2026-08-09T16:16:16.985365+00:00
1039351,referee,536311,"DELGADO BENÍTEZ, RAÚL",Arbitro asistente,https://www.rffm.es/acta-partido/1039351,2026-08-09T16:16:16.985365+00:00
1039351,referee,2190,"PLAZA GARCIA, SAUL",Arbitro asistente,https://www.rffm.es/acta-partido/1039351,2026-08-09T16:16:16.985365+00:00
1039351,field_delegate,,"CAMARA GONZALEZ, JUAN JOSE",delegado_campo,https://www.rffm.es/acta-partido/1039351,2026-08-09T16:16:16.985365+00:00
1039338,referee,1050822,"CHAVARRIA GIL, JESUS",Arbitro principal,https://www.rffm.es/acta-partido/1039338,2026-08-09T16:16:17.173837+00:00
1039338,referee,1169770,"BELHAJ HARBI, AYMAN",Arbitro asistente,https://www.rffm.es/acta-partido/1039338,2026-08-09T16:16:17.173837+00:00
1039338,referee,877467,"CARRASCOSA VÁZQUEZ, CRISTIAN JOSÉ",Arbitro asistente,https://www.rffm.es/acta-partido/1039338,2026-08-09T16:16:17.173837+00:00
1039336,referee,719275,"MADROÑAL LORENTE, IVAN",Arbitro principal,https://www.rffm.es/acta-partido/1039336,2026-08-09T16:16:17.368415+00:00
1039336,referee,2153,"GABASA CORTES, RAMON",Arbitro asistente,https://www.rffm.es/acta-partido/1039336,2026-08-09T16:16:17.368415+00:00
1039336,referee,718586,"GOMEZ GUILLEN, PEDRO",Arbitro asistente,https://www.rffm.es/acta-partido/1039336,2026-08-09T16:16:17.368415+00:00
1039336,field_delegate,,"MARIN PELAYO, FRANCISCO ANTONIO",delegado_campo,https://www.rffm.es/acta-partido/1039336,2026-08-09T16:16:17.368415+00:00
1039343,referee,861935,"GARCIA GUERRERO, ALEJANDRO",Arbitro principal,https://www.rffm.es/acta-partido/1039343,2026-08-09T16:16:17.370024+00:00
1039343,referee,645433,"RAMOS GONZALEZ, CARLOS",Arbitro asistente,https://www.rffm.es/acta-partido/1039343,2026-08-09T16:16:17.370024+00:00
1039343,referee,822935,"LOPEZ PIÑA, GONZALO",Arbitro asistente,https://www.rffm.es/acta-partido/1039343,2026-08-09T16:16:17.370024+00:00
1039343,field_delegate,,"GARROSA ENRIQUE, ADRIAN",delegado_campo,https://www.rffm.es/acta-partido/1039343,2026-08-09T16:16:17.370024+00:00
1039348,referee,4083,"FUENTES CASTAÑO, AGUSTIN",Arbitro principal,https://www.rffm.es/acta-partido/1039348,2026-08-09T16:16:17.687554+00:00
1039348,referee,1169854,"MUÑOZ CERRADA, IGNACIO",Arbitro asistente,https://www.rffm.es/acta-partido/1039348,2026-08-09T16:16:17.687554+00:00
1039348,referee,742557,"IGLESIAS SZENDEFY, MARK",Arbitro asistente,https://www.rffm.es/acta-partido/1039348,2026-08-09T16:16:17.687554+00:00
1039348,field_delegate,,"NOTARIO OVEJERO, ANTONIO",delegado_campo,https://www.rffm.es/acta-partido/1039348,2026-08-09T16:16:17.687554+00:00
1039345,referee,539246,"RODRIGUEZ RECIO, ALVARO",Arbitro principal,https://www.rffm.es/acta-partido/1039345,2026-08-09T16:16:17.820209+00:00
1039345,referee,1169857,"MURCIEGO CABEZAS, MIGUEL",Arbitro asistente,https://www.rffm.es/acta-partido/1039345,2026-08-09T16:16:17.820209+00:00
1039345,referee,797646,"NARANJO CAMARERO, CARLOS",Arbitro asistente,https://www.rffm.es/acta-partido/1039345,2026-08-09T16:16:17.820209+00:00
1039345,field_delegate,,"PIZARRO MORGADO, JOSÉ",delegado_campo,https://www.rffm.es/acta-partido/1039345,2026-08-09T16:16:17.820209+00:00
1039352,referee,742609,"PEREZ TORRES, DIEGO",Arbitro principal,https://www.rffm.es/acta-partido/1039352,2026-08-09T16:16:17.842053+00:00
1039352,referee,1169897,"TORRALBA RODRIGUEZ, MANUEL",Arbitro asistente,https://www.rffm.es/acta-partido/1039352,2026-08-09T16:16:17.842053+00:00
1039352,referee,4941,"MUÑOZ GARCIA, MIGUEL ANGEL",Arbitro asistente,https://www.rffm.es/acta-partido/1039352,2026-08-09T16:16:17.842053+00:00
1039352,field_delegate,,"GORDO GARCIA, FERNANDO",delegado_campo,https://www.rffm.es/acta-partido/1039352,2026-08-09T16:16:17.842053+00:00
1039344,referee,578072,"BORDONS ROMERO, IGNACIO",Arbitro principal,https://www.rffm.es/acta-partido/1039344,2026-08-09T16:16:17.895378+00:00
1039344,referee,1169838,"JURCA, MIHAI ALEXANDRU",Arbitro asistente,https://www.rffm.es/acta-partido/1039344,2026-08-09T16:16:17.895378+00:00
1039344,referee,5127,"MUÑOZ SANCHEZ, JUAN",Arbitro asistente,https://www.rffm.es/acta-partido/1039344,2026-08-09T16:16:17.895378+00:00
1039344,field_delegate,,"LOPEZ FERNANDEZ, MANUEL",delegado_campo,https://www.rffm.es/acta-partido/1039344,2026-08-09T16:16:17.895378+00:00
1039502,referee,797556,"DE LA MATA MARTÍNEZ, RAÚL",Arbitro principal,https://www.rffm.es/acta-partido/1039502,2026-08-09T16:16:17.900627+00:00
1039502,referee,536790,"ESPINOSA ARANDA, DANIEL",Arbitro asistente,https://www.rffm.es/acta-partido/1039502,2026-08-09T16:16:17.900627+00:00
1039502,referee,973968,"ESPINOSA SEDANO, JORGE",Arbitro asistente,https://www.rffm.es/acta-partido/1039502,2026-08-09T16:16:17.900627+00:00
1039502,field_delegate,,"HERNÁNDEZ PÉREZ, FRANCISCO",delegado_campo,https://www.rffm.es/acta-partido/1039502,2026-08-09T16:16:17.900627+00:00
1039346,referee,2755,"MONRABAL CASTAÑO, JOSE",Arbitro principal,https://www.rffm.es/acta-partido/1039346,2026-08-09T16:16:18.033622+00:00
1039346,referee,1169795,"FERNANDEZ MORENO, ALEJANDRO",Arbitro asistente,https://www.rffm.es/acta-partido/1039346,2026-08-09T16:16:18.033622+00:00
1039346,referee,712561,"CALLEJA SANCHEZ, JULIO FRANCISCO",Arbitro asistente,https://www.rffm.es/acta-partido/1039346,2026-08-09T16:16:18.033622+00:00
1039346,field_delegate,,"FERNANDEZ VILLALTA, FRANCISCO",delegado_campo,https://www.rffm.es/acta-partido/1039346,2026-08-09T16:16:18.033622+00:00
1039350,referee,785202,"PEREZ SANCHEZ, ALEJANDRO",Arbitro principal,https://www.rffm.es/acta-partido/1039350,2026-08-09T16:16:18.205633+00:00
1039350,referee,1169766,"ABAJO FERNANDEZ, JORGE",Arbitro asistente,https://www.rffm.es/acta-partido/1039350,2026-08-09T16:16:18.205633+00:00
1039350,referee,5119,"LOPEZ CUEVAS, AGUSTIN",Arbitro asistente,https://www.rffm.es/acta-partido/1039350,2026-08-09T16:16:18.205633+00:00
1039350,field_delegate,,"RAMOS VAQUERO, OSCAR FELIPE",delegado_campo,https://www.rffm.es/acta-partido/1039350,2026-08-09T16:16:18.205633+00:00
1039347,referee,5109,"FAJARDO FERNANDEZ, HECTOR",Arbitro principal,https://www.rffm.es/acta-partido/1039347,2026-08-09T16:16:18.435749+00:00
1039347,referee,1169770,"BELHAJ HARBI, AYMAN",Arbitro asistente,https://www.rffm.es/acta-partido/1039347,2026-08-09T16:16:18.435749+00:00
1039347,referee,823306,"LANCHAS GONZÁLEZ, DANIEL",Arbitro asistente,https://www.rffm.es/acta-partido/1039347,2026-08-09T16:16:18.435749+00:00
1039347,field_delegate,,"NAVAS LOZANO, FERNANDO",delegado_campo,https://www.rffm.es/acta-partido/1039347,2026-08-09T16:16:18.435749+00:00
1039356,referee,665595,"PINILLA SERRANO, ADRIAN",Arbitro principal,https://www.rffm.es/acta-partido/1039356,2026-08-09T16:16:18.978426+00:00
1039356,referee,1169838,"JURCA, MIHAI ALEXANDRU",Arbitro asistente,https://www.rffm.es/acta-partido/1039356,2026-08-09T16:16:18.978426+00:00
1039356,referee,2857,"ROMERO SERRANO, LUIS MIGUEL",Arbitro asistente,https://www.rffm.es/acta-partido/1039356,2026-08-09T16:16:18.978426+00:00
1039356,field_delegate,,"PARRO PARRO , RAFAEL",delegado_campo,https://www.rffm.es/acta-partido/1039356,2026-08-09T16:16:18.978426+00:00
1039353,referee,4526,"GARCIA GUTIERREZ, DAVID",Arbitro principal,https://www.rffm.es/acta-partido/1039353,2026-08-09T16:16:18.988444+00:00
1039353,referee,1169888,"SEGOVIA SAN BENITO, CARLOS",Arbitro asistente,https://www.rffm.es/acta-partido/1039353,2026-08-09T16:16:18.988444+00:00
1039353,referee,878313,"VICENTE JUAREZ, ANGEL",Arbitro asistente,https://www.rffm.es/acta-partido/1039353,2026-08-09T16:16:18.988444+00:00
1039353,field_delegate,,"LOPEZ FERNANDEZ, MANUEL",delegado_campo,https://www.rffm.es/acta-partido/1039353,2026-08-09T16:16:18.988444+00:00
1039359,referee,712615,"URBINA ESCALONA, ALEJANDRO",Arbitro principal,https://www.rffm.es/acta-partido/1039359,2026-08-09T16:16:19.154170+00:00
1039359,referee,1169795,"FERNANDEZ MORENO, ALEJANDRO",Arbitro asistente,https://www.rffm.es/acta-partido/1039359,2026-08-09T16:16:19.154170+00:00
1039359,referee,712561,"CALLEJA SANCHEZ, JULIO FRANCISCO",Arbitro asistente,https://www.rffm.es/acta-partido/1039359,2026-08-09T16:16:19.154170+00:00
1039359,field_delegate,,"FRANCO DOMINGUEZ, JUAN AVELINO",delegado_campo,https://www.rffm.es/acta-partido/1039359,2026-08-09T16:16:19.154170+00:00
1039355,referee,3535,"ACERO LLAMAS, GUILLERMO",Arbitro principal,https://www.rffm.es/acta-partido/1039355,2026-08-09T16:16:19.290166+00:00
1039355,referee,1169774,"CHASI TOMALO, EDISON LUIS",Arbitro asistente,https://www.rffm.es/acta-partido/1039355,2026-08-09T16:16:19.290166+00:00
1039355,referee,797646,"NARANJO CAMARERO, CARLOS",Arbitro asistente,https://www.rffm.es/acta-partido/1039355,2026-08-09T16:16:19.290166+00:00
1039355,field_delegate,,"MARÍN PELAYO , FRANCISCO ANTONIO",delegado_campo,https://www.rffm.es/acta-partido/1039355,2026-08-09T16:16:19.290166+00:00
1039354,referee,4395,"FERRERO MELCHOR, IGNACIO",Arbitro principal,https://www.rffm.es/acta-partido/1039354,2026-08-09T16:16:19.329032+00:00
1039354,referee,1169871,"ROMANILLOS GARCIA, GONZALO",Arbitro asistente,https://www.rffm.es/acta-partido/1039354,2026-08-09T16:16:19.329032+00:00
1039354,referee,636256,"LOPEZ MONTALBAN, DANIEL",Arbitro asistente,https://www.rffm.es/acta-partido/1039354,2026-08-09T16:16:19.329032+00:00
1039354,field_delegate,,"CUÉLLAR DIEZ, GUILLERMO",delegado_campo,https://www.rffm.es/acta-partido/1039354,2026-08-09T16:16:19.329032+00:00
1039361,referee,719275,"MADROÑAL LORENTE, IVAN",Arbitro principal,https://www.rffm.es/acta-partido/1039361,2026-08-09T16:16:19.858306+00:00
1039361,referee,1169875,"RUIZ MARTINEZ ALCOCER, ADRIAN",Arbitro asistente,https://www.rffm.es/acta-partido/1039361,2026-08-09T16:16:19.858306+00:00
1039361,referee,3559,"MORAGA VIDAL, ALBERTO",Arbitro asistente,https://www.rffm.es/acta-partido/1039361,2026-08-09T16:16:19.858306+00:00
1039361,field_delegate,,"GARROSA ENRIQUE, ADRIAN",delegado_campo,https://www.rffm.es/acta-partido/1039361,2026-08-09T16:16:19.858306+00:00
1039360,referee,656463,"MARTINEZ PRIETO, ARTURO",Arbitro principal,https://www.rffm.es/acta-partido/1039360,2026-08-09T16:16:19.957398+00:00
1039360,referee,1169850,"MORATO JIMENEZ, RAMON",Arbitro asistente,https://www.rffm.es/acta-partido/1039360,2026-08-09T16:16:19.957398+00:00
1039360,referee,1069,"VELASCO ARRIBAS, ANGEL LUIS",Arbitro asistente,https://www.rffm.es/acta-partido/1039360,2026-08-09T16:16:19.957398+00:00
1039360,field_delegate,,"GONZALEZ ALVAREZ, JORGE",delegado_campo,https://www.rffm.es/acta-partido/1039360,2026-08-09T16:16:19.957398+00:00
1039357,referee,861935,"GARCIA GUERRERO, ALEJANDRO",Arbitro principal,https://www.rffm.es/acta-partido/1039357,2026-08-09T16:16:20.093911+00:00
1039357,referee,1169865,"PEREZ ROSARIO, CRISTIAN",Arbitro asistente,https://www.rffm.es/acta-partido/1039357,2026-08-09T16:16:20.093911+00:00
1039357,referee,591096,"SANCHEZ LOPEZ, SAMUEL",Arbitro asistente,https://www.rffm.es/acta-partido/1039357,2026-08-09T16:16:20.093911+00:00
1039357,field_delegate,,"CARRERO BARRAGAN, ANGEL",delegado_campo,https://www.rffm.es/acta-partido/1039357,2026-08-09T16:16:20.093911+00:00
1039368,referee,3728,"DE LA CRUZ GONZALEZ, JAIME",Arbitro principal,https://www.rffm.es/acta-partido/1039368,2026-08-09T16:16:20.250759+00:00
1039368,referee,1169875,"RUIZ MARTINEZ ALCOCER, ADRIAN",Arbitro asistente,https://www.rffm.es/acta-partido/1039368,2026-08-09T16:16:20.250759+00:00
1039368,referee,5105,"CARDERO ARRANZ, SANTIAGO",Arbitro asistente,https://www.rffm.es/acta-partido/1039368,2026-08-09T16:16:20.250759+00:00
1039368,field_delegate,,"CAMARA GONZALEZ, JUAN JOSE",delegado_campo,https://www.rffm.es/acta-partido/1039368,2026-08-09T16:16:20.250759+00:00
1039358,referee,4112,"RUBIO PINO, CESAR",Arbitro principal,https://www.rffm.es/acta-partido/1039358,2026-08-09T16:16:20.263904+00:00
1039358,referee,1169795,"FERNANDEZ MORENO, ALEJANDRO",Arbitro asistente,https://www.rffm.es/acta-partido/1039358,2026-08-09T16:16:20.263904+00:00
1039358,referee,534643,"CASTILLA APARICIO, DIEGO",Arbitro asistente,https://www.rffm.es/acta-partido/1039358,2026-08-09T16:16:20.263904+00:00
1039358,field_delegate,,"HERNÁNDEZ PÉREZ, FRANCISCO",delegado_campo,https://www.rffm.es/acta-partido/1039358,2026-08-09T16:16:20.263904+00:00
1039367,referee,2591,"CALVO GONZALEZ, JAVIER",Arbitro principal,https://www.rffm.es/acta-partido/1039367,2026-08-09T16:16:20.269702+00:00
1039367,referee,1169857,"MURCIEGO CABEZAS, MIGUEL",Arbitro asistente,https://www.rffm.es/acta-partido/1039367,2026-08-09T16:16:20.269702+00:00
1039367,referee,645223,"SANCHEZ JIMENEZ, DAVID",Arbitro asistente,https://www.rffm.es/acta-partido/1039367,2026-08-09T16:16:20.269702+00:00
1039367,field_delegate,,"RAMOS VAQUERO, OSCAR FELIPE",delegado_campo,https://www.rffm.es/acta-partido/1039367,2026-08-09T16:16:20.269702+00:00
1039362,referee,3539,"CASTRO MARTIN, FERNANDO",Arbitro principal,https://www.rffm.es/acta-partido/1039362,2026-08-09T16:16:20.459262+00:00
1039362,referee,1169888,"SEGOVIA SAN BENITO, CARLOS",Arbitro asistente,https://www.rffm.es/acta-partido/1039362,2026-08-09T16:16:20.459262+00:00
1039362,referee,877935,"BUSTOS PEREIRA, ENRIQUE",Arbitro asistente,https://www.rffm.es/acta-partido/1039362,2026-08-09T16:16:20.459262+00:00
1039362,field_delegate,,"PIZARRO MORGADO, JOSÉ",delegado_campo,https://www.rffm.es/acta-partido/1039362,2026-08-09T16:16:20.459262+00:00
1039363,referee,4793,"BENITO MARTINEZ, SERGIO",Arbitro principal,https://www.rffm.es/acta-partido/1039363,2026-08-09T16:16:20.496214+00:00
1039363,referee,1169774,"CHASI TOMALO, EDISON LUIS",Arbitro asistente,https://www.rffm.es/acta-partido/1039363,2026-08-09T16:16:20.496214+00:00
1039363,referee,718723,"HUERTA DUQUE, MANUEL",Arbitro asistente,https://www.rffm.es/acta-partido/1039363,2026-08-09T16:16:20.496214+00:00
1039363,field_delegate,,"FERNANDEZ VILLALTA, FRANCISCO",delegado_campo,https://www.rffm.es/acta-partido/1039363,2026-08-09T16:16:20.496214+00:00
1039364,referee,718719,"GUIJARRO PANIAGUA, DANIEL",Arbitro principal,https://www.rffm.es/acta-partido/1039364,2026-08-09T16:16:20.570749+00:00
1039364,referee,1169829,"GARCIA CASADO, ALVARO",Arbitro asistente,https://www.rffm.es/acta-partido/1039364,2026-08-09T16:16:20.570749+00:00
1039364,referee,878313,"VICENTE JUAREZ, ANGEL",Arbitro asistente,https://www.rffm.es/acta-partido/1039364,2026-08-09T16:16:20.570749+00:00
1039364,field_delegate,,"NAVAS LOZANO, FERNANDO",delegado_campo,https://www.rffm.es/acta-partido/1039364,2026-08-09T16:16:20.570749+00:00
1039370,referee,797556,"DE LA MATA MARTÍNEZ, RAÚL",Arbitro principal,https://www.rffm.es/acta-partido/1039370,2026-08-09T16:16:20.708826+00:00
1039370,referee,1169871,"ROMANILLOS GARCIA, GONZALO",Arbitro asistente,https://www.rffm.es/acta-partido/1039370,2026-08-09T16:16:20.708826+00:00
1039370,referee,4601,"CANTERO SAHUQUILLO, DANIEL",Arbitro asistente,https://www.rffm.es/acta-partido/1039370,2026-08-09T16:16:20.708826+00:00
1039370,field_delegate,,"HERRANZ GENEROSO, JESUS",delegado_campo,https://www.rffm.es/acta-partido/1039370,2026-08-09T16:16:20.708826+00:00
1039369,referee,5109,"FAJARDO FERNANDEZ, HECTOR",Arbitro principal,https://www.rffm.es/acta-partido/1039369,2026-08-09T16:16:20.776031+00:00
1039369,referee,3812,"FERNANDEZ HURTADO, JOSE LUIS",Arbitro asistente,https://www.rffm.es/acta-partido/1039369,2026-08-09T16:16:20.776031+00:00
1039369,referee,4862,"ARANA URRUNAGA, EDDY J.",Arbitro asistente,https://www.rffm.es/acta-partido/1039369,2026-08-09T16:16:20.776031+00:00
1039369,field_delegate,,"GORDO GARCÍA, FERNANDO",delegado_campo,https://www.rffm.es/acta-partido/1039369,2026-08-09T16:16:20.776031+00:00
1039365,referee,4940,"SANCHEZ CORTEZ, JORGE ALFREDO",Arbitro principal,https://www.rffm.es/acta-partido/1039365,2026-08-09T16:16:21.454709+00:00
1039365,referee,722287,"SANCHEZ MORENO, ALEXIS",Arbitro asistente,https://www.rffm.es/acta-partido/1039365,2026-08-09T16:16:21.454709+00:00
1039365,referee,534643,"CASTILLA APARICIO, DIEGO",Arbitro asistente,https://www.rffm.es/acta-partido/1039365,2026-08-09T16:16:21.454709+00:00
1039365,field_delegate,,"NOTARIO OVEJERO, ANTONIO",delegado_campo,https://www.rffm.es/acta-partido/1039365,2026-08-09T16:16:21.454709+00:00
1039375,referee,591232,"GONZALEZ SEIJAS, JORGE",Arbitro principal,https://www.rffm.es/acta-partido/1039375,2026-08-09T16:16:21.487525+00:00
1039375,referee,1169770,"BELHAJ HARBI, AYMAN",Arbitro asistente,https://www.rffm.es/acta-partido/1039375,2026-08-09T16:16:21.487525+00:00
1039375,referee,3579,"MAROTO CRIADO, SERGIO",Arbitro asistente,https://www.rffm.es/acta-partido/1039375,2026-08-09T16:16:21.487525+00:00
1039375,field_delegate,,"PARRO PARRO , RAFAEL",delegado_campo,https://www.rffm.es/acta-partido/1039375,2026-08-09T16:16:21.487525+00:00
1039366,referee,4913,"ARRANZ FURONES, LUIS",Arbitro principal,https://www.rffm.es/acta-partido/1039366,2026-08-09T16:16:21.497211+00:00
1039366,referee,967704,"ALVARO NEBREDA, JOSE ANGEL",Arbitro asistente,https://www.rffm.es/acta-partido/1039366,2026-08-09T16:16:21.497211+00:00
1039366,referee,4849,"MARTINEZ MADROÑAL, OSCAR",Arbitro asistente,https://www.rffm.es/acta-partido/1039366,2026-08-09T16:16:21.497211+00:00
1039366,field_delegate,,"ANDRADE HIDROVO, JOSE VINICIO",delegado_campo,https://www.rffm.es/acta-partido/1039366,2026-08-09T16:16:21.497211+00:00
1039371,referee,804593,"DE MINGO COLLADOS, VICTOR",Arbitro principal,https://www.rffm.es/acta-partido/1039371,2026-08-09T16:16:21.617713+00:00
1039371,referee,967704,"ALVARO NEBREDA, JOSE ANGEL",Arbitro asistente,https://www.rffm.es/acta-partido/1039371,2026-08-09T16:16:21.617713+00:00
1039371,referee,4546,"BARRADO LACORTE, PEDRO JESUS",Arbitro asistente,https://www.rffm.es/acta-partido/1039371,2026-08-09T16:16:21.617713+00:00
1039371,field_delegate,,"PIZARRO MORGADO, JOSÉ",delegado_campo,https://www.rffm.es/acta-partido/1039371,2026-08-09T16:16:21.617713+00:00
1039372,referee,3914,"IBAÑEZ GUTIERREZ, ANGEL",Arbitro principal,https://www.rffm.es/acta-partido/1039372,2026-08-09T16:16:21.791974+00:00
1039372,referee,1169885,"SANTILLAN VELA, FREDDY",Arbitro asistente,https://www.rffm.es/acta-partido/1039372,2026-08-09T16:16:21.791974+00:00
1039372,referee,591096,"SANCHEZ LOPEZ, SAMUEL",Arbitro asistente,https://www.rffm.es/acta-partido/1039372,2026-08-09T16:16:21.791974+00:00
1039372,field_delegate,,"LOPEZ FERNANDEZ, MANUEL",delegado_campo,https://www.rffm.es/acta-partido/1039372,2026-08-09T16:16:21.791974+00:00
1039373,referee,645721,"DIAZ RODRIGUEZ, LUIS MIGUEL",Arbitro principal,https://www.rffm.es/acta-partido/1039373,2026-08-09T16:16:21.909886+00:00
1039373,referee,1169838,"JURCA, MIHAI ALEXANDRU",Arbitro asistente,https://www.rffm.es/acta-partido/1039373,2026-08-09T16:16:21.909886+00:00
1039373,referee,534643,"CASTILLA APARICIO, DIEGO",Arbitro asistente,https://www.rffm.es/acta-partido/1039373,2026-08-09T16:16:21.909886+00:00
1039373,field_delegate,,"CUÉLLAR DIEZ, GUILLERMO",delegado_campo,https://www.rffm.es/acta-partido/1039373,2026-08-09T16:16:21.909886+00:00
1039374,referee,712615,"URBINA ESCALONA, ALEJANDRO",Arbitro principal,https://www.rffm.es/acta-partido/1039374,2026-08-09T16:16:22.032490+00:00
1039374,referee,1169850,"MORATO JIMENEZ, RAMON",Arbitro asistente,https://www.rffm.es/acta-partido/1039374,2026-08-09T16:16:22.032490+00:00
1039374,referee,712561,"CALLEJA SANCHEZ, JULIO FRANCISCO",Arbitro asistente,https://www.rffm.es/acta-partido/1039374,2026-08-09T16:16:22.032490+00:00
1039374,field_delegate,,"MARÍN PELAYO , FRANCISCO ANTONIO",delegado_campo,https://www.rffm.es/acta-partido/1039374,2026-08-09T16:16:22.032490+00:00
1039376,referee,4112,"RUBIO PINO, CESAR",Arbitro principal,https://www.rffm.es/acta-partido/1039376,2026-08-09T16:16:22.037474+00:00
1039376,referee,1169795,"FERNANDEZ MORENO, ALEJANDRO",Arbitro asistente,https://www.rffm.es/acta-partido/1039376,2026-08-09T16:16:22.037474+00:00
1039376,referee,636256,"LOPEZ MONTALBAN, DANIEL",Arbitro asistente,https://www.rffm.es/acta-partido/1039376,2026-08-09T16:16:22.037474+00:00
1039376,field_delegate,,"CARRERO BARRAGAN, ANGEL",delegado_campo,https://www.rffm.es/acta-partido/1039376,2026-08-09T16:16:22.037474+00:00
1039378,referee,4526,"GARCIA GUTIERREZ, DAVID",Arbitro principal,https://www.rffm.es/acta-partido/1039378,2026-08-09T16:16:22.773785+00:00
1039378,referee,1169888,"SEGOVIA SAN BENITO, CARLOS",Arbitro asistente,https://www.rffm.es/acta-partido/1039378,2026-08-09T16:16:22.773785+00:00
1039378,referee,4812,"VALDEPEÑAS CHAO, MARCOS",Arbitro asistente,https://www.rffm.es/acta-partido/1039378,2026-08-09T16:16:22.773785+00:00
1039378,field_delegate,,"FRANCO DOMINGUEZ, JUAN AVELINO",delegado_campo,https://www.rffm.es/acta-partido/1039378,2026-08-09T16:16:22.773785+00:00
1039377,referee,539246,"RODRIGUEZ RECIO, ALVARO",Arbitro principal,https://www.rffm.es/acta-partido/1039377,2026-08-09T16:16:22.797530+00:00
1039377,referee,1169857,"MURCIEGO CABEZAS, MIGUEL",Arbitro asistente,https://www.rffm.es/acta-partido/1039377,2026-08-09T16:16:22.797530+00:00
1039377,referee,3444,"MONTES GARCIA-NAVAS, JERONIMO",Arbitro asistente,https://www.rffm.es/acta-partido/1039377,2026-08-09T16:16:22.797530+00:00
1039377,field_delegate,,"ALONSO SANTOS, BUENAVENTURA",delegado_campo,https://www.rffm.es/acta-partido/1039377,2026-08-09T16:16:22.797530+00:00
1039385,referee,2085,"CARRALERO CALVO, MANUEL",Arbitro principal,https://www.rffm.es/acta-partido/1039385,2026-08-09T16:16:22.928189+00:00
1039385,referee,536748,"ZAMBRANO CASAS, ALVARO",Arbitro asistente,https://www.rffm.es/acta-partido/1039385,2026-08-09T16:16:22.928189+00:00
1039385,referee,121,"PERAL HERNANDEZ, EMILIO",Arbitro asistente,https://www.rffm.es/acta-partido/1039385,2026-08-09T16:16:22.928189+00:00
1039385,field_delegate,,"CAMARA GONZALEZ, JUAN JOSE",delegado_campo,https://www.rffm.es/acta-partido/1039385,2026-08-09T16:16:22.928189+00:00
1039380,referee,4940,"SANCHEZ CORTEZ, JORGE ALFREDO",Arbitro principal,https://www.rffm.es/acta-partido/1039380,2026-08-09T16:16:23.014336+00:00
1039380,referee,1169885,"SANTILLAN VELA, FREDDY",Arbitro asistente,https://www.rffm.es/acta-partido/1039380,2026-08-09T16:16:23.014336+00:00
1039380,referee,712561,"CALLEJA SANCHEZ, JULIO FRANCISCO",Arbitro asistente,https://www.rffm.es/acta-partido/1039380,2026-08-09T16:16:23.014336+00:00
1039380,field_delegate,,"FERNANDEZ VILLALTA, FRANCISCO",delegado_campo,https://www.rffm.es/acta-partido/1039380,2026-08-09T16:16:23.014336+00:00
1039379,referee,2755,"MONRABAL CASTAÑO, JOSE",Arbitro principal,https://www.rffm.es/acta-partido/1039379,2026-08-09T16:16:23.061473+00:00
1039379,referee,1169631,"GUEVARA RAMIREZ, LUIS HERNAN",Arbitro asistente,https://www.rffm.es/acta-partido/1039379,2026-08-09T16:16:23.061473+00:00
1039379,referee,964565,"BELLOSO RIVERO, ABRAHAM",Arbitro asistente,https://www.rffm.es/acta-partido/1039379,2026-08-09T16:16:23.061473+00:00
1039379,field_delegate,,"SANCHEZ VICENTE, MIGUEL",delegado_campo,https://www.rffm.es/acta-partido/1039379,2026-08-09T16:16:23.061473+00:00
1039381,referee,636170,"CONDE CLEMENTE, KILIAN",Arbitro principal,https://www.rffm.es/acta-partido/1039381,2026-08-09T16:16:23.544445+00:00
1039381,referee,1169809,"GONZALEZ MENDES, SORAYA",Arbitro asistente,https://www.rffm.es/acta-partido/1039381,2026-08-09T16:16:23.544445+00:00
1039381,referee,4546,"BARRADO LACORTE, PEDRO JESUS",Arbitro asistente,https://www.rffm.es/acta-partido/1039381,2026-08-09T16:16:23.544445+00:00
1039381,field_delegate,,"NAVAS LOZANO, FERNANDO",delegado_campo,https://www.rffm.es/acta-partido/1039381,2026-08-09T16:16:23.544445+00:00
1039386,referee,645067,"MUÑOZ MORENO, JAIME",Arbitro principal,https://www.rffm.es/acta-partido/1039386,2026-08-09T16:16:23.807284+00:00
1039386,referee,1169875,"RUIZ MARTINEZ ALCOCER, ADRIAN",Arbitro asistente,https://www.rffm.es/acta-partido/1039386,2026-08-09T16:16:23.807284+00:00
1039386,referee,3906,"GARCIA GONZALEZ, FRANCISCO",Arbitro asistente,https://www.rffm.es/acta-partido/1039386,2026-08-09T16:16:23.807284+00:00
1039386,field_delegate,,"GORDO GARCÍA, FERNANDO",delegado_campo,https://www.rffm.es/acta-partido/1039386,2026-08-09T16:16:23.807284+00:00
1039388,referee,665595,"PINILLA SERRANO, ADRIAN",Arbitro principal,https://www.rffm.es/acta-partido/1039388,2026-08-09T16:16:24.002966+00:00
1039388,referee,1169829,"GARCIA CASADO, ALVARO",Arbitro asistente,https://www.rffm.es/acta-partido/1039388,2026-08-09T16:16:24.002966+00:00
1039388,referee,536311,"DELGADO BENÍTEZ, RAÚL",Arbitro asistente,https://www.rffm.es/acta-partido/1039388,2026-08-09T16:16:24.002966+00:00
1039388,field_delegate,,"GONZALEZ ALVAREZ, JORGE",delegado_campo,https://www.rffm.es/acta-partido/1039388,2026-08-09T16:16:24.002966+00:00
1039382,referee,591116,"TORRALBA CASTAÑEDA, PABLO",Arbitro principal,https://www.rffm.es/acta-partido/1039382,2026-08-09T16:16:24.121754+00:00
1039382,referee,1169854,"MUÑOZ CERRADA, IGNACIO",Arbitro asistente,https://www.rffm.es/acta-partido/1039382,2026-08-09T16:16:24.121754+00:00
1039382,referee,1169363,"SAYAR CELESTINO, JESUS MIGUEL",Arbitro asistente,https://www.rffm.es/acta-partido/1039382,2026-08-09T16:16:24.121754+00:00
1039382,field_delegate,,"NOTARIO OVEJERO, ANTONIO",delegado_campo,https://www.rffm.es/acta-partido/1039382,2026-08-09T16:16:24.121754+00:00
1039394,referee,797556,"DE LA MATA MARTÍNEZ, RAÚL",Arbitro principal,https://www.rffm.es/acta-partido/1039394,2026-08-09T16:16:24.194089+00:00
1039394,referee,716478,"ALMANSA HERAS, SERGIO",Arbitro asistente,https://www.rffm.es/acta-partido/1039394,2026-08-09T16:16:24.194089+00:00
1039394,referee,3248,"CARRALERO CALVO, ROBERTO",Arbitro asistente,https://www.rffm.es/acta-partido/1039394,2026-08-09T16:16:24.194089+00:00
1039394,field_delegate,,"PARRO PARRO , RAFAEL",delegado_campo,https://www.rffm.es/acta-partido/1039394,2026-08-09T16:16:24.194089+00:00
1039383,referee,719275,"MADROÑAL LORENTE, IVAN",Arbitro principal,https://www.rffm.es/acta-partido/1039383,2026-08-09T16:16:24.199123+00:00
1039383,referee,877479,"FALVY ESKENAZI, JOSE FERNANDO",Arbitro asistente,https://www.rffm.es/acta-partido/1039383,2026-08-09T16:16:24.199123+00:00
1039383,referee,591096,"SANCHEZ LOPEZ, SAMUEL",Arbitro asistente,https://www.rffm.es/acta-partido/1039383,2026-08-09T16:16:24.199123+00:00
1039383,field_delegate,,"PERALVO PEINADO, FLORENCIO",delegado_campo,https://www.rffm.es/acta-partido/1039383,2026-08-09T16:16:24.199123+00:00
1039384,referee,861935,"GARCIA GUERRERO, ALEJANDRO",Arbitro principal,https://www.rffm.es/acta-partido/1039384,2026-08-09T16:16:24.363413+00:00
1039384,referee,1169865,"PEREZ ROSARIO, CRISTIAN",Arbitro asistente,https://www.rffm.es/acta-partido/1039384,2026-08-09T16:16:24.363413+00:00
1039384,referee,721280,"VIALCHO MIRANDA, MIGUEL ANGEL",Arbitro asistente,https://www.rffm.es/acta-partido/1039384,2026-08-09T16:16:24.363413+00:00
1039384,field_delegate,,"GARRIDO GRANDE, VÍCTOR",delegado_campo,https://www.rffm.es/acta-partido/1039384,2026-08-09T16:16:24.363413+00:00
1039387,referee,785202,"PEREZ SANCHEZ, ALEJANDRO",Arbitro principal,https://www.rffm.es/acta-partido/1039387,2026-08-09T16:16:24.378296+00:00
1039387,referee,1169857,"MURCIEGO CABEZAS, MIGUEL",Arbitro asistente,https://www.rffm.es/acta-partido/1039387,2026-08-09T16:16:24.378296+00:00
1039387,referee,1069,"VELASCO ARRIBAS, ANGEL LUIS",Arbitro asistente,https://www.rffm.es/acta-partido/1039387,2026-08-09T16:16:24.378296+00:00
1039387,field_delegate,,"HERRANZ GENEROSO, JESUS",delegado_campo,https://www.rffm.es/acta-partido/1039387,2026-08-09T16:16:24.378296+00:00
1039389,referee,2909,"DE LA IGLESIA DE LA IGLESIA, ALVARO",Arbitro principal,https://www.rffm.es/acta-partido/1039389,2026-08-09T16:16:24.547857+00:00
1039389,referee,909329,"MANZANO GARCIA, JORGE",Arbitro asistente,https://www.rffm.es/acta-partido/1039389,2026-08-09T16:16:24.547857+00:00
1039389,referee,534643,"CASTILLA APARICIO, DIEGO",Arbitro asistente,https://www.rffm.es/acta-partido/1039389,2026-08-09T16:16:24.547857+00:00
1039389,field_delegate,,"FERNANDEZ VILLALTA, FRANCISCO",delegado_campo,https://www.rffm.es/acta-partido/1039389,2026-08-09T16:16:24.547857+00:00
1039390,referee,5109,"FAJARDO FERNANDEZ, HECTOR",Arbitro principal,https://www.rffm.es/acta-partido/1039390,2026-08-09T16:16:24.551871+00:00
1039390,referee,1169865,"PEREZ ROSARIO, CRISTIAN",Arbitro asistente,https://www.rffm.es/acta-partido/1039390,2026-08-09T16:16:24.551871+00:00
1039390,referee,964565,"BELLOSO RIVERO, ABRAHAM",Arbitro asistente,https://www.rffm.es/acta-partido/1039390,2026-08-09T16:16:24.551871+00:00
1039390,field_delegate,,"PIZARRO MORGADO, JOSÉ",delegado_campo,https://www.rffm.es/acta-partido/1039390,2026-08-09T16:16:24.551871+00:00
1039396,referee,4395,"FERRERO MELCHOR, IGNACIO",Arbitro principal,https://www.rffm.es/acta-partido/1039396,2026-08-09T16:16:24.833867+00:00
1039396,referee,1169871,"ROMANILLOS GARCIA, GONZALO",Arbitro asistente,https://www.rffm.es/acta-partido/1039396,2026-08-09T16:16:24.833867+00:00
1039396,referee,986847,"HIDALGO ALEJO, RAFAEL",Arbitro asistente,https://www.rffm.es/acta-partido/1039396,2026-08-09T16:16:24.833867+00:00
1039396,field_delegate,,"SÁNCHEZ POSTIGO, FERNANDO",delegado_campo,https://www.rffm.es/acta-partido/1039396,2026-08-09T16:16:24.833867+00:00
1039393,referee,742609,"PEREZ TORRES, DIEGO",Arbitro principal,https://www.rffm.es/acta-partido/1039393,2026-08-09T16:16:25.200936+00:00
1039393,referee,1169897,"TORRALBA RODRIGUEZ, MANUEL",Arbitro asistente,https://www.rffm.es/acta-partido/1039393,2026-08-09T16:16:25.200936+00:00
1039393,referee,712561,"CALLEJA SANCHEZ, JULIO FRANCISCO",Arbitro asistente,https://www.rffm.es/acta-partido/1039393,2026-08-09T16:16:25.200936+00:00
1039393,field_delegate,,"MARÍN PELAYO , FRANCISCO ANTONIO",delegado_campo,https://www.rffm.es/acta-partido/1039393,2026-08-09T16:16:25.200936+00:00
1039392,referee,3539,"CASTRO MARTIN, FERNANDO",Arbitro principal,https://www.rffm.es/acta-partido/1039392,2026-08-09T16:16:25.209477+00:00
1039392,referee,3812,"FERNANDEZ HURTADO, JOSE LUIS",Arbitro asistente,https://www.rffm.es/acta-partido/1039392,2026-08-09T16:16:25.209477+00:00
1039392,referee,4926,"LAZARO VADILLO, DAVID",Arbitro asistente,https://www.rffm.es/acta-partido/1039392,2026-08-09T16:16:25.209477+00:00
1039392,field_delegate,,"CUÉLLAR DIEZ, GUILLERMO",delegado_campo,https://www.rffm.es/acta-partido/1039392,2026-08-09T16:16:25.209477+00:00
1039395,referee,797831,"BETES CASTRO, ALFREDO",Arbitro principal,https://www.rffm.es/acta-partido/1039395,2026-08-09T16:16:25.233730+00:00
1039395,referee,1169829,"GARCIA CASADO, ALVARO",Arbitro asistente,https://www.rffm.es/acta-partido/1039395,2026-08-09T16:16:25.233730+00:00
1039395,referee,897711,"ALMODOVAR PEREZ, ALEJANDRO DOMINGO",Arbitro asistente,https://www.rffm.es/acta-partido/1039395,2026-08-09T16:16:25.233730+00:00
1039395,field_delegate,,"CARRERO BARRAGAN, ANGEL",delegado_campo,https://www.rffm.es/acta-partido/1039395,2026-08-09T16:16:25.233730+00:00
1039391,referee,645721,"DIAZ RODRIGUEZ, LUIS MIGUEL",Arbitro principal,https://www.rffm.es/acta-partido/1039391,2026-08-09T16:16:25.402729+00:00
1039391,referee,1169838,"JURCA, MIHAI ALEXANDRU",Arbitro asistente,https://www.rffm.es/acta-partido/1039391,2026-08-09T16:16:25.402729+00:00
1039391,referee,4862,"ARANA URRUNAGA, EDDY J.",Arbitro asistente,https://www.rffm.es/acta-partido/1039391,2026-08-09T16:16:25.402729+00:00
1039391,field_delegate,,"LOPEZ FERNANDEZ, MANUEL",delegado_campo,https://www.rffm.es/acta-partido/1039391,2026-08-09T16:16:25.402729+00:00
1039397,referee,4913,"ARRANZ FURONES, LUIS",Arbitro principal,https://www.rffm.es/acta-partido/1039397,2026-08-09T16:16:25.492597+00:00
1039397,referee,1169770,"BELHAJ HARBI, AYMAN",Arbitro asistente,https://www.rffm.es/acta-partido/1039397,2026-08-09T16:16:25.492597+00:00
1039397,referee,797539,"CAÑAS DURAN, JOSE FRANCISCO",Arbitro asistente,https://www.rffm.es/acta-partido/1039397,2026-08-09T16:16:25.492597+00:00
1039397,field_delegate,,"ENRIQUE , ADRIAN",delegado_campo,https://www.rffm.es/acta-partido/1039397,2026-08-09T16:16:25.492597+00:00
1039403,referee,645710,"CASTRO MANQUILLO, SEBASTIAN",Arbitro principal,https://www.rffm.es/acta-partido/1039403,2026-08-09T16:16:25.565888+00:00
1039403,referee,1169838,"JURCA, MIHAI ALEXANDRU",Arbitro asistente,https://www.rffm.es/acta-partido/1039403,2026-08-09T16:16:25.565888+00:00
1039403,referee,878313,"VICENTE JUAREZ, ANGEL",Arbitro asistente,https://www.rffm.es/acta-partido/1039403,2026-08-09T16:16:25.565888+00:00
1039403,field_delegate,,"GORDO GARCÍA, FERNANDO",delegado_campo,https://www.rffm.es/acta-partido/1039403,2026-08-09T16:16:25.565888+00:00
1039402,referee,4901,"RANZ CASTAÑEDA, SAMUEL",Arbitro principal,https://www.rffm.es/acta-partido/1039402,2026-08-09T16:16:25.707645+00:00
1039402,referee,1169800,"FORTUNA GIRON, JULEN",Arbitro asistente,https://www.rffm.es/acta-partido/1039402,2026-08-09T16:16:25.707645+00:00
1039402,referee,909095,"BLANCO RIVERA, DANIEL",Arbitro asistente,https://www.rffm.es/acta-partido/1039402,2026-08-09T16:16:25.707645+00:00
1039402,field_delegate,,"CAMARA GONZALEZ, JUAN JOSE",delegado_campo,https://www.rffm.es/acta-partido/1039402,2026-08-09T16:16:25.707645+00:00
1039404,referee,578072,"BORDONS ROMERO, IGNACIO",Arbitro principal,https://www.rffm.es/acta-partido/1039404,2026-08-09T16:16:26.117088+00:00
1039404,referee,1169885,"SANTILLAN VELA, FREDDY",Arbitro asistente,https://www.rffm.es/acta-partido/1039404,2026-08-09T16:16:26.117088+00:00
1039404,referee,1185339,"ALONSO PAREDES, MANUEL ALEJANDRO",Arbitro asistente,https://www.rffm.es/acta-partido/1039404,2026-08-09T16:16:26.117088+00:00
1039404,field_delegate,,"HERRANZ GENEROSO, JESÚS",delegado_campo,https://www.rffm.es/acta-partido/1039404,2026-08-09T16:16:26.117088+00:00
1039398,referee,712615,"URBINA ESCALONA, ALEJANDRO",Arbitro principal,https://www.rffm.es/acta-partido/1039398,2026-08-09T16:16:26.635677+00:00
1039398,referee,1169850,"MORATO JIMENEZ, RAMON",Arbitro asistente,https://www.rffm.es/acta-partido/1039398,2026-08-09T16:16:26.635677+00:00
1039398,referee,4601,"CANTERO SAHUQUILLO, DANIEL",Arbitro asistente,https://www.rffm.es/acta-partido/1039398,2026-08-09T16:16:26.635677+00:00
1039398,field_delegate,,"NAVAS LOZANO, FERNANDO",delegado_campo,https://www.rffm.es/acta-partido/1039398,2026-08-09T16:16:26.635677+00:00
1039406,referee,591020,"DE GUSTIN PINTO, DAVID",Arbitro principal,https://www.rffm.es/acta-partido/1039406,2026-08-09T16:16:26.657865+00:00
1039406,referee,1169816,"GOMEZ HERRERO, ALEJANDRO",Arbitro asistente,https://www.rffm.es/acta-partido/1039406,2026-08-09T16:16:26.657865+00:00
1039406,referee,534627,"PETIDIER SANTIAGO, EDGAR",Arbitro asistente,https://www.rffm.es/acta-partido/1039406,2026-08-09T16:16:26.657865+00:00
1039406,field_delegate,,"FRANCO DOMINGUEZ, JULIAN AVELINO",delegado_campo,https://www.rffm.es/acta-partido/1039406,2026-08-09T16:16:26.657865+00:00
1039405,referee,718977,"KOURTAM CHEHLAOUI, KHALID",Arbitro principal,https://www.rffm.es/acta-partido/1039405,2026-08-09T16:16:26.867409+00:00
1039405,referee,1169865,"PEREZ ROSARIO, CRISTIAN",Arbitro asistente,https://www.rffm.es/acta-partido/1039405,2026-08-09T16:16:26.867409+00:00
1039405,referee,2153,"GABASA CORTES, RAMON",Arbitro asistente,https://www.rffm.es/acta-partido/1039405,2026-08-09T16:16:26.867409+00:00
1039405,field_delegate,,"GONZALEZ ALVAREZ, JORGE",delegado_campo,https://www.rffm.es/acta-partido/1039405,2026-08-09T16:16:26.867409+00:00
1039399,referee,636170,"CONDE CLEMENTE, KILIAN",Arbitro principal,https://www.rffm.es/acta-partido/1039399,2026-08-09T16:16:27.043148+00:00
1039399,referee,1169809,"GONZALEZ MENDES, SORAYA",Arbitro asistente,https://www.rffm.es/acta-partido/1039399,2026-08-09T16:16:27.043148+00:00
1039399,referee,822731,"CABERO VALLE, IGNACIO JOSE",Arbitro asistente,https://www.rffm.es/acta-partido/1039399,2026-08-09T16:16:27.043148+00:00
1039399,field_delegate,,"NOTARIO OVEJERO, ANTONIO",delegado_campo,https://www.rffm.es/acta-partido/1039399,2026-08-09T16:16:27.043148+00:00
1039400,referee,591232,"GONZALEZ SEIJAS, JORGE",Arbitro principal,https://www.rffm.es/acta-partido/1039400,2026-08-09T16:16:27.049123+00:00
1039400,referee,1169885,"SANTILLAN VELA, FREDDY",Arbitro asistente,https://www.rffm.es/acta-partido/1039400,2026-08-09T16:16:27.049123+00:00
1039400,referee,665514,"FERNANDEZ DOMINGUEZ, MARCOS",Arbitro asistente,https://www.rffm.es/acta-partido/1039400,2026-08-09T16:16:27.049123+00:00
1039400,field_delegate,,"PERALVO PEINADO, FLORENCIO",delegado_campo,https://www.rffm.es/acta-partido/1039400,2026-08-09T16:16:27.049123+00:00
1039401,referee,4413,"FERNANDEZ MARUGAN, MARIO ALEXIS",Arbitro principal,https://www.rffm.es/acta-partido/1039401,2026-08-09T16:16:27.058754+00:00
1039401,referee,1169631,"GUEVARA RAMIREZ, LUIS HERNAN",Arbitro asistente,https://www.rffm.es/acta-partido/1039401,2026-08-09T16:16:27.058754+00:00
1039401,referee,878174,"MORENO MORALEDA, ISMAEL",Arbitro asistente,https://www.rffm.es/acta-partido/1039401,2026-08-09T16:16:27.058754+00:00
1039409,referee,645067,"MUÑOZ MORENO, JAIME",Arbitro principal,https://www.rffm.es/acta-partido/1039409,2026-08-09T16:16:27.503123+00:00
1039409,referee,945336,"FERNANDEZ FERNANDEZ, DENNIS",Arbitro asistente,https://www.rffm.es/acta-partido/1039409,2026-08-09T16:16:27.503123+00:00
1039409,referee,877940,"CABADO RODRIGUEZ, YAGO",Arbitro asistente,https://www.rffm.es/acta-partido/1039409,2026-08-09T16:16:27.503123+00:00
1039409,field_delegate,,"PIZARRO MORGADO, JOSÉ",delegado_campo,https://www.rffm.es/acta-partido/1039409,2026-08-09T16:16:27.503123+00:00
1039413,referee,2909,"DE LA IGLESIA DE LA IGLESIA, ALVARO",Arbitro principal,https://www.rffm.es/acta-partido/1039413,2026-08-09T16:16:27.593346+00:00
1039413,referee,1169631,"GUEVARA RAMIREZ, LUIS HERNAN",Arbitro asistente,https://www.rffm.es/acta-partido/1039413,2026-08-09T16:16:27.593346+00:00
1039413,referee,822935,"LOPEZ PIÑA, GONZALO",Arbitro asistente,https://www.rffm.es/acta-partido/1039413,2026-08-09T16:16:27.593346+00:00
1039413,field_delegate,,"PARRO PARRO , RAFAEL",delegado_campo,https://www.rffm.es/acta-partido/1039413,2026-08-09T16:16:27.593346+00:00
1039410,referee,718719,"GUIJARRO PANIAGUA, DANIEL",Arbitro principal,https://www.rffm.es/acta-partido/1039410,2026-08-09T16:16:27.780349+00:00
1039410,referee,1169829,"GARCIA CASADO, ALVARO",Arbitro asistente,https://www.rffm.es/acta-partido/1039410,2026-08-09T16:16:27.780349+00:00
1039410,referee,718723,"HUERTA DUQUE, MANUEL",Arbitro asistente,https://www.rffm.es/acta-partido/1039410,2026-08-09T16:16:27.780349+00:00
1039410,field_delegate,,"LOPEZ FERNANDEZ, MANUEL",delegado_campo,https://www.rffm.es/acta-partido/1039410,2026-08-09T16:16:27.780349+00:00
1039411,referee,3773,"TOTH, LORAND ZOLTAN",Arbitro principal,https://www.rffm.es/acta-partido/1039411,2026-08-09T16:16:27.791841+00:00
1039411,referee,967704,"ALVARO NEBREDA, JOSE ANGEL",Arbitro asistente,https://www.rffm.es/acta-partido/1039411,2026-08-09T16:16:27.791841+00:00
1039411,referee,797638,"MASSO GOMEZ, MARTA",Arbitro asistente,https://www.rffm.es/acta-partido/1039411,2026-08-09T16:16:27.791841+00:00
1039411,field_delegate,,"CUÉLLAR DIEZ, GUILLERMO",delegado_campo,https://www.rffm.es/acta-partido/1039411,2026-08-09T16:16:27.791841+00:00
1039408,referee,4302,"AVILES GARCIA, DAVID",Arbitro principal,https://www.rffm.es/acta-partido/1039408,2026-08-09T16:16:27.804338+00:00
1039408,referee,1169774,"CHASI TOMALO, EDISON LUIS",Arbitro asistente,https://www.rffm.es/acta-partido/1039408,2026-08-09T16:16:27.804338+00:00
1039408,referee,534643,"CASTILLA APARICIO, DIEGO",Arbitro asistente,https://www.rffm.es/acta-partido/1039408,2026-08-09T16:16:27.804338+00:00
1039408,field_delegate,,"FERNANDEZ VILLALTA, FRANCISCO",delegado_campo,https://www.rffm.es/acta-partido/1039408,2026-08-09T16:16:27.804338+00:00
1039414,referee,539246,"RODRIGUEZ RECIO, ALVARO",Arbitro principal,https://www.rffm.es/acta-partido/1039414,2026-08-09T16:16:27.839137+00:00
1039414,referee,1169857,"MURCIEGO CABEZAS, MIGUEL",Arbitro asistente,https://www.rffm.es/acta-partido/1039414,2026-08-09T16:16:27.839137+00:00
1039414,referee,878313,"VICENTE JUAREZ, ANGEL",Arbitro asistente,https://www.rffm.es/acta-partido/1039414,2026-08-09T16:16:27.839137+00:00
1039414,field_delegate,,"CARRERO BARRAGAN, ANGEL",delegado_campo,https://www.rffm.es/acta-partido/1039414,2026-08-09T16:16:27.839137+00:00
1039407,referee,797556,"DE LA MATA MARTÍNEZ, RAÚL",Arbitro principal,https://www.rffm.es/acta-partido/1039407,2026-08-09T16:16:28.016433+00:00
1039407,referee,1169871,"ROMANILLOS GARCIA, GONZALO",Arbitro asistente,https://www.rffm.es/acta-partido/1039407,2026-08-09T16:16:28.016433+00:00
1039407,referee,665514,"FERNANDEZ DOMINGUEZ, MARCOS",Arbitro asistente,https://www.rffm.es/acta-partido/1039407,2026-08-09T16:16:28.016433+00:00
1039407,field_delegate,,"NAVAS LOZANO, FERNANDO",delegado_campo,https://www.rffm.es/acta-partido/1039407,2026-08-09T16:16:28.016433+00:00
1039412,referee,1181959,"PIÑEIRO MARCOS, ALEJANDRO",Arbitro principal,https://www.rffm.es/acta-partido/1039412,2026-08-09T16:16:28.096481+00:00
1039412,referee,1169850,"MORATO JIMENEZ, RAMON",Arbitro asistente,https://www.rffm.es/acta-partido/1039412,2026-08-09T16:16:28.096481+00:00
1039412,referee,878107,"GRACIA VALENZUELA, MOISES",Arbitro asistente,https://www.rffm.es/acta-partido/1039412,2026-08-09T16:16:28.096481+00:00
1039412,field_delegate,,"MARÍN PELAYO , FRANCISCO ANTONIO",delegado_campo,https://www.rffm.es/acta-partido/1039412,2026-08-09T16:16:28.096481+00:00
1039419,referee,665595,"PINILLA SERRANO, ADRIAN",Arbitro principal,https://www.rffm.es/acta-partido/1039419,2026-08-09T16:16:28.226663+00:00
1039419,referee,1169838,"JURCA, MIHAI ALEXANDRU",Arbitro asistente,https://www.rffm.es/acta-partido/1039419,2026-08-09T16:16:28.226663+00:00
1039419,referee,712561,"CALLEJA SANCHEZ, JULIO FRANCISCO",Arbitro asistente,https://www.rffm.es/acta-partido/1039419,2026-08-09T16:16:28.226663+00:00
1039419,field_delegate,,"CAMARA GONZALEZ, JUAN JOSE",delegado_campo,https://www.rffm.es/acta-partido/1039419,2026-08-09T16:16:28.226663+00:00
1039415,referee,645494,"FERNANDEZ MOLINERO, SERGIO",Arbitro principal,https://www.rffm.es/acta-partido/1039415,2026-08-09T16:16:28.619650+00:00
1039415,referee,1169888,"SEGOVIA SAN BENITO, CARLOS",Arbitro asistente,https://www.rffm.es/acta-partido/1039415,2026-08-09T16:16:28.619650+00:00
1039415,referee,3895,"BOR, TAMAS",Arbitro asistente,https://www.rffm.es/acta-partido/1039415,2026-08-09T16:16:28.619650+00:00
1039415,field_delegate,,"ENRIQUE , ADRIAN",delegado_campo,https://www.rffm.es/acta-partido/1039415,2026-08-09T16:16:28.619650+00:00
1039420,referee,3539,"CASTRO MARTIN, FERNANDO",Arbitro principal,https://www.rffm.es/acta-partido/1039420,2026-08-09T16:16:28.985168+00:00
1039420,referee,3812,"FERNANDEZ HURTADO, JOSE LUIS",Arbitro asistente,https://www.rffm.es/acta-partido/1039420,2026-08-09T16:16:28.985168+00:00
1039420,referee,536311,"DELGADO BENÍTEZ, RAÚL",Arbitro asistente,https://www.rffm.es/acta-partido/1039420,2026-08-09T16:16:28.985168+00:00
1039420,field_delegate,,"GORDO GARCÍA, FERNANDO",delegado_campo,https://www.rffm.es/acta-partido/1039420,2026-08-09T16:16:28.985168+00:00
1039421,referee,1050822,"CHAVARRIA GIL, JESUS",Arbitro principal,https://www.rffm.es/acta-partido/1039421,2026-08-09T16:16:28.997121+00:00
1039421,referee,1169777,"DONATO MORALES, ALEJANDRO",Arbitro asistente,https://www.rffm.es/acta-partido/1039421,2026-08-09T16:16:28.997121+00:00
1039421,referee,5161,"LOPEZ JIMENEZ, FERNANDO",Arbitro asistente,https://www.rffm.es/acta-partido/1039421,2026-08-09T16:16:28.997121+00:00
1039421,field_delegate,,"HERRANZ GENEROSO, JESÚS",delegado_campo,https://www.rffm.es/acta-partido/1039421,2026-08-09T16:16:28.997121+00:00
1039423,referee,645710,"CASTRO MANQUILLO, SEBASTIAN",Arbitro principal,https://www.rffm.es/acta-partido/1039423,2026-08-09T16:16:29.028490+00:00
1039423,referee,1169795,"FERNANDEZ MORENO, ALEJANDRO",Arbitro asistente,https://www.rffm.es/acta-partido/1039423,2026-08-09T16:16:29.028490+00:00
1039423,referee,877935,"BUSTOS PEREIRA, ENRIQUE",Arbitro asistente,https://www.rffm.es/acta-partido/1039423,2026-08-09T16:16:29.028490+00:00
1039423,field_delegate,,"FRANCO DOMINGUEZ, JUAN AVELINO",delegado_campo,https://www.rffm.es/acta-partido/1039423,2026-08-09T16:16:29.028490+00:00
1039422,referee,645721,"DIAZ RODRIGUEZ, LUIS MIGUEL",Arbitro principal,https://www.rffm.es/acta-partido/1039422,2026-08-09T16:16:29.126808+00:00
1039422,referee,1169846,"LUMBRERAS RODRIGUEZ, IRENE",Arbitro asistente,https://www.rffm.es/acta-partido/1039422,2026-08-09T16:16:29.126808+00:00
1039422,referee,742557,"IGLESIAS SZENDEFY, MARK",Arbitro asistente,https://www.rffm.es/acta-partido/1039422,2026-08-09T16:16:29.126808+00:00
1039422,field_delegate,,"LOPEZ LORENZO, JOSE",delegado_campo,https://www.rffm.es/acta-partido/1039422,2026-08-09T16:16:29.126808+00:00
1039416,referee,4793,"BENITO MARTINEZ, SERGIO",Arbitro principal,https://www.rffm.es/acta-partido/1039416,2026-08-09T16:16:29.278303+00:00
1039416,referee,1169774,"CHASI TOMALO, EDISON LUIS",Arbitro asistente,https://www.rffm.es/acta-partido/1039416,2026-08-09T16:16:29.278303+00:00
1039416,referee,4812,"VALDEPEÑAS CHAO, MARCOS",Arbitro asistente,https://www.rffm.es/acta-partido/1039416,2026-08-09T16:16:29.278303+00:00
1039416,field_delegate,,"NOTARIO OVEJERO, ANTONIO",delegado_campo,https://www.rffm.es/acta-partido/1039416,2026-08-09T16:16:29.278303+00:00
1039417,referee,4395,"FERRERO MELCHOR, IGNACIO",Arbitro principal,https://www.rffm.es/acta-partido/1039417,2026-08-09T16:16:29.343210+00:00
1039417,referee,1169871,"ROMANILLOS GARCIA, GONZALO",Arbitro asistente,https://www.rffm.es/acta-partido/1039417,2026-08-09T16:16:29.343210+00:00
1039417,referee,4546,"BARRADO LACORTE, PEDRO JESUS",Arbitro asistente,https://www.rffm.es/acta-partido/1039417,2026-08-09T16:16:29.343210+00:00
1039417,field_delegate,,"ANDRADE HIDROVO, JOSE VINICIO",delegado_campo,https://www.rffm.es/acta-partido/1039417,2026-08-09T16:16:29.343210+00:00
1039418,referee,718977,"KOURTAM CHEHLAOUI, KHALID",Arbitro principal,https://www.rffm.es/acta-partido/1039418,2026-08-09T16:16:29.491172+00:00
1039418,referee,1169770,"BELHAJ HARBI, AYMAN",Arbitro asistente,https://www.rffm.es/acta-partido/1039418,2026-08-09T16:16:29.491172+00:00
1039418,referee,4926,"LAZARO VADILLO, DAVID",Arbitro asistente,https://www.rffm.es/acta-partido/1039418,2026-08-09T16:16:29.491172+00:00
1039418,field_delegate,,"GARRIDO GRANDE, VÍCTOR",delegado_campo,https://www.rffm.es/acta-partido/1039418,2026-08-09T16:16:29.491172+00:00
1039424,referee,4413,"FERNANDEZ MARUGAN, MARIO ALEXIS",Arbitro principal,https://www.rffm.es/acta-partido/1039424,2026-08-09T16:16:30.274716+00:00
1039424,referee,1169631,"GUEVARA RAMIREZ, LUIS HERNAN",Arbitro asistente,https://www.rffm.es/acta-partido/1039424,2026-08-09T16:16:30.274716+00:00
1039424,referee,5161,"LOPEZ JIMENEZ, FERNANDO",Arbitro asistente,https://www.rffm.es/acta-partido/1039424,2026-08-09T16:16:30.274716+00:00
1039424,field_delegate,,"SÁNCHEZ POSTIGO, FERNANDO",delegado_campo,https://www.rffm.es/acta-partido/1039424,2026-08-09T16:16:30.274716+00:00
1039432,referee,2591,"CALVO GONZALEZ, JAVIER",Arbitro principal,https://www.rffm.es/acta-partido/1039432,2026-08-09T16:16:30.280406+00:00
1039432,referee,3812,"FERNANDEZ HURTADO, JOSE LUIS",Arbitro asistente,https://www.rffm.es/acta-partido/1039432,2026-08-09T16:16:30.280406+00:00
1039432,referee,909095,"BLANCO RIVERA, DANIEL",Arbitro asistente,https://www.rffm.es/acta-partido/1039432,2026-08-09T16:16:30.280406+00:00
1039432,field_delegate,,"PARRO PARRO , RAFAEL",delegado_campo,https://www.rffm.es/acta-partido/1039432,2026-08-09T16:16:30.280406+00:00
1039430,referee,4526,"GARCIA GUTIERREZ, DAVID",Arbitro principal,https://www.rffm.es/acta-partido/1039430,2026-08-09T16:16:30.561615+00:00
1039430,referee,722634,"SEGOVIA SAN BENITO, CARLOS",Arbitro asistente,https://www.rffm.es/acta-partido/1039430,2026-08-09T16:16:30.561615+00:00
1039430,referee,4812,"VALDEPEÑAS CHAO, MARCOS",Arbitro asistente,https://www.rffm.es/acta-partido/1039430,2026-08-09T16:16:30.561615+00:00
1039430,field_delegate,,"CUÉLLAR DIEZ, GUILLERMO",delegado_campo,https://www.rffm.es/acta-partido/1039430,2026-08-09T16:16:30.561615+00:00
1039433,referee,222,"ROMERO SAEZ, EDUARDO",Arbitro principal,https://www.rffm.es/acta-partido/1039433,2026-08-09T16:16:30.600178+00:00
1039433,referee,1169631,"GUEVARA RAMIREZ, LUIS HERNAN",Arbitro asistente,https://www.rffm.es/acta-partido/1039433,2026-08-09T16:16:30.600178+00:00
1039433,referee,797628,"JIMENEZ GONZALEZ, JAIME",Arbitro asistente,https://www.rffm.es/acta-partido/1039433,2026-08-09T16:16:30.600178+00:00
1039433,field_delegate,,"GARROSA ENRIQUE, ADRIAN",delegado_campo,https://www.rffm.es/acta-partido/1039433,2026-08-09T16:16:30.600178+00:00
1039427,referee,719275,"MADROÑAL LORENTE, IVAN",Arbitro principal,https://www.rffm.es/acta-partido/1039427,2026-08-09T16:16:30.714193+00:00
1039427,referee,967704,"ALVARO NEBREDA, JOSE ANGEL",Arbitro asistente,https://www.rffm.es/acta-partido/1039427,2026-08-09T16:16:30.714193+00:00
1039427,referee,973968,"ESPINOSA SEDANO, JORGE",Arbitro asistente,https://www.rffm.es/acta-partido/1039427,2026-08-09T16:16:30.714193+00:00
1039427,field_delegate,,"FERNANDEZ VILLALTA, FRANCISCO",delegado_campo,https://www.rffm.es/acta-partido/1039427,2026-08-09T16:16:30.714193+00:00
1039428,referee,3535,"ACERO LLAMAS, GUILLERMO",Arbitro principal,https://www.rffm.es/acta-partido/1039428,2026-08-09T16:16:30.769696+00:00
1039428,referee,1169774,"CHASI TOMALO, EDISON LUIS",Arbitro asistente,https://www.rffm.es/acta-partido/1039428,2026-08-09T16:16:30.769696+00:00
1039428,referee,718723,"HUERTA DUQUE, MANUEL",Arbitro asistente,https://www.rffm.es/acta-partido/1039428,2026-08-09T16:16:30.769696+00:00
1039428,field_delegate,,"PIZARRO MORGADO, JOSÉ",delegado_campo,https://www.rffm.es/acta-partido/1039428,2026-08-09T16:16:30.769696+00:00
1039425,referee,645067,"MUÑOZ MORENO, JAIME",Arbitro principal,https://www.rffm.es/acta-partido/1039425,2026-08-09T16:16:30.774852+00:00
1039425,referee,945336,"FERNANDEZ FERNANDEZ, DENNIS",Arbitro asistente,https://www.rffm.es/acta-partido/1039425,2026-08-09T16:16:30.774852+00:00
1039425,referee,5069,"GONZALEZ CALVO, EDUARDO",Arbitro asistente,https://www.rffm.es/acta-partido/1039425,2026-08-09T16:16:30.774852+00:00
1039425,field_delegate,,"NOTARIO OVEJERO, ANTONIO",delegado_campo,https://www.rffm.es/acta-partido/1039425,2026-08-09T16:16:30.774852+00:00
1039426,referee,2755,"MONRABAL CASTAÑO, JOSE",Arbitro principal,https://www.rffm.es/acta-partido/1039426,2026-08-09T16:16:31.113364+00:00
1039426,referee,1169900,"VALLE DOMINGO, ANTONIO",Arbitro asistente,https://www.rffm.es/acta-partido/1039426,2026-08-09T16:16:31.113364+00:00
1039426,referee,878313,"VICENTE JUAREZ, ANGEL",Arbitro asistente,https://www.rffm.es/acta-partido/1039426,2026-08-09T16:16:31.113364+00:00
1039426,field_delegate,,"NAVAS LOZANO, FERNANDO",delegado_campo,https://www.rffm.es/acta-partido/1039426,2026-08-09T16:16:31.113364+00:00
1039429,referee,712615,"URBINA ESCALONA, ALEJANDRO",Arbitro principal,https://www.rffm.es/acta-partido/1039429,2026-08-09T16:16:31.218938+00:00
1039429,referee,1169850,"MORATO JIMENEZ, RAMON",Arbitro asistente,https://www.rffm.es/acta-partido/1039429,2026-08-09T16:16:31.218938+00:00
1039429,referee,813607,"FERNANDEZ ALCOBENDAS, OSCAR",Arbitro asistente,https://www.rffm.es/acta-partido/1039429,2026-08-09T16:16:31.218938+00:00
1039429,field_delegate,,"LOPEZ FERNANDEZ, MANUEL",delegado_campo,https://www.rffm.es/acta-partido/1039429,2026-08-09T16:16:31.218938+00:00
1039440,referee,1050822,"CHAVARRIA GIL, JESUS",Arbitro principal,https://www.rffm.es/acta-partido/1039440,2026-08-09T16:16:31.499732+00:00
1039440,referee,1169795,"FERNANDEZ MORENO, ALEJANDRO",Arbitro asistente,https://www.rffm.es/acta-partido/1039440,2026-08-09T16:16:31.499732+00:00
1039440,referee,534643,"CASTILLA APARICIO, DIEGO",Arbitro asistente,https://www.rffm.es/acta-partido/1039440,2026-08-09T16:16:31.499732+00:00
1039440,field_delegate,,"FRANCO DOMINGUEZ, JUAN AVELINO",delegado_campo,https://www.rffm.es/acta-partido/1039440,2026-08-09T16:16:31.499732+00:00
1039431,referee,2085,"CARRALERO CALVO, MANUEL",Arbitro principal,https://www.rffm.es/acta-partido/1039431,2026-08-09T16:16:31.531815+00:00
1039431,referee,1169766,"ABAJO FERNANDEZ, JORGE",Arbitro asistente,https://www.rffm.es/acta-partido/1039431,2026-08-09T16:16:31.531815+00:00
1039431,referee,591096,"SANCHEZ LOPEZ, SAMUEL",Arbitro asistente,https://www.rffm.es/acta-partido/1039431,2026-08-09T16:16:31.531815+00:00
1039431,field_delegate,,"MARÍN PELAYO , FRANCISCO ANTONIO",delegado_campo,https://www.rffm.es/acta-partido/1039431,2026-08-09T16:16:31.531815+00:00
1039442,referee,536786,"DIAZ CARRASCO, DIEGO",Arbitro principal,https://www.rffm.es/acta-partido/1039442,2026-08-09T16:16:31.536295+00:00
1039442,referee,1169770,"BELHAJ HARBI, AYMAN",Arbitro asistente,https://www.rffm.es/acta-partido/1039442,2026-08-09T16:16:31.536295+00:00
1039442,referee,4546,"BARRADO LACORTE, PEDRO JESUS",Arbitro asistente,https://www.rffm.es/acta-partido/1039442,2026-08-09T16:16:31.536295+00:00
1039442,field_delegate,,"CARRERO BARRAGAN, ANGEL",delegado_campo,https://www.rffm.es/acta-partido/1039442,2026-08-09T16:16:31.536295+00:00
1039437,referee,1181959,"PIÑEIRO MARCOS, ALEJANDRO",Arbitro principal,https://www.rffm.es/acta-partido/1039437,2026-08-09T16:16:31.836290+00:00
1039437,referee,1169816,"GOMEZ HERRERO, ALEJANDRO",Arbitro asistente,https://www.rffm.es/acta-partido/1039437,2026-08-09T16:16:31.836290+00:00
1039437,referee,591096,"SANCHEZ LOPEZ, SAMUEL",Arbitro asistente,https://www.rffm.es/acta-partido/1039437,2026-08-09T16:16:31.836290+00:00
1039437,field_delegate,,"GORDO GARCÍA, FERNANDO",delegado_campo,https://www.rffm.es/acta-partido/1039437,2026-08-09T16:16:31.836290+00:00
1039436,referee,578072,"BORDONS ROMERO, IGNACIO",Arbitro principal,https://www.rffm.es/acta-partido/1039436,2026-08-09T16:16:31.959213+00:00
1039436,referee,1169846,"LUMBRERAS RODRIGUEZ, IRENE",Arbitro asistente,https://www.rffm.es/acta-partido/1039436,2026-08-09T16:16:31.959213+00:00
1039436,referee,822731,"CABERO VALLE, IGNACIO JOSE",Arbitro asistente,https://www.rffm.es/acta-partido/1039436,2026-08-09T16:16:31.959213+00:00
1039436,field_delegate,,"CAMARA GONZALEZ, JUAN JOSE",delegado_campo,https://www.rffm.es/acta-partido/1039436,2026-08-09T16:16:31.959213+00:00
1039439,referee,742609,"PEREZ TORRES, DIEGO",Arbitro principal,https://www.rffm.es/acta-partido/1039439,2026-08-09T16:16:32.147394+00:00
1039439,referee,1169854,"MUÑOZ CERRADA, IGNACIO",Arbitro asistente,https://www.rffm.es/acta-partido/1039439,2026-08-09T16:16:32.147394+00:00
1039439,referee,878313,"VICENTE JUAREZ, ANGEL",Arbitro asistente,https://www.rffm.es/acta-partido/1039439,2026-08-09T16:16:32.147394+00:00
1039438,referee,3902,"FEITO RABANAL, DAVID",Arbitro principal,https://www.rffm.es/acta-partido/1039438,2026-08-09T16:16:32.645627+00:00
1039438,referee,3812,"FERNANDEZ HURTADO, JOSE LUIS",Arbitro asistente,https://www.rffm.es/acta-partido/1039438,2026-08-09T16:16:32.645627+00:00
1039438,referee,877467,"CARRASCOSA VÁZQUEZ, CRISTIAN JOSÉ",Arbitro asistente,https://www.rffm.es/acta-partido/1039438,2026-08-09T16:16:32.645627+00:00
1039438,field_delegate,,"HERRANZ GENEROSO, JESÚS",delegado_campo,https://www.rffm.es/acta-partido/1039438,2026-08-09T16:16:32.645627+00:00
1039434,referee,1091,"VALVERDE SANCHEZ, ANGEL LUIS",Arbitro principal,https://www.rffm.es/acta-partido/1039434,2026-08-09T16:16:32.651484+00:00
1039434,referee,1169865,"PEREZ ROSARIO, CRISTIAN",Arbitro asistente,https://www.rffm.es/acta-partido/1039434,2026-08-09T16:16:32.651484+00:00
1039434,referee,3524,"VIDAL TORMO, MARIO",Arbitro asistente,https://www.rffm.es/acta-partido/1039434,2026-08-09T16:16:32.651484+00:00
1039434,field_delegate,,"ANDRADE HIDROVO, JOSE VINICIO",delegado_campo,https://www.rffm.es/acta-partido/1039434,2026-08-09T16:16:32.651484+00:00
1039435,referee,645494,"FERNANDEZ MOLINERO, SERGIO",Arbitro principal,https://www.rffm.es/acta-partido/1039435,2026-08-09T16:16:33.091370+00:00
1039435,referee,1169900,"VALLE DOMINGO, ANTONIO",Arbitro asistente,https://www.rffm.es/acta-partido/1039435,2026-08-09T16:16:33.091370+00:00
1039435,referee,539198,"MADERA HERNANDEZ, DAVID",Arbitro asistente,https://www.rffm.es/acta-partido/1039435,2026-08-09T16:16:33.091370+00:00
1039435,field_delegate,,"RAMOS VAQUERO, OSCAR FELIPE",delegado_campo,https://www.rffm.es/acta-partido/1039435,2026-08-09T16:16:33.091370+00:00
1039441,referee,797831,"BETES CASTRO, ALFREDO",Arbitro principal,https://www.rffm.es/acta-partido/1039441,2026-08-09T16:16:33.138774+00:00
1039441,referee,1169829,"GARCIA CASADO, ALVARO",Arbitro asistente,https://www.rffm.es/acta-partido/1039441,2026-08-09T16:16:33.138774+00:00
1039441,referee,718586,"GOMEZ GUILLEN, PEDRO",Arbitro asistente,https://www.rffm.es/acta-partido/1039441,2026-08-09T16:16:33.138774+00:00
1039446,referee,2591,"CALVO GONZALEZ, JAVIER",Arbitro principal,https://www.rffm.es/acta-partido/1039446,2026-08-09T16:16:33.316587+00:00
1039446,referee,1169631,"GUEVARA RAMIREZ, LUIS HERNAN",Arbitro asistente,https://www.rffm.es/acta-partido/1039446,2026-08-09T16:16:33.316587+00:00
1039446,referee,534643,"CASTILLA APARICIO, DIEGO",Arbitro asistente,https://www.rffm.es/acta-partido/1039446,2026-08-09T16:16:33.316587+00:00
1039446,field_delegate,,"FERNANDEZ VILLALTA, FRANCISCO",delegado_campo,https://www.rffm.es/acta-partido/1039446,2026-08-09T16:16:33.316587+00:00
1039449,referee,4793,"BENITO MARTINEZ, SERGIO",Arbitro principal,https://www.rffm.es/acta-partido/1039449,2026-08-09T16:16:33.438070+00:00
1039449,referee,1169795,"FERNANDEZ MORENO, ALEJANDRO",Arbitro asistente,https://www.rffm.es/acta-partido/1039449,2026-08-09T16:16:33.438070+00:00
1039449,referee,712561,"CALLEJA SANCHEZ, JULIO FRANCISCO",Arbitro asistente,https://www.rffm.es/acta-partido/1039449,2026-08-09T16:16:33.438070+00:00
1039449,field_delegate,,"CUÉLLAR DIEZ, GUILLERMO",delegado_campo,https://www.rffm.es/acta-partido/1039449,2026-08-09T16:16:33.438070+00:00
1039447,referee,4320,"COCIÑA MARTINEZ, CARLOS",Arbitro principal,https://www.rffm.es/acta-partido/1039447,2026-08-09T16:16:33.467373+00:00
1039447,referee,1169816,"GOMEZ HERRERO, ALEJANDRO",Arbitro asistente,https://www.rffm.es/acta-partido/1039447,2026-08-09T16:16:33.467373+00:00
1039447,referee,973968,"ESPINOSA SEDANO, JORGE",Arbitro asistente,https://www.rffm.es/acta-partido/1039447,2026-08-09T16:16:33.467373+00:00
1039447,field_delegate,,"PIZARRO MORGADO, JOSÉ",delegado_campo,https://www.rffm.es/acta-partido/1039447,2026-08-09T16:16:33.467373+00:00
1039444,referee,645710,"CASTRO MANQUILLO, SEBASTIAN",Arbitro principal,https://www.rffm.es/acta-partido/1039444,2026-08-09T16:16:33.471659+00:00
1039444,referee,1169809,"GONZALEZ MENDES, SORAYA",Arbitro asistente,https://www.rffm.es/acta-partido/1039444,2026-08-09T16:16:33.471659+00:00
1039444,referee,909095,"BLANCO RIVERA, DANIEL",Arbitro asistente,https://www.rffm.es/acta-partido/1039444,2026-08-09T16:16:33.471659+00:00
1039444,field_delegate,,"NOTARIO OVEJERO, ANTONIO",delegado_campo,https://www.rffm.es/acta-partido/1039444,2026-08-09T16:16:33.471659+00:00
1039445,referee,592583,"MARTINEZ MANSILLA, MIGUEL",Arbitro principal,https://www.rffm.es/acta-partido/1039445,2026-08-09T16:16:33.666705+00:00
1039445,referee,1169900,"VALLE DOMINGO, ANTONIO",Arbitro asistente,https://www.rffm.es/acta-partido/1039445,2026-08-09T16:16:33.666705+00:00
1039445,referee,722273,"SANCHEZ MORAGA, CRISTIAN",Arbitro asistente,https://www.rffm.es/acta-partido/1039445,2026-08-09T16:16:33.666705+00:00
1039445,field_delegate,,"NAVAS LOZANO, FERNANDO",delegado_campo,https://www.rffm.es/acta-partido/1039445,2026-08-09T16:16:33.666705+00:00
1039450,referee,3539,"CASTRO MARTIN, FERNANDO",Arbitro principal,https://www.rffm.es/acta-partido/1039450,2026-08-09T16:16:34.005837+00:00
1039450,referee,3812,"FERNANDEZ HURTADO, JOSE LUIS",Arbitro asistente,https://www.rffm.es/acta-partido/1039450,2026-08-09T16:16:34.005837+00:00
1039450,referee,4862,"ARANA URRUNAGA, EDDY J.",Arbitro asistente,https://www.rffm.es/acta-partido/1039450,2026-08-09T16:16:34.005837+00:00
1039450,field_delegate,,"MARÍN PELAYO , FRANCISCO ANTONIO",delegado_campo,https://www.rffm.es/acta-partido/1039450,2026-08-09T16:16:34.005837+00:00
1039443,referee,3914,"IBAÑEZ GUTIERREZ, ANGEL",Arbitro principal,https://www.rffm.es/acta-partido/1039443,2026-08-09T16:16:34.015481+00:00
1039443,referee,967704,"ALVARO NEBREDA, JOSE ANGEL",Arbitro asistente,https://www.rffm.es/acta-partido/1039443,2026-08-09T16:16:34.015481+00:00
1039443,referee,742557,"IGLESIAS SZENDEFY, MARK",Arbitro asistente,https://www.rffm.es/acta-partido/1039443,2026-08-09T16:16:34.015481+00:00
1039443,field_delegate,,"PERALBO PEINADO, FLORENCIO",delegado_campo,https://www.rffm.es/acta-partido/1039443,2026-08-09T16:16:34.015481+00:00
1039451,referee,3682,"GONZALEZ GUISADO, SERGIO",Arbitro principal,https://www.rffm.es/acta-partido/1039451,2026-08-09T16:16:34.027214+00:00
1039451,referee,1169897,"TORRALBA RODRIGUEZ, MANUEL",Arbitro asistente,https://www.rffm.es/acta-partido/1039451,2026-08-09T16:16:34.027214+00:00
1039451,referee,986847,"HIDALGO ALEJO, RAFAEL",Arbitro asistente,https://www.rffm.es/acta-partido/1039451,2026-08-09T16:16:34.027214+00:00
1039451,field_delegate,,"SANCHEZ VICENTE, MIGUEL",delegado_campo,https://www.rffm.es/acta-partido/1039451,2026-08-09T16:16:34.027214+00:00
1039448,referee,4395,"FERRERO MELCHOR, IGNACIO",Arbitro principal,https://www.rffm.es/acta-partido/1039448,2026-08-09T16:16:34.029932+00:00
1039448,referee,1169871,"ROMANILLOS GARCIA, GONZALO",Arbitro asistente,https://www.rffm.es/acta-partido/1039448,2026-08-09T16:16:34.029932+00:00
1039448,referee,665514,"FERNANDEZ DOMINGUEZ, MARCOS",Arbitro asistente,https://www.rffm.es/acta-partido/1039448,2026-08-09T16:16:34.029932+00:00
1039448,field_delegate,,"LOPEZ FERNANDEZ, MANUEL",delegado_campo,https://www.rffm.es/acta-partido/1039448,2026-08-09T16:16:34.029932+00:00
1039456,referee,4112,"RUBIO PINO, CESAR",Arbitro principal,https://www.rffm.es/acta-partido/1039456,2026-08-09T16:16:34.282408+00:00
1039456,referee,1169900,"VALLE DOMINGO, ANTONIO",Arbitro asistente,https://www.rffm.es/acta-partido/1039456,2026-08-09T16:16:34.282408+00:00
1039456,referee,909095,"BLANCO RIVERA, DANIEL",Arbitro asistente,https://www.rffm.es/acta-partido/1039456,2026-08-09T16:16:34.282408+00:00
1039456,field_delegate,,"LOPEZ LORENZO, JOSE",delegado_campo,https://www.rffm.es/acta-partido/1039456,2026-08-09T16:16:34.282408+00:00
1039457,referee,4940,"SANCHEZ CORTEZ, JORGE ALFREDO",Arbitro principal,https://www.rffm.es/acta-partido/1039457,2026-08-09T16:16:34.308312+00:00
1039457,referee,1169795,"FERNANDEZ MORENO, ALEJANDRO",Arbitro asistente,https://www.rffm.es/acta-partido/1039457,2026-08-09T16:16:34.308312+00:00
1039457,referee,4812,"VALDEPEÑAS CHAO, MARCOS",Arbitro asistente,https://www.rffm.es/acta-partido/1039457,2026-08-09T16:16:34.308312+00:00
1039457,field_delegate,,"FRANCO DOMINGUEZ, JUAN AVELINO",delegado_campo,https://www.rffm.es/acta-partido/1039457,2026-08-09T16:16:34.308312+00:00
1039460,referee,591116,"TORRALBA CASTAÑEDA, PABLO",Arbitro principal,https://www.rffm.es/acta-partido/1039460,2026-08-09T16:16:34.359554+00:00
1039460,referee,1169900,"VALLE DOMINGO, ANTONIO",Arbitro asistente,https://www.rffm.es/acta-partido/1039460,2026-08-09T16:16:34.359554+00:00
1039460,referee,897711,"ALMODOVAR PEREZ, ALEJANDRO DOMINGO",Arbitro asistente,https://www.rffm.es/acta-partido/1039460,2026-08-09T16:16:34.359554+00:00
1039460,field_delegate,,"PARRO PARRO , RAFAEL",delegado_campo,https://www.rffm.es/acta-partido/1039460,2026-08-09T16:16:34.359554+00:00
1039453,referee,4526,"GARCIA GUTIERREZ, DAVID",Arbitro principal,https://www.rffm.es/acta-partido/1039453,2026-08-09T16:16:34.853902+00:00
1039453,referee,1169888,"SEGOVIA SAN BENITO, CARLOS",Arbitro asistente,https://www.rffm.es/acta-partido/1039453,2026-08-09T16:16:34.853902+00:00
1039453,referee,877935,"BUSTOS PEREIRA, ENRIQUE",Arbitro asistente,https://www.rffm.es/acta-partido/1039453,2026-08-09T16:16:34.853902+00:00
1039453,field_delegate,,"MARTIN CABEZUELO, ALVARO",delegado_campo,https://www.rffm.es/acta-partido/1039453,2026-08-09T16:16:34.853902+00:00
1039454,referee,4413,"FERNANDEZ MARUGAN, MARIO ALEXIS",Arbitro principal,https://www.rffm.es/acta-partido/1039454,2026-08-09T16:16:34.888537+00:00
1039454,referee,1169631,"GUEVARA RAMIREZ, LUIS HERNAN",Arbitro asistente,https://www.rffm.es/acta-partido/1039454,2026-08-09T16:16:34.888537+00:00
1039454,referee,4546,"BARRADO LACORTE, PEDRO JESUS",Arbitro asistente,https://www.rffm.es/acta-partido/1039454,2026-08-09T16:16:34.888537+00:00
1039454,field_delegate,,"GORDO GARCÍA, FERNANDO",delegado_campo,https://www.rffm.es/acta-partido/1039454,2026-08-09T16:16:34.888537+00:00
1039452,referee,2909,"DE LA IGLESIA DE LA IGLESIA, ALVARO",Arbitro principal,https://www.rffm.es/acta-partido/1039452,2026-08-09T16:16:35.265651+00:00
1039452,referee,1169816,"GOMEZ HERRERO, ALEJANDRO",Arbitro asistente,https://www.rffm.es/acta-partido/1039452,2026-08-09T16:16:35.265651+00:00
1039452,referee,797585,"FRAMIÑAN GARCIA, SERGIO",Arbitro asistente,https://www.rffm.es/acta-partido/1039452,2026-08-09T16:16:35.265651+00:00
1039452,field_delegate,,"RAMOS VAQUERO, OSCAR FELIPE",delegado_campo,https://www.rffm.es/acta-partido/1039452,2026-08-09T16:16:35.265651+00:00
1039455,referee,536786,"DIAZ CARRASCO, DIEGO",Arbitro principal,https://www.rffm.es/acta-partido/1039455,2026-08-09T16:16:35.274214+00:00
1039455,referee,1169774,"CHASI TOMALO, EDISON LUIS",Arbitro asistente,https://www.rffm.es/acta-partido/1039455,2026-08-09T16:16:35.274214+00:00
1039455,referee,877467,"CARRASCOSA VÁZQUEZ, CRISTIAN JOSÉ",Arbitro asistente,https://www.rffm.es/acta-partido/1039455,2026-08-09T16:16:35.274214+00:00
1039455,field_delegate,,"HERRANZ GENEROSO, JESÚS",delegado_campo,https://www.rffm.es/acta-partido/1039455,2026-08-09T16:16:35.274214+00:00
1039459,referee,4083,"FUENTES CASTAÑO, AGUSTIN",Arbitro principal,https://www.rffm.es/acta-partido/1039459,2026-08-09T16:16:35.474087+00:00
1039459,referee,1169865,"PEREZ ROSARIO, CRISTIAN",Arbitro asistente,https://www.rffm.es/acta-partido/1039459,2026-08-09T16:16:35.474087+00:00
1039459,referee,822731,"CABERO VALLE, IGNACIO JOSE",Arbitro asistente,https://www.rffm.es/acta-partido/1039459,2026-08-09T16:16:35.474087+00:00
1039459,field_delegate,,"CARRERO BARRAGAN, ANGEL",delegado_campo,https://www.rffm.es/acta-partido/1039459,2026-08-09T16:16:35.474087+00:00
1039465,referee,3539,"CASTRO MARTIN, FERNANDO",Arbitro principal,https://www.rffm.es/acta-partido/1039465,2026-08-09T16:16:35.583495+00:00
1039465,referee,3812,"FERNANDEZ HURTADO, JOSE LUIS",Arbitro asistente,https://www.rffm.es/acta-partido/1039465,2026-08-09T16:16:35.583495+00:00
1039465,referee,636256,"LOPEZ MONTALBAN, DANIEL",Arbitro asistente,https://www.rffm.es/acta-partido/1039465,2026-08-09T16:16:35.583495+00:00
1039465,field_delegate,,"FERNANDEZ VILLALTA, FRANCISCO",delegado_campo,https://www.rffm.es/acta-partido/1039465,2026-08-09T16:16:35.583495+00:00
1039458,referee,645067,"MUÑOZ MORENO, JAIME",Arbitro principal,https://www.rffm.es/acta-partido/1039458,2026-08-09T16:16:35.588243+00:00
1039458,referee,1169829,"GARCIA CASADO, ALVARO",Arbitro asistente,https://www.rffm.es/acta-partido/1039458,2026-08-09T16:16:35.588243+00:00
1039458,referee,877467,"CARRASCOSA VÁZQUEZ, CRISTIAN JOSÉ",Arbitro asistente,https://www.rffm.es/acta-partido/1039458,2026-08-09T16:16:35.588243+00:00
1039458,field_delegate,,"SÁNCHEZ POSTIGO, FERNANDO",delegado_campo,https://www.rffm.es/acta-partido/1039458,2026-08-09T16:16:35.588243+00:00
1039466,referee,578072,"BORDONS ROMERO, IGNACIO",Arbitro principal,https://www.rffm.es/acta-partido/1039466,2026-08-09T16:16:35.628887+00:00
1039466,referee,1169857,"MURCIEGO CABEZAS, MIGUEL",Arbitro asistente,https://www.rffm.es/acta-partido/1039466,2026-08-09T16:16:35.628887+00:00
1039466,referee,591070,"OLIVA RAMOS, ALVARO",Arbitro asistente,https://www.rffm.es/acta-partido/1039466,2026-08-09T16:16:35.628887+00:00
1039466,field_delegate,,"PIZARRO MORGADO, JOSÉ",delegado_campo,https://www.rffm.es/acta-partido/1039466,2026-08-09T16:16:35.628887+00:00
1039468,referee,712615,"URBINA ESCALONA, ALEJANDRO",Arbitro principal,https://www.rffm.es/acta-partido/1039468,2026-08-09T16:16:36.123685+00:00
1039468,referee,1169850,"MORATO JIMENEZ, RAMON",Arbitro asistente,https://www.rffm.es/acta-partido/1039468,2026-08-09T16:16:36.123685+00:00
1039468,referee,534627,"PETIDIER SANTIAGO, EDGAR",Arbitro asistente,https://www.rffm.es/acta-partido/1039468,2026-08-09T16:16:36.123685+00:00
1039468,field_delegate,,"CUÉLLAR DIEZ, GUILLERMO",delegado_campo,https://www.rffm.es/acta-partido/1039468,2026-08-09T16:16:36.123685+00:00
1039467,referee,656463,"MARTINEZ PRIETO, ARTURO",Arbitro principal,https://www.rffm.es/acta-partido/1039467,2026-08-09T16:16:36.444279+00:00
1039467,referee,945336,"FERNANDEZ FERNANDEZ, DENNIS",Arbitro asistente,https://www.rffm.es/acta-partido/1039467,2026-08-09T16:16:36.444279+00:00
1039467,referee,822731,"CABERO VALLE, IGNACIO JOSE",Arbitro asistente,https://www.rffm.es/acta-partido/1039467,2026-08-09T16:16:36.444279+00:00
1039467,field_delegate,,"LOPEZ FERNANDEZ, MANUEL",delegado_campo,https://www.rffm.es/acta-partido/1039467,2026-08-09T16:16:36.444279+00:00
1039463,referee,4320,"COCIÑA MARTINEZ, CARLOS",Arbitro principal,https://www.rffm.es/acta-partido/1039463,2026-08-09T16:16:36.611165+00:00
1039463,referee,1169816,"GOMEZ HERRERO, ALEJANDRO",Arbitro asistente,https://www.rffm.es/acta-partido/1039463,2026-08-09T16:16:36.611165+00:00
1039463,referee,591084,"RODRIGUEZ GIRALDO, IVAN",Arbitro asistente,https://www.rffm.es/acta-partido/1039463,2026-08-09T16:16:36.611165+00:00
1039463,field_delegate,,"NOTARIO OVEJERO, ANTONIO",delegado_campo,https://www.rffm.es/acta-partido/1039463,2026-08-09T16:16:36.611165+00:00
1039462,referee,742609,"PEREZ TORRES, DIEGO",Arbitro principal,https://www.rffm.es/acta-partido/1039462,2026-08-09T16:16:36.637737+00:00
1039462,referee,1169897,"TORRALBA RODRIGUEZ, MANUEL",Arbitro asistente,https://www.rffm.es/acta-partido/1039462,2026-08-09T16:16:36.637737+00:00
1039462,referee,4862,"ARANA URRUNAGA, EDDY J.",Arbitro asistente,https://www.rffm.es/acta-partido/1039462,2026-08-09T16:16:36.637737+00:00
1039462,field_delegate,,"PERALBO PEINADO, FLORENCIO",delegado_campo,https://www.rffm.es/acta-partido/1039462,2026-08-09T16:16:36.637737+00:00
1039469,referee,718719,"GUIJARRO PANIAGUA, DANIEL",Arbitro principal,https://www.rffm.es/acta-partido/1039469,2026-08-09T16:16:36.987238+00:00
1039469,referee,1169829,"GARCIA CASADO, ALVARO",Arbitro asistente,https://www.rffm.es/acta-partido/1039469,2026-08-09T16:16:36.987238+00:00
1039469,referee,645433,"RAMOS GONZALEZ, CARLOS",Arbitro asistente,https://www.rffm.es/acta-partido/1039469,2026-08-09T16:16:36.987238+00:00
1039469,field_delegate,,"SANCHEZ VICENTE, MIGUEL",delegado_campo,https://www.rffm.es/acta-partido/1039469,2026-08-09T16:16:36.987238+00:00
1039471,referee,665595,"PINILLA SERRANO, ADRIAN",Arbitro principal,https://www.rffm.es/acta-partido/1039471,2026-08-09T16:16:37.027484+00:00
1039471,referee,1169838,"JURCA, MIHAI ALEXANDRU",Arbitro asistente,https://www.rffm.es/acta-partido/1039471,2026-08-09T16:16:37.027484+00:00
1039471,referee,878313,"VICENTE JUAREZ, ANGEL",Arbitro asistente,https://www.rffm.es/acta-partido/1039471,2026-08-09T16:16:37.027484+00:00
1039471,field_delegate,,"GORDO GARCÍA, FERNANDO",delegado_campo,https://www.rffm.es/acta-partido/1039471,2026-08-09T16:16:37.027484+00:00
1039477,referee,4112,"RUBIO PINO, CESAR",Arbitro principal,https://www.rffm.es/acta-partido/1039477,2026-08-09T16:16:37.226337+00:00
1039477,referee,1169854,"MUÑOZ CERRADA, IGNACIO",Arbitro asistente,https://www.rffm.es/acta-partido/1039477,2026-08-09T16:16:37.226337+00:00
1039477,referee,3895,"BOR, TAMAS",Arbitro asistente,https://www.rffm.es/acta-partido/1039477,2026-08-09T16:16:37.226337+00:00
1039477,field_delegate,,"PARRO PARRO , RAFAEL",delegado_campo,https://www.rffm.es/acta-partido/1039477,2026-08-09T16:16:37.226337+00:00
1039464,referee,645710,"CASTRO MANQUILLO, SEBASTIAN",Arbitro principal,https://www.rffm.es/acta-partido/1039464,2026-08-09T16:16:37.267353+00:00
1039464,referee,1169838,"JURCA, MIHAI ALEXANDRU",Arbitro asistente,https://www.rffm.es/acta-partido/1039464,2026-08-09T16:16:37.267353+00:00
1039464,referee,897711,"ALMODOVAR PEREZ, ALEJANDRO DOMINGO",Arbitro asistente,https://www.rffm.es/acta-partido/1039464,2026-08-09T16:16:37.267353+00:00
1039464,field_delegate,,"NAVAS LOZANO, FERNANDO",delegado_campo,https://www.rffm.es/acta-partido/1039464,2026-08-09T16:16:37.267353+00:00
1039472,referee,1182046,"BILBAO RODRIGUEZ, JAVIER",Arbitro principal,https://www.rffm.es/acta-partido/1039472,2026-08-09T16:16:37.332873+00:00
1039472,referee,1169777,"DONATO MORALES, ALEJANDRO",Arbitro asistente,https://www.rffm.es/acta-partido/1039472,2026-08-09T16:16:37.332873+00:00
1039472,referee,536790,"ESPINOSA ARANDA, DANIEL",Arbitro asistente,https://www.rffm.es/acta-partido/1039472,2026-08-09T16:16:37.332873+00:00
1039472,field_delegate,,"HERRANZ GENEROSO, JESÚS",delegado_campo,https://www.rffm.es/acta-partido/1039472,2026-08-09T16:16:37.332873+00:00
1039474,referee,2755,"MONRABAL CASTAÑO, JOSE",Arbitro principal,https://www.rffm.es/acta-partido/1039474,2026-08-09T16:16:37.668687+00:00
1039474,referee,1169795,"FERNANDEZ MORENO, ALEJANDRO",Arbitro asistente,https://www.rffm.es/acta-partido/1039474,2026-08-09T16:16:37.668687+00:00
1039474,referee,712561,"CALLEJA SANCHEZ, JULIO FRANCISCO",Arbitro asistente,https://www.rffm.es/acta-partido/1039474,2026-08-09T16:16:37.668687+00:00
1039474,field_delegate,,"ROMAN SANCHEZ, RAMON FRANCISCO",delegado_campo,https://www.rffm.es/acta-partido/1039474,2026-08-09T16:16:37.668687+00:00
1039461,referee,636170,"CONDE CLEMENTE, KILIAN",Arbitro principal,https://www.rffm.es/acta-partido/1039461,2026-08-09T16:16:37.674521+00:00
1039461,referee,1169809,"GONZALEZ MENDES, SORAYA",Arbitro asistente,https://www.rffm.es/acta-partido/1039461,2026-08-09T16:16:37.674521+00:00
1039461,referee,645223,"SANCHEZ JIMENEZ, DAVID",Arbitro asistente,https://www.rffm.es/acta-partido/1039461,2026-08-09T16:16:37.674521+00:00
1039461,field_delegate,,"GARRIDO GRANDE, VÍCTOR",delegado_campo,https://www.rffm.es/acta-partido/1039461,2026-08-09T16:16:37.674521+00:00
1039476,referee,2909,"DE LA IGLESIA DE LA IGLESIA, ALVARO",Arbitro principal,https://www.rffm.es/acta-partido/1039476,2026-08-09T16:16:37.696354+00:00
1039476,referee,1169900,"VALLE DOMINGO, ANTONIO",Arbitro asistente,https://www.rffm.es/acta-partido/1039476,2026-08-09T16:16:37.696354+00:00
1039476,referee,909095,"BLANCO RIVERA, DANIEL",Arbitro asistente,https://www.rffm.es/acta-partido/1039476,2026-08-09T16:16:37.696354+00:00
1039476,field_delegate,,"DE MIGUEL MARTINEZ, JESUS",delegado_campo,https://www.rffm.es/acta-partido/1039476,2026-08-09T16:16:37.696354+00:00
1039485,referee,1182046,"BILBAO RODRIGUEZ, JAVIER",Arbitro principal,https://www.rffm.es/acta-partido/1039485,2026-08-09T16:16:38.173413+00:00
1039485,referee,1169777,"DONATO MORALES, ALEJANDRO",Arbitro asistente,https://www.rffm.es/acta-partido/1039485,2026-08-09T16:16:38.173413+00:00
1039485,referee,897711,"ALMODOVAR PEREZ, ALEJANDRO DOMINGO",Arbitro asistente,https://www.rffm.es/acta-partido/1039485,2026-08-09T16:16:38.173413+00:00
1039485,field_delegate,,"PIZARRO MORGADO, JOSÉ",delegado_campo,https://www.rffm.es/acta-partido/1039485,2026-08-09T16:16:38.173413+00:00
1039470,referee,539246,"RODRIGUEZ RECIO, ALVARO",Arbitro principal,https://www.rffm.es/acta-partido/1039470,2026-08-09T16:16:38.175874+00:00
1039470,referee,1169857,"MURCIEGO CABEZAS, MIGUEL",Arbitro asistente,https://www.rffm.es/acta-partido/1039470,2026-08-09T16:16:38.175874+00:00
1039470,referee,877467,"CARRASCOSA VÁZQUEZ, CRISTIAN JOSÉ",Arbitro asistente,https://www.rffm.es/acta-partido/1039470,2026-08-09T16:16:38.175874+00:00
1039470,field_delegate,,"GARROSA ENRIQUE, ADRIAN",delegado_campo,https://www.rffm.es/acta-partido/1039470,2026-08-09T16:16:38.175874+00:00
1039478,referee,797556,"DE LA MATA MARTÍNEZ, RAÚL",Arbitro principal,https://www.rffm.es/acta-partido/1039478,2026-08-09T16:16:38.217342+00:00
1039478,referee,1169871,"ROMANILLOS GARCIA, GONZALO",Arbitro asistente,https://www.rffm.es/acta-partido/1039478,2026-08-09T16:16:38.217342+00:00
1039478,referee,534643,"CASTILLA APARICIO, DIEGO",Arbitro asistente,https://www.rffm.es/acta-partido/1039478,2026-08-09T16:16:38.217342+00:00
1039478,field_delegate,,"MARÍN PELAYO , FRANCISCO ANTONIO",delegado_campo,https://www.rffm.es/acta-partido/1039478,2026-08-09T16:16:38.217342+00:00
1039473,referee,2591,"CALVO GONZALEZ, JAVIER",Arbitro principal,https://www.rffm.es/acta-partido/1039473,2026-08-09T16:16:38.303524+00:00
1039473,referee,1169850,"MORATO JIMENEZ, RAMON",Arbitro asistente,https://www.rffm.es/acta-partido/1039473,2026-08-09T16:16:38.303524+00:00
1039473,referee,877467,"CARRASCOSA VÁZQUEZ, CRISTIAN JOSÉ",Arbitro asistente,https://www.rffm.es/acta-partido/1039473,2026-08-09T16:16:38.303524+00:00
1039473,field_delegate,,"LOPEZ LORENZO, JOSE",delegado_campo,https://www.rffm.es/acta-partido/1039473,2026-08-09T16:16:38.303524+00:00
1039475,referee,4083,"FUENTES CASTAÑO, AGUSTIN",Arbitro principal,https://www.rffm.es/acta-partido/1039475,2026-08-09T16:16:38.525653+00:00
1039475,referee,716478,"ALMANSA HERAS, SERGIO",Arbitro asistente,https://www.rffm.es/acta-partido/1039475,2026-08-09T16:16:38.525653+00:00
1039475,referee,878313,"VICENTE JUAREZ, ANGEL",Arbitro asistente,https://www.rffm.es/acta-partido/1039475,2026-08-09T16:16:38.525653+00:00
1039475,field_delegate,,"SÁNCHEZ POSTIGO, FERNANDO",delegado_campo,https://www.rffm.es/acta-partido/1039475,2026-08-09T16:16:38.525653+00:00
1039484,referee,4526,"GARCIA GUTIERREZ, DAVID",Arbitro principal,https://www.rffm.es/acta-partido/1039484,2026-08-09T16:16:38.903660+00:00
1039484,referee,1169885,"SANTILLAN VELA, FREDDY",Arbitro asistente,https://www.rffm.es/acta-partido/1039484,2026-08-09T16:16:38.903660+00:00
1039484,referee,712561,"CALLEJA SANCHEZ, JULIO FRANCISCO",Arbitro asistente,https://www.rffm.es/acta-partido/1039484,2026-08-09T16:16:38.903660+00:00
1039484,field_delegate,,"FERNANDEZ VILLALTA, FRANCISCO",delegado_campo,https://www.rffm.es/acta-partido/1039484,2026-08-09T16:16:38.903660+00:00
1039486,referee,4940,"SANCHEZ CORTEZ, JORGE ALFREDO",Arbitro principal,https://www.rffm.es/acta-partido/1039486,2026-08-09T16:16:39.001980+00:00
1039486,referee,1169795,"FERNANDEZ MORENO, ALEJANDRO",Arbitro asistente,https://www.rffm.es/acta-partido/1039486,2026-08-09T16:16:39.001980+00:00
1039486,referee,4546,"BARRADO LACORTE, PEDRO JESUS",Arbitro asistente,https://www.rffm.es/acta-partido/1039486,2026-08-09T16:16:39.001980+00:00
1039486,field_delegate,,"LOPEZ FERNANDEZ, MANUEL",delegado_campo,https://www.rffm.es/acta-partido/1039486,2026-08-09T16:16:39.001980+00:00
1039479,referee,4395,"FERRERO MELCHOR, IGNACIO",Arbitro principal,https://www.rffm.es/acta-partido/1039479,2026-08-09T16:16:39.035277+00:00
1039479,referee,1169871,"ROMANILLOS GARCIA, GONZALO",Arbitro asistente,https://www.rffm.es/acta-partido/1039479,2026-08-09T16:16:39.035277+00:00
1039479,referee,797095,"ALMAZAN MARTINEZ, ANDRES",Arbitro asistente,https://www.rffm.es/acta-partido/1039479,2026-08-09T16:16:39.035277+00:00
1039479,field_delegate,,"CAMARA GONZALEZ, JUAN JOSE",delegado_campo,https://www.rffm.es/acta-partido/1039479,2026-08-09T16:16:39.035277+00:00
1039480,referee,4901,"RANZ CASTAÑEDA, SAMUEL",Arbitro principal,https://www.rffm.es/acta-partido/1039480,2026-08-09T16:16:39.039983+00:00
1039480,referee,1169800,"FORTUNA GIRON, JULEN",Arbitro asistente,https://www.rffm.es/acta-partido/1039480,2026-08-09T16:16:39.039983+00:00
1039480,referee,5119,"LOPEZ CUEVAS, AGUSTIN",Arbitro asistente,https://www.rffm.es/acta-partido/1039480,2026-08-09T16:16:39.039983+00:00
1039480,field_delegate,,"GARRIDO GRANDE, VÍCTOR",delegado_campo,https://www.rffm.es/acta-partido/1039480,2026-08-09T16:16:39.039983+00:00
1039481,referee,4793,"BENITO MARTINEZ, SERGIO",Arbitro principal,https://www.rffm.es/acta-partido/1039481,2026-08-09T16:16:39.214624+00:00
1039481,referee,1169795,"FERNANDEZ MORENO, ALEJANDRO",Arbitro asistente,https://www.rffm.es/acta-partido/1039481,2026-08-09T16:16:39.214624+00:00
1039481,referee,4812,"VALDEPEÑAS CHAO, MARCOS",Arbitro asistente,https://www.rffm.es/acta-partido/1039481,2026-08-09T16:16:39.214624+00:00
1039481,field_delegate,,"PERALBO PEINADO, FLORENCIO",delegado_campo,https://www.rffm.es/acta-partido/1039481,2026-08-09T16:16:39.214624+00:00
1039487,referee,2085,"CARRALERO CALVO, MANUEL",Arbitro principal,https://www.rffm.es/acta-partido/1039487,2026-08-09T16:16:39.442767+00:00
1039487,referee,1169766,"ABAJO FERNANDEZ, JORGE",Arbitro asistente,https://www.rffm.es/acta-partido/1039487,2026-08-09T16:16:39.442767+00:00
1039487,referee,665514,"FERNANDEZ DOMINGUEZ, MARCOS",Arbitro asistente,https://www.rffm.es/acta-partido/1039487,2026-08-09T16:16:39.442767+00:00
1039487,field_delegate,,"CUÉLLAR DIEZ, GUILLERMO",delegado_campo,https://www.rffm.es/acta-partido/1039487,2026-08-09T16:16:39.442767+00:00
1039483,referee,3902,"FEITO RABANAL, DAVID",Arbitro principal,https://www.rffm.es/acta-partido/1039483,2026-08-09T16:16:39.472986+00:00
1039483,referee,1169854,"MUÑOZ CERRADA, IGNACIO",Arbitro asistente,https://www.rffm.es/acta-partido/1039483,2026-08-09T16:16:39.472986+00:00
1039483,referee,771863,"BLANCO GONZALEZ, RUBEN",Arbitro asistente,https://www.rffm.es/acta-partido/1039483,2026-08-09T16:16:39.472986+00:00
1039483,field_delegate,,"NAVAS LOZANO, FERNANDO",delegado_campo,https://www.rffm.es/acta-partido/1039483,2026-08-09T16:16:39.472986+00:00
1039482,referee,591116,"TORRALBA CASTAÑEDA, PABLO",Arbitro principal,https://www.rffm.es/acta-partido/1039482,2026-08-09T16:16:39.477727+00:00
1039482,referee,1169770,"BELHAJ HARBI, AYMAN",Arbitro asistente,https://www.rffm.es/acta-partido/1039482,2026-08-09T16:16:39.477727+00:00
1039482,referee,4862,"ARANA URRUNAGA, EDDY J.",Arbitro asistente,https://www.rffm.es/acta-partido/1039482,2026-08-09T16:16:39.477727+00:00
1039482,field_delegate,,"NOTARIO OVEJERO, ANTONIO",delegado_campo,https://www.rffm.es/acta-partido/1039482,2026-08-09T16:16:39.477727+00:00
1039489,referee,719275,"MADROÑAL LORENTE, IVAN",Arbitro principal,https://www.rffm.es/acta-partido/1039489,2026-08-09T16:16:39.876284+00:00
1039489,referee,1169777,"DONATO MORALES, ALEJANDRO",Arbitro asistente,https://www.rffm.es/acta-partido/1039489,2026-08-09T16:16:39.876284+00:00
1039489,referee,797539,"CAÑAS DURAN, JOSE FRANCISCO",Arbitro asistente,https://www.rffm.es/acta-partido/1039489,2026-08-09T16:16:39.876284+00:00
1039489,field_delegate,,"PIZARRO MORGADO, JOSÉ",delegado_campo,https://www.rffm.es/acta-partido/1039489,2026-08-09T16:16:39.876284+00:00
1039495,referee,3914,"IBAÑEZ GUTIERREZ, ANGEL",Arbitro principal,https://www.rffm.es/acta-partido/1039495,2026-08-09T16:16:40.152654+00:00
1039495,referee,1169885,"SANTILLAN VELA, FREDDY",Arbitro asistente,https://www.rffm.es/acta-partido/1039495,2026-08-09T16:16:40.152654+00:00
1039495,referee,897711,"ALMODOVAR PEREZ, ALEJANDRO DOMINGO",Arbitro asistente,https://www.rffm.es/acta-partido/1039495,2026-08-09T16:16:40.152654+00:00
1039495,field_delegate,,"CAMARA GONZALEZ, JUAN JOSE",delegado_campo,https://www.rffm.es/acta-partido/1039495,2026-08-09T16:16:40.152654+00:00
1039488,referee,645710,"CASTRO MANQUILLO, SEBASTIAN",Arbitro principal,https://www.rffm.es/acta-partido/1039488,2026-08-09T16:16:40.195422+00:00
1039488,referee,1169838,"JURCA, MIHAI ALEXANDRU",Arbitro asistente,https://www.rffm.es/acta-partido/1039488,2026-08-09T16:16:40.195422+00:00
1039488,referee,536748,"ZAMBRANO CASAS, ALVARO",Arbitro asistente,https://www.rffm.es/acta-partido/1039488,2026-08-09T16:16:40.195422+00:00
1039488,field_delegate,,"LOPEZ FERNANDEZ, MANUEL",delegado_campo,https://www.rffm.es/acta-partido/1039488,2026-08-09T16:16:40.195422+00:00
1039490,referee,1050822,"CHAVARRIA GIL, JESUS",Arbitro principal,https://www.rffm.es/acta-partido/1039490,2026-08-09T16:16:40.275160+00:00
1039490,referee,1169770,"BELHAJ HARBI, AYMAN",Arbitro asistente,https://www.rffm.es/acta-partido/1039490,2026-08-09T16:16:40.275160+00:00
1039490,referee,909095,"BLANCO RIVERA, DANIEL",Arbitro asistente,https://www.rffm.es/acta-partido/1039490,2026-08-09T16:16:40.275160+00:00
1039490,field_delegate,,"FERNANDEZ VILLALTA, FRANCISCO",delegado_campo,https://www.rffm.es/acta-partido/1039490,2026-08-09T16:16:40.275160+00:00
1039496,referee,656463,"MARTINEZ PRIETO, ARTURO",Arbitro principal,https://www.rffm.es/acta-partido/1039496,2026-08-09T16:16:40.429092+00:00
1039496,referee,1169854,"MUÑOZ CERRADA, IGNACIO",Arbitro asistente,https://www.rffm.es/acta-partido/1039496,2026-08-09T16:16:40.429092+00:00
1039496,referee,3800,"ALVAREZ SASTRE, SERGIO",Arbitro asistente,https://www.rffm.es/acta-partido/1039496,2026-08-09T16:16:40.429092+00:00
1039496,field_delegate,,"GORDO GARCÍA, FERNANDO",delegado_campo,https://www.rffm.es/acta-partido/1039496,2026-08-09T16:16:40.429092+00:00
1039494,referee,712615,"URBINA ESCALONA, ALEJANDRO",Arbitro principal,https://www.rffm.es/acta-partido/1039494,2026-08-09T16:16:40.698638+00:00
1039494,referee,1169850,"MORATO JIMENEZ, RAMON",Arbitro asistente,https://www.rffm.es/acta-partido/1039494,2026-08-09T16:16:40.698638+00:00
1039494,referee,782848,"ALBILLOS IBAÑEZ, JOSE MARIA",Arbitro asistente,https://www.rffm.es/acta-partido/1039494,2026-08-09T16:16:40.698638+00:00
1039494,field_delegate,,"RAMOS VAQUERO, OSCAR FELIPE",delegado_campo,https://www.rffm.es/acta-partido/1039494,2026-08-09T16:16:40.698638+00:00
1039492,referee,665595,"PINILLA SERRANO, ADRIAN",Arbitro principal,https://www.rffm.es/acta-partido/1039492,2026-08-09T16:16:40.717799+00:00
1039492,referee,1169846,"LUMBRERAS RODRIGUEZ, IRENE",Arbitro asistente,https://www.rffm.es/acta-partido/1039492,2026-08-09T16:16:40.717799+00:00
1039492,referee,822731,"CABERO VALLE, IGNACIO JOSE",Arbitro asistente,https://www.rffm.es/acta-partido/1039492,2026-08-09T16:16:40.717799+00:00
1039492,field_delegate,,"NOTARIO OVEJERO, ANTONIO",delegado_campo,https://www.rffm.es/acta-partido/1039492,2026-08-09T16:16:40.717799+00:00
1039491,referee,742609,"PEREZ TORRES, DIEGO",Arbitro principal,https://www.rffm.es/acta-partido/1039491,2026-08-09T16:16:40.722107+00:00
1039491,referee,1169800,"FORTUNA GIRON, JULEN",Arbitro asistente,https://www.rffm.es/acta-partido/1039491,2026-08-09T16:16:40.722107+00:00
1039491,referee,878313,"VICENTE JUAREZ, ANGEL",Arbitro asistente,https://www.rffm.es/acta-partido/1039491,2026-08-09T16:16:40.722107+00:00
1039491,field_delegate,,"NAVAS LOZANO, FERNANDO",delegado_campo,https://www.rffm.es/acta-partido/1039491,2026-08-09T16:16:40.722107+00:00
1039493,referee,2909,"DE LA IGLESIA DE LA IGLESIA, ALVARO",Arbitro principal,https://www.rffm.es/acta-partido/1039493,2026-08-09T16:16:41.086468+00:00
1039493,referee,967704,"ALVARO NEBREDA, JOSE ANGEL",Arbitro asistente,https://www.rffm.es/acta-partido/1039493,2026-08-09T16:16:41.086468+00:00
1039493,referee,909095,"BLANCO RIVERA, DANIEL",Arbitro asistente,https://www.rffm.es/acta-partido/1039493,2026-08-09T16:16:41.086468+00:00
1039493,field_delegate,,"PERALBO PEINADO, FLORENCIO",delegado_campo,https://www.rffm.es/acta-partido/1039493,2026-08-09T16:16:41.086468+00:00
1039500,referee,539246,"RODRIGUEZ RECIO, ALVARO",Arbitro principal,https://www.rffm.es/acta-partido/1039500,2026-08-09T16:16:41.444320+00:00
1039500,referee,1169857,"MURCIEGO CABEZAS, MIGUEL",Arbitro asistente,https://www.rffm.es/acta-partido/1039500,2026-08-09T16:16:41.444320+00:00
1039500,referee,591096,"SANCHEZ LOPEZ, SAMUEL",Arbitro asistente,https://www.rffm.es/acta-partido/1039500,2026-08-09T16:16:41.444320+00:00
1039500,field_delegate,,"PARRO PARRO , RAFAEL",delegado_campo,https://www.rffm.es/acta-partido/1039500,2026-08-09T16:16:41.444320+00:00
1039503,referee,4913,"ARRANZ FURONES, LUIS",Arbitro principal,https://www.rffm.es/acta-partido/1039503,2026-08-09T16:16:41.694233+00:00
1039503,referee,967704,"ALVARO NEBREDA, JOSE ANGEL",Arbitro asistente,https://www.rffm.es/acta-partido/1039503,2026-08-09T16:16:41.694233+00:00
1039503,referee,712561,"CALLEJA SANCHEZ, JULIO FRANCISCO",Arbitro asistente,https://www.rffm.es/acta-partido/1039503,2026-08-09T16:16:41.694233+00:00
1039503,field_delegate,,"FRANCO DOMINGUEZ, JULIÁN AVELINO",delegado_campo,https://www.rffm.es/acta-partido/1039503,2026-08-09T16:16:41.694233+00:00
1039499,referee,645721,"DIAZ RODRIGUEZ, LUIS MIGUEL",Arbitro principal,https://www.rffm.es/acta-partido/1039499,2026-08-09T16:16:41.919356+00:00
1039499,referee,1169838,"JURCA, MIHAI ALEXANDRU",Arbitro asistente,https://www.rffm.es/acta-partido/1039499,2026-08-09T16:16:41.919356+00:00
1039499,referee,878313,"VICENTE JUAREZ, ANGEL",Arbitro asistente,https://www.rffm.es/acta-partido/1039499,2026-08-09T16:16:41.919356+00:00
1039499,field_delegate,,"MARÍN PELAYO , FRANCISCO ANTONIO",delegado_campo,https://www.rffm.es/acta-partido/1039499,2026-08-09T16:16:41.919356+00:00
1039501,referee,3914,"IBAÑEZ GUTIERREZ, ANGEL",Arbitro principal,https://www.rffm.es/acta-partido/1039501,2026-08-09T16:16:41.923846+00:00
1039501,referee,1169777,"DONATO MORALES, ALEJANDRO",Arbitro asistente,https://www.rffm.es/acta-partido/1039501,2026-08-09T16:16:41.923846+00:00
1039501,referee,2190,"PLAZA GARCIA, SAUL",Arbitro asistente,https://www.rffm.es/acta-partido/1039501,2026-08-09T16:16:41.923846+00:00
1039501,field_delegate,,"DE MIGUEL MARTINEZ, JESUS",delegado_campo,https://www.rffm.es/acta-partido/1039501,2026-08-09T16:16:41.923846+00:00
1039505,referee,591116,"TORRALBA CASTAÑEDA, PABLO",Arbitro principal,https://www.rffm.es/acta-partido/1039505,2026-08-09T16:16:41.989059+00:00
1039505,referee,1169770,"BELHAJ HARBI, AYMAN",Arbitro asistente,https://www.rffm.es/acta-partido/1039505,2026-08-09T16:16:41.989059+00:00
1039505,referee,718727,"IZQUIERDO CANTERO, ALEJANDRO",Arbitro asistente,https://www.rffm.es/acta-partido/1039505,2026-08-09T16:16:41.989059+00:00
1039505,field_delegate,,"HERRANZ GENEROSO, JESÚS",delegado_campo,https://www.rffm.es/acta-partido/1039505,2026-08-09T16:16:41.989059+00:00
1039504,referee,591232,"GONZALEZ SEIJAS, JORGE",Arbitro principal,https://www.rffm.es/acta-partido/1039504,2026-08-09T16:16:42.081388+00:00
1039504,referee,1169885,"SANTILLAN VELA, FREDDY",Arbitro asistente,https://www.rffm.es/acta-partido/1039504,2026-08-09T16:16:42.081388+00:00
1039504,referee,3919,"LOPEZ DEL PRECINTO, DAVID",Arbitro asistente,https://www.rffm.es/acta-partido/1039504,2026-08-09T16:16:42.081388+00:00
1039504,field_delegate,,"LOPEZ LORENZO, JOSE",delegado_campo,https://www.rffm.es/acta-partido/1039504,2026-08-09T16:16:42.081388+00:00
1039498,referee,2755,"MONRABAL CASTAÑO, JOSE",Arbitro principal,https://www.rffm.es/acta-partido/1039498,2026-08-09T16:16:42.137005+00:00
1039498,referee,1238126,"FERNANDEZ FERNANDEZ, DIEGO",Arbitro asistente,https://www.rffm.es/acta-partido/1039498,2026-08-09T16:16:42.137005+00:00
1039498,referee,534643,"CASTILLA APARICIO, DIEGO",Arbitro asistente,https://www.rffm.es/acta-partido/1039498,2026-08-09T16:16:42.137005+00:00
1039498,field_delegate,,"CUÉLLAR DIEZ, GUILLERMO",delegado_campo,https://www.rffm.es/acta-partido/1039498,2026-08-09T16:16:42.137005+00:00
1039497,referee,578072,"BORDONS ROMERO, IGNACIO",Arbitro principal,https://www.rffm.es/acta-partido/1039497,2026-08-09T16:16:42.340127+00:00
1039497,referee,1169829,"GARCIA CASADO, ALVARO",Arbitro asistente,https://www.rffm.es/acta-partido/1039497,2026-08-09T16:16:42.340127+00:00
1039497,referee,742557,"IGLESIAS SZENDEFY, MARK",Arbitro asistente,https://www.rffm.es/acta-partido/1039497,2026-08-09T16:16:42.340127+00:00
1039497,field_delegate,,"GARROSA ENRIQUE, ADRIAN",delegado_campo,https://www.rffm.es/acta-partido/1039497,2026-08-09T16:16:42.340127+00:00
1039508,referee,4526,"GARCIA GUTIERREZ, DAVID",Arbitro principal,https://www.rffm.es/acta-partido/1039508,2026-08-09T16:16:42.761599+00:00
1039508,referee,1169888,"SEGOVIA SAN BENITO, CARLOS",Arbitro asistente,https://www.rffm.es/acta-partido/1039508,2026-08-09T16:16:42.761599+00:00
1039508,referee,2190,"PLAZA GARCIA, SAUL",Arbitro asistente,https://www.rffm.es/acta-partido/1039508,2026-08-09T16:16:42.761599+00:00
1039508,field_delegate,,"NAVAS LOZANO, FERNANDO",delegado_campo,https://www.rffm.es/acta-partido/1039508,2026-08-09T16:16:42.761599+00:00
1039349,referee,4940,"SANCHEZ CORTEZ, JORGE ALFREDO",Arbitro principal,https://www.rffm.es/acta-partido/1039349,2026-08-09T16:16:42.811409+00:00
1039349,referee,1169795,"FERNANDEZ MORENO, ALEJANDRO",Arbitro asistente,https://www.rffm.es/acta-partido/1039349,2026-08-09T16:16:42.811409+00:00
1039349,referee,636256,"LOPEZ MONTALBAN, DANIEL",Arbitro asistente,https://www.rffm.es/acta-partido/1039349,2026-08-09T16:16:42.811409+00:00
1039349,field_delegate,,"LÓPEZ CILLERO, RODRIGO",delegado_campo,https://www.rffm.es/acta-partido/1039349,2026-08-09T16:16:42.811409+00:00
1039512,referee,4793,"BENITO MARTINEZ, SERGIO",Arbitro principal,https://www.rffm.es/acta-partido/1039512,2026-08-09T16:16:42.942071+00:00
1039512,referee,1169774,"CHASI TOMALO, EDISON LUIS",Arbitro asistente,https://www.rffm.es/acta-partido/1039512,2026-08-09T16:16:42.942071+00:00
1039512,referee,536748,"ZAMBRANO CASAS, ALVARO",Arbitro asistente,https://www.rffm.es/acta-partido/1039512,2026-08-09T16:16:42.942071+00:00
1039512,field_delegate,,"CAMARA GONZALEZ, JUAN JOSE",delegado_campo,https://www.rffm.es/acta-partido/1039512,2026-08-09T16:16:42.942071+00:00
1039506,referee,804593,"DE MINGO COLLADOS, VICTOR",Arbitro principal,https://www.rffm.es/acta-partido/1039506,2026-08-09T16:16:43.116542+00:00
1039506,referee,1169850,"MORATO JIMENEZ, RAMON",Arbitro asistente,https://www.rffm.es/acta-partido/1039506,2026-08-09T16:16:43.116542+00:00
1039506,referee,4941,"MUÑOZ GARCIA, MIGUEL ANGEL",Arbitro asistente,https://www.rffm.es/acta-partido/1039506,2026-08-09T16:16:43.116542+00:00
1039506,field_delegate,,"PIZARRO MORGADO, JOSÉ",delegado_campo,https://www.rffm.es/acta-partido/1039506,2026-08-09T16:16:43.116542+00:00
1039513,referee,3902,"FEITO RABANAL, DAVID",Arbitro principal,https://www.rffm.es/acta-partido/1039513,2026-08-09T16:16:43.158118+00:00
1039513,referee,1169846,"LUMBRERAS RODRIGUEZ, IRENE",Arbitro asistente,https://www.rffm.es/acta-partido/1039513,2026-08-09T16:16:43.158118+00:00
1039513,referee,3524,"VIDAL TORMO, MARIO",Arbitro asistente,https://www.rffm.es/acta-partido/1039513,2026-08-09T16:16:43.158118+00:00
1039513,field_delegate,,"GORDO GARCÍA, FERNANDO",delegado_campo,https://www.rffm.es/acta-partido/1039513,2026-08-09T16:16:43.158118+00:00
1039507,referee,636170,"CONDE CLEMENTE, KILIAN",Arbitro principal,https://www.rffm.es/acta-partido/1039507,2026-08-09T16:16:43.240605+00:00
1039507,referee,1169885,"SANTILLAN VELA, FREDDY",Arbitro asistente,https://www.rffm.es/acta-partido/1039507,2026-08-09T16:16:43.240605+00:00
1039507,referee,4812,"VALDEPEÑAS CHAO, MARCOS",Arbitro asistente,https://www.rffm.es/acta-partido/1039507,2026-08-09T16:16:43.240605+00:00
1039507,field_delegate,,"FERNANDEZ VILLALTA, FRANCISCO",delegado_campo,https://www.rffm.es/acta-partido/1039507,2026-08-09T16:16:43.240605+00:00
1039514,referee,1181959,"PIÑEIRO MARCOS, ALEJANDRO",Arbitro principal,https://www.rffm.es/acta-partido/1039514,2026-08-09T16:16:43.292541+00:00
1039514,referee,1169816,"GOMEZ HERRERO, ALEJANDRO",Arbitro asistente,https://www.rffm.es/acta-partido/1039514,2026-08-09T16:16:43.292541+00:00
1039514,referee,5127,"MUÑOZ SANCHEZ, JUAN",Arbitro asistente,https://www.rffm.es/acta-partido/1039514,2026-08-09T16:16:43.292541+00:00
1039514,field_delegate,,"HERRANZ GENEROSO, JESÚS",delegado_campo,https://www.rffm.es/acta-partido/1039514,2026-08-09T16:16:43.292541+00:00
1039509,referee,1091,"VALVERDE SANCHEZ, ANGEL LUIS",Arbitro principal,https://www.rffm.es/acta-partido/1039509,2026-08-09T16:16:43.625661+00:00
1039509,referee,1169829,"GARCIA CASADO, ALVARO",Arbitro asistente,https://www.rffm.es/acta-partido/1039509,2026-08-09T16:16:43.625661+00:00
1039509,referee,718723,"HUERTA DUQUE, MANUEL",Arbitro asistente,https://www.rffm.es/acta-partido/1039509,2026-08-09T16:16:43.625661+00:00
1039509,field_delegate,,"NOTARIO OVEJERO, ANTONIO",delegado_campo,https://www.rffm.es/acta-partido/1039509,2026-08-09T16:16:43.625661+00:00
1039511,referee,3535,"ACERO LLAMAS, GUILLERMO",Arbitro principal,https://www.rffm.es/acta-partido/1039511,2026-08-09T16:16:43.887994+00:00
1039511,referee,716478,"ALMANSA HERAS, SERGIO",Arbitro asistente,https://www.rffm.es/acta-partido/1039511,2026-08-09T16:16:43.887994+00:00
1039511,referee,878174,"MORENO MORALEDA, ISMAEL",Arbitro asistente,https://www.rffm.es/acta-partido/1039511,2026-08-09T16:16:43.887994+00:00
1039511,field_delegate,,"GARRIDO GRANDE, VÍCTOR",delegado_campo,https://www.rffm.es/acta-partido/1039511,2026-08-09T16:16:43.887994+00:00
1039510,referee,4083,"FUENTES CASTAÑO, AGUSTIN",Arbitro principal,https://www.rffm.es/acta-partido/1039510,2026-08-09T16:16:43.963526+00:00
1039510,referee,1169865,"PEREZ ROSARIO, CRISTIAN",Arbitro asistente,https://www.rffm.es/acta-partido/1039510,2026-08-09T16:16:43.963526+00:00
1039510,referee,523234,"ROYO CID, CARLOS",Arbitro asistente,https://www.rffm.es/acta-partido/1039510,2026-08-09T16:16:43.963526+00:00
1039510,field_delegate,,"ANDRADE HIDROVO, JOSE VINICIO",delegado_campo,https://www.rffm.es/acta-partido/1039510,2026-08-09T16:16:43.963526+00:00
1039520,referee,712615,"URBINA ESCALONA, ALEJANDRO",Arbitro principal,https://www.rffm.es/acta-partido/1039520,2026-08-09T16:16:44.030568+00:00
1039520,referee,1169888,"SEGOVIA SAN BENITO, CARLOS",Arbitro asistente,https://www.rffm.es/acta-partido/1039520,2026-08-09T16:16:44.030568+00:00
1039520,referee,878313,"VICENTE JUAREZ, ANGEL",Arbitro asistente,https://www.rffm.es/acta-partido/1039520,2026-08-09T16:16:44.030568+00:00
1039520,field_delegate,,"CARRERO BARRAGAN, ANGEL",delegado_campo,https://www.rffm.es/acta-partido/1039520,2026-08-09T16:16:44.030568+00:00
1039519,referee,645494,"FERNANDEZ MOLINERO, SERGIO",Arbitro principal,https://www.rffm.es/acta-partido/1039519,2026-08-09T16:16:44.223673+00:00
1039519,referee,1169900,"VALLE DOMINGO, ANTONIO",Arbitro asistente,https://www.rffm.es/acta-partido/1039519,2026-08-09T16:16:44.223673+00:00
1039519,referee,3800,"ALVAREZ SASTRE, SERGIO",Arbitro asistente,https://www.rffm.es/acta-partido/1039519,2026-08-09T16:16:44.223673+00:00
1039519,field_delegate,,"MUÑOZ HIJICOS FERNANDEZ, VICTOR DAVID",delegado_campo,https://www.rffm.es/acta-partido/1039519,2026-08-09T16:16:44.223673+00:00
1039515,referee,785202,"PEREZ SANCHEZ, ALEJANDRO",Arbitro principal,https://www.rffm.es/acta-partido/1039515,2026-08-09T16:16:44.383544+00:00
1039515,referee,1169800,"FORTUNA GIRON, JULEN",Arbitro asistente,https://www.rffm.es/acta-partido/1039515,2026-08-09T16:16:44.383544+00:00
1039515,referee,909095,"BLANCO RIVERA, DANIEL",Arbitro asistente,https://www.rffm.es/acta-partido/1039515,2026-08-09T16:16:44.383544+00:00
1039515,field_delegate,,"GARROSA ENRIQUE, ADRIAN",delegado_campo,https://www.rffm.es/acta-partido/1039515,2026-08-09T16:16:44.383544+00:00
1039517,referee,4940,"SANCHEZ CORTEZ, JORGE ALFREDO",Arbitro principal,https://www.rffm.es/acta-partido/1039517,2026-08-09T16:16:44.411252+00:00
1039517,referee,1169795,"FERNANDEZ MORENO, ALEJANDRO",Arbitro asistente,https://www.rffm.es/acta-partido/1039517,2026-08-09T16:16:44.411252+00:00
1039517,referee,534643,"CASTILLA APARICIO, DIEGO",Arbitro asistente,https://www.rffm.es/acta-partido/1039517,2026-08-09T16:16:44.411252+00:00
1039517,field_delegate,,"CUÉLLAR DIEZ, GUILLERMO",delegado_campo,https://www.rffm.es/acta-partido/1039517,2026-08-09T16:16:44.411252+00:00
1039522,referee,4413,"FERNANDEZ MARUGAN, MARIO ALEXIS",Arbitro principal,https://www.rffm.es/acta-partido/1039522,2026-08-09T16:16:44.475551+00:00
1039522,referee,823306,"LANCHAS GONZÁLEZ, DANIEL",Arbitro asistente,https://www.rffm.es/acta-partido/1039522,2026-08-09T16:16:44.475551+00:00
1039522,referee,536408,"GONZALEZ PELAEZ, LUIS",Arbitro asistente,https://www.rffm.es/acta-partido/1039522,2026-08-09T16:16:44.475551+00:00
1039522,field_delegate,,"FRANCO DOMINGUEZ, JUAN AVELINO",delegado_campo,https://www.rffm.es/acta-partido/1039522,2026-08-09T16:16:44.475551+00:00
1039516,referee,2909,"DE LA IGLESIA DE LA IGLESIA, ALVARO",Arbitro principal,https://www.rffm.es/acta-partido/1039516,2026-08-09T16:16:44.859709+00:00
1039516,referee,1169631,"GUEVARA RAMIREZ, LUIS HERNAN",Arbitro asistente,https://www.rffm.es/acta-partido/1039516,2026-08-09T16:16:44.859709+00:00
1039516,referee,665514,"FERNANDEZ DOMINGUEZ, MARCOS",Arbitro asistente,https://www.rffm.es/acta-partido/1039516,2026-08-09T16:16:44.859709+00:00
1039516,field_delegate,,"LOPEZ FERNANDEZ, MANUEL",delegado_campo,https://www.rffm.es/acta-partido/1039516,2026-08-09T16:16:44.859709+00:00
1039529,referee,1182046,"BILBAO RODRIGUEZ, JAVIER",Arbitro principal,https://www.rffm.es/acta-partido/1039529,2026-08-09T16:16:45.457189+00:00
1039529,referee,3248,"CARRALERO CALVO, ROBERTO",Arbitro asistente,https://www.rffm.es/acta-partido/1039529,2026-08-09T16:16:45.457189+00:00
1039529,referee,4910,"SIMON GARCIA, SERGIO",Arbitro asistente,https://www.rffm.es/acta-partido/1039529,2026-08-09T16:16:45.457189+00:00
1039529,field_delegate,,"CAMARA GONZALEZ, JUAN JOSE",delegado_campo,https://www.rffm.es/acta-partido/1039529,2026-08-09T16:16:45.457189+00:00
1039521,referee,656463,"MARTINEZ PRIETO, ARTURO",Arbitro principal,https://www.rffm.es/acta-partido/1039521,2026-08-09T16:16:45.595981+00:00
1039521,referee,1169838,"JURCA, MIHAI ALEXANDRU",Arbitro asistente,https://www.rffm.es/acta-partido/1039521,2026-08-09T16:16:45.595981+00:00
1039521,referee,523234,"ROYO CID, CARLOS",Arbitro asistente,https://www.rffm.es/acta-partido/1039521,2026-08-09T16:16:45.595981+00:00
1039524,referee,4083,"FUENTES CASTAÑO, AGUSTIN",Arbitro principal,https://www.rffm.es/acta-partido/1039524,2026-08-09T16:16:45.706354+00:00
1039524,referee,1169795,"FERNANDEZ MORENO, ALEJANDRO",Arbitro asistente,https://www.rffm.es/acta-partido/1039524,2026-08-09T16:16:45.706354+00:00
1039524,referee,536790,"ESPINOSA ARANDA, DANIEL",Arbitro asistente,https://www.rffm.es/acta-partido/1039524,2026-08-09T16:16:45.706354+00:00
1039524,field_delegate,,"CARTAS PRADILLO, MIGUEL ANGEL",delegado_campo,https://www.rffm.es/acta-partido/1039524,2026-08-09T16:16:45.706354+00:00
1039530,referee,539246,"RODRIGUEZ RECIO, ALVARO",Arbitro principal,https://www.rffm.es/acta-partido/1039530,2026-08-09T16:16:45.822061+00:00
1039530,referee,1169857,"MURCIEGO CABEZAS, MIGUEL",Arbitro asistente,https://www.rffm.es/acta-partido/1039530,2026-08-09T16:16:45.822061+00:00
1039530,referee,591096,"SANCHEZ LOPEZ, SAMUEL",Arbitro asistente,https://www.rffm.es/acta-partido/1039530,2026-08-09T16:16:45.822061+00:00
1039530,field_delegate,,"GARCÍA GUTIÉRREZ, FERNANDO",delegado_campo,https://www.rffm.es/acta-partido/1039530,2026-08-09T16:16:45.822061+00:00
1039531,referee,3682,"GONZALEZ GUISADO, SERGIO",Arbitro principal,https://www.rffm.es/acta-partido/1039531,2026-08-09T16:16:45.937036+00:00
1039531,referee,1169897,"TORRALBA RODRIGUEZ, MANUEL",Arbitro asistente,https://www.rffm.es/acta-partido/1039531,2026-08-09T16:16:45.937036+00:00
1039531,referee,591070,"OLIVA RAMOS, ALVARO",Arbitro asistente,https://www.rffm.es/acta-partido/1039531,2026-08-09T16:16:45.937036+00:00
1039531,field_delegate,,"HERRANZ GENEROSO, JESÚS",delegado_campo,https://www.rffm.es/acta-partido/1039531,2026-08-09T16:16:45.937036+00:00
1039518,referee,742609,"PEREZ TORRES, DIEGO",Arbitro principal,https://www.rffm.es/acta-partido/1039518,2026-08-09T16:16:45.976053+00:00
1039518,referee,967704,"ALVARO NEBREDA, JOSE ANGEL",Arbitro asistente,https://www.rffm.es/acta-partido/1039518,2026-08-09T16:16:45.976053+00:00
1039518,referee,523234,"ROYO CID, CARLOS",Arbitro asistente,https://www.rffm.es/acta-partido/1039518,2026-08-09T16:16:45.976053+00:00
1039518,field_delegate,,"MARÍN PELAYO , FRANCISCO ANTONIO",delegado_campo,https://www.rffm.es/acta-partido/1039518,2026-08-09T16:16:45.976053+00:00
1039525,referee,3914,"IBAÑEZ GUTIERREZ, ANGEL",Arbitro principal,https://www.rffm.es/acta-partido/1039525,2026-08-09T16:16:46.145968+00:00
1039525,referee,1169885,"SANTILLAN VELA, FREDDY",Arbitro asistente,https://www.rffm.es/acta-partido/1039525,2026-08-09T16:16:46.145968+00:00
1039525,referee,3524,"VIDAL TORMO, MARIO",Arbitro asistente,https://www.rffm.es/acta-partido/1039525,2026-08-09T16:16:46.145968+00:00
1039525,field_delegate,,"NAVAS LOZANO, FERNANDO",delegado_campo,https://www.rffm.es/acta-partido/1039525,2026-08-09T16:16:46.145968+00:00
1039523,referee,2755,"MONRABAL CASTAÑO, JOSE",Arbitro principal,https://www.rffm.es/acta-partido/1039523,2026-08-09T16:16:46.303015+00:00
1039523,referee,1169885,"SANTILLAN VELA, FREDDY",Arbitro asistente,https://www.rffm.es/acta-partido/1039523,2026-08-09T16:16:46.303015+00:00
1039523,referee,877935,"BUSTOS PEREIRA, ENRIQUE",Arbitro asistente,https://www.rffm.es/acta-partido/1039523,2026-08-09T16:16:46.303015+00:00
1039523,field_delegate,,"LOPEZ LORENZO, JOSE",delegado_campo,https://www.rffm.es/acta-partido/1039523,2026-08-09T16:16:46.303015+00:00
1039535,referee,3902,"FEITO RABANAL, DAVID",Arbitro principal,https://www.rffm.es/acta-partido/1039535,2026-08-09T16:16:46.451770+00:00
1039535,referee,1169897,"TORRALBA RODRIGUEZ, MANUEL",Arbitro asistente,https://www.rffm.es/acta-partido/1039535,2026-08-09T16:16:46.451770+00:00
1039535,referee,877935,"BUSTOS PEREIRA, ENRIQUE",Arbitro asistente,https://www.rffm.es/acta-partido/1039535,2026-08-09T16:16:46.451770+00:00
1039535,field_delegate,,"LOPEZ FERNANDEZ, MANUEL",delegado_campo,https://www.rffm.es/acta-partido/1039535,2026-08-09T16:16:46.451770+00:00
1039532,referee,4395,"FERRERO MELCHOR, IGNACIO",Arbitro principal,https://www.rffm.es/acta-partido/1039532,2026-08-09T16:16:46.550307+00:00
1039532,referee,1169871,"ROMANILLOS GARCIA, GONZALO",Arbitro asistente,https://www.rffm.es/acta-partido/1039532,2026-08-09T16:16:46.550307+00:00
1039532,referee,5118,"JASSO AGENJO, ALEJANDRO",Arbitro asistente,https://www.rffm.es/acta-partido/1039532,2026-08-09T16:16:46.550307+00:00
1039532,field_delegate,,"LOPEZ LORENZO, JOSE",delegado_campo,https://www.rffm.es/acta-partido/1039532,2026-08-09T16:16:46.550307+00:00
1039526,referee,3539,"CASTRO MARTIN, FERNANDO",Arbitro principal,https://www.rffm.es/acta-partido/1039526,2026-08-09T16:16:46.690569+00:00
1039526,referee,3812,"FERNANDEZ HURTADO, JOSE LUIS",Arbitro asistente,https://www.rffm.es/acta-partido/1039526,2026-08-09T16:16:46.690569+00:00
1039526,referee,4546,"BARRADO LACORTE, PEDRO JESUS",Arbitro asistente,https://www.rffm.es/acta-partido/1039526,2026-08-09T16:16:46.690569+00:00
1039526,field_delegate,,"NOTARIO OVEJERO, ANTONIO",delegado_campo,https://www.rffm.es/acta-partido/1039526,2026-08-09T16:16:46.690569+00:00
1039539,referee,804593,"DE MINGO COLLADOS, VICTOR",Arbitro principal,https://www.rffm.es/acta-partido/1039539,2026-08-09T16:16:46.791656+00:00
1039539,referee,1169850,"MORATO JIMENEZ, RAMON",Arbitro asistente,https://www.rffm.es/acta-partido/1039539,2026-08-09T16:16:46.791656+00:00
1039539,referee,2146,"ALONSO CAMPOS, LUIS",Arbitro asistente,https://www.rffm.es/acta-partido/1039539,2026-08-09T16:16:46.791656+00:00
1039528,referee,797556,"DE LA MATA MARTÍNEZ, RAÚL",Arbitro principal,https://www.rffm.es/acta-partido/1039528,2026-08-09T16:16:46.867373+00:00
1039528,referee,716478,"ALMANSA HERAS, SERGIO",Arbitro asistente,https://www.rffm.es/acta-partido/1039528,2026-08-09T16:16:46.867373+00:00
1039528,referee,894373,"CALVO VALENTIN, ELISABETH",Arbitro asistente,https://www.rffm.es/acta-partido/1039528,2026-08-09T16:16:46.867373+00:00
1039528,field_delegate,,"RAMOS VAQUERO, OSCAR FELIPE",delegado_campo,https://www.rffm.es/acta-partido/1039528,2026-08-09T16:16:46.867373+00:00
1039527,referee,578072,"BORDONS ROMERO, IGNACIO",Arbitro principal,https://www.rffm.es/acta-partido/1039527,2026-08-09T16:16:46.895092+00:00
1039527,referee,1169846,"LUMBRERAS RODRIGUEZ, IRENE",Arbitro asistente,https://www.rffm.es/acta-partido/1039527,2026-08-09T16:16:46.895092+00:00
1039527,referee,878313,"VICENTE JUAREZ, ANGEL",Arbitro asistente,https://www.rffm.es/acta-partido/1039527,2026-08-09T16:16:46.895092+00:00
1039527,field_delegate,,"PERALBO PEINADO, FLORENCIO",delegado_campo,https://www.rffm.es/acta-partido/1039527,2026-08-09T16:16:46.895092+00:00
1039538,referee,1181959,"PIÑEIRO MARCOS, ALEJANDRO",Arbitro principal,https://www.rffm.es/acta-partido/1039538,2026-08-09T16:16:46.954558+00:00
1039538,referee,1169816,"GOMEZ HERRERO, ALEJANDRO",Arbitro asistente,https://www.rffm.es/acta-partido/1039538,2026-08-09T16:16:46.954558+00:00
1039538,referee,1182758,"CHEDDADI CHEDDADI, ZAKARIAE",Arbitro asistente,https://www.rffm.es/acta-partido/1039538,2026-08-09T16:16:46.954558+00:00
1039538,field_delegate,,"PARRO PARRO , RAFAEL",delegado_campo,https://www.rffm.es/acta-partido/1039538,2026-08-09T16:16:46.954558+00:00
1039536,referee,4413,"FERNANDEZ MARUGAN, MARIO ALEXIS",Arbitro principal,https://www.rffm.es/acta-partido/1039536,2026-08-09T16:16:47.390210+00:00
1039536,referee,1169631,"GUEVARA RAMIREZ, LUIS HERNAN",Arbitro asistente,https://www.rffm.es/acta-partido/1039536,2026-08-09T16:16:47.390210+00:00
1039536,referee,536748,"ZAMBRANO CASAS, ALVARO",Arbitro asistente,https://www.rffm.es/acta-partido/1039536,2026-08-09T16:16:47.390210+00:00
1039536,field_delegate,,"CUÉLLAR DIEZ, GUILLERMO",delegado_campo,https://www.rffm.es/acta-partido/1039536,2026-08-09T16:16:47.390210+00:00
1039541,referee,636170,"CONDE CLEMENTE, KILIAN",Arbitro principal,https://www.rffm.es/acta-partido/1039541,2026-08-09T16:16:47.690313+00:00
1039541,referee,1169809,"GONZALEZ MENDES, SORAYA",Arbitro asistente,https://www.rffm.es/acta-partido/1039541,2026-08-09T16:16:47.690313+00:00
1039541,referee,712561,"CALLEJA SANCHEZ, JULIO FRANCISCO",Arbitro asistente,https://www.rffm.es/acta-partido/1039541,2026-08-09T16:16:47.690313+00:00
1039541,field_delegate,,"FRANCO DOMINGUEZ, JULIÁN AVELINO",delegado_campo,https://www.rffm.es/acta-partido/1039541,2026-08-09T16:16:47.690313+00:00
1039534,referee,4526,"GARCIA GUTIERREZ, DAVID",Arbitro principal,https://www.rffm.es/acta-partido/1039534,2026-08-09T16:16:47.769752+00:00
1039534,referee,1169888,"SEGOVIA SAN BENITO, CARLOS",Arbitro asistente,https://www.rffm.es/acta-partido/1039534,2026-08-09T16:16:47.769752+00:00
1039534,referee,523234,"ROYO CID, CARLOS",Arbitro asistente,https://www.rffm.es/acta-partido/1039534,2026-08-09T16:16:47.769752+00:00
1039534,field_delegate,,"PIZARRO MORGADO, JOSÉ",delegado_campo,https://www.rffm.es/acta-partido/1039534,2026-08-09T16:16:47.769752+00:00
1039537,referee,4793,"BENITO MARTINEZ, SERGIO",Arbitro principal,https://www.rffm.es/acta-partido/1039537,2026-08-09T16:16:47.954907+00:00
1039537,referee,1169885,"SANTILLAN VELA, FREDDY",Arbitro asistente,https://www.rffm.es/acta-partido/1039537,2026-08-09T16:16:47.954907+00:00
1039537,referee,4812,"VALDEPEÑAS CHAO, MARCOS",Arbitro asistente,https://www.rffm.es/acta-partido/1039537,2026-08-09T16:16:47.954907+00:00
1039537,field_delegate,,"MARÍN PELAYO , FRANCISCO ANTONIO",delegado_campo,https://www.rffm.es/acta-partido/1039537,2026-08-09T16:16:47.954907+00:00
1039533,referee,2085,"CARRALERO CALVO, MANUEL",Arbitro principal,https://www.rffm.es/acta-partido/1039533,2026-08-09T16:16:48.049421+00:00
1039533,referee,1169766,"ABAJO FERNANDEZ, JORGE",Arbitro asistente,https://www.rffm.es/acta-partido/1039533,2026-08-09T16:16:48.049421+00:00
1039533,referee,3919,"LOPEZ DEL PRECINTO, DAVID",Arbitro asistente,https://www.rffm.es/acta-partido/1039533,2026-08-09T16:16:48.049421+00:00
1039533,field_delegate,,"SANCHEZ VICENTE, MIGUEL",delegado_campo,https://www.rffm.es/acta-partido/1039533,2026-08-09T16:16:48.049421+00:00
1039546,referee,645710,"CASTRO MANQUILLO, SEBASTIAN",Arbitro principal,https://www.rffm.es/acta-partido/1039546,2026-08-09T16:16:48.219360+00:00
1039546,referee,1169829,"GARCIA CASADO, ALVARO",Arbitro asistente,https://www.rffm.es/acta-partido/1039546,2026-08-09T16:16:48.219360+00:00
1039546,referee,909095,"BLANCO RIVERA, DANIEL",Arbitro asistente,https://www.rffm.es/acta-partido/1039546,2026-08-09T16:16:48.219360+00:00
1039546,field_delegate,,"GONZALEZ DIAZ, TOMAS",delegado_campo,https://www.rffm.es/acta-partido/1039546,2026-08-09T16:16:48.219360+00:00
1039540,referee,718977,"KOURTAM CHEHLAOUI, KHALID",Arbitro principal,https://www.rffm.es/acta-partido/1039540,2026-08-09T16:16:48.224275+00:00
1039540,referee,1169871,"ROMANILLOS GARCIA, GONZALO",Arbitro asistente,https://www.rffm.es/acta-partido/1039540,2026-08-09T16:16:48.224275+00:00
1039540,referee,718723,"HUERTA DUQUE, MANUEL",Arbitro asistente,https://www.rffm.es/acta-partido/1039540,2026-08-09T16:16:48.224275+00:00
1039540,field_delegate,,"SÁNCHEZ POSTIGO, FERNANDO",delegado_campo,https://www.rffm.es/acta-partido/1039540,2026-08-09T16:16:48.224275+00:00
1039547,referee,3914,"IBAÑEZ GUTIERREZ, ANGEL",Arbitro principal,https://www.rffm.es/acta-partido/1039547,2026-08-09T16:16:48.263729+00:00
1039547,referee,1169885,"SANTILLAN VELA, FREDDY",Arbitro asistente,https://www.rffm.es/acta-partido/1039547,2026-08-09T16:16:48.263729+00:00
1039547,referee,797539,"CAÑAS DURAN, JOSE FRANCISCO",Arbitro asistente,https://www.rffm.es/acta-partido/1039547,2026-08-09T16:16:48.263729+00:00
1039547,field_delegate,,"GORDO GARCIA, FERNANDO",delegado_campo,https://www.rffm.es/acta-partido/1039547,2026-08-09T16:16:48.263729+00:00
1039550,referee,3682,"GONZALEZ GUISADO, SERGIO",Arbitro principal,https://www.rffm.es/acta-partido/1039550,2026-08-09T16:16:48.938559+00:00
1039550,referee,1169795,"FERNANDEZ MORENO, ALEJANDRO",Arbitro asistente,https://www.rffm.es/acta-partido/1039550,2026-08-09T16:16:48.938559+00:00
1039550,referee,534643,"CASTILLA APARICIO, DIEGO",Arbitro asistente,https://www.rffm.es/acta-partido/1039550,2026-08-09T16:16:48.938559+00:00
1039550,field_delegate,,"FRANCO DOMINGUEZ, JULIÁN AVELINO",delegado_campo,https://www.rffm.es/acta-partido/1039550,2026-08-09T16:16:48.938559+00:00
1039548,referee,665595,"PINILLA SERRANO, ADRIAN",Arbitro principal,https://www.rffm.es/acta-partido/1039548,2026-08-09T16:16:49.058387+00:00
1039548,referee,1169846,"LUMBRERAS RODRIGUEZ, IRENE",Arbitro asistente,https://www.rffm.es/acta-partido/1039548,2026-08-09T16:16:49.058387+00:00
1039548,referee,878313,"VICENTE JUAREZ, ANGEL",Arbitro asistente,https://www.rffm.es/acta-partido/1039548,2026-08-09T16:16:49.058387+00:00
1039548,field_delegate,,"HERRANZ GENEROSO, JESÚS",delegado_campo,https://www.rffm.es/acta-partido/1039548,2026-08-09T16:16:49.058387+00:00
1039542,referee,656463,"MARTINEZ PRIETO, ARTURO",Arbitro principal,https://www.rffm.es/acta-partido/1039542,2026-08-09T16:16:49.070805+00:00
1039542,referee,1169900,"VALLE DOMINGO, ANTONIO",Arbitro asistente,https://www.rffm.es/acta-partido/1039542,2026-08-09T16:16:49.070805+00:00
1039542,referee,591070,"OLIVA RAMOS, ALVARO",Arbitro asistente,https://www.rffm.es/acta-partido/1039542,2026-08-09T16:16:49.070805+00:00
1039542,field_delegate,,"NAVAS LOZANO, FERNANDO",delegado_campo,https://www.rffm.es/acta-partido/1039542,2026-08-09T16:16:49.070805+00:00
1039549,referee,2909,"DE LA IGLESIA DE LA IGLESIA, ALVARO",Arbitro principal,https://www.rffm.es/acta-partido/1039549,2026-08-09T16:16:49.205627+00:00
1039549,referee,1169631,"GUEVARA RAMIREZ, LUIS HERNAN",Arbitro asistente,https://www.rffm.es/acta-partido/1039549,2026-08-09T16:16:49.205627+00:00
1039549,referee,536790,"ESPINOSA ARANDA, DANIEL",Arbitro asistente,https://www.rffm.es/acta-partido/1039549,2026-08-09T16:16:49.205627+00:00
1039549,field_delegate,,"LOPEZ LORENZO, JOSE",delegado_campo,https://www.rffm.es/acta-partido/1039549,2026-08-09T16:16:49.205627+00:00
1039544,referee,5109,"FAJARDO FERNANDEZ, HECTOR",Arbitro principal,https://www.rffm.es/acta-partido/1039544,2026-08-09T16:16:49.303339+00:00
1039544,referee,3812,"FERNANDEZ HURTADO, JOSE LUIS",Arbitro asistente,https://www.rffm.es/acta-partido/1039544,2026-08-09T16:16:49.303339+00:00
1039544,referee,964565,"BELLOSO RIVERO, ABRAHAM",Arbitro asistente,https://www.rffm.es/acta-partido/1039544,2026-08-09T16:16:49.303339+00:00
1039544,field_delegate,,"ANDRADE HIDROVO, JOSE VINICIO",delegado_campo,https://www.rffm.es/acta-partido/1039544,2026-08-09T16:16:49.303339+00:00
1039545,referee,222,"ROMERO SAEZ, EDUARDO",Arbitro principal,https://www.rffm.es/acta-partido/1039545,2026-08-09T16:16:49.466162+00:00
1039545,referee,1169770,"BELHAJ HARBI, AYMAN",Arbitro asistente,https://www.rffm.es/acta-partido/1039545,2026-08-09T16:16:49.466162+00:00
1039545,referee,645223,"SANCHEZ JIMENEZ, DAVID",Arbitro asistente,https://www.rffm.es/acta-partido/1039545,2026-08-09T16:16:49.466162+00:00
1039545,field_delegate,,"GARRIDO GRANDE, VÍCTOR",delegado_campo,https://www.rffm.es/acta-partido/1039545,2026-08-09T16:16:49.466162+00:00
1039557,referee,742609,"PEREZ TORRES, DIEGO",Arbitro principal,https://www.rffm.es/acta-partido/1039557,2026-08-09T16:16:49.504668+00:00
1039557,referee,1169897,"TORRALBA RODRIGUEZ, MANUEL",Arbitro asistente,https://www.rffm.es/acta-partido/1039557,2026-08-09T16:16:49.504668+00:00
1039557,referee,718586,"GOMEZ GUILLEN, PEDRO",Arbitro asistente,https://www.rffm.es/acta-partido/1039557,2026-08-09T16:16:49.504668+00:00
1039557,field_delegate,,"PARRO PARRO , RAFAEL",delegado_campo,https://www.rffm.es/acta-partido/1039557,2026-08-09T16:16:49.504668+00:00
1039553,referee,718719,"GUIJARRO PANIAGUA, DANIEL",Arbitro principal,https://www.rffm.es/acta-partido/1039553,2026-08-09T16:16:49.863479+00:00
1039553,referee,1169829,"GARCIA CASADO, ALVARO",Arbitro asistente,https://www.rffm.es/acta-partido/1039553,2026-08-09T16:16:49.863479+00:00
1039553,referee,909252,"GONZALEZ PELAEZ, JOSE ADRIAN",Arbitro asistente,https://www.rffm.es/acta-partido/1039553,2026-08-09T16:16:49.863479+00:00
1039553,field_delegate,,"PIZARRO MORGADO, JOSÉ",delegado_campo,https://www.rffm.es/acta-partido/1039553,2026-08-09T16:16:49.863479+00:00
1039543,referee,4395,"FERRERO MELCHOR, IGNACIO",Arbitro principal,https://www.rffm.es/acta-partido/1039543,2026-08-09T16:16:49.942011+00:00
1039543,referee,1169871,"ROMANILLOS GARCIA, GONZALO",Arbitro asistente,https://www.rffm.es/acta-partido/1039543,2026-08-09T16:16:49.942011+00:00
1039543,referee,4452,"MOLTO MARIN, MARIO",Arbitro asistente,https://www.rffm.es/acta-partido/1039543,2026-08-09T16:16:49.942011+00:00
1039543,field_delegate,,"JAKSON CASTRO, CARLOS",delegado_campo,https://www.rffm.es/acta-partido/1039543,2026-08-09T16:16:49.942011+00:00
1039552,referee,718977,"KOURTAM CHEHLAOUI, KHALID",Arbitro principal,https://www.rffm.es/acta-partido/1039552,2026-08-09T16:16:50.164934+00:00
1039552,referee,1169850,"MORATO JIMENEZ, RAMON",Arbitro asistente,https://www.rffm.es/acta-partido/1039552,2026-08-09T16:16:50.164934+00:00
1039552,referee,712561,"CALLEJA SANCHEZ, JULIO FRANCISCO",Arbitro asistente,https://www.rffm.es/acta-partido/1039552,2026-08-09T16:16:50.164934+00:00
1039552,field_delegate,,"FERNANDEZ VILLALTA, FRANCISCO",delegado_campo,https://www.rffm.es/acta-partido/1039552,2026-08-09T16:16:50.164934+00:00
1039554,referee,1050822,"CHAVARRIA GIL, JESUS",Arbitro principal,https://www.rffm.es/acta-partido/1039554,2026-08-09T16:16:50.225396+00:00
1039554,referee,1169770,"BELHAJ HARBI, AYMAN",Arbitro asistente,https://www.rffm.es/acta-partido/1039554,2026-08-09T16:16:50.225396+00:00
1039554,referee,823306,"LANCHAS GONZÁLEZ, DANIEL",Arbitro asistente,https://www.rffm.es/acta-partido/1039554,2026-08-09T16:16:50.225396+00:00
1039554,field_delegate,,"LOPEZ FERNANDEZ, MANUEL",delegado_campo,https://www.rffm.es/acta-partido/1039554,2026-08-09T16:16:50.225396+00:00
1039555,referee,4526,"GARCIA GUTIERREZ, DAVID",Arbitro principal,https://www.rffm.es/acta-partido/1039555,2026-08-09T16:16:50.456685+00:00
1039555,referee,1169888,"SEGOVIA SAN BENITO, CARLOS",Arbitro asistente,https://www.rffm.es/acta-partido/1039555,2026-08-09T16:16:50.456685+00:00
1039555,referee,4452,"MOLTO MARIN, MARIO",Arbitro asistente,https://www.rffm.es/acta-partido/1039555,2026-08-09T16:16:50.456685+00:00
1039555,field_delegate,,"CUÉLLAR DIEZ, GUILLERMO",delegado_campo,https://www.rffm.es/acta-partido/1039555,2026-08-09T16:16:50.456685+00:00
1039558,referee,578072,"BORDONS ROMERO, IGNACIO",Arbitro principal,https://www.rffm.es/acta-partido/1039558,2026-08-09T16:16:50.509318+00:00
1039558,referee,878313,"VICENTE JUAREZ, ANGEL",Arbitro asistente,https://www.rffm.es/acta-partido/1039558,2026-08-09T16:16:50.509318+00:00
1039558,referee,822731,"CABERO VALLE, IGNACIO JOSE",Arbitro asistente,https://www.rffm.es/acta-partido/1039558,2026-08-09T16:16:50.509318+00:00
1039558,field_delegate,,"CARRERO BARRAGAN, ANGEL",delegado_campo,https://www.rffm.es/acta-partido/1039558,2026-08-09T16:16:50.509318+00:00
1039563,referee,539246,"RODRIGUEZ RECIO, ALVARO",Arbitro principal,https://www.rffm.es/acta-partido/1039563,2026-08-09T16:16:50.719025+00:00
1039563,referee,1169857,"MURCIEGO CABEZAS, MIGUEL",Arbitro asistente,https://www.rffm.es/acta-partido/1039563,2026-08-09T16:16:50.719025+00:00
1039563,referee,591096,"SANCHEZ LOPEZ, SAMUEL",Arbitro asistente,https://www.rffm.es/acta-partido/1039563,2026-08-09T16:16:50.719025+00:00
1039563,field_delegate,,"MARTIN CABEZUELO, ALVARO",delegado_campo,https://www.rffm.es/acta-partido/1039563,2026-08-09T16:16:50.719025+00:00
1039556,referee,2755,"MONRABAL CASTAÑO, JOSE",Arbitro principal,https://www.rffm.es/acta-partido/1039556,2026-08-09T16:16:50.780711+00:00
1039556,referee,1169885,"SANTILLAN VELA, FREDDY",Arbitro asistente,https://www.rffm.es/acta-partido/1039556,2026-08-09T16:16:50.780711+00:00
1039556,referee,591084,"RODRIGUEZ GIRALDO, IVAN",Arbitro asistente,https://www.rffm.es/acta-partido/1039556,2026-08-09T16:16:50.780711+00:00
1039556,field_delegate,,"MARÍN PELAYO , FRANCISCO ANTONIO",delegado_campo,https://www.rffm.es/acta-partido/1039556,2026-08-09T16:16:50.780711+00:00
1039551,referee,797556,"DE LA MATA MARTÍNEZ, RAÚL",Arbitro principal,https://www.rffm.es/acta-partido/1039551,2026-08-09T16:16:51.021018+00:00
1039551,referee,716478,"ALMANSA HERAS, SERGIO",Arbitro asistente,https://www.rffm.es/acta-partido/1039551,2026-08-09T16:16:51.021018+00:00
1039551,referee,1182758,"CHEDDADI CHEDDADI, ZAKARIAE",Arbitro asistente,https://www.rffm.es/acta-partido/1039551,2026-08-09T16:16:51.021018+00:00
1039551,field_delegate,,"GARROSA ENRIQUE, ADRIAN",delegado_campo,https://www.rffm.es/acta-partido/1039551,2026-08-09T16:16:51.021018+00:00
1039559,referee,645721,"DIAZ RODRIGUEZ, LUIS MIGUEL",Arbitro principal,https://www.rffm.es/acta-partido/1039559,2026-08-09T16:16:51.109840+00:00
1039559,referee,1169838,"JURCA, MIHAI ALEXANDRU",Arbitro asistente,https://www.rffm.es/acta-partido/1039559,2026-08-09T16:16:51.109840+00:00
1039559,referee,536311,"DELGADO BENÍTEZ, RAÚL",Arbitro asistente,https://www.rffm.es/acta-partido/1039559,2026-08-09T16:16:51.109840+00:00
1039559,field_delegate,,"SÁNCHEZ POSTIGO, FERNANDO",delegado_campo,https://www.rffm.es/acta-partido/1039559,2026-08-09T16:16:51.109840+00:00
1039564,referee,3535,"ACERO LLAMAS, GUILLERMO",Arbitro principal,https://www.rffm.es/acta-partido/1039564,2026-08-09T16:16:51.445372+00:00
1039564,referee,1169777,"DONATO MORALES, ALEJANDRO",Arbitro asistente,https://www.rffm.es/acta-partido/1039564,2026-08-09T16:16:51.445372+00:00
1039564,referee,4862,"ARANA URRUNAGA, EDDY J.",Arbitro asistente,https://www.rffm.es/acta-partido/1039564,2026-08-09T16:16:51.445372+00:00
1039564,field_delegate,,"GORDO GARCIA, FERNANDO",delegado_campo,https://www.rffm.es/acta-partido/1039564,2026-08-09T16:16:51.445372+00:00
1039565,referee,4901,"RANZ CASTAÑEDA, SAMUEL",Arbitro principal,https://www.rffm.es/acta-partido/1039565,2026-08-09T16:16:51.502463+00:00
1039565,referee,1169800,"FORTUNA GIRON, JULEN",Arbitro asistente,https://www.rffm.es/acta-partido/1039565,2026-08-09T16:16:51.502463+00:00
1039565,referee,536748,"ZAMBRANO CASAS, ALVARO",Arbitro asistente,https://www.rffm.es/acta-partido/1039565,2026-08-09T16:16:51.502463+00:00
1039565,field_delegate,,"HERRANZ GENEROSO, JESÚS",delegado_campo,https://www.rffm.es/acta-partido/1039565,2026-08-09T16:16:51.502463+00:00
1039566,referee,719275,"MADROÑAL LORENTE, IVAN",Arbitro principal,https://www.rffm.es/acta-partido/1039566,2026-08-09T16:16:51.783568+00:00
1039566,referee,3812,"FERNANDEZ HURTADO, JOSE LUIS",Arbitro asistente,https://www.rffm.es/acta-partido/1039566,2026-08-09T16:16:51.783568+00:00
1039566,referee,3771,"GARCIA PEREZ, ANTONIO",Arbitro asistente,https://www.rffm.es/acta-partido/1039566,2026-08-09T16:16:51.783568+00:00
1039566,field_delegate,,"MUÑOZ ALVAREZ, MARIO",delegado_campo,https://www.rffm.es/acta-partido/1039566,2026-08-09T16:16:51.783568+00:00
1039560,referee,4413,"FERNANDEZ MARUGAN, MARIO ALEXIS",Arbitro principal,https://www.rffm.es/acta-partido/1039560,2026-08-09T16:16:51.945278+00:00
1039560,referee,1169829,"GARCIA CASADO, ALVARO",Arbitro asistente,https://www.rffm.es/acta-partido/1039560,2026-08-09T16:16:51.945278+00:00
1039560,referee,877935,"BUSTOS PEREIRA, ENRIQUE",Arbitro asistente,https://www.rffm.es/acta-partido/1039560,2026-08-09T16:16:51.945278+00:00
1039560,field_delegate,,"JAKSON CASTRO, CARLOS",delegado_campo,https://www.rffm.es/acta-partido/1039560,2026-08-09T16:16:51.945278+00:00
1039567,referee,4395,"FERRERO MELCHOR, IGNACIO",Arbitro principal,https://www.rffm.es/acta-partido/1039567,2026-08-09T16:16:52.196215+00:00
1039567,referee,1169871,"ROMANILLOS GARCIA, GONZALO",Arbitro asistente,https://www.rffm.es/acta-partido/1039567,2026-08-09T16:16:52.196215+00:00
1039567,referee,877935,"BUSTOS PEREIRA, ENRIQUE",Arbitro asistente,https://www.rffm.es/acta-partido/1039567,2026-08-09T16:16:52.196215+00:00
1039567,field_delegate,,"FRANCO DOMINGUEZ, JULIÁN AVELINO",delegado_campo,https://www.rffm.es/acta-partido/1039567,2026-08-09T16:16:52.196215+00:00
1039568,referee,645710,"CASTRO MANQUILLO, SEBASTIAN",Arbitro principal,https://www.rffm.es/acta-partido/1039568,2026-08-09T16:16:52.320290+00:00
1039568,referee,1169838,"JURCA, MIHAI ALEXANDRU",Arbitro asistente,https://www.rffm.es/acta-partido/1039568,2026-08-09T16:16:52.320290+00:00
1039568,referee,3919,"LOPEZ DEL PRECINTO, DAVID",Arbitro asistente,https://www.rffm.es/acta-partido/1039568,2026-08-09T16:16:52.320290+00:00
1039568,field_delegate,,"SÁNCHEZ POSTIGO, FERNANDO",delegado_campo,https://www.rffm.es/acta-partido/1039568,2026-08-09T16:16:52.320290+00:00
1039576,referee,656463,"MARTINEZ PRIETO, ARTURO",Arbitro principal,https://www.rffm.es/acta-partido/1039576,2026-08-09T16:16:52.715063+00:00
1039576,referee,1169900,"VALLE DOMINGO, ANTONIO",Arbitro asistente,https://www.rffm.es/acta-partido/1039576,2026-08-09T16:16:52.715063+00:00
1039576,referee,877940,"CABADO RODRIGUEZ, YAGO",Arbitro asistente,https://www.rffm.es/acta-partido/1039576,2026-08-09T16:16:52.715063+00:00
1039561,referee,3580,"PARRA GONZALEZ, PABLO",Arbitro principal,https://www.rffm.es/acta-partido/1039561,2026-08-09T16:16:52.762199+00:00
1039561,referee,1169631,"GUEVARA RAMIREZ, LUIS HERNAN",Arbitro asistente,https://www.rffm.es/acta-partido/1039561,2026-08-09T16:16:52.762199+00:00
1039561,referee,897711,"ALMODOVAR PEREZ, ALEJANDRO DOMINGO",Arbitro asistente,https://www.rffm.es/acta-partido/1039561,2026-08-09T16:16:52.762199+00:00
1039561,field_delegate,,"ANDRADE HIDROVO, JOSE VINICIO",delegado_campo,https://www.rffm.es/acta-partido/1039561,2026-08-09T16:16:52.762199+00:00
1039571,referee,718719,"GUIJARRO PANIAGUA, DANIEL",Arbitro principal,https://www.rffm.es/acta-partido/1039571,2026-08-09T16:16:52.775313+00:00
1039571,referee,3812,"FERNANDEZ HURTADO, JOSE LUIS",Arbitro asistente,https://www.rffm.es/acta-partido/1039571,2026-08-09T16:16:52.775313+00:00
1039571,referee,534627,"PETIDIER SANTIAGO, EDGAR",Arbitro asistente,https://www.rffm.es/acta-partido/1039571,2026-08-09T16:16:52.775313+00:00
1039571,field_delegate,,"FERNANDEZ VILLALTA, FRANCISCO",delegado_campo,https://www.rffm.es/acta-partido/1039571,2026-08-09T16:16:52.775313+00:00
1039562,referee,645067,"MUÑOZ MORENO, JAIME",Arbitro principal,https://www.rffm.es/acta-partido/1039562,2026-08-09T16:16:52.909300+00:00
1039562,referee,945336,"FERNANDEZ FERNANDEZ, DENNIS",Arbitro asistente,https://www.rffm.es/acta-partido/1039562,2026-08-09T16:16:52.909300+00:00
1039562,referee,5119,"LOPEZ CUEVAS, AGUSTIN",Arbitro asistente,https://www.rffm.es/acta-partido/1039562,2026-08-09T16:16:52.909300+00:00
1039562,field_delegate,,"RAMOS VAQUERO, OSCAR FELIPE",delegado_campo,https://www.rffm.es/acta-partido/1039562,2026-08-09T16:16:52.909300+00:00
1039577,referee,4813,"GARCIA MARTINEZ, JORGE",Arbitro principal,https://www.rffm.es/acta-partido/1039577,2026-08-09T16:16:52.979934+00:00
1039577,referee,1169800,"FORTUNA GIRON, JULEN",Arbitro asistente,https://www.rffm.es/acta-partido/1039577,2026-08-09T16:16:52.979934+00:00
1039577,referee,536748,"ZAMBRANO CASAS, ALVARO",Arbitro asistente,https://www.rffm.es/acta-partido/1039577,2026-08-09T16:16:52.979934+00:00
1039577,field_delegate,,"CARRERO BARRAGAN, ANGEL",delegado_campo,https://www.rffm.es/acta-partido/1039577,2026-08-09T16:16:52.979934+00:00
1039572,referee,645710,"CASTRO MANQUILLO, SEBASTIAN",Arbitro principal,https://www.rffm.es/acta-partido/1039572,2026-08-09T16:16:53.052280+00:00
1039572,referee,1169770,"BELHAJ HARBI, AYMAN",Arbitro asistente,https://www.rffm.es/acta-partido/1039572,2026-08-09T16:16:53.052280+00:00
1039572,referee,591096,"SANCHEZ LOPEZ, SAMUEL",Arbitro asistente,https://www.rffm.es/acta-partido/1039572,2026-08-09T16:16:53.052280+00:00
1039572,field_delegate,,"PIZARRO MORGADO, JOSÉ",delegado_campo,https://www.rffm.es/acta-partido/1039572,2026-08-09T16:16:53.052280+00:00
1039570,referee,665595,"PINILLA SERRANO, ADRIAN",Arbitro principal,https://www.rffm.es/acta-partido/1039570,2026-08-09T16:16:53.184076+00:00
1039570,referee,1169838,"JURCA, MIHAI ALEXANDRU",Arbitro asistente,https://www.rffm.es/acta-partido/1039570,2026-08-09T16:16:53.184076+00:00
1039570,referee,813607,"FERNANDEZ ALCOBENDAS, OSCAR",Arbitro asistente,https://www.rffm.es/acta-partido/1039570,2026-08-09T16:16:53.184076+00:00
1039570,field_delegate,,"NAVAS LOZANO, FERNANDO",delegado_campo,https://www.rffm.es/acta-partido/1039570,2026-08-09T16:16:53.184076+00:00
1039573,referee,3773,"TOTH, LORAND ZOLTAN",Arbitro principal,https://www.rffm.es/acta-partido/1039573,2026-08-09T16:16:53.188628+00:00
1039573,referee,967704,"ALVARO NEBREDA, JOSE ANGEL",Arbitro asistente,https://www.rffm.es/acta-partido/1039573,2026-08-09T16:16:53.188628+00:00
1039573,referee,718586,"GOMEZ GUILLEN, PEDRO",Arbitro asistente,https://www.rffm.es/acta-partido/1039573,2026-08-09T16:16:53.188628+00:00
1039573,field_delegate,,"LOPEZ FERNANDEZ, MANUEL",delegado_campo,https://www.rffm.es/acta-partido/1039573,2026-08-09T16:16:53.188628+00:00
1039580,referee,3539,"CASTRO MARTIN, FERNANDO",Arbitro principal,https://www.rffm.es/acta-partido/1039580,2026-08-09T16:16:53.451728+00:00
1039580,referee,3812,"FERNANDEZ HURTADO, JOSE LUIS",Arbitro asistente,https://www.rffm.es/acta-partido/1039580,2026-08-09T16:16:53.451728+00:00
1039580,referee,2190,"PLAZA GARCIA, SAUL",Arbitro asistente,https://www.rffm.es/acta-partido/1039580,2026-08-09T16:16:53.451728+00:00
1039580,field_delegate,,"CAMARA GONZALEZ, JUAN JOSE",delegado_campo,https://www.rffm.es/acta-partido/1039580,2026-08-09T16:16:53.451728+00:00
1039574,referee,4112,"RUBIO PINO, CESAR",Arbitro principal,https://www.rffm.es/acta-partido/1039574,2026-08-09T16:16:53.609906+00:00
1039574,referee,1169795,"FERNANDEZ MORENO, ALEJANDRO",Arbitro asistente,https://www.rffm.es/acta-partido/1039574,2026-08-09T16:16:53.609906+00:00
1039574,referee,712561,"CALLEJA SANCHEZ, JULIO FRANCISCO",Arbitro asistente,https://www.rffm.es/acta-partido/1039574,2026-08-09T16:16:53.609906+00:00
1039574,field_delegate,,"DIEZ MARTÍNEZ , MARIO",delegado_campo,https://www.rffm.es/acta-partido/1039574,2026-08-09T16:16:53.609906+00:00
1039581,referee,578072,"BORDONS ROMERO, IGNACIO",Arbitro principal,https://www.rffm.es/acta-partido/1039581,2026-08-09T16:16:54.181107+00:00
1039581,referee,716478,"ALMANSA HERAS, SERGIO",Arbitro asistente,https://www.rffm.es/acta-partido/1039581,2026-08-09T16:16:54.181107+00:00
1039581,referee,718723,"HUERTA DUQUE, MANUEL",Arbitro asistente,https://www.rffm.es/acta-partido/1039581,2026-08-09T16:16:54.181107+00:00
1039581,field_delegate,,"GORDO GARCÍA, FERNANDO",delegado_campo,https://www.rffm.es/acta-partido/1039581,2026-08-09T16:16:54.181107+00:00
1039575,referee,3914,"IBAÑEZ GUTIERREZ, ANGEL",Arbitro principal,https://www.rffm.es/acta-partido/1039575,2026-08-09T16:16:54.295826+00:00
1039575,referee,1169885,"SANTILLAN VELA, FREDDY",Arbitro asistente,https://www.rffm.es/acta-partido/1039575,2026-08-09T16:16:54.295826+00:00
1039575,referee,712561,"CALLEJA SANCHEZ, JULIO FRANCISCO",Arbitro asistente,https://www.rffm.es/acta-partido/1039575,2026-08-09T16:16:54.295826+00:00
1039575,field_delegate,,"MARÍN PELAYO , FRANCISCO ANTONIO",delegado_campo,https://www.rffm.es/acta-partido/1039575,2026-08-09T16:16:54.295826+00:00
1039582,referee,2755,"MONRABAL CASTAÑO, JOSE",Arbitro principal,https://www.rffm.es/acta-partido/1039582,2026-08-09T16:16:54.301521+00:00
1039582,referee,1169777,"DONATO MORALES, ALEJANDRO",Arbitro asistente,https://www.rffm.es/acta-partido/1039582,2026-08-09T16:16:54.301521+00:00
1039582,referee,717741,"CASTAÑEDA RODRIGUEZ, BORJA ANTONIO",Arbitro asistente,https://www.rffm.es/acta-partido/1039582,2026-08-09T16:16:54.301521+00:00
1039582,field_delegate,,"HERRANZ GENEROSO, JESÚS",delegado_campo,https://www.rffm.es/acta-partido/1039582,2026-08-09T16:16:54.301521+00:00
1039584,referee,3535,"ACERO LLAMAS, GUILLERMO",Arbitro principal,https://www.rffm.es/acta-partido/1039584,2026-08-09T16:16:54.487006+00:00
1039584,referee,1169774,"CHASI TOMALO, EDISON LUIS",Arbitro asistente,https://www.rffm.es/acta-partido/1039584,2026-08-09T16:16:54.487006+00:00
1039584,referee,5127,"MUÑOZ SANCHEZ, JUAN",Arbitro asistente,https://www.rffm.es/acta-partido/1039584,2026-08-09T16:16:54.487006+00:00
1039584,field_delegate,,"FRANCO DOMINGUEZ, JULIÁN AVELINO",delegado_campo,https://www.rffm.es/acta-partido/1039584,2026-08-09T16:16:54.487006+00:00
1039569,referee,222,"ROMERO SAEZ, EDUARDO",Arbitro principal,https://www.rffm.es/acta-partido/1039569,2026-08-09T16:16:54.494602+00:00
1039569,referee,1169631,"GUEVARA RAMIREZ, LUIS HERNAN",Arbitro asistente,https://www.rffm.es/acta-partido/1039569,2026-08-09T16:16:54.494602+00:00
1039569,referee,877545,"ILLANA GAGO, GONZALO",Arbitro asistente,https://www.rffm.es/acta-partido/1039569,2026-08-09T16:16:54.494602+00:00
1039569,field_delegate,,"SANCHEZ VICENTE, MIGUEL",delegado_campo,https://www.rffm.es/acta-partido/1039569,2026-08-09T16:16:54.494602+00:00
1039586,referee,719275,"MADROÑAL LORENTE, IVAN",Arbitro principal,https://www.rffm.es/acta-partido/1039586,2026-08-09T16:16:54.497357+00:00
1039586,referee,1169850,"MORATO JIMENEZ, RAMON",Arbitro asistente,https://www.rffm.es/acta-partido/1039586,2026-08-09T16:16:54.497357+00:00
1039586,referee,4546,"BARRADO LACORTE, PEDRO JESUS",Arbitro asistente,https://www.rffm.es/acta-partido/1039586,2026-08-09T16:16:54.497357+00:00
1039586,field_delegate,,"CARRERO BARRAGAN, ANGEL",delegado_campo,https://www.rffm.es/acta-partido/1039586,2026-08-09T16:16:54.497357+00:00
1039579,referee,5076,"SANCHEZ FERNANDEZ DE AVILA, MIGUEL",Arbitro principal,https://www.rffm.es/acta-partido/1039579,2026-08-09T16:16:54.684983+00:00
1039579,referee,945336,"FERNANDEZ FERNANDEZ, DENNIS",Arbitro asistente,https://www.rffm.es/acta-partido/1039579,2026-08-09T16:16:54.684983+00:00
1039579,referee,4267,"ZUJAR MARTINEZ, PEDRO DAVID",Arbitro asistente,https://www.rffm.es/acta-partido/1039579,2026-08-09T16:16:54.684983+00:00
1039579,field_delegate,,"RAMOS VAQUERO, OSCAR FELIPE",delegado_campo,https://www.rffm.es/acta-partido/1039579,2026-08-09T16:16:54.684983+00:00
1039583,referee,804593,"DE MINGO COLLADOS, VICTOR",Arbitro principal,https://www.rffm.es/acta-partido/1039583,2026-08-09T16:16:54.841250+00:00
1039583,referee,1169857,"MURCIEGO CABEZAS, MIGUEL",Arbitro asistente,https://www.rffm.es/acta-partido/1039583,2026-08-09T16:16:54.841250+00:00
1039583,referee,3454,"ARANZANA CARPINTERO, RICARDO",Arbitro asistente,https://www.rffm.es/acta-partido/1039583,2026-08-09T16:16:54.841250+00:00
1039583,field_delegate,,"LOPEZ LORENZO, JOSE",delegado_campo,https://www.rffm.es/acta-partido/1039583,2026-08-09T16:16:54.841250+00:00
1039578,referee,4526,"GARCIA GUTIERREZ, DAVID",Arbitro principal,https://www.rffm.es/acta-partido/1039578,2026-08-09T16:16:55.527141+00:00
1039578,referee,1169888,"SEGOVIA SAN BENITO, CARLOS",Arbitro asistente,https://www.rffm.es/acta-partido/1039578,2026-08-09T16:16:55.527141+00:00
1039578,referee,771863,"BLANCO GONZALEZ, RUBEN",Arbitro asistente,https://www.rffm.es/acta-partido/1039578,2026-08-09T16:16:55.527141+00:00
1039578,field_delegate,,"ANDRADE HIDROVO, JOSE VINICIO",delegado_campo,https://www.rffm.es/acta-partido/1039578,2026-08-09T16:16:55.527141+00:00
1039585,referee,3580,"PARRA GONZALEZ, PABLO",Arbitro principal,https://www.rffm.es/acta-partido/1039585,2026-08-09T16:16:55.613165+00:00
1039585,referee,1169829,"GARCIA CASADO, ALVARO",Arbitro asistente,https://www.rffm.es/acta-partido/1039585,2026-08-09T16:16:55.613165+00:00
1039585,referee,964565,"BELLOSO RIVERO, ABRAHAM",Arbitro asistente,https://www.rffm.es/acta-partido/1039585,2026-08-09T16:16:55.613165+00:00
1039585,field_delegate,,"SÁNCHEZ POSTIGO, FERNANDO",delegado_campo,https://www.rffm.es/acta-partido/1039585,2026-08-09T16:16:55.613165+00:00
1039595,referee,4913,"ARRANZ FURONES, LUIS",Arbitro principal,https://www.rffm.es/acta-partido/1039595,2026-08-09T16:16:55.640531+00:00
1039595,referee,967704,"ALVARO NEBREDA, JOSE ANGEL",Arbitro asistente,https://www.rffm.es/acta-partido/1039595,2026-08-09T16:16:55.640531+00:00
1039595,referee,645830,"VIDALLER SEGURA, LEON",Arbitro asistente,https://www.rffm.es/acta-partido/1039595,2026-08-09T16:16:55.640531+00:00
1039595,field_delegate,,"MUÑOZ HIJICOS FERNANDEZ, VICTOR DAVID",delegado_campo,https://www.rffm.es/acta-partido/1039595,2026-08-09T16:16:55.640531+00:00
1039591,referee,536786,"DIAZ CARRASCO, DIEGO",Arbitro principal,https://www.rffm.es/acta-partido/1039591,2026-08-09T16:16:55.681045+00:00
1039591,referee,716478,"ALMANSA HERAS, SERGIO",Arbitro asistente,https://www.rffm.es/acta-partido/1039591,2026-08-09T16:16:55.681045+00:00
1039591,referee,909095,"BLANCO RIVERA, DANIEL",Arbitro asistente,https://www.rffm.es/acta-partido/1039591,2026-08-09T16:16:55.681045+00:00
1039591,field_delegate,,"PIZARRO MORGADO, JOSÉ",delegado_campo,https://www.rffm.es/acta-partido/1039591,2026-08-09T16:16:55.681045+00:00
1039590,referee,4112,"RUBIO PINO, CESAR",Arbitro principal,https://www.rffm.es/acta-partido/1039590,2026-08-09T16:16:55.685313+00:00
1039590,referee,1169795,"FERNANDEZ MORENO, ALEJANDRO",Arbitro asistente,https://www.rffm.es/acta-partido/1039590,2026-08-09T16:16:55.685313+00:00
1039590,referee,4812,"VALDEPEÑAS CHAO, MARCOS",Arbitro asistente,https://www.rffm.es/acta-partido/1039590,2026-08-09T16:16:55.685313+00:00
1039590,field_delegate,,"CARTAS PRADILLO, MIGUEL ANGEL",delegado_campo,https://www.rffm.es/acta-partido/1039590,2026-08-09T16:16:55.685313+00:00
1039592,referee,665595,"PINILLA SERRANO, ADRIAN",Arbitro principal,https://www.rffm.es/acta-partido/1039592,2026-08-09T16:16:55.763895+00:00
1039592,referee,1169846,"LUMBRERAS RODRIGUEZ, IRENE",Arbitro asistente,https://www.rffm.es/acta-partido/1039592,2026-08-09T16:16:55.763895+00:00
1039592,referee,523234,"ROYO CID, CARLOS",Arbitro asistente,https://www.rffm.es/acta-partido/1039592,2026-08-09T16:16:55.763895+00:00
1039592,field_delegate,,"LOPEZ FERNANDEZ, MANUEL",delegado_campo,https://www.rffm.es/acta-partido/1039592,2026-08-09T16:16:55.763895+00:00
1039593,referee,3914,"IBAÑEZ GUTIERREZ, ANGEL",Arbitro principal,https://www.rffm.es/acta-partido/1039593,2026-08-09T16:16:55.925610+00:00
1039593,referee,1169829,"GARCIA CASADO, ALVARO",Arbitro asistente,https://www.rffm.es/acta-partido/1039593,2026-08-09T16:16:55.925610+00:00
1039593,referee,742557,"IGLESIAS SZENDEFY, MARK",Arbitro asistente,https://www.rffm.es/acta-partido/1039593,2026-08-09T16:16:55.925610+00:00
1039593,field_delegate,,"CUÉLLAR DIEZ, GUILLERMO",delegado_campo,https://www.rffm.es/acta-partido/1039593,2026-08-09T16:16:55.925610+00:00
1039589,referee,3728,"DE LA CRUZ GONZALEZ, JAIME",Arbitro principal,https://www.rffm.es/acta-partido/1039589,2026-08-09T16:16:56.152659+00:00
1039589,referee,1169875,"RUIZ MARTINEZ ALCOCER, ADRIAN",Arbitro asistente,https://www.rffm.es/acta-partido/1039589,2026-08-09T16:16:56.152659+00:00
1039589,referee,4862,"ARANA URRUNAGA, EDDY J.",Arbitro asistente,https://www.rffm.es/acta-partido/1039589,2026-08-09T16:16:56.152659+00:00
1039589,field_delegate,,"NAVAS LOZANO, FERNANDO",delegado_campo,https://www.rffm.es/acta-partido/1039589,2026-08-09T16:16:56.152659+00:00
1039594,referee,4413,"FERNANDEZ MARUGAN, MARIO ALEXIS",Arbitro principal,https://www.rffm.es/acta-partido/1039594,2026-08-09T16:16:56.530633+00:00
1039594,referee,1169774,"CHASI TOMALO, EDISON LUIS",Arbitro asistente,https://www.rffm.es/acta-partido/1039594,2026-08-09T16:16:56.530633+00:00
1039594,referee,591070,"OLIVA RAMOS, ALVARO",Arbitro asistente,https://www.rffm.es/acta-partido/1039594,2026-08-09T16:16:56.530633+00:00
1039594,field_delegate,,"MARÍN PELAYO , FRANCISCO ANTONIO",delegado_campo,https://www.rffm.es/acta-partido/1039594,2026-08-09T16:16:56.530633+00:00
1039604,referee,592583,"MARTINEZ MANSILLA, MIGUEL",Arbitro principal,https://www.rffm.es/acta-partido/1039604,2026-08-09T16:16:56.567262+00:00
1039604,referee,716478,"ALMANSA HERAS, SERGIO",Arbitro asistente,https://www.rffm.es/acta-partido/1039604,2026-08-09T16:16:56.567262+00:00
1039604,referee,718723,"HUERTA DUQUE, MANUEL",Arbitro asistente,https://www.rffm.es/acta-partido/1039604,2026-08-09T16:16:56.567262+00:00
1039604,field_delegate,,"PARRO PARRO , RAFAEL",delegado_campo,https://www.rffm.es/acta-partido/1039604,2026-08-09T16:16:56.567262+00:00
1039587,referee,636170,"CONDE CLEMENTE, KILIAN",Arbitro principal,https://www.rffm.es/acta-partido/1039587,2026-08-09T16:16:56.731206+00:00
1039587,referee,1169885,"SANTILLAN VELA, FREDDY",Arbitro asistente,https://www.rffm.es/acta-partido/1039587,2026-08-09T16:16:56.731206+00:00
1039587,referee,964565,"BELLOSO RIVERO, ABRAHAM",Arbitro asistente,https://www.rffm.es/acta-partido/1039587,2026-08-09T16:16:56.731206+00:00
1039587,field_delegate,,"GARROSA ENRIQUE, ADRIAN",delegado_campo,https://www.rffm.es/acta-partido/1039587,2026-08-09T16:16:56.731206+00:00
1039588,referee,1181959,"PIÑEIRO MARCOS, ALEJANDRO",Arbitro principal,https://www.rffm.es/acta-partido/1039588,2026-08-09T16:16:56.823159+00:00
1039588,referee,1169770,"BELHAJ HARBI, AYMAN",Arbitro asistente,https://www.rffm.es/acta-partido/1039588,2026-08-09T16:16:56.823159+00:00
1039588,referee,909095,"BLANCO RIVERA, DANIEL",Arbitro asistente,https://www.rffm.es/acta-partido/1039588,2026-08-09T16:16:56.823159+00:00
1039588,field_delegate,,"JAKSON CASTRO, CARLOS",delegado_campo,https://www.rffm.es/acta-partido/1039588,2026-08-09T16:16:56.823159+00:00
1039597,referee,4083,"FUENTES CASTAÑO, AGUSTIN",Arbitro principal,https://www.rffm.es/acta-partido/1039597,2026-08-09T16:16:56.920712+00:00
1039597,referee,1169854,"MUÑOZ CERRADA, IGNACIO",Arbitro asistente,https://www.rffm.es/acta-partido/1039597,2026-08-09T16:16:56.920712+00:00
1039597,referee,4546,"BARRADO LACORTE, PEDRO JESUS",Arbitro asistente,https://www.rffm.es/acta-partido/1039597,2026-08-09T16:16:56.920712+00:00
1039597,field_delegate,,"MARTIN CABEZUELO, ALVARO",delegado_campo,https://www.rffm.es/acta-partido/1039597,2026-08-09T16:16:56.920712+00:00
1039598,referee,742609,"PEREZ TORRES, DIEGO",Arbitro principal,https://www.rffm.es/acta-partido/1039598,2026-08-09T16:16:56.927787+00:00
1039598,referee,1169897,"TORRALBA RODRIGUEZ, MANUEL",Arbitro asistente,https://www.rffm.es/acta-partido/1039598,2026-08-09T16:16:56.927787+00:00
1039598,referee,5157,"GONZALEZ SANGUINO, JUAN",Arbitro asistente,https://www.rffm.es/acta-partido/1039598,2026-08-09T16:16:56.927787+00:00
1039598,field_delegate,,"PACHECO IGUAZ, VICTOR",delegado_campo,https://www.rffm.es/acta-partido/1039598,2026-08-09T16:16:56.927787+00:00
1039599,referee,591020,"DE GUSTIN PINTO, DAVID",Arbitro principal,https://www.rffm.es/acta-partido/1039599,2026-08-09T16:16:57.178518+00:00
1039599,referee,1169875,"RUIZ MARTINEZ ALCOCER, ADRIAN",Arbitro asistente,https://www.rffm.es/acta-partido/1039599,2026-08-09T16:16:57.178518+00:00
1039599,referee,822731,"CABERO VALLE, IGNACIO JOSE",Arbitro asistente,https://www.rffm.es/acta-partido/1039599,2026-08-09T16:16:57.178518+00:00
1039599,field_delegate,,"HERRANZ GENEROSO, JESÚS",delegado_campo,https://www.rffm.es/acta-partido/1039599,2026-08-09T16:16:57.178518+00:00
1039601,referee,719275,"MADROÑAL LORENTE, IVAN",Arbitro principal,https://www.rffm.es/acta-partido/1039601,2026-08-09T16:16:57.401275+00:00
1039601,referee,1169888,"SEGOVIA SAN BENITO, CARLOS",Arbitro asistente,https://www.rffm.es/acta-partido/1039601,2026-08-09T16:16:57.401275+00:00
1039601,referee,877940,"CABADO RODRIGUEZ, YAGO",Arbitro asistente,https://www.rffm.es/acta-partido/1039601,2026-08-09T16:16:57.401275+00:00
1039601,field_delegate,,"FRANCO DOMINGUEZ, JULIÁN AVELINO",delegado_campo,https://www.rffm.es/acta-partido/1039601,2026-08-09T16:16:57.401275+00:00
1039603,referee,656463,"MARTINEZ PRIETO, ARTURO",Arbitro principal,https://www.rffm.es/acta-partido/1039603,2026-08-09T16:16:57.703798+00:00
1039603,referee,975055,"VALLE DOMINGO, ANTONIO",Arbitro asistente,https://www.rffm.es/acta-partido/1039603,2026-08-09T16:16:57.703798+00:00
1039603,referee,822935,"LOPEZ PIÑA, GONZALO",Arbitro asistente,https://www.rffm.es/acta-partido/1039603,2026-08-09T16:16:57.703798+00:00
1039603,field_delegate,,"DE MIGUEL MARTINEZ, JESUS",delegado_campo,https://www.rffm.es/acta-partido/1039603,2026-08-09T16:16:57.703798+00:00
1039596,referee,3824,"PUENTE BONILLA, PABLO",Arbitro principal,https://www.rffm.es/acta-partido/1039596,2026-08-09T16:16:57.860808+00:00
1039596,referee,1169846,"LUMBRERAS RODRIGUEZ, IRENE",Arbitro asistente,https://www.rffm.es/acta-partido/1039596,2026-08-09T16:16:57.860808+00:00
1039596,referee,894373,"CALVO VALENTIN, ELISABETH",Arbitro asistente,https://www.rffm.es/acta-partido/1039596,2026-08-09T16:16:57.860808+00:00
1039596,field_delegate,,"GARRIDO GRANDE, VÍCTOR",delegado_campo,https://www.rffm.es/acta-partido/1039596,2026-08-09T16:16:57.860808+00:00
1039600,referee,712615,"URBINA ESCALONA, ALEJANDRO",Arbitro principal,https://www.rffm.es/acta-partido/1039600,2026-08-09T16:16:57.990292+00:00
1039600,referee,1169795,"FERNANDEZ MORENO, ALEJANDRO",Arbitro asistente,https://www.rffm.es/acta-partido/1039600,2026-08-09T16:16:57.990292+00:00
1039600,referee,717741,"CASTAÑEDA RODRIGUEZ, BORJA ANTONIO",Arbitro asistente,https://www.rffm.es/acta-partido/1039600,2026-08-09T16:16:57.990292+00:00
1039600,field_delegate,,"RODRIGUEZ ORTEGA, ALEJANDRO",delegado_campo,https://www.rffm.es/acta-partido/1039600,2026-08-09T16:16:57.990292+00:00
1039602,referee,5109,"FAJARDO FERNANDEZ, HECTOR",Arbitro principal,https://www.rffm.es/acta-partido/1039602,2026-08-09T16:16:58.042477+00:00
1039602,referee,4916,"DIAZ CARRASCO, CESAR",Arbitro asistente,https://www.rffm.es/acta-partido/1039602,2026-08-09T16:16:58.042477+00:00
1039602,referee,5205,"GONZALEZ OLIVA, ALBERTO",Arbitro asistente,https://www.rffm.es/acta-partido/1039602,2026-08-09T16:16:58.042477+00:00
1039602,field_delegate,,"SÁNCHEZ POSTIGO, FERNANDO",delegado_campo,https://www.rffm.es/acta-partido/1039602,2026-08-09T16:16:58.042477+00:00
1039605,referee,645710,"CASTRO MANQUILLO, SEBASTIAN",Arbitro principal,https://www.rffm.es/acta-partido/1039605,2026-08-09T16:16:58.144789+00:00
1039605,referee,1169897,"TORRALBA RODRIGUEZ, MANUEL",Arbitro asistente,https://www.rffm.es/acta-partido/1039605,2026-08-09T16:16:58.144789+00:00
1039605,referee,3895,"BOR, TAMAS",Arbitro asistente,https://www.rffm.es/acta-partido/1039605,2026-08-09T16:16:58.144789+00:00
1039605,field_delegate,,"SANCHEZ VICENTE, MIGUEL",delegado_campo,https://www.rffm.es/acta-partido/1039605,2026-08-09T16:16:58.144789+00:00
1039611,referee,578072,"BORDONS ROMERO, IGNACIO",Arbitro principal,https://www.rffm.es/acta-partido/1039611,2026-08-09T16:16:58.606380+00:00
1039611,referee,1169846,"LUMBRERAS RODRIGUEZ, IRENE",Arbitro asistente,https://www.rffm.es/acta-partido/1039611,2026-08-09T16:16:58.606380+00:00
1039611,referee,878313,"VICENTE JUAREZ, ANGEL",Arbitro asistente,https://www.rffm.es/acta-partido/1039611,2026-08-09T16:16:58.606380+00:00
1039611,field_delegate,,"LOPEZ FERNANDEZ, MANUEL",delegado_campo,https://www.rffm.es/acta-partido/1039611,2026-08-09T16:16:58.606380+00:00
1039609,referee,3535,"ACERO LLAMAS, GUILLERMO",Arbitro principal,https://www.rffm.es/acta-partido/1039609,2026-08-09T16:16:58.822156+00:00
1039609,referee,1169631,"GUEVARA RAMIREZ, LUIS HERNAN",Arbitro asistente,https://www.rffm.es/acta-partido/1039609,2026-08-09T16:16:58.822156+00:00
1039609,referee,909095,"BLANCO RIVERA, DANIEL",Arbitro asistente,https://www.rffm.es/acta-partido/1039609,2026-08-09T16:16:58.822156+00:00
1039609,field_delegate,,"FERNANDEZ VILLALTA, FRANCISCO",delegado_campo,https://www.rffm.es/acta-partido/1039609,2026-08-09T16:16:58.822156+00:00
1039607,referee,645721,"DIAZ RODRIGUEZ, LUIS MIGUEL",Arbitro principal,https://www.rffm.es/acta-partido/1039607,2026-08-09T16:16:58.961075+00:00
1039607,referee,1169838,"JURCA, MIHAI ALEXANDRU",Arbitro asistente,https://www.rffm.es/acta-partido/1039607,2026-08-09T16:16:58.961075+00:00
1039607,referee,5105,"CARDERO ARRANZ, SANTIAGO",Arbitro asistente,https://www.rffm.es/acta-partido/1039607,2026-08-09T16:16:58.961075+00:00
1039607,field_delegate,,"JAKSON CASTRO, CARLOS",delegado_campo,https://www.rffm.es/acta-partido/1039607,2026-08-09T16:16:58.961075+00:00
1039608,referee,1091,"VALVERDE SANCHEZ, ANGEL LUIS",Arbitro principal,https://www.rffm.es/acta-partido/1039608,2026-08-09T16:16:59.065837+00:00
1039608,referee,1169854,"MUÑOZ CERRADA, IGNACIO",Arbitro asistente,https://www.rffm.es/acta-partido/1039608,2026-08-09T16:16:59.065837+00:00
1039608,referee,5162,"LOPEZ SORIA, JAVIER NICOLAS",Arbitro asistente,https://www.rffm.es/acta-partido/1039608,2026-08-09T16:16:59.065837+00:00
1039608,field_delegate,,"NAVAS LOZANO, FERNANDO",delegado_campo,https://www.rffm.es/acta-partido/1039608,2026-08-09T16:16:59.065837+00:00
1039612,referee,2085,"CARRALERO CALVO, MANUEL",Arbitro principal,https://www.rffm.es/acta-partido/1039612,2026-08-09T16:16:59.206743+00:00
1039612,referee,1169809,"GONZALEZ MENDES, SORAYA",Arbitro asistente,https://www.rffm.es/acta-partido/1039612,2026-08-09T16:16:59.206743+00:00
1039612,referee,712561,"CALLEJA SANCHEZ, JULIO FRANCISCO",Arbitro asistente,https://www.rffm.es/acta-partido/1039612,2026-08-09T16:16:59.206743+00:00
1039612,field_delegate,,"CUÉLLAR DIEZ, GUILLERMO",delegado_campo,https://www.rffm.es/acta-partido/1039612,2026-08-09T16:16:59.206743+00:00
1039613,referee,4940,"SANCHEZ CORTEZ, JORGE ALFREDO",Arbitro principal,https://www.rffm.es/acta-partido/1039613,2026-08-09T16:16:59.273604+00:00
1039613,referee,1169795,"FERNANDEZ MORENO, ALEJANDRO",Arbitro asistente,https://www.rffm.es/acta-partido/1039613,2026-08-09T16:16:59.273604+00:00
1039613,referee,813607,"FERNANDEZ ALCOBENDAS, OSCAR",Arbitro asistente,https://www.rffm.es/acta-partido/1039613,2026-08-09T16:16:59.273604+00:00
1039613,field_delegate,,"MARÍN PELAYO , FRANCISCO ANTONIO",delegado_campo,https://www.rffm.es/acta-partido/1039613,2026-08-09T16:16:59.273604+00:00
1039610,referee,3902,"FEITO RABANAL, DAVID",Arbitro principal,https://www.rffm.es/acta-partido/1039610,2026-08-09T16:16:59.280281+00:00
1039610,referee,3812,"FERNANDEZ HURTADO, JOSE LUIS",Arbitro asistente,https://www.rffm.es/acta-partido/1039610,2026-08-09T16:16:59.280281+00:00
1039610,referee,973968,"ESPINOSA SEDANO, JORGE",Arbitro asistente,https://www.rffm.es/acta-partido/1039610,2026-08-09T16:16:59.280281+00:00
1039610,field_delegate,,"PIZARRO MORGADO, JOSÉ",delegado_campo,https://www.rffm.es/acta-partido/1039610,2026-08-09T16:16:59.280281+00:00
1039614,referee,636170,"CONDE CLEMENTE, KILIAN",Arbitro principal,https://www.rffm.es/acta-partido/1039614,2026-08-09T16:16:59.421823+00:00
1039614,referee,1169809,"GONZALEZ MENDES, SORAYA",Arbitro asistente,https://www.rffm.es/acta-partido/1039614,2026-08-09T16:16:59.421823+00:00
1039614,referee,534643,"CASTILLA APARICIO, DIEGO",Arbitro asistente,https://www.rffm.es/acta-partido/1039614,2026-08-09T16:16:59.421823+00:00
1039614,field_delegate,,"CAMARA GONZALEZ, JUAN JOSE",delegado_campo,https://www.rffm.es/acta-partido/1039614,2026-08-09T16:16:59.421823+00:00
1039606,referee,2755,"MONRABAL CASTAÑO, JOSE",Arbitro principal,https://www.rffm.es/acta-partido/1039606,2026-08-09T16:16:59.811049+00:00
1039606,referee,1169900,"VALLE DOMINGO, ANTONIO",Arbitro asistente,https://www.rffm.es/acta-partido/1039606,2026-08-09T16:16:59.811049+00:00
1039606,referee,5205,"GONZALEZ OLIVA, ALBERTO",Arbitro asistente,https://www.rffm.es/acta-partido/1039606,2026-08-09T16:16:59.811049+00:00
1039606,field_delegate,,"PERALBO PEINADO, FLORENCIO",delegado_campo,https://www.rffm.es/acta-partido/1039606,2026-08-09T16:16:59.811049+00:00
1039622,referee,665595,"PINILLA SERRANO, ADRIAN",Arbitro principal,https://www.rffm.es/acta-partido/1039622,2026-08-09T16:16:59.832000+00:00
1039622,referee,1169900,"VALLE DOMINGO, ANTONIO",Arbitro asistente,https://www.rffm.es/acta-partido/1039622,2026-08-09T16:16:59.832000+00:00
1039622,referee,878313,"VICENTE JUAREZ, ANGEL",Arbitro asistente,https://www.rffm.es/acta-partido/1039622,2026-08-09T16:16:59.832000+00:00
1039622,field_delegate,,"MARÍN PELAYO , FRANCISCO ANTONIO",delegado_campo,https://www.rffm.es/acta-partido/1039622,2026-08-09T16:16:59.832000+00:00
1039621,referee,718977,"KOURTAM CHEHLAOUI, KHALID",Arbitro principal,https://www.rffm.es/acta-partido/1039621,2026-08-09T16:16:59.839726+00:00
1039621,referee,967704,"ALVARO NEBREDA, JOSE ANGEL",Arbitro asistente,https://www.rffm.es/acta-partido/1039621,2026-08-09T16:16:59.839726+00:00
1039621,referee,822731,"CABERO VALLE, IGNACIO JOSE",Arbitro asistente,https://www.rffm.es/acta-partido/1039621,2026-08-09T16:16:59.839726+00:00
1039621,field_delegate,,"PARRO PARRO , RAFAEL",delegado_campo,https://www.rffm.es/acta-partido/1039621,2026-08-09T16:16:59.839726+00:00
1039615,referee,785202,"PEREZ SANCHEZ, ALEJANDRO",Arbitro principal,https://www.rffm.es/acta-partido/1039615,2026-08-09T16:17:00.187587+00:00
1039615,referee,1169857,"MURCIEGO CABEZAS, MIGUEL",Arbitro asistente,https://www.rffm.es/acta-partido/1039615,2026-08-09T16:17:00.187587+00:00
1039615,referee,877935,"BUSTOS PEREIRA, ENRIQUE",Arbitro asistente,https://www.rffm.es/acta-partido/1039615,2026-08-09T16:17:00.187587+00:00
1039615,field_delegate,,"PACHECO IGUAZ, ALEJANDRO",delegado_campo,https://www.rffm.es/acta-partido/1039615,2026-08-09T16:17:00.187587+00:00
1039616,referee,1181959,"PIÑEIRO MARCOS, ALEJANDRO",Arbitro principal,https://www.rffm.es/acta-partido/1039616,2026-08-09T16:17:00.265640+00:00
1039616,referee,1169777,"DONATO MORALES, ALEJANDRO",Arbitro asistente,https://www.rffm.es/acta-partido/1039616,2026-08-09T16:17:00.265640+00:00
1039616,referee,909095,"BLANCO RIVERA, DANIEL",Arbitro asistente,https://www.rffm.es/acta-partido/1039616,2026-08-09T16:17:00.265640+00:00
1039616,field_delegate,,"HERRANZ GENEROSO, JESÚS",delegado_campo,https://www.rffm.es/acta-partido/1039616,2026-08-09T16:17:00.265640+00:00
1039618,referee,4793,"BENITO MARTINEZ, SERGIO",Arbitro principal,https://www.rffm.es/acta-partido/1039618,2026-08-09T16:17:00.533764+00:00
1039618,referee,1169795,"FERNANDEZ MORENO, ALEJANDRO",Arbitro asistente,https://www.rffm.es/acta-partido/1039618,2026-08-09T16:17:00.533764+00:00
1039618,referee,712561,"CALLEJA SANCHEZ, JULIO FRANCISCO",Arbitro asistente,https://www.rffm.es/acta-partido/1039618,2026-08-09T16:17:00.533764+00:00
1039618,field_delegate,,"FRANCO DOMINGUEZ, JULIÁN AVELINO",delegado_campo,https://www.rffm.es/acta-partido/1039618,2026-08-09T16:17:00.533764+00:00
1039620,referee,4413,"FERNANDEZ MARUGAN, MARIO ALEXIS",Arbitro principal,https://www.rffm.es/acta-partido/1039620,2026-08-09T16:17:00.650873+00:00
1039620,referee,1169854,"MUÑOZ CERRADA, IGNACIO",Arbitro asistente,https://www.rffm.es/acta-partido/1039620,2026-08-09T16:17:00.650873+00:00
1039620,referee,5157,"GONZALEZ SANGUINO, JUAN",Arbitro asistente,https://www.rffm.es/acta-partido/1039620,2026-08-09T16:17:00.650873+00:00
1039620,field_delegate,,"CARRERO BARRAGAN, ANGEL",delegado_campo,https://www.rffm.es/acta-partido/1039620,2026-08-09T16:17:00.650873+00:00
1039619,referee,3539,"CASTRO MARTIN, FERNANDO",Arbitro principal,https://www.rffm.es/acta-partido/1039619,2026-08-09T16:17:00.738524+00:00
1039619,referee,1169838,"JURCA, MIHAI ALEXANDRU",Arbitro asistente,https://www.rffm.es/acta-partido/1039619,2026-08-09T16:17:00.738524+00:00
1039619,referee,4546,"BARRADO LACORTE, PEDRO JESUS",Arbitro asistente,https://www.rffm.es/acta-partido/1039619,2026-08-09T16:17:00.738524+00:00
1039619,field_delegate,,"SÁNCHEZ POSTIGO, FERNANDO",delegado_campo,https://www.rffm.es/acta-partido/1039619,2026-08-09T16:17:00.738524+00:00
1039617,referee,645067,"MUÑOZ MORENO, JAIME",Arbitro principal,https://www.rffm.es/acta-partido/1039617,2026-08-09T16:17:00.812533+00:00
1039617,referee,1169800,"FORTUNA GIRON, JULEN",Arbitro asistente,https://www.rffm.es/acta-partido/1039617,2026-08-09T16:17:00.812533+00:00
1039617,referee,3919,"LOPEZ DEL PRECINTO, DAVID",Arbitro asistente,https://www.rffm.es/acta-partido/1039617,2026-08-09T16:17:00.812533+00:00
1039617,field_delegate,,"RODRIGUEZ ORTEGA, ALEJANDRO",delegado_campo,https://www.rffm.es/acta-partido/1039617,2026-08-09T16:17:00.812533+00:00
1039623,referee,4112,"RUBIO PINO, CESAR",Arbitro principal,https://www.rffm.es/acta-partido/1039623,2026-08-09T16:17:01.045033+00:00
1039623,referee,1169795,"FERNANDEZ MORENO, ALEJANDRO",Arbitro asistente,https://www.rffm.es/acta-partido/1039623,2026-08-09T16:17:01.045033+00:00
1039623,referee,712561,"CALLEJA SANCHEZ, JULIO FRANCISCO",Arbitro asistente,https://www.rffm.es/acta-partido/1039623,2026-08-09T16:17:01.045033+00:00
1039623,field_delegate,,"CAMARA GONZALEZ, JUAN JOSE",delegado_campo,https://www.rffm.es/acta-partido/1039623,2026-08-09T16:17:01.045033+00:00
1039628,referee,712615,"URBINA ESCALONA, ALEJANDRO",Arbitro principal,https://www.rffm.es/acta-partido/1039628,2026-08-09T16:17:01.265480+00:00
1039628,referee,1169850,"MORATO JIMENEZ, RAMON",Arbitro asistente,https://www.rffm.es/acta-partido/1039628,2026-08-09T16:17:01.265480+00:00
1039628,referee,4812,"VALDEPEÑAS CHAO, MARCOS",Arbitro asistente,https://www.rffm.es/acta-partido/1039628,2026-08-09T16:17:01.265480+00:00
1039628,field_delegate,,"FERNANDEZ VILLALTA, FRANCISCO",delegado_campo,https://www.rffm.es/acta-partido/1039628,2026-08-09T16:17:01.265480+00:00
1039630,referee,2591,"CALVO GONZALEZ, JAVIER",Arbitro principal,https://www.rffm.es/acta-partido/1039630,2026-08-09T16:17:01.736661+00:00
1039630,referee,3812,"FERNANDEZ HURTADO, JOSE LUIS",Arbitro asistente,https://www.rffm.es/acta-partido/1039630,2026-08-09T16:17:01.736661+00:00
1039630,referee,3444,"MONTES GARCIA-NAVAS, JERONIMO",Arbitro asistente,https://www.rffm.es/acta-partido/1039630,2026-08-09T16:17:01.736661+00:00
1039630,field_delegate,,"LOPEZ FERNANDEZ, MANUEL",delegado_campo,https://www.rffm.es/acta-partido/1039630,2026-08-09T16:17:01.736661+00:00
1039629,referee,591116,"TORRALBA CASTAÑEDA, PABLO",Arbitro principal,https://www.rffm.es/acta-partido/1039629,2026-08-09T16:17:01.763337+00:00
1039629,referee,1169766,"ABAJO FERNANDEZ, JORGE",Arbitro asistente,https://www.rffm.es/acta-partido/1039629,2026-08-09T16:17:01.763337+00:00
1039629,referee,2190,"PLAZA GARCIA, SAUL",Arbitro asistente,https://www.rffm.es/acta-partido/1039629,2026-08-09T16:17:01.763337+00:00
1039629,field_delegate,,"WICHMANN , NATALIE",delegado_campo,https://www.rffm.es/acta-partido/1039629,2026-08-09T16:17:01.763337+00:00
1039631,referee,2909,"DE LA IGLESIA DE LA IGLESIA, ALVARO",Arbitro principal,https://www.rffm.es/acta-partido/1039631,2026-08-09T16:17:02.107471+00:00
1039631,referee,1169631,"GUEVARA RAMIREZ, LUIS HERNAN",Arbitro asistente,https://www.rffm.es/acta-partido/1039631,2026-08-09T16:17:02.107471+00:00
1039631,referee,2934,"GAY VAZQUEZ, DIEGO",Arbitro asistente,https://www.rffm.es/acta-partido/1039631,2026-08-09T16:17:02.107471+00:00
1039631,field_delegate,,"CUÉLLAR DIEZ, GUILLERMO",delegado_campo,https://www.rffm.es/acta-partido/1039631,2026-08-09T16:17:02.107471+00:00
1039624,referee,4913,"ARRANZ FURONES, LUIS",Arbitro principal,https://www.rffm.es/acta-partido/1039624,2026-08-09T16:17:02.169366+00:00
1039624,referee,967704,"ALVARO NEBREDA, JOSE ANGEL",Arbitro asistente,https://www.rffm.es/acta-partido/1039624,2026-08-09T16:17:02.169366+00:00
1039624,referee,797585,"FRAMIÑAN GARCIA, SERGIO",Arbitro asistente,https://www.rffm.es/acta-partido/1039624,2026-08-09T16:17:02.169366+00:00
1039624,field_delegate,,"GARRIDO GRANDE, VÍCTOR",delegado_campo,https://www.rffm.es/acta-partido/1039624,2026-08-09T16:17:02.169366+00:00
1039626,referee,742609,"PEREZ TORRES, DIEGO",Arbitro principal,https://www.rffm.es/acta-partido/1039626,2026-08-09T16:17:02.331854+00:00
1039626,referee,1169897,"TORRALBA RODRIGUEZ, MANUEL",Arbitro asistente,https://www.rffm.es/acta-partido/1039626,2026-08-09T16:17:02.331854+00:00
1039626,referee,768,"PUERTA SANCHEZ, BASILIO",Arbitro asistente,https://www.rffm.es/acta-partido/1039626,2026-08-09T16:17:02.331854+00:00
1039626,field_delegate,,"JAKSON CASTRO, CARLOS",delegado_campo,https://www.rffm.es/acta-partido/1039626,2026-08-09T16:17:02.331854+00:00
1039627,referee,591020,"DE GUSTIN PINTO, DAVID",Arbitro principal,https://www.rffm.es/acta-partido/1039627,2026-08-09T16:17:02.337618+00:00
1039627,referee,1169816,"GOMEZ HERRERO, ALEJANDRO",Arbitro asistente,https://www.rffm.es/acta-partido/1039627,2026-08-09T16:17:02.337618+00:00
1039627,referee,3925,"PARRA GONZALEZ, VICTOR",Arbitro asistente,https://www.rffm.es/acta-partido/1039627,2026-08-09T16:17:02.337618+00:00
1039627,field_delegate,,"NAVAS LOZANO, FERNANDO",delegado_campo,https://www.rffm.es/acta-partido/1039627,2026-08-09T16:17:02.337618+00:00
1039632,referee,536786,"DIAZ CARRASCO, DIEGO",Arbitro principal,https://www.rffm.es/acta-partido/1039632,2026-08-09T16:17:02.746125+00:00
1039632,referee,1169871,"ROMANILLOS GARCIA, GONZALO",Arbitro asistente,https://www.rffm.es/acta-partido/1039632,2026-08-09T16:17:02.746125+00:00
1039632,referee,813607,"FERNANDEZ ALCOBENDAS, OSCAR",Arbitro asistente,https://www.rffm.es/acta-partido/1039632,2026-08-09T16:17:02.746125+00:00
1039632,field_delegate,,"GORDO GARCIA, FERNANDO",delegado_campo,https://www.rffm.es/acta-partido/1039632,2026-08-09T16:17:02.746125+00:00
1039636,referee,804593,"DE MINGO COLLADOS, VICTOR",Arbitro principal,https://www.rffm.es/acta-partido/1039636,2026-08-09T16:17:02.801716+00:00
1039636,referee,1169850,"MORATO JIMENEZ, RAMON",Arbitro asistente,https://www.rffm.es/acta-partido/1039636,2026-08-09T16:17:02.801716+00:00
1039636,referee,909095,"BLANCO RIVERA, DANIEL",Arbitro asistente,https://www.rffm.es/acta-partido/1039636,2026-08-09T16:17:02.801716+00:00
1039636,field_delegate,,"SÁNCHEZ POSTIGO, FERNANDO",delegado_campo,https://www.rffm.es/acta-partido/1039636,2026-08-09T16:17:02.801716+00:00
1039625,referee,645710,"CASTRO MANQUILLO, SEBASTIAN",Arbitro principal,https://www.rffm.es/acta-partido/1039625,2026-08-09T16:17:02.921787+00:00
1039625,referee,1169838,"JURCA, MIHAI ALEXANDRU",Arbitro asistente,https://www.rffm.es/acta-partido/1039625,2026-08-09T16:17:02.921787+00:00
1039625,referee,523234,"ROYO CID, CARLOS",Arbitro asistente,https://www.rffm.es/acta-partido/1039625,2026-08-09T16:17:02.921787+00:00
1039625,field_delegate,,"PERALBO PEINADO, FLORENCIO",delegado_campo,https://www.rffm.es/acta-partido/1039625,2026-08-09T16:17:02.921787+00:00
1039635,referee,1050822,"CHAVARRIA GIL, JESUS",Arbitro principal,https://www.rffm.es/acta-partido/1039635,2026-08-09T16:17:02.926027+00:00
1039635,referee,1169770,"BELHAJ HARBI, AYMAN",Arbitro asistente,https://www.rffm.es/acta-partido/1039635,2026-08-09T16:17:02.926027+00:00
1039635,referee,536790,"ESPINOSA ARANDA, DANIEL",Arbitro asistente,https://www.rffm.es/acta-partido/1039635,2026-08-09T16:17:02.926027+00:00
1039635,field_delegate,,"FRANCO DOMINGUEZ, JUAN AVELINO",delegado_campo,https://www.rffm.es/acta-partido/1039635,2026-08-09T16:17:02.926027+00:00
1039633,referee,4793,"BENITO MARTINEZ, SERGIO",Arbitro principal,https://www.rffm.es/acta-partido/1039633,2026-08-09T16:17:03.247938+00:00
1039633,referee,1169875,"RUIZ MARTINEZ ALCOCER, ADRIAN",Arbitro asistente,https://www.rffm.es/acta-partido/1039633,2026-08-09T16:17:03.247938+00:00
1039633,referee,712561,"CALLEJA SANCHEZ, JULIO FRANCISCO",Arbitro asistente,https://www.rffm.es/acta-partido/1039633,2026-08-09T16:17:03.247938+00:00
1039633,field_delegate,,"HERRANZ GENEROSO, JESÚS",delegado_campo,https://www.rffm.es/acta-partido/1039633,2026-08-09T16:17:03.247938+00:00
1039637,referee,4940,"SANCHEZ CORTEZ, JORGE ALFREDO",Arbitro principal,https://www.rffm.es/acta-partido/1039637,2026-08-09T16:17:03.448606+00:00
1039637,referee,1169795,"FERNANDEZ MORENO, ALEJANDRO",Arbitro asistente,https://www.rffm.es/acta-partido/1039637,2026-08-09T16:17:03.448606+00:00
1039637,referee,534643,"CASTILLA APARICIO, DIEGO",Arbitro asistente,https://www.rffm.es/acta-partido/1039637,2026-08-09T16:17:03.448606+00:00
1039637,field_delegate,,"CARRERO BARRAGAN, ANGEL",delegado_campo,https://www.rffm.es/acta-partido/1039637,2026-08-09T16:17:03.448606+00:00
1039634,referee,539246,"RODRIGUEZ RECIO, ALVARO",Arbitro principal,https://www.rffm.es/acta-partido/1039634,2026-08-09T16:17:03.670247+00:00
1039634,referee,1169857,"MURCIEGO CABEZAS, MIGUEL",Arbitro asistente,https://www.rffm.es/acta-partido/1039634,2026-08-09T16:17:03.670247+00:00
1039634,referee,4674,"GARCIA PADILLA, ALVARO",Arbitro asistente,https://www.rffm.es/acta-partido/1039634,2026-08-09T16:17:03.670247+00:00
1039634,field_delegate,,"RODRIGUEZ ORTEGA, ALEJANDRO",delegado_campo,https://www.rffm.es/acta-partido/1039634,2026-08-09T16:17:03.670247+00:00
1039638,referee,645721,"DIAZ RODRIGUEZ, LUIS MIGUEL",Arbitro principal,https://www.rffm.es/acta-partido/1039638,2026-08-09T16:17:03.749787+00:00
1039638,referee,1169838,"JURCA, MIHAI ALEXANDRU",Arbitro asistente,https://www.rffm.es/acta-partido/1039638,2026-08-09T16:17:03.749787+00:00
1039638,referee,5105,"CARDERO ARRANZ, SANTIAGO",Arbitro asistente,https://www.rffm.es/acta-partido/1039638,2026-08-09T16:17:03.749787+00:00
1039638,field_delegate,,"PARRO PARRO , RAFAEL",delegado_campo,https://www.rffm.es/acta-partido/1039638,2026-08-09T16:17:03.749787+00:00
1174356,referee,636170,"CONDE CLEMENTE, KILIAN",Arbitro principal,https://www.rffm.es/acta-partido/1174356,2026-08-09T16:17:04.197797+00:00
1174356,referee,5086,"BRITOS DELGADO, LUIS",Arbitro asistente,https://www.rffm.es/acta-partido/1174356,2026-08-09T16:17:04.197797+00:00
1174356,referee,799553,"CONDE CLEMENTE, KEVIN",Arbitro asistente,https://www.rffm.es/acta-partido/1174356,2026-08-09T16:17:04.197797+00:00
1174356,referee,539246,"RODRIGUEZ RECIO, ALVARO",,https://www.rffm.es/acta-partido/1174356,2026-08-09T16:17:04.197797+00:00
1174356,field_delegate,,"RECIO ORTEGA , JESUS",delegado_campo,https://www.rffm.es/acta-partido/1174356,2026-08-09T16:17:04.197797+00:00
1039639,referee,4526,"GARCIA GUTIERREZ, DAVID",Arbitro principal,https://www.rffm.es/acta-partido/1039639,2026-08-09T16:17:04.842989+00:00
1039639,referee,1169888,"SEGOVIA SAN BENITO, CARLOS",Arbitro asistente,https://www.rffm.es/acta-partido/1039639,2026-08-09T16:17:04.842989+00:00
1039639,referee,877467,"CARRASCOSA VÁZQUEZ, CRISTIAN JOSÉ",Arbitro asistente,https://www.rffm.es/acta-partido/1039639,2026-08-09T16:17:04.842989+00:00
1039639,field_delegate,,"MARÍN PELAYO , FRANCISCO ANTONIO",delegado_campo,https://www.rffm.es/acta-partido/1039639,2026-08-09T16:17:04.842989+00:00
1039640,referee,3902,"FEITO RABANAL, DAVID",Arbitro principal,https://www.rffm.es/acta-partido/1039640,2026-08-09T16:17:04.982446+00:00
1039640,referee,1169854,"MUÑOZ CERRADA, IGNACIO",Arbitro asistente,https://www.rffm.es/acta-partido/1039640,2026-08-09T16:17:04.982446+00:00
1039640,referee,797539,"CAÑAS DURAN, JOSE FRANCISCO",Arbitro asistente,https://www.rffm.es/acta-partido/1039640,2026-08-09T16:17:04.982446+00:00
1039640,field_delegate,,"SANCHEZ VICENTE, MIGUEL",delegado_campo,https://www.rffm.es/acta-partido/1039640,2026-08-09T16:17:04.982446+00:00
1039647,referee,645351,"MADALOSSO , RICCARDO",Arbitro principal,https://www.rffm.es/acta-partido/1039647,2026-08-09T16:17:06.027840+00:00
1039647,referee,923127,"NUÑEZ TUR, ROBERTO",Arbitro asistente,https://www.rffm.es/acta-partido/1039647,2026-08-09T16:17:06.027840+00:00
1039647,referee,964978,"NIETO SANTOS, VICTOR",Arbitro asistente,https://www.rffm.es/acta-partido/1039647,2026-08-09T16:17:06.027840+00:00
1039647,field_delegate,,"BARCELO MARTINEZ, JOSE CARLOS",delegado_campo,https://www.rffm.es/acta-partido/1039647,2026-08-09T16:17:06.027840+00:00
1039641,referee,877935,"BUSTOS PEREIRA, ENRIQUE",Arbitro principal,https://www.rffm.es/acta-partido/1039641,2026-08-09T16:17:06.336176+00:00
1039641,referee,4128,"GONZALEZ MOREL, CAYO EDISON",Arbitro asistente,https://www.rffm.es/acta-partido/1039641,2026-08-09T16:17:06.336176+00:00
1039641,referee,754,"LAHUERTA GRACIA, JAVIER JOSE",Arbitro asistente,https://www.rffm.es/acta-partido/1039641,2026-08-09T16:17:06.336176+00:00
1039641,field_delegate,,"LOPEZ IGUAL, DAVID",delegado_campo,https://www.rffm.es/acta-partido/1039641,2026-08-09T16:17:06.336176+00:00
1039643,referee,877900,"ACEVEDO GONZALEZ, JORGE",Arbitro principal,https://www.rffm.es/acta-partido/1039643,2026-08-09T16:17:06.645199+00:00
1039643,referee,964709,"GARCIA CASADO, ALVARO",Arbitro asistente,https://www.rffm.es/acta-partido/1039643,2026-08-09T16:17:06.645199+00:00
1039643,referee,645839,"ZORNOZA LLANOS, VICTOR",Arbitro asistente,https://www.rffm.es/acta-partido/1039643,2026-08-09T16:17:06.645199+00:00
1039643,field_delegate,,"LOPEZ CORTIJO MARTIN, CRISTOBAL JOAQUIN",delegado_campo,https://www.rffm.es/acta-partido/1039643,2026-08-09T16:17:06.645199+00:00
1039642,referee,823306,"LANCHAS GONZÁLEZ, DANIEL",Arbitro principal,https://www.rffm.es/acta-partido/1039642,2026-08-09T16:17:06.657296+00:00
1039642,referee,645822,"TORRALBA RODRIGUEZ, MANUEL",Arbitro asistente,https://www.rffm.es/acta-partido/1039642,2026-08-09T16:17:06.657296+00:00
1039642,referee,967714,"EL HOUTI BOUDOUMA, SOUFIAN",Arbitro asistente,https://www.rffm.es/acta-partido/1039642,2026-08-09T16:17:06.657296+00:00
1039642,field_delegate,,"MENDOZA PEDROCHE, JOSE IGNACIO",delegado_campo,https://www.rffm.es/acta-partido/1039642,2026-08-09T16:17:06.657296+00:00
1039646,referee,536748,"ZAMBRANO CASAS, ALVARO",Arbitro principal,https://www.rffm.es/acta-partido/1039646,2026-08-09T16:17:06.811201+00:00
1039646,referee,953993,"MOTA MORENO, MIGUEL",Arbitro asistente,https://www.rffm.es/acta-partido/1039646,2026-08-09T16:17:06.811201+00:00
1039646,referee,742503,"GARCIA TORO, JORGE",Arbitro asistente,https://www.rffm.es/acta-partido/1039646,2026-08-09T16:17:06.811201+00:00
1039646,field_delegate,,"COSTA BOULLON, ADRIÁN",delegado_campo,https://www.rffm.es/acta-partido/1039646,2026-08-09T16:17:06.811201+00:00
1039645,referee,591084,"RODRIGUEZ GIRALDO, IVAN",Arbitro principal,https://www.rffm.es/acta-partido/1039645,2026-08-09T16:17:06.845986+00:00
1039645,referee,5130,"VALERO CEPEDA, MIGUEL ANGEL",Arbitro asistente,https://www.rffm.es/acta-partido/1039645,2026-08-09T16:17:06.845986+00:00
1039645,referee,645794,"PADIAL TORAN, JAIME",Arbitro asistente,https://www.rffm.es/acta-partido/1039645,2026-08-09T16:17:06.845986+00:00
1039645,field_delegate,,"TORRES CORNIEL, JOSE",delegado_campo,https://www.rffm.es/acta-partido/1039645,2026-08-09T16:17:06.845986+00:00
1039658,referee,909095,"BLANCO RIVERA, DANIEL",Arbitro principal,https://www.rffm.es/acta-partido/1039658,2026-08-09T16:17:07.003622+00:00
1039658,referee,964709,"GARCIA CASADO, ALVARO",Arbitro asistente,https://www.rffm.es/acta-partido/1039658,2026-08-09T16:17:07.003622+00:00
1039658,referee,645839,"ZORNOZA LLANOS, VICTOR",Arbitro asistente,https://www.rffm.es/acta-partido/1039658,2026-08-09T16:17:07.003622+00:00
1039658,field_delegate,,"IGLESIAS GONZALEZ, MARCO",delegado_campo,https://www.rffm.es/acta-partido/1039658,2026-08-09T16:17:07.003622+00:00
1039649,referee,4419,"MENDOZA CEMBRANOS, PABLO",Arbitro principal,https://www.rffm.es/acta-partido/1039649,2026-08-09T16:17:07.117017+00:00
1039649,referee,742186,"VINUESA GALLEGO, ALEJANDRO",Arbitro asistente,https://www.rffm.es/acta-partido/1039649,2026-08-09T16:17:07.117017+00:00
1039649,referee,986956,"VENTURA VERDERICO, FERNANDO LUCIANO",Arbitro asistente,https://www.rffm.es/acta-partido/1039649,2026-08-09T16:17:07.117017+00:00
1039649,field_delegate,,"SANSERONI GOMEZ, MIGUEL",delegado_campo,https://www.rffm.es/acta-partido/1039649,2026-08-09T16:17:07.117017+00:00
1039655,referee,1027683,"CACHO BENITEZ, BRIAN",Arbitro principal,https://www.rffm.es/acta-partido/1039655,2026-08-09T16:17:07.381658+00:00
1039655,referee,797995,"GONZALEZ SEIJAS, OSCAR",Arbitro asistente,https://www.rffm.es/acta-partido/1039655,2026-08-09T16:17:07.381658+00:00
1039655,referee,987795,"BEN-ALLAL AMHANTOUALI, KAMAL",Arbitro asistente,https://www.rffm.es/acta-partido/1039655,2026-08-09T16:17:07.381658+00:00
1039655,field_delegate,,"PEDREGAL SAEZ, ALBERTO",delegado_campo,https://www.rffm.es/acta-partido/1039655,2026-08-09T16:17:07.381658+00:00
1039654,referee,797592,"GARCIA-GIL TALLANTE, DAVID",Arbitro principal,https://www.rffm.es/acta-partido/1039654,2026-08-09T16:17:07.386319+00:00
1039654,referee,877614,"MOYANO VELEZ, HECTOR",Arbitro asistente,https://www.rffm.es/acta-partido/1039654,2026-08-09T16:17:07.386319+00:00
1039654,referee,4766,"ROBLEDO CORDERO, ROBERTO",Arbitro asistente,https://www.rffm.es/acta-partido/1039654,2026-08-09T16:17:07.386319+00:00
1039654,field_delegate,,"DE SANTIAGO SANCHEZ, CARLOS ARTURO",delegado_campo,https://www.rffm.es/acta-partido/1039654,2026-08-09T16:17:07.386319+00:00
1039651,referee,2153,"GABASA CORTES, RAMON",Arbitro principal,https://www.rffm.es/acta-partido/1039651,2026-08-09T16:17:07.539571+00:00
1039651,referee,665595,"PINILLA SERRANO, ADRIAN",Arbitro asistente,https://www.rffm.es/acta-partido/1039651,2026-08-09T16:17:07.539571+00:00
1039651,referee,877631,"NUÑO ALGAR, ALEJANDRO",Arbitro asistente,https://www.rffm.es/acta-partido/1039651,2026-08-09T16:17:07.539571+00:00
1039651,field_delegate,,"LUJAN ADEVA, FRANCISCO",delegado_campo,https://www.rffm.es/acta-partido/1039651,2026-08-09T16:17:07.539571+00:00
1039650,referee,771863,"BLANCO GONZALEZ, RUBEN",Arbitro principal,https://www.rffm.es/acta-partido/1039650,2026-08-09T16:17:07.615077+00:00
1039650,referee,742575,"KATATI BOTE, JOUMA",Arbitro asistente,https://www.rffm.es/acta-partido/1039650,2026-08-09T16:17:07.615077+00:00
1039650,referee,742181,"VILLALPANDO GOMEZ, JOSE ANTONIO",Arbitro asistente,https://www.rffm.es/acta-partido/1039650,2026-08-09T16:17:07.615077+00:00
1039650,field_delegate,,"FERNANDEZ CORRALES, FRANCISCO J",delegado_campo,https://www.rffm.es/acta-partido/1039650,2026-08-09T16:17:07.615077+00:00
1039652,referee,3892,"HERNANDEZ ACERA, RICARDO",Arbitro principal,https://www.rffm.es/acta-partido/1039652,2026-08-09T16:17:07.830062+00:00
1039652,referee,745699,"LATASA AMBRONA, JORGE",Arbitro asistente,https://www.rffm.es/acta-partido/1039652,2026-08-09T16:17:07.830062+00:00
1039652,referee,877592,"MORATO JIMENEZ, RAMÓN",Arbitro asistente,https://www.rffm.es/acta-partido/1039652,2026-08-09T16:17:07.830062+00:00
1039652,field_delegate,,"RINCÓN ORTIZ, YASMINA",delegado_campo,https://www.rffm.es/acta-partido/1039652,2026-08-09T16:17:07.830062+00:00
1039648,referee,641667,"GARCIA RACIONERO, JORGE",Arbitro principal,https://www.rffm.es/acta-partido/1039648,2026-08-09T16:17:08.001257+00:00
1039648,referee,645742,"MIMOUN EL ACHIR, WALID",Arbitro asistente,https://www.rffm.es/acta-partido/1039648,2026-08-09T16:17:08.001257+00:00
1039648,referee,3447,"PALOMARES MORENO, ALEJANDRO",Arbitro asistente,https://www.rffm.es/acta-partido/1039648,2026-08-09T16:17:08.001257+00:00
1039657,referee,718723,"HUERTA DUQUE, MANUEL",Arbitro principal,https://www.rffm.es/acta-partido/1039657,2026-08-09T16:17:08.081805+00:00
1039657,referee,2086,"ANZOLA GAITAN, JERONIMO",Arbitro asistente,https://www.rffm.es/acta-partido/1039657,2026-08-09T16:17:08.081805+00:00
1039657,referee,897779,"HAJJAM HAJJAM, YOUSRI",Arbitro asistente,https://www.rffm.es/acta-partido/1039657,2026-08-09T16:17:08.081805+00:00
1039657,field_delegate,,"HERRERO HERNANDEZ, MANUEL AURELIO",delegado_campo,https://www.rffm.es/acta-partido/1039657,2026-08-09T16:17:08.081805+00:00
1039644,referee,909189,"GARCIA GONZALEZ, VICTOR",Arbitro principal,https://www.rffm.es/acta-partido/1039644,2026-08-09T16:17:08.247249+00:00
1039644,referee,878130,"JIMENEZ MENDEZ, DIEGO",Arbitro asistente,https://www.rffm.es/acta-partido/1039644,2026-08-09T16:17:08.247249+00:00
1039644,referee,5144,"BARROSO BARROSO, GUILLERMO",Arbitro asistente,https://www.rffm.es/acta-partido/1039644,2026-08-09T16:17:08.247249+00:00
1039644,field_delegate,,"GARCIA DELGADO, MANUEL",delegado_campo,https://www.rffm.es/acta-partido/1039644,2026-08-09T16:17:08.247249+00:00
1039664,referee,4334,"GARCIA COBO, ALBERTO",Arbitro principal,https://www.rffm.es/acta-partido/1039664,2026-08-09T16:17:08.392221+00:00
1039664,referee,699723,"BLAZQUEZ SANCHEZ, RODRIGO",Arbitro asistente,https://www.rffm.es/acta-partido/1039664,2026-08-09T16:17:08.392221+00:00
1039664,referee,591020,"DE GUSTIN PINTO, DAVID",Arbitro asistente,https://www.rffm.es/acta-partido/1039664,2026-08-09T16:17:08.392221+00:00
1039664,field_delegate,,"TORRES CORNIEL, JOSE",delegado_campo,https://www.rffm.es/acta-partido/1039664,2026-08-09T16:17:08.392221+00:00
1039662,referee,645351,"MADALOSSO , RICCARDO",Arbitro principal,https://www.rffm.es/acta-partido/1039662,2026-08-09T16:17:08.544806+00:00
1039662,referee,3539,"CASTRO MARTIN, FERNANDO",Arbitro asistente,https://www.rffm.es/acta-partido/1039662,2026-08-09T16:17:08.544806+00:00
1039662,referee,742575,"KATATI BOTE, JOUMA",Arbitro asistente,https://www.rffm.es/acta-partido/1039662,2026-08-09T16:17:08.544806+00:00
1039662,field_delegate,,"FERNANDEZ BLANCO SAN MIGUEL, ANTONIO",delegado_campo,https://www.rffm.es/acta-partido/1039662,2026-08-09T16:17:08.544806+00:00
1039653,referee,718682,"GOMEZ-DIAZ PEDREÑO, ENRIQUE",Arbitro principal,https://www.rffm.es/acta-partido/1039653,2026-08-09T16:17:08.601802+00:00
1039653,referee,797995,"GONZALEZ SEIJAS, OSCAR",Arbitro asistente,https://www.rffm.es/acta-partido/1039653,2026-08-09T16:17:08.601802+00:00
1039653,referee,4605,"COTILLO CALDERERO, ABEL",Arbitro asistente,https://www.rffm.es/acta-partido/1039653,2026-08-09T16:17:08.601802+00:00
1039653,field_delegate,,"POL JAEN, FRANCESC",delegado_campo,https://www.rffm.es/acta-partido/1039653,2026-08-09T16:17:08.601802+00:00
1039659,referee,4419,"MENDOZA CEMBRANOS, PABLO",Arbitro principal,https://www.rffm.es/acta-partido/1039659,2026-08-09T16:17:08.782093+00:00
1039659,referee,923127,"NUÑEZ TUR, ROBERTO",Arbitro asistente,https://www.rffm.es/acta-partido/1039659,2026-08-09T16:17:08.782093+00:00
1039659,referee,523378,"GARCIA RODRIGUEZ, ENRIQUE",Arbitro asistente,https://www.rffm.es/acta-partido/1039659,2026-08-09T16:17:08.782093+00:00
1039659,field_delegate,,"FERNANDEZ CORRALES, FRANCISCO J",delegado_campo,https://www.rffm.es/acta-partido/1039659,2026-08-09T16:17:08.782093+00:00
1039663,referee,645830,"VIDALLER SEGURA, LEON",Arbitro principal,https://www.rffm.es/acta-partido/1039663,2026-08-09T16:17:09.036332+00:00
1039663,referee,742344,"FERRERO LOZANO, SERGIO",Arbitro asistente,https://www.rffm.es/acta-partido/1039663,2026-08-09T16:17:09.036332+00:00
1039663,referee,718574,"GOMEZ GOMEZ, PATRICIA",Arbitro asistente,https://www.rffm.es/acta-partido/1039663,2026-08-09T16:17:09.036332+00:00
1039663,field_delegate,,"GARCIA DELGADO, MANUEL",delegado_campo,https://www.rffm.es/acta-partido/1039663,2026-08-09T16:17:09.036332+00:00
1039666,referee,909189,"GARCIA GONZALEZ, VICTOR",Arbitro principal,https://www.rffm.es/acta-partido/1039666,2026-08-09T16:17:09.043892+00:00
1039666,referee,523378,"GARCIA RODRIGUEZ, ENRIQUE",Arbitro asistente,https://www.rffm.es/acta-partido/1039666,2026-08-09T16:17:09.043892+00:00
1039666,referee,635022,"GOMEZ HERRERO, ALEJANDRO",Arbitro asistente,https://www.rffm.es/acta-partido/1039666,2026-08-09T16:17:09.043892+00:00
1039666,field_delegate,,"LARRAGUETA FERNANDEZ, BEATRIZ",delegado_campo,https://www.rffm.es/acta-partido/1039666,2026-08-09T16:17:09.043892+00:00
1039656,referee,3919,"LOPEZ DEL PRECINTO, DAVID",Arbitro principal,https://www.rffm.es/acta-partido/1039656,2026-08-09T16:17:09.115486+00:00
1039656,referee,823328,"MUÑOZ CERRADA, IGNACIO",Arbitro asistente,https://www.rffm.es/acta-partido/1039656,2026-08-09T16:17:09.115486+00:00
1039656,referee,965038,"RUIZ AGUILERA, DANIEL",Arbitro asistente,https://www.rffm.es/acta-partido/1039656,2026-08-09T16:17:09.115486+00:00
1039656,field_delegate,,"SILVA ROBAS, MARIO JOSÉ",delegado_campo,https://www.rffm.es/acta-partido/1039656,2026-08-09T16:17:09.115486+00:00
1039661,referee,877545,"ILLANA GAGO, GONZALO",Arbitro principal,https://www.rffm.es/acta-partido/1039661,2026-08-09T16:17:09.343276+00:00
1039661,referee,1168796,"ALVAREZ FERNANDEZ, MARCOS",Arbitro asistente,https://www.rffm.es/acta-partido/1039661,2026-08-09T16:17:09.343276+00:00
1039661,referee,986956,"VENTURA VERDERICO, FERNANDO LUCIANO",Arbitro asistente,https://www.rffm.es/acta-partido/1039661,2026-08-09T16:17:09.343276+00:00
1039661,field_delegate,,"MENDOZA PEDROCHE, JOSE IGNACIO",delegado_campo,https://www.rffm.es/acta-partido/1039661,2026-08-09T16:17:09.343276+00:00
1039665,referee,823306,"LANCHAS GONZÁLEZ, DANIEL",Arbitro principal,https://www.rffm.es/acta-partido/1039665,2026-08-09T16:17:09.639544+00:00
1039665,referee,953979,"BOUHAJA GOMEZ, ZACARIAS",Arbitro asistente,https://www.rffm.es/acta-partido/1039665,2026-08-09T16:17:09.639544+00:00
1039665,referee,121,"PERAL HERNANDEZ, EMILIO",Arbitro asistente,https://www.rffm.es/acta-partido/1039665,2026-08-09T16:17:09.639544+00:00
1039665,field_delegate,,"COSTA BOULLON, ADRIÁN",delegado_campo,https://www.rffm.es/acta-partido/1039665,2026-08-09T16:17:09.639544+00:00
1039667,referee,523200,"MORARU, FLORIN WESPASIAN",Arbitro principal,https://www.rffm.es/acta-partido/1039667,2026-08-09T16:17:09.730530+00:00
1039667,referee,539126,"GIURCA, ALIN NICOLAE",Arbitro asistente,https://www.rffm.es/acta-partido/1039667,2026-08-09T16:17:09.730530+00:00
1039667,referee,969369,"MUÑOZ MORENO, MARCOS",Arbitro asistente,https://www.rffm.es/acta-partido/1039667,2026-08-09T16:17:09.730530+00:00
1039667,field_delegate,,"SANSERONI GOMEZ, MIGUEL",delegado_campo,https://www.rffm.es/acta-partido/1039667,2026-08-09T16:17:09.730530+00:00
1039668,referee,3454,"ARANZANA CARPINTERO, RICARDO",Arbitro principal,https://www.rffm.es/acta-partido/1039668,2026-08-09T16:17:10.091625+00:00
1039668,referee,742627,"RAMOS PASTOR, IZAN BALTASAR",Arbitro asistente,https://www.rffm.es/acta-partido/1039668,2026-08-09T16:17:10.091625+00:00
1039668,referee,577871,"VINAGRE PARRA, ALBERTO",Arbitro asistente,https://www.rffm.es/acta-partido/1039668,2026-08-09T16:17:10.091625+00:00
1039668,field_delegate,,"LUJAN ADEVA, FRANCISCO",delegado_campo,https://www.rffm.es/acta-partido/1039668,2026-08-09T16:17:10.091625+00:00
1039674,referee,5127,"MUÑOZ SANCHEZ, JUAN",Arbitro principal,https://www.rffm.es/acta-partido/1039674,2026-08-09T16:17:10.330636+00:00
1039674,referee,964978,"NIETO SANTOS, VICTOR",Arbitro asistente,https://www.rffm.es/acta-partido/1039674,2026-08-09T16:17:10.330636+00:00
1039674,referee,3889,"ALONSO JULIAN, LUIS MIGUEL",Arbitro asistente,https://www.rffm.es/acta-partido/1039674,2026-08-09T16:17:10.330636+00:00
1039674,field_delegate,,"HERRERO HERNANDEZ, MANUEL AURELIO",delegado_campo,https://www.rffm.es/acta-partido/1039674,2026-08-09T16:17:10.330636+00:00
1039669,referee,712593,"NAVAS FERNANDEZ, JOSE MANUEL",Arbitro principal,https://www.rffm.es/acta-partido/1039669,2026-08-09T16:17:10.334992+00:00
1039669,referee,897779,"HAJJAM HAJJAM, YOUSRI",Arbitro asistente,https://www.rffm.es/acta-partido/1039669,2026-08-09T16:17:10.334992+00:00
1039669,referee,645698,"APARICIO GARCIA, ANDRES",Arbitro asistente,https://www.rffm.es/acta-partido/1039669,2026-08-09T16:17:10.334992+00:00
1039669,field_delegate,,"FRUTOS RIESGO, ENRIQUE",delegado_campo,https://www.rffm.es/acta-partido/1039669,2026-08-09T16:17:10.334992+00:00
1039676,referee,822731,"CABERO VALLE, IGNACIO JOSE",Arbitro principal,https://www.rffm.es/acta-partido/1039676,2026-08-09T16:17:10.340680+00:00
1039676,referee,948376,"STEFANOVICI , DENIS-NICOLAE",Arbitro asistente,https://www.rffm.es/acta-partido/1039676,2026-08-09T16:17:10.340680+00:00
1039676,referee,3588,"ACEDO ZAYAS, JOSU",Arbitro asistente,https://www.rffm.es/acta-partido/1039676,2026-08-09T16:17:10.340680+00:00
1039676,field_delegate,,"SOTO JIMÉNEZ , DIEGO",delegado_campo,https://www.rffm.es/acta-partido/1039676,2026-08-09T16:17:10.340680+00:00
1039660,referee,536748,"ZAMBRANO CASAS, ALVARO",Arbitro principal,https://www.rffm.es/acta-partido/1039660,2026-08-09T16:17:10.423171+00:00
1039660,referee,909585,"PEREZ ROSARIO, CRISTIAN",Arbitro asistente,https://www.rffm.es/acta-partido/1039660,2026-08-09T16:17:10.423171+00:00
1039660,referee,920862,"VICENTE RUBIO, ANDRES",Arbitro asistente,https://www.rffm.es/acta-partido/1039660,2026-08-09T16:17:10.423171+00:00
1039660,field_delegate,,"BONET ALCOL, MARCOS",delegado_campo,https://www.rffm.es/acta-partido/1039660,2026-08-09T16:17:10.423171+00:00
1039672,referee,771863,"BLANCO GONZALEZ, RUBEN",Arbitro principal,https://www.rffm.es/acta-partido/1039672,2026-08-09T16:17:10.765596+00:00
1039672,referee,967720,"EL KALLATI, ABDENAIM",Arbitro asistente,https://www.rffm.es/acta-partido/1039672,2026-08-09T16:17:10.765596+00:00
1039672,referee,923127,"NUÑEZ TUR, ROBERTO",Arbitro asistente,https://www.rffm.es/acta-partido/1039672,2026-08-09T16:17:10.765596+00:00
1039672,field_delegate,,"PEDREGAL SAEZ, ALBERTO",delegado_campo,https://www.rffm.es/acta-partido/1039672,2026-08-09T16:17:10.765596+00:00
1039675,referee,5162,"LOPEZ SORIA, JAVIER NICOLAS",Arbitro principal,https://www.rffm.es/acta-partido/1039675,2026-08-09T16:17:11.308076+00:00
1039675,referee,909044,"ARROYO LARA, LUIS",Arbitro asistente,https://www.rffm.es/acta-partido/1039675,2026-08-09T16:17:11.308076+00:00
1039675,referee,823073,"PEDRAZA ZORRERO, SERGIO",Arbitro asistente,https://www.rffm.es/acta-partido/1039675,2026-08-09T16:17:11.308076+00:00
1039675,field_delegate,,"IGLESIAS GONZALEZ, MARCO",delegado_campo,https://www.rffm.es/acta-partido/1039675,2026-08-09T16:17:11.308076+00:00
1039671,referee,823081,"POSTOLACHE PATRICHI, DANIELA ELENA",Arbitro principal,https://www.rffm.es/acta-partido/1039671,2026-08-09T16:17:11.312196+00:00
1039671,referee,782764,"MARTINEZ GONZALEZ, IKER",Arbitro asistente,https://www.rffm.es/acta-partido/1039671,2026-08-09T16:17:11.312196+00:00
1039671,referee,577517,"ARRIBAS RODRIGUEZ, IVAN",Arbitro asistente,https://www.rffm.es/acta-partido/1039671,2026-08-09T16:17:11.312196+00:00
1039671,field_delegate,,"GARCIA CERNUDA CASTRO, JOSÉ MARIA",delegado_campo,https://www.rffm.es/acta-partido/1039671,2026-08-09T16:17:11.312196+00:00
1039673,referee,742557,"IGLESIAS SZENDEFY, MARK",Arbitro principal,https://www.rffm.es/acta-partido/1039673,2026-08-09T16:17:11.519035+00:00
1039673,referee,968580,"GRAS PERAL, INMACULADA CONCEPCION",Arbitro asistente,https://www.rffm.es/acta-partido/1039673,2026-08-09T16:17:11.519035+00:00
1039673,referee,823109,"VAZQUEZ DE LA ROSA, IGNACIO",Arbitro asistente,https://www.rffm.es/acta-partido/1039673,2026-08-09T16:17:11.519035+00:00
1039673,field_delegate,,"ORTE VIDAL, VICTOR",delegado_campo,https://www.rffm.es/acta-partido/1039673,2026-08-09T16:17:11.519035+00:00
1039683,referee,964694,"FERNANDEZ BAERT, JAIME",Arbitro principal,https://www.rffm.es/acta-partido/1039683,2026-08-09T16:17:11.522149+00:00
1039683,referee,782764,"MARTINEZ GONZALEZ, IKER",Arbitro asistente,https://www.rffm.es/acta-partido/1039683,2026-08-09T16:17:11.522149+00:00
1039683,referee,645742,"MIMOUN EL ACHIR, WALID",Arbitro asistente,https://www.rffm.es/acta-partido/1039683,2026-08-09T16:17:11.522149+00:00
1039683,field_delegate,,"TORRES CORNIEL, JOSE",delegado_campo,https://www.rffm.es/acta-partido/1039683,2026-08-09T16:17:11.522149+00:00
1039670,referee,5161,"LOPEZ JIMENEZ, FERNANDO",Arbitro principal,https://www.rffm.es/acta-partido/1039670,2026-08-09T16:17:11.584601+00:00
1039670,referee,897798,"LUQUE MARTIN, MARCOS",Arbitro asistente,https://www.rffm.es/acta-partido/1039670,2026-08-09T16:17:11.584601+00:00
1039670,referee,974989,"PEREZ LOZANO, DANIEL",Arbitro asistente,https://www.rffm.es/acta-partido/1039670,2026-08-09T16:17:11.584601+00:00
1039670,field_delegate,,"POL JAEN, FRANCESC",delegado_campo,https://www.rffm.es/acta-partido/1039670,2026-08-09T16:17:11.584601+00:00
1039677,referee,878313,"VICENTE JUAREZ, ANGEL",Arbitro principal,https://www.rffm.es/acta-partido/1039677,2026-08-09T16:17:11.723047+00:00
1039677,referee,578072,"BORDONS ROMERO, IGNACIO",Arbitro asistente,https://www.rffm.es/acta-partido/1039677,2026-08-09T16:17:11.723047+00:00
1039677,referee,897719,"BORDONS ROMERO, MARIO",Arbitro asistente,https://www.rffm.es/acta-partido/1039677,2026-08-09T16:17:11.723047+00:00
1039677,field_delegate,,"LUJAN ADEVA, FRANCISCO",delegado_campo,https://www.rffm.es/acta-partido/1039677,2026-08-09T16:17:11.723047+00:00
1039680,referee,1029814,"GARCIA PEÑACOBA, CESAR",Arbitro principal,https://www.rffm.es/acta-partido/1039680,2026-08-09T16:17:11.730461+00:00
1039680,referee,536806,"GARCIA CASADO, JESUS",Arbitro asistente,https://www.rffm.es/acta-partido/1039680,2026-08-09T16:17:11.730461+00:00
1039680,referee,645735,"DOMINGUEZ FERNANDEZ, CARLOS",Arbitro asistente,https://www.rffm.es/acta-partido/1039680,2026-08-09T16:17:11.730461+00:00
1039680,field_delegate,,"ALCALA PEREZ, JOSE MANUEL",delegado_campo,https://www.rffm.es/acta-partido/1039680,2026-08-09T16:17:11.730461+00:00
1039682,referee,986847,"HIDALGO ALEJO, RAFAEL",Arbitro principal,https://www.rffm.es/acta-partido/1039682,2026-08-09T16:17:11.914175+00:00
1039682,referee,963559,"ALVAREZ OLMOS, SANTIAGO MELCHOR",Arbitro asistente,https://www.rffm.es/acta-partido/1039682,2026-08-09T16:17:11.914175+00:00
1039682,referee,3176,"RUIZ MARTINEZ ALCOCER, ADRIAN",Arbitro asistente,https://www.rffm.es/acta-partido/1039682,2026-08-09T16:17:11.914175+00:00
1039682,field_delegate,,"GARCIA DELGADO, MANUEL",delegado_campo,https://www.rffm.es/acta-partido/1039682,2026-08-09T16:17:11.914175+00:00
1039681,referee,909189,"GARCIA GONZALEZ, VICTOR",Arbitro principal,https://www.rffm.es/acta-partido/1039681,2026-08-09T16:17:12.157320+00:00
1039681,referee,987795,"BEN-ALLAL AMHANTOUALI, KAMAL",Arbitro asistente,https://www.rffm.es/acta-partido/1039681,2026-08-09T16:17:12.157320+00:00
1039681,referee,645822,"TORRALBA RODRIGUEZ, MANUEL",Arbitro asistente,https://www.rffm.es/acta-partido/1039681,2026-08-09T16:17:12.157320+00:00
1039681,field_delegate,,"FERNANDEZ BLANCO SAN MIGUEL, ANTONIO",delegado_campo,https://www.rffm.es/acta-partido/1039681,2026-08-09T16:17:12.157320+00:00
1039678,referee,823306,"LANCHAS GONZÁLEZ, DANIEL",Arbitro principal,https://www.rffm.es/acta-partido/1039678,2026-08-09T16:17:12.241241+00:00
1039678,referee,963366,"GARCIA GONZALEZ, IVAN",Arbitro asistente,https://www.rffm.es/acta-partido/1039678,2026-08-09T16:17:12.241241+00:00
1039678,referee,3540,"CASTRO SIERRA, JUAN JOSE",Arbitro asistente,https://www.rffm.es/acta-partido/1039678,2026-08-09T16:17:12.241241+00:00
1039678,field_delegate,,"FERNANDEZ CORRALES, FRANCISCO J",delegado_campo,https://www.rffm.es/acta-partido/1039678,2026-08-09T16:17:12.241241+00:00
1039679,referee,4223,"PEREIRA ARTEAGA, MICHEL RODRIGO",Arbitro principal,https://www.rffm.es/acta-partido/1039679,2026-08-09T16:17:12.337655+00:00
1039679,referee,721261,"SANZ CORBACHO, JAIRO",Arbitro asistente,https://www.rffm.es/acta-partido/1039679,2026-08-09T16:17:12.337655+00:00
1039679,referee,742525,"GOMEZ GALLARDO, ADRIAN",Arbitro asistente,https://www.rffm.es/acta-partido/1039679,2026-08-09T16:17:12.337655+00:00
1039679,field_delegate,,"LOPEZ IGUAL, DAVID",delegado_campo,https://www.rffm.es/acta-partido/1039679,2026-08-09T16:17:12.337655+00:00
1039685,referee,909095,"BLANCO RIVERA, DANIEL",Arbitro principal,https://www.rffm.es/acta-partido/1039685,2026-08-09T16:17:12.342459+00:00
1039685,referee,717729,"CAMACHO GARCIA, JAVIER ALBERTO",Arbitro asistente,https://www.rffm.es/acta-partido/1039685,2026-08-09T16:17:12.342459+00:00
1039685,referee,742181,"VILLALPANDO GOMEZ, JOSE ANTONIO",Arbitro asistente,https://www.rffm.es/acta-partido/1039685,2026-08-09T16:17:12.342459+00:00
1039685,field_delegate,,"SANSERONI GOMEZ, MIGUEL",delegado_campo,https://www.rffm.es/acta-partido/1039685,2026-08-09T16:17:12.342459+00:00
1039684,referee,3524,"VIDAL TORMO, MARIO",Arbitro principal,https://www.rffm.es/acta-partido/1039684,2026-08-09T16:17:12.615856+00:00
1039684,referee,883150,"PASCUAL MARTIN, JUAN PEDRO",Arbitro asistente,https://www.rffm.es/acta-partido/1039684,2026-08-09T16:17:12.615856+00:00
1039684,referee,1067,"SANCHEZ-MATEOS DOMINGUEZ, RAUL",Arbitro asistente,https://www.rffm.es/acta-partido/1039684,2026-08-09T16:17:12.615856+00:00
1039684,field_delegate,,"COSTA BOULLON, ADRIÁN",delegado_campo,https://www.rffm.es/acta-partido/1039684,2026-08-09T16:17:12.615856+00:00
1039686,referee,5123,"MORALEDA CRISTOBAL, ANTONIO",Arbitro principal,https://www.rffm.es/acta-partido/1039686,2026-08-09T16:17:12.655834+00:00
1039686,referee,645030,"MONTES TELLO, SERGIO",Arbitro asistente,https://www.rffm.es/acta-partido/1039686,2026-08-09T16:17:12.655834+00:00
1039686,referee,877752,"CHARRO RAMIREZ, DANIEL",Arbitro asistente,https://www.rffm.es/acta-partido/1039686,2026-08-09T16:17:12.655834+00:00
1039686,field_delegate,,"FRUTOS RIESGO, ENRIQUE",delegado_campo,https://www.rffm.es/acta-partido/1039686,2026-08-09T16:17:12.655834+00:00
1039693,referee,536396,"GOMEZ GONZALEZ, AMANDO",Arbitro principal,https://www.rffm.es/acta-partido/1039693,2026-08-09T16:17:12.920976+00:00
1039693,referee,635101,"RAMOS PAET, LOVERSMILLE ROMEO",Arbitro asistente,https://www.rffm.es/acta-partido/1039693,2026-08-09T16:17:12.920976+00:00
1039693,referee,3540,"CASTRO SIERRA, JUAN JOSE",Arbitro asistente,https://www.rffm.es/acta-partido/1039693,2026-08-09T16:17:12.920976+00:00
1039693,field_delegate,,"TATO MONCHO, CARLOS",delegado_campo,https://www.rffm.es/acta-partido/1039693,2026-08-09T16:17:12.920976+00:00
1039691,referee,823081,"POSTOLACHE PATRICHI, DANIELA ELENA",Arbitro principal,https://www.rffm.es/acta-partido/1039691,2026-08-09T16:17:13.069033+00:00
1039691,referee,909281,"HUEROS BARRADO, JORGE",Arbitro asistente,https://www.rffm.es/acta-partido/1039691,2026-08-09T16:17:13.069033+00:00
1039691,referee,1168796,"ALVAREZ FERNANDEZ, MARCOS",Arbitro asistente,https://www.rffm.es/acta-partido/1039691,2026-08-09T16:17:13.069033+00:00
1039691,field_delegate,,"TAMAMES JIMÉNEZ , FRANCISCO JAVIER",delegado_campo,https://www.rffm.es/acta-partido/1039691,2026-08-09T16:17:13.069033+00:00
1039692,referee,964565,"BELLOSO RIVERO, ABRAHAM",Arbitro principal,https://www.rffm.es/acta-partido/1039692,2026-08-09T16:17:13.592547+00:00
1039692,referee,1157654,"MARTI RODRIGUEZ, JESUS",Arbitro asistente,https://www.rffm.es/acta-partido/1039692,2026-08-09T16:17:13.592547+00:00
1039692,referee,536838,"MILLAN HIDALGO, ANTONIO",Arbitro asistente,https://www.rffm.es/acta-partido/1039692,2026-08-09T16:17:13.592547+00:00
1039689,referee,877900,"ACEVEDO GONZALEZ, JORGE",Arbitro principal,https://www.rffm.es/acta-partido/1039689,2026-08-09T16:17:13.620702+00:00
1039689,referee,645839,"ZORNOZA LLANOS, VICTOR",Arbitro asistente,https://www.rffm.es/acta-partido/1039689,2026-08-09T16:17:13.620702+00:00
1039689,referee,742181,"VILLALPANDO GOMEZ, JOSE ANTONIO",Arbitro asistente,https://www.rffm.es/acta-partido/1039689,2026-08-09T16:17:13.620702+00:00
1039689,field_delegate,,"PEDREGAL SAEZ, ALBERTO",delegado_campo,https://www.rffm.es/acta-partido/1039689,2026-08-09T16:17:13.620702+00:00
1039688,referee,3559,"MORAGA VIDAL, ALBERTO",Arbitro principal,https://www.rffm.es/acta-partido/1039688,2026-08-09T16:17:13.758112+00:00
1039688,referee,823296,"HERNANDEZ CAÑAVERAS, CARLOS",Arbitro asistente,https://www.rffm.es/acta-partido/1039688,2026-08-09T16:17:13.758112+00:00
1039688,referee,965038,"RUIZ AGUILERA, DANIEL",Arbitro asistente,https://www.rffm.es/acta-partido/1039688,2026-08-09T16:17:13.758112+00:00
1039687,referee,712593,"NAVAS FERNANDEZ, JOSE MANUEL",Arbitro principal,https://www.rffm.es/acta-partido/1039687,2026-08-09T16:17:13.796580+00:00
1039687,referee,968431,"HADDAD EDDAHMANE, MOHAMED YASER",Arbitro asistente,https://www.rffm.es/acta-partido/1039687,2026-08-09T16:17:13.796580+00:00
1039687,referee,646999,"SANCHEZ MATAS, JUAN CARLOS",Arbitro asistente,https://www.rffm.es/acta-partido/1039687,2026-08-09T16:17:13.796580+00:00
1039687,field_delegate,,"POL JAEN, FRANCESC",delegado_campo,https://www.rffm.es/acta-partido/1039687,2026-08-09T16:17:13.796580+00:00
1039690,referee,4926,"LAZARO VADILLO, DAVID",Arbitro principal,https://www.rffm.es/acta-partido/1039690,2026-08-09T16:17:13.852443+00:00
1039690,referee,3572,"RAMOS GARCIA, ANTONIO",Arbitro asistente,https://www.rffm.es/acta-partido/1039690,2026-08-09T16:17:13.852443+00:00
1039690,referee,3248,"CARRALERO CALVO, ROBERTO",Arbitro asistente,https://www.rffm.es/acta-partido/1039690,2026-08-09T16:17:13.852443+00:00
1039690,field_delegate,,"ORTE VIDAL, VICTOR",delegado_campo,https://www.rffm.es/acta-partido/1039690,2026-08-09T16:17:13.852443+00:00
1039696,referee,5118,"JASSO AGENJO, ALEJANDRO",Arbitro principal,https://www.rffm.es/acta-partido/1039696,2026-08-09T16:17:13.987333+00:00
1039696,referee,3278,"TEJEDOR MAZARIO, ALVARO ANTONIO",Arbitro asistente,https://www.rffm.es/acta-partido/1039696,2026-08-09T16:17:13.987333+00:00
1039696,referee,536806,"GARCIA CASADO, JESUS",Arbitro asistente,https://www.rffm.es/acta-partido/1039696,2026-08-09T16:17:13.987333+00:00
1039694,referee,1027683,"CACHO BENITEZ, BRIAN",Arbitro principal,https://www.rffm.es/acta-partido/1039694,2026-08-09T16:17:14.218777+00:00
1039694,referee,878130,"JIMENEZ MENDEZ, DIEGO",Arbitro asistente,https://www.rffm.es/acta-partido/1039694,2026-08-09T16:17:14.218777+00:00
1039694,referee,967720,"EL KALLATI, ABDENAIM",Arbitro asistente,https://www.rffm.es/acta-partido/1039694,2026-08-09T16:17:14.218777+00:00
1039694,field_delegate,,"BARCELO MARTINEZ, JOSE CARLOS",delegado_campo,https://www.rffm.es/acta-partido/1039694,2026-08-09T16:17:14.218777+00:00
1039695,referee,665514,"FERNANDEZ DOMINGUEZ, MARCOS",Arbitro principal,https://www.rffm.es/acta-partido/1039695,2026-08-09T16:17:14.369709+00:00
1039695,referee,2086,"ANZOLA GAITAN, JERONIMO",Arbitro asistente,https://www.rffm.es/acta-partido/1039695,2026-08-09T16:17:14.369709+00:00
1039695,referee,718879,"JUARANZ DIAZ, DANIEL",Arbitro asistente,https://www.rffm.es/acta-partido/1039695,2026-08-09T16:17:14.369709+00:00
1039695,field_delegate,,"FRUTOS RIESGO, ENRIQUE",delegado_campo,https://www.rffm.es/acta-partido/1039695,2026-08-09T16:17:14.369709+00:00
1039698,referee,909095,"BLANCO RIVERA, DANIEL",Arbitro principal,https://www.rffm.es/acta-partido/1039698,2026-08-09T16:17:14.754360+00:00
1039698,referee,909601,"RODRIGUEZ-PONGA GUTIERREZ-BOLIVAR, RODRIGO",Arbitro asistente,https://www.rffm.es/acta-partido/1039698,2026-08-09T16:17:14.754360+00:00
1039698,referee,5144,"BARROSO BARROSO, GUILLERMO",Arbitro asistente,https://www.rffm.es/acta-partido/1039698,2026-08-09T16:17:14.754360+00:00
1039698,field_delegate,,"BONET ALCOL, MARCOS",delegado_campo,https://www.rffm.es/acta-partido/1039698,2026-08-09T16:17:14.754360+00:00
1039700,referee,3653,"LOPEZ ORTIZ, RAFAEL",Arbitro principal,https://www.rffm.es/acta-partido/1039700,2026-08-09T16:17:14.791131+00:00
1039700,referee,742503,"GARCIA TORO, JORGE",Arbitro asistente,https://www.rffm.es/acta-partido/1039700,2026-08-09T16:17:14.791131+00:00
1039700,referee,742344,"FERRERO LOZANO, SERGIO",Arbitro asistente,https://www.rffm.es/acta-partido/1039700,2026-08-09T16:17:14.791131+00:00
1039700,field_delegate,,"LOPEZ CORTIJO MARTIN, CRISTOBAL JOAQUIN",delegado_campo,https://www.rffm.es/acta-partido/1039700,2026-08-09T16:17:14.791131+00:00
1039701,referee,3771,"GARCIA PEREZ, ANTONIO",Arbitro principal,https://www.rffm.es/acta-partido/1039701,2026-08-09T16:17:14.962498+00:00
1039701,referee,909281,"HUEROS BARRADO, JORGE",Arbitro asistente,https://www.rffm.es/acta-partido/1039701,2026-08-09T16:17:14.962498+00:00
1039701,referee,877717,"RUIZ ORTIZ, JULIO",Arbitro asistente,https://www.rffm.es/acta-partido/1039701,2026-08-09T16:17:14.962498+00:00
1039701,field_delegate,,"GARCIA DELGADO, MANUEL",delegado_campo,https://www.rffm.es/acta-partido/1039701,2026-08-09T16:17:14.962498+00:00
1039702,referee,1185408,"SANTAMARIA LOPEZ DE GOIKOETXEA, IÑIGO",Arbitro principal,https://www.rffm.es/acta-partido/1039702,2026-08-09T16:17:14.973259+00:00
1039702,referee,717747,"CAYERO CARRETERO, RODRIGO",Arbitro asistente,https://www.rffm.es/acta-partido/1039702,2026-08-09T16:17:14.973259+00:00
1039702,referee,634752,"AVILA LLORENTE, DAVID",Arbitro asistente,https://www.rffm.es/acta-partido/1039702,2026-08-09T16:17:14.973259+00:00
1039702,field_delegate,,"TORRES CORNIEL, JOSE",delegado_campo,https://www.rffm.es/acta-partido/1039702,2026-08-09T16:17:14.973259+00:00
1039699,referee,742557,"IGLESIAS SZENDEFY, MARK",Arbitro principal,https://www.rffm.es/acta-partido/1039699,2026-08-09T16:17:15.062498+00:00
1039699,referee,909089,"BISEROV SHAMOV, IVO",Arbitro asistente,https://www.rffm.es/acta-partido/1039699,2026-08-09T16:17:15.062498+00:00
1039699,referee,646999,"SANCHEZ MATAS, JUAN CARLOS",Arbitro asistente,https://www.rffm.es/acta-partido/1039699,2026-08-09T16:17:15.062498+00:00
1039699,field_delegate,,"MENDOZA PEDROCHE, JOSÉ IGNACIO",delegado_campo,https://www.rffm.es/acta-partido/1039699,2026-08-09T16:17:15.062498+00:00
1039697,referee,718682,"GOMEZ-DIAZ PEDREÑO, ENRIQUE",Arbitro principal,https://www.rffm.es/acta-partido/1039697,2026-08-09T16:17:15.338349+00:00
1039697,referee,665709,"SANCHEZ DUEÑAS, ANTONIO",Arbitro asistente,https://www.rffm.es/acta-partido/1039697,2026-08-09T16:17:15.338349+00:00
1039697,referee,742323,"EL AMRANI, MOHAMED ANASS",Arbitro asistente,https://www.rffm.es/acta-partido/1039697,2026-08-09T16:17:15.338349+00:00
1039710,referee,3016,"MARTIN GARCIA, ALEJANDRO",Arbitro principal,https://www.rffm.es/acta-partido/1039710,2026-08-09T16:17:15.583046+00:00
1039710,referee,878280,"RUBIO CHAMORRO, MARIO",Arbitro asistente,https://www.rffm.es/acta-partido/1039710,2026-08-09T16:17:15.583046+00:00
1039710,referee,963296,"FERNANDEZ GONZALEZ, ADRIAN",Arbitro asistente,https://www.rffm.es/acta-partido/1039710,2026-08-09T16:17:15.583046+00:00
1039710,field_delegate,,"COFRE DIEGO, RENE PATRICIO",delegado_campo,https://www.rffm.es/acta-partido/1039710,2026-08-09T16:17:15.583046+00:00
1039703,referee,822935,"LOPEZ PIÑA, GONZALO",Arbitro principal,https://www.rffm.es/acta-partido/1039703,2026-08-09T16:17:15.817425+00:00
1039703,referee,975055,"VALLE DOMINGO, ANTONIO",Arbitro asistente,https://www.rffm.es/acta-partido/1039703,2026-08-09T16:17:15.817425+00:00
1039703,referee,3822,"NSOGO MONVURU, JUAN OBIANG",Arbitro asistente,https://www.rffm.es/acta-partido/1039703,2026-08-09T16:17:15.817425+00:00
1039703,field_delegate,,"SANSERONI GOMEZ, MIGUEL",delegado_campo,https://www.rffm.es/acta-partido/1039703,2026-08-09T16:17:15.817425+00:00
1039708,referee,797646,"NARANJO CAMARERO, CARLOS",Arbitro principal,https://www.rffm.es/acta-partido/1039708,2026-08-09T16:17:16.111461+00:00
1039708,referee,717747,"CAYERO CARRETERO, RODRIGO",Arbitro asistente,https://www.rffm.es/acta-partido/1039708,2026-08-09T16:17:16.111461+00:00
1039708,referee,645396,"PACHECO GARCIA UCEDA, CARMELO",Arbitro asistente,https://www.rffm.es/acta-partido/1039708,2026-08-09T16:17:16.111461+00:00
1039708,field_delegate,,"HERRERO HERNANDEZ, MANUEL AURELIO",delegado_campo,https://www.rffm.es/acta-partido/1039708,2026-08-09T16:17:16.111461+00:00
1039711,referee,813607,"FERNANDEZ ALCOBENDAS, OSCAR",Arbitro principal,https://www.rffm.es/acta-partido/1039711,2026-08-09T16:17:16.175909+00:00
1039711,referee,1028601,"DEL MAZO MARTIN, ADRIAN",Arbitro asistente,https://www.rffm.es/acta-partido/1039711,2026-08-09T16:17:16.175909+00:00
1039711,referee,909050,"ASENSIO PADILLA, SERGIO",Arbitro asistente,https://www.rffm.es/acta-partido/1039711,2026-08-09T16:17:16.175909+00:00
1039711,field_delegate,,"GUERRAS MADRID, JOSE LUIS",delegado_campo,https://www.rffm.es/acta-partido/1039711,2026-08-09T16:17:16.175909+00:00
1039865,referee,986847,"HIDALGO ALEJO, RAFAEL",Arbitro principal,https://www.rffm.es/acta-partido/1039865,2026-08-09T16:17:16.230784+00:00
1039865,referee,4302,"AVILES GARCIA, DAVID",Arbitro asistente,https://www.rffm.es/acta-partido/1039865,2026-08-09T16:17:16.230784+00:00
1039865,referee,742323,"EL AMRANI, MOHAMED ANASS",Arbitro asistente,https://www.rffm.es/acta-partido/1039865,2026-08-09T16:17:16.230784+00:00
1039865,field_delegate,,"TORRES CORNIEL, JOSE",delegado_campo,https://www.rffm.es/acta-partido/1039865,2026-08-09T16:17:16.230784+00:00
1039706,referee,2616,"MEDINA GARCIA, ALEJANDRO",Arbitro principal,https://www.rffm.es/acta-partido/1039706,2026-08-09T16:17:16.236492+00:00
1039706,referee,964630,"MAÑANES DIAZ, VICTOR",Arbitro asistente,https://www.rffm.es/acta-partido/1039706,2026-08-09T16:17:16.236492+00:00
1039706,referee,5169,"RAMOS FERNANDEZ, OLIVER",Arbitro asistente,https://www.rffm.es/acta-partido/1039706,2026-08-09T16:17:16.236492+00:00
1039706,field_delegate,,"PEDREGAL SAEZ, ALBERTO",delegado_campo,https://www.rffm.es/acta-partido/1039706,2026-08-09T16:17:16.236492+00:00
1039709,referee,645830,"VIDALLER SEGURA, LEON",Arbitro principal,https://www.rffm.es/acta-partido/1039709,2026-08-09T16:17:16.298549+00:00
1039709,referee,987795,"BEN-ALLAL AMHANTOUALI, KAMAL",Arbitro asistente,https://www.rffm.es/acta-partido/1039709,2026-08-09T16:17:16.298549+00:00
1039709,referee,4605,"COTILLO CALDERERO, ABEL",Arbitro asistente,https://www.rffm.es/acta-partido/1039709,2026-08-09T16:17:16.298549+00:00
1039709,field_delegate,,"IGLESIAS GONZALEZ, MARCO",delegado_campo,https://www.rffm.es/acta-partido/1039709,2026-08-09T16:17:16.298549+00:00
1039705,referee,4926,"LAZARO VADILLO, DAVID",Arbitro principal,https://www.rffm.es/acta-partido/1039705,2026-08-09T16:17:16.461281+00:00
1039705,referee,963255,"CATAÑO CATAÑO, FELIPE SANTIAGO",Arbitro asistente,https://www.rffm.es/acta-partido/1039705,2026-08-09T16:17:16.461281+00:00
1039705,referee,909089,"BISEROV SHAMOV, IVO",Arbitro asistente,https://www.rffm.es/acta-partido/1039705,2026-08-09T16:17:16.461281+00:00
1039705,field_delegate,,"GARCIA CERNUDA CASTRO, JOSÉ MARIA",delegado_campo,https://www.rffm.es/acta-partido/1039705,2026-08-09T16:17:16.461281+00:00
1039704,referee,797592,"GARCIA-GIL TALLANTE, DAVID",Arbitro principal,https://www.rffm.es/acta-partido/1039704,2026-08-09T16:17:16.484989+00:00
1039704,referee,909329,"MANZANO GARCIA, JORGE",Arbitro asistente,https://www.rffm.es/acta-partido/1039704,2026-08-09T16:17:16.484989+00:00
1039704,referee,536311,"DELGADO BENÍTEZ, RAÚL",Arbitro asistente,https://www.rffm.es/acta-partido/1039704,2026-08-09T16:17:16.484989+00:00
1039704,field_delegate,,"POL JAEN, FRANCESC",delegado_campo,https://www.rffm.es/acta-partido/1039704,2026-08-09T16:17:16.484989+00:00
1039707,referee,797628,"JIMENEZ GONZALEZ, JAIME",Arbitro principal,https://www.rffm.es/acta-partido/1039707,2026-08-09T16:17:16.814512+00:00
1039707,referee,823167,"BARRERA HERRERA, CESAR MIRSHA",Arbitro asistente,https://www.rffm.es/acta-partido/1039707,2026-08-09T16:17:16.814512+00:00
1039707,referee,5130,"VALERO CEPEDA, MIGUEL ANGEL",Arbitro asistente,https://www.rffm.es/acta-partido/1039707,2026-08-09T16:17:16.814512+00:00
1039707,field_delegate,,"ORTE VIDAL, VICTOR",delegado_campo,https://www.rffm.es/acta-partido/1039707,2026-08-09T16:17:16.814512+00:00
1039718,referee,2190,"PLAZA GARCIA, SAUL",Arbitro principal,https://www.rffm.es/acta-partido/1039718,2026-08-09T16:17:17.456319+00:00
1039718,referee,878242,"RIOS ALMAGRO, IVAN",Arbitro asistente,https://www.rffm.es/acta-partido/1039718,2026-08-09T16:17:17.456319+00:00
1039718,referee,721261,"SANZ CORBACHO, JAIRO",Arbitro asistente,https://www.rffm.es/acta-partido/1039718,2026-08-09T16:17:17.456319+00:00
1039718,field_delegate,,"MENDOZA PEDROCHE, JOSÉ IGNACIO",delegado_campo,https://www.rffm.es/acta-partido/1039718,2026-08-09T16:17:17.456319+00:00
1039715,referee,5123,"MORALEDA CRISTOBAL, ANTONIO",Arbitro principal,https://www.rffm.es/acta-partido/1039715,2026-08-09T16:17:17.584410+00:00
1039715,referee,717741,"CASTAÑEDA RODRIGUEZ, BORJA ANTONIO",Arbitro asistente,https://www.rffm.es/acta-partido/1039715,2026-08-09T16:17:17.584410+00:00
1039715,referee,645735,"DOMINGUEZ FERNANDEZ, CARLOS",Arbitro asistente,https://www.rffm.es/acta-partido/1039715,2026-08-09T16:17:17.584410+00:00
1039715,field_delegate,,"LUJAN ADEVA, FRANCISCO",delegado_campo,https://www.rffm.es/acta-partido/1039715,2026-08-09T16:17:17.584410+00:00
1039719,referee,4419,"MENDOZA CEMBRANOS, PABLO",Arbitro principal,https://www.rffm.es/acta-partido/1039719,2026-08-09T16:17:17.741782+00:00
1039719,referee,722287,"SANCHEZ MORENO, ALEXIS",Arbitro asistente,https://www.rffm.es/acta-partido/1039719,2026-08-09T16:17:17.741782+00:00
1039719,referee,3540,"CASTRO SIERRA, JUAN JOSE",Arbitro asistente,https://www.rffm.es/acta-partido/1039719,2026-08-09T16:17:17.741782+00:00
1039719,field_delegate,,"FERNANDEZ BLANCO SAN MIGUEL, ANTONIO",delegado_campo,https://www.rffm.es/acta-partido/1039719,2026-08-09T16:17:17.741782+00:00
1039721,referee,3771,"GARCIA PEREZ, ANTONIO",Arbitro principal,https://www.rffm.es/acta-partido/1039721,2026-08-09T16:17:17.798653+00:00
1039721,referee,5169,"RAMOS FERNANDEZ, OLIVER",Arbitro asistente,https://www.rffm.es/acta-partido/1039721,2026-08-09T16:17:17.798653+00:00
1039721,referee,965038,"RUIZ AGUILERA, DANIEL",Arbitro asistente,https://www.rffm.es/acta-partido/1039721,2026-08-09T16:17:17.798653+00:00
1039721,field_delegate,,"SANSERONI GOMEZ, MIGUEL",delegado_campo,https://www.rffm.es/acta-partido/1039721,2026-08-09T16:17:17.798653+00:00
1039716,referee,973968,"ESPINOSA SEDANO, JORGE",Arbitro principal,https://www.rffm.es/acta-partido/1039716,2026-08-09T16:17:17.812715+00:00
1039716,referee,591134,"JURCA , MIHAI ALEXANDRU",Arbitro asistente,https://www.rffm.es/acta-partido/1039716,2026-08-09T16:17:17.812715+00:00
1039716,referee,3822,"NSOGO MONVURU, JUAN OBIANG",Arbitro asistente,https://www.rffm.es/acta-partido/1039716,2026-08-09T16:17:17.812715+00:00
1039716,field_delegate,,"FERNANDEZ CORRALES, FRANCISCO J",delegado_campo,https://www.rffm.es/acta-partido/1039716,2026-08-09T16:17:17.812715+00:00
1039717,referee,878107,"GRACIA VALENZUELA, MOISES",Arbitro principal,https://www.rffm.es/acta-partido/1039717,2026-08-09T16:17:18.110694+00:00
1039717,referee,823296,"HERNANDEZ CAÑAVERAS, CARLOS",Arbitro asistente,https://www.rffm.es/acta-partido/1039717,2026-08-09T16:17:18.110694+00:00
1039717,referee,4772,"SANDU , DANIEL",Arbitro asistente,https://www.rffm.es/acta-partido/1039717,2026-08-09T16:17:18.110694+00:00
1039717,field_delegate,,"LOPEZ IGUAL, DAVID",delegado_campo,https://www.rffm.es/acta-partido/1039717,2026-08-09T16:17:18.110694+00:00
1039720,referee,822731,"CABERO VALLE, IGNACIO JOSE",Arbitro principal,https://www.rffm.es/acta-partido/1039720,2026-08-09T16:17:18.302337+00:00
1039720,referee,877585,"MONTORO DE LA OLIVA, ALEJANDRO",Arbitro asistente,https://www.rffm.es/acta-partido/1039720,2026-08-09T16:17:18.302337+00:00
1039720,referee,877665,"ONRUBIA RAMOS, RODRIGO",Arbitro asistente,https://www.rffm.es/acta-partido/1039720,2026-08-09T16:17:18.302337+00:00
1039720,field_delegate,,"GARCIA DELGADO, MANUEL",delegado_campo,https://www.rffm.es/acta-partido/1039720,2026-08-09T16:17:18.302337+00:00
1039714,referee,4812,"VALDEPEÑAS CHAO, MARCOS",Arbitro principal,https://www.rffm.es/acta-partido/1039714,2026-08-09T16:17:18.404227+00:00
1039714,referee,797439,"ALFARO GONZALEZ, FRANCISCO ANTONIO",Arbitro asistente,https://www.rffm.es/acta-partido/1039714,2026-08-09T16:17:18.404227+00:00
1039714,referee,5144,"BARROSO BARROSO, GUILLERMO",Arbitro asistente,https://www.rffm.es/acta-partido/1039714,2026-08-09T16:17:18.404227+00:00
1039714,field_delegate,,"FRUTOS RIESGO, ENRIQUE",delegado_campo,https://www.rffm.es/acta-partido/1039714,2026-08-09T16:17:18.404227+00:00
1039730,referee,1174362,"MARIN CASTILLO, WILMER ENRIQUE",Arbitro principal,https://www.rffm.es/acta-partido/1039730,2026-08-09T16:17:18.554181+00:00
1039730,referee,953979,"BOUHAJA GOMEZ, ZACARIAS",Arbitro asistente,https://www.rffm.es/acta-partido/1039730,2026-08-09T16:17:18.554181+00:00
1039730,referee,823073,"PEDRAZA ZORRERO, SERGIO",Arbitro asistente,https://www.rffm.es/acta-partido/1039730,2026-08-09T16:17:18.554181+00:00
1039725,referee,797539,"CAÑAS DURAN, JOSE FRANCISCO",Arbitro principal,https://www.rffm.es/acta-partido/1039725,2026-08-09T16:17:18.826107+00:00
1039725,referee,877927,"BALLEGA JIMENEZ, ALEJANDRO",Arbitro asistente,https://www.rffm.es/acta-partido/1039725,2026-08-09T16:17:18.826107+00:00
1039725,referee,963296,"FERNANDEZ GONZALEZ, ADRIAN",Arbitro asistente,https://www.rffm.es/acta-partido/1039725,2026-08-09T16:17:18.826107+00:00
1039725,field_delegate,,"HERRERO HERNANDEZ, MANUEL AURELIO",delegado_campo,https://www.rffm.es/acta-partido/1039725,2026-08-09T16:17:18.826107+00:00
1039723,referee,645351,"MADALOSSO , RICCARDO",Arbitro principal,https://www.rffm.es/acta-partido/1039723,2026-08-09T16:17:18.947697+00:00
1039723,referee,909044,"ARROYO LARA, LUIS",Arbitro asistente,https://www.rffm.es/acta-partido/1039723,2026-08-09T16:17:18.947697+00:00
1039723,referee,713,"RINCON RUBIO, DAVID",Arbitro asistente,https://www.rffm.es/acta-partido/1039723,2026-08-09T16:17:18.947697+00:00
1039723,field_delegate,,"PEDREGAL SAEZ, ALBERTO",delegado_campo,https://www.rffm.es/acta-partido/1039723,2026-08-09T16:17:18.947697+00:00
1039727,referee,1185339,"ALONSO PAREDES, MANUEL ALEJANDRO",Arbitro principal,https://www.rffm.es/acta-partido/1039727,2026-08-09T16:17:18.948051+00:00
1039727,referee,877665,"ONRUBIA RAMOS, RODRIGO",Arbitro asistente,https://www.rffm.es/acta-partido/1039727,2026-08-09T16:17:18.948051+00:00
1039727,referee,4085,"HERNANDEZ ASTUDILLO, JAVIER",Arbitro asistente,https://www.rffm.es/acta-partido/1039727,2026-08-09T16:17:18.948051+00:00
1039727,field_delegate,,"COFRE DIEGO, RENE PATRICIO",delegado_campo,https://www.rffm.es/acta-partido/1039727,2026-08-09T16:17:18.948051+00:00
1039722,referee,2616,"MEDINA GARCIA, ALEJANDRO",Arbitro principal,https://www.rffm.es/acta-partido/1039722,2026-08-09T16:17:19.006830+00:00
1039722,referee,4683,"ALTED LORENZO, ALEJANDRO",Arbitro asistente,https://www.rffm.es/acta-partido/1039722,2026-08-09T16:17:19.006830+00:00
1039722,referee,973981,"FALQUINA JORGE, SAMUEL",Arbitro asistente,https://www.rffm.es/acta-partido/1039722,2026-08-09T16:17:19.006830+00:00
1039722,field_delegate,,"DE SANTIAGO SANCHEZ, CARLOS ARTURO",delegado_campo,https://www.rffm.es/acta-partido/1039722,2026-08-09T16:17:19.006830+00:00
1039728,referee,877900,"ACEVEDO GONZALEZ, JORGE",Arbitro principal,https://www.rffm.es/acta-partido/1039728,2026-08-09T16:17:19.113311+00:00
1039728,referee,645718,"DELGADO MARISCAL, MARIO",Arbitro asistente,https://www.rffm.es/acta-partido/1039728,2026-08-09T16:17:19.113311+00:00
1039728,referee,877574,"MENDEZ MOLERO, RUBEN",Arbitro asistente,https://www.rffm.es/acta-partido/1039728,2026-08-09T16:17:19.113311+00:00
1039728,field_delegate,,"LARRAGUETA FERNANDEZ, BEATRIZ",delegado_campo,https://www.rffm.es/acta-partido/1039728,2026-08-09T16:17:19.113311+00:00
1039713,referee,878174,"MORENO MORALEDA, ISMAEL",Arbitro principal,https://www.rffm.es/acta-partido/1039713,2026-08-09T16:17:19.121359+00:00
1039713,referee,964634,"MAÑANES DIAZ, OSCAR",Arbitro asistente,https://www.rffm.es/acta-partido/1039713,2026-08-09T16:17:19.121359+00:00
1039713,referee,741863,"CRUZ GONZALEZ, ROBERTO",Arbitro asistente,https://www.rffm.es/acta-partido/1039713,2026-08-09T16:17:19.121359+00:00
1039713,field_delegate,,"POL JAEN, FRANCESC",delegado_campo,https://www.rffm.es/acta-partido/1039713,2026-08-09T16:17:19.121359+00:00
1039726,referee,1185408,"SANTAMARIA LOPEZ DE GOIKOETXEA, IÑIGO",Arbitro principal,https://www.rffm.es/acta-partido/1039726,2026-08-09T16:17:19.391448+00:00
1039726,referee,590958,"ACAL LAZARO, DAVID",Arbitro asistente,https://www.rffm.es/acta-partido/1039726,2026-08-09T16:17:19.391448+00:00
1039726,referee,645494,"FERNANDEZ MOLINERO, SERGIO",Arbitro asistente,https://www.rffm.es/acta-partido/1039726,2026-08-09T16:17:19.391448+00:00
1039726,field_delegate,,"VÁZQUEZ BURGUILLO, SERGIO",delegado_campo,https://www.rffm.es/acta-partido/1039726,2026-08-09T16:17:19.391448+00:00
1039729,referee,3454,"ARANZANA CARPINTERO, RICARDO",Arbitro principal,https://www.rffm.es/acta-partido/1039729,2026-08-09T16:17:19.832811+00:00
1039729,referee,536838,"MILLAN HIDALGO, ANTONIO",Arbitro asistente,https://www.rffm.es/acta-partido/1039729,2026-08-09T16:17:19.832811+00:00
1039729,referee,823167,"BARRERA HERRERA, CESAR MIRSHA",Arbitro asistente,https://www.rffm.es/acta-partido/1039729,2026-08-09T16:17:19.832811+00:00
1039729,field_delegate,,"COSTA BOULLON, ADRIAN",delegado_campo,https://www.rffm.es/acta-partido/1039729,2026-08-09T16:17:19.832811+00:00
1039731,referee,1027683,"CACHO BENITEZ, BRIAN",Arbitro principal,https://www.rffm.es/acta-partido/1039731,2026-08-09T16:17:19.984345+00:00
1039731,referee,717698,"CABRERO ARROYO, PEDRO",Arbitro asistente,https://www.rffm.es/acta-partido/1039731,2026-08-09T16:17:19.984345+00:00
1039731,referee,963296,"FERNANDEZ GONZALEZ, ADRIAN",Arbitro asistente,https://www.rffm.es/acta-partido/1039731,2026-08-09T16:17:19.984345+00:00
1039724,referee,877467,"CARRASCOSA VÁZQUEZ, CRISTIAN JOSÉ",Arbitro principal,https://www.rffm.es/acta-partido/1039724,2026-08-09T16:17:20.034388+00:00
1039724,referee,909329,"MANZANO GARCIA, JORGE",Arbitro asistente,https://www.rffm.es/acta-partido/1039724,2026-08-09T16:17:20.034388+00:00
1039724,referee,645721,"DIAZ RODRIGUEZ, LUIS MIGUEL",Arbitro asistente,https://www.rffm.es/acta-partido/1039724,2026-08-09T16:17:20.034388+00:00
1039724,field_delegate,,"FERNÁNDEZ MELGOSA, JUAN MANUEL",delegado_campo,https://www.rffm.es/acta-partido/1039724,2026-08-09T16:17:20.034388+00:00
1039733,referee,909252,"GONZALEZ PELAEZ, JOSE ADRIAN",Arbitro principal,https://www.rffm.es/acta-partido/1039733,2026-08-09T16:17:20.067295+00:00
1039733,referee,717698,"CABRERO ARROYO, PEDRO",Arbitro asistente,https://www.rffm.es/acta-partido/1039733,2026-08-09T16:17:20.067295+00:00
1039733,referee,5169,"RAMOS FERNANDEZ, OLIVER",Arbitro asistente,https://www.rffm.es/acta-partido/1039733,2026-08-09T16:17:20.067295+00:00
1039733,field_delegate,,"FRUTOS RIESGO, ENRIQUE",delegado_campo,https://www.rffm.es/acta-partido/1039733,2026-08-09T16:17:20.067295+00:00
1039738,referee,5123,"MORALEDA CRISTOBAL, ANTONIO",Arbitro principal,https://www.rffm.es/acta-partido/1039738,2026-08-09T16:17:20.157129+00:00
1039738,referee,536806,"GARCIA CASADO, JESUS",Arbitro asistente,https://www.rffm.es/acta-partido/1039738,2026-08-09T16:17:20.157129+00:00
1039738,referee,967714,"EL HOUTI BOUDOUMA, SOUFIAN",Arbitro asistente,https://www.rffm.es/acta-partido/1039738,2026-08-09T16:17:20.157129+00:00
1039738,field_delegate,,"FERNANDEZ BLANCO SAN MIGUEL, ANTONIO",delegado_campo,https://www.rffm.es/acta-partido/1039738,2026-08-09T16:17:20.157129+00:00
1039734,referee,1183042,"MEDINA GAVILAN, BORJA",Arbitro principal,https://www.rffm.es/acta-partido/1039734,2026-08-09T16:17:20.166466+00:00
1039734,referee,953979,"BOUHAJA GOMEZ, ZACARIAS",Arbitro asistente,https://www.rffm.es/acta-partido/1039734,2026-08-09T16:17:20.166466+00:00
1039734,referee,964660,"ESPINOSA RIOS, ALICIA",Arbitro asistente,https://www.rffm.es/acta-partido/1039734,2026-08-09T16:17:20.166466+00:00
1039734,field_delegate,,"LUJAN ADEVA, FRANCISCO",delegado_campo,https://www.rffm.es/acta-partido/1039734,2026-08-09T16:17:20.166466+00:00
1039737,referee,4419,"MENDOZA CEMBRANOS, PABLO",Arbitro principal,https://www.rffm.es/acta-partido/1039737,2026-08-09T16:17:20.308697+00:00
1039737,referee,963366,"GARCIA GONZALEZ, IVAN",Arbitro asistente,https://www.rffm.es/acta-partido/1039737,2026-08-09T16:17:20.308697+00:00
1039737,referee,3540,"CASTRO SIERRA, JUAN JOSE",Arbitro asistente,https://www.rffm.es/acta-partido/1039737,2026-08-09T16:17:20.308697+00:00
1039737,field_delegate,,"MENDOZA PEDROCHE, JOSÉ IGNACIO",delegado_campo,https://www.rffm.es/acta-partido/1039737,2026-08-09T16:17:20.308697+00:00
1039732,referee,2941,"ALONSO SANZ, DANIEL",Arbitro principal,https://www.rffm.es/acta-partido/1039732,2026-08-09T16:17:20.570505+00:00
1039732,referee,797922,"DOMINGUEZ FERNANDEZ, JOSE MARIA",Arbitro asistente,https://www.rffm.es/acta-partido/1039732,2026-08-09T16:17:20.570505+00:00
1039732,referee,591134,"JURCA , MIHAI ALEXANDRU",Arbitro asistente,https://www.rffm.es/acta-partido/1039732,2026-08-09T16:17:20.570505+00:00
1039732,field_delegate,,"POL JAEN, FRANCESC",delegado_campo,https://www.rffm.es/acta-partido/1039732,2026-08-09T16:17:20.570505+00:00
1039739,referee,3892,"HERNANDEZ ACERA, RICARDO",Arbitro principal,https://www.rffm.es/acta-partido/1039739,2026-08-09T16:17:21.265970+00:00
1039739,referee,645794,"PADIAL TORAN, JAIME",Arbitro asistente,https://www.rffm.es/acta-partido/1039739,2026-08-09T16:17:21.265970+00:00
1039739,referee,797439,"ALFARO GONZALEZ, FRANCISCO ANTONIO",Arbitro asistente,https://www.rffm.es/acta-partido/1039739,2026-08-09T16:17:21.265970+00:00
1039739,field_delegate,,"SANSERONI GOMEZ, MIGUEL",delegado_campo,https://www.rffm.es/acta-partido/1039739,2026-08-09T16:17:21.265970+00:00
1039736,referee,3771,"GARCIA PEREZ, ANTONIO",Arbitro principal,https://www.rffm.es/acta-partido/1039736,2026-08-09T16:17:21.417558+00:00
1039736,referee,797903,"CIEZA ZURITA, SERGIO",Arbitro asistente,https://www.rffm.es/acta-partido/1039736,2026-08-09T16:17:21.417558+00:00
1039736,referee,536838,"MILLAN HIDALGO, ANTONIO",Arbitro asistente,https://www.rffm.es/acta-partido/1039736,2026-08-09T16:17:21.417558+00:00
1039736,field_delegate,,"BONET ALCOL, MARCOS",delegado_campo,https://www.rffm.es/acta-partido/1039736,2026-08-09T16:17:21.417558+00:00
1039748,referee,2616,"MEDINA GARCIA, ALEJANDRO",Arbitro principal,https://www.rffm.es/acta-partido/1039748,2026-08-09T16:17:21.511123+00:00
1039748,referee,963559,"ALVAREZ OLMOS, SANTIAGO MELCHOR",Arbitro asistente,https://www.rffm.es/acta-partido/1039748,2026-08-09T16:17:21.511123+00:00
1039748,referee,577517,"ARRIBAS RODRIGUEZ, IVAN",Arbitro asistente,https://www.rffm.es/acta-partido/1039748,2026-08-09T16:17:21.511123+00:00
1039748,field_delegate,,"GARCIA DELGADO, MANUEL",delegado_campo,https://www.rffm.es/acta-partido/1039748,2026-08-09T16:17:21.511123+00:00
1039742,referee,2153,"GABASA CORTES, RAMON",Arbitro principal,https://www.rffm.es/acta-partido/1039742,2026-08-09T16:17:21.574887+00:00
1039742,referee,645693,"ALVAREZ VILLENA, FRANCISCO",Arbitro asistente,https://www.rffm.es/acta-partido/1039742,2026-08-09T16:17:21.574887+00:00
1039742,referee,634752,"AVILA LLORENTE, DAVID",Arbitro asistente,https://www.rffm.es/acta-partido/1039742,2026-08-09T16:17:21.574887+00:00
1039742,field_delegate,,"HERRERO HERNANDEZ, MANUEL AURELIO",delegado_campo,https://www.rffm.es/acta-partido/1039742,2026-08-09T16:17:21.574887+00:00
1039747,referee,3912,"HIDALGO GACIMARTIN, BORJA",Arbitro principal,https://www.rffm.es/acta-partido/1039747,2026-08-09T16:17:21.626155+00:00
1039747,referee,797439,"ALFARO GONZALEZ, FRANCISCO ANTONIO",Arbitro asistente,https://www.rffm.es/acta-partido/1039747,2026-08-09T16:17:21.626155+00:00
1039747,referee,591194,"DEL CAMPO AMAGO, ALEJANDRO",Arbitro asistente,https://www.rffm.es/acta-partido/1039747,2026-08-09T16:17:21.626155+00:00
1039747,field_delegate,,"TORRES CORNIEL, JOSE",delegado_campo,https://www.rffm.es/acta-partido/1039747,2026-08-09T16:17:21.626155+00:00
1039735,referee,1029814,"GARCIA PEÑACOBA, CESAR",Arbitro principal,https://www.rffm.es/acta-partido/1039735,2026-08-09T16:17:21.635981+00:00
1039735,referee,536794,"FERREIRO MENDEZ, ALVARO",Arbitro asistente,https://www.rffm.es/acta-partido/1039735,2026-08-09T16:17:21.635981+00:00
1039735,referee,987795,"BEN-ALLAL AMHANTOUALI, KAMAL",Arbitro asistente,https://www.rffm.es/acta-partido/1039735,2026-08-09T16:17:21.635981+00:00
1039735,field_delegate,,"FERNANDEZ CORRALES, FRANCISCO J",delegado_campo,https://www.rffm.es/acta-partido/1039735,2026-08-09T16:17:21.635981+00:00
1039744,referee,536790,"ESPINOSA ARANDA, DANIEL",Arbitro principal,https://www.rffm.es/acta-partido/1039744,2026-08-09T16:17:21.698266+00:00
1039744,referee,742575,"KATATI BOTE, JOUMA",Arbitro asistente,https://www.rffm.es/acta-partido/1039744,2026-08-09T16:17:21.698266+00:00
1039744,referee,4427,"ANTE TOAPANTA, NESTOR DANIEL",Arbitro asistente,https://www.rffm.es/acta-partido/1039744,2026-08-09T16:17:21.698266+00:00
1039744,field_delegate,,"COFRE DIEGO, RENE PATRICIO",delegado_campo,https://www.rffm.es/acta-partido/1039744,2026-08-09T16:17:21.698266+00:00
1039745,referee,742557,"IGLESIAS SZENDEFY, MARK",Arbitro principal,https://www.rffm.es/acta-partido/1039745,2026-08-09T16:17:21.849472+00:00
1039745,referee,4040,"MARTIN RASCON, JAVIER",Arbitro asistente,https://www.rffm.es/acta-partido/1039745,2026-08-09T16:17:21.849472+00:00
1039745,referee,4766,"ROBLEDO CORDERO, ROBERTO",Arbitro asistente,https://www.rffm.es/acta-partido/1039745,2026-08-09T16:17:21.849472+00:00
1039756,referee,1185408,"SANTAMARIA LOPEZ DE GOIKOETXEA, IÑIGO",Arbitro principal,https://www.rffm.es/acta-partido/1039756,2026-08-09T16:17:22.217854+00:00
1039756,referee,645485,"VALDIVIESO BANZO, ANGEL",Arbitro asistente,https://www.rffm.es/acta-partido/1039756,2026-08-09T16:17:22.217854+00:00
1039756,referee,4085,"HERNANDEZ ASTUDILLO, JAVIER",Arbitro asistente,https://www.rffm.es/acta-partido/1039756,2026-08-09T16:17:22.217854+00:00
1039756,field_delegate,,"ALCALA PEREZ, JOSE MANUEL",delegado_campo,https://www.rffm.es/acta-partido/1039756,2026-08-09T16:17:22.217854+00:00
1039749,referee,3454,"ARANZANA CARPINTERO, RICARDO",Arbitro principal,https://www.rffm.es/acta-partido/1039749,2026-08-09T16:17:22.273884+00:00
1039749,referee,878280,"RUBIO CHAMORRO, MARIO",Arbitro asistente,https://www.rffm.es/acta-partido/1039749,2026-08-09T16:17:22.273884+00:00
1039749,referee,536806,"GARCIA CASADO, JESUS",Arbitro asistente,https://www.rffm.es/acta-partido/1039749,2026-08-09T16:17:22.273884+00:00
1039740,referee,986847,"HIDALGO ALEJO, RAFAEL",Arbitro principal,https://www.rffm.es/acta-partido/1039740,2026-08-09T16:17:22.498939+00:00
1039740,referee,523378,"GARCIA RODRIGUEZ, ENRIQUE",Arbitro asistente,https://www.rffm.es/acta-partido/1039740,2026-08-09T16:17:22.498939+00:00
1039740,referee,3540,"CASTRO SIERRA, JUAN JOSE",Arbitro asistente,https://www.rffm.es/acta-partido/1039740,2026-08-09T16:17:22.498939+00:00
1039740,field_delegate,,"PEDREGAL SAEZ, ALBERTO",delegado_campo,https://www.rffm.es/acta-partido/1039740,2026-08-09T16:17:22.498939+00:00
1039743,referee,771863,"BLANCO GONZALEZ, RUBEN",Arbitro principal,https://www.rffm.es/acta-partido/1039743,2026-08-09T16:17:22.640880+00:00
1039743,referee,923127,"NUÑEZ TUR, ROBERTO",Arbitro asistente,https://www.rffm.es/acta-partido/1039743,2026-08-09T16:17:22.640880+00:00
1039743,referee,719275,"MADROÑAL LORENTE, IVAN",Arbitro asistente,https://www.rffm.es/acta-partido/1039743,2026-08-09T16:17:22.640880+00:00
1039743,field_delegate,,"IGLESIAS GONZALEZ, MARCO",delegado_campo,https://www.rffm.es/acta-partido/1039743,2026-08-09T16:17:22.640880+00:00
1039753,referee,645830,"VIDALLER SEGURA, LEON",Arbitro principal,https://www.rffm.es/acta-partido/1039753,2026-08-09T16:17:22.703581+00:00
1039753,referee,967720,"EL KALLATI, ABDENAIM",Arbitro asistente,https://www.rffm.es/acta-partido/1039753,2026-08-09T16:17:22.703581+00:00
1039753,referee,742536,"GONZALEZ GUTIERREZ, ALVARO ENRIQUE",Arbitro asistente,https://www.rffm.es/acta-partido/1039753,2026-08-09T16:17:22.703581+00:00
1039753,field_delegate,,"LUJAN ADEVA, FRANCISCO",delegado_campo,https://www.rffm.es/acta-partido/1039753,2026-08-09T16:17:22.703581+00:00
1039741,referee,718682,"GOMEZ-DIAZ PEDREÑO, ENRIQUE",Arbitro principal,https://www.rffm.es/acta-partido/1039741,2026-08-09T16:17:22.713830+00:00
1039741,referee,963366,"GARCIA GONZALEZ, IVAN",Arbitro asistente,https://www.rffm.es/acta-partido/1039741,2026-08-09T16:17:22.713830+00:00
1039741,referee,967714,"EL HOUTI BOUDOUMA, SOUFIAN",Arbitro asistente,https://www.rffm.es/acta-partido/1039741,2026-08-09T16:17:22.713830+00:00
1039741,field_delegate,,"FERNÁNDEZ MELGOSA, JUAN MANUEL",delegado_campo,https://www.rffm.es/acta-partido/1039741,2026-08-09T16:17:22.713830+00:00
1039746,referee,1183042,"MEDINA GAVILAN, BORJA",Arbitro principal,https://www.rffm.es/acta-partido/1039746,2026-08-09T16:17:22.771276+00:00
1039746,referee,987795,"BEN-ALLAL AMHANTOUALI, KAMAL",Arbitro asistente,https://www.rffm.es/acta-partido/1039746,2026-08-09T16:17:22.771276+00:00
1039746,referee,578072,"BORDONS ROMERO, IGNACIO",Arbitro asistente,https://www.rffm.es/acta-partido/1039746,2026-08-09T16:17:22.771276+00:00
1039746,field_delegate,,"CORONEL NUÑEZ, DAVID",delegado_campo,https://www.rffm.es/acta-partido/1039746,2026-08-09T16:17:22.771276+00:00
1039752,referee,591070,"OLIVA RAMOS, ALVARO",Arbitro principal,https://www.rffm.es/acta-partido/1039752,2026-08-09T16:17:23.091819+00:00
1039752,referee,878073,"GARCIA PEREZ, ADRIAN",Arbitro asistente,https://www.rffm.es/acta-partido/1039752,2026-08-09T16:17:23.091819+00:00
1039752,referee,2918,"ROLDAN FLICHI, JUAN ANTONIO",Arbitro asistente,https://www.rffm.es/acta-partido/1039752,2026-08-09T16:17:23.091819+00:00
1039757,referee,909252,"GONZALEZ PELAEZ, JOSE ADRIAN",Arbitro principal,https://www.rffm.es/acta-partido/1039757,2026-08-09T16:17:23.560899+00:00
1039757,referee,1031961,"NAHIL, YASSIR",Arbitro asistente,https://www.rffm.es/acta-partido/1039757,2026-08-09T16:17:23.560899+00:00
1039757,referee,909089,"BISEROV SHAMOV, IVO",Arbitro asistente,https://www.rffm.es/acta-partido/1039757,2026-08-09T16:17:23.560899+00:00
1039757,field_delegate,,"SANSERONI GOMEZ, MIGUEL",delegado_campo,https://www.rffm.es/acta-partido/1039757,2026-08-09T16:17:23.560899+00:00
1039754,referee,645351,"MADALOSSO , RICCARDO",Arbitro principal,https://www.rffm.es/acta-partido/1039754,2026-08-09T16:17:23.566807+00:00
1039754,referee,536806,"GARCIA CASADO, JESUS",Arbitro asistente,https://www.rffm.es/acta-partido/1039754,2026-08-09T16:17:23.566807+00:00
1039754,referee,964709,"GARCIA CASADO, ALVARO",Arbitro asistente,https://www.rffm.es/acta-partido/1039754,2026-08-09T16:17:23.566807+00:00
1039754,field_delegate,,"FERNANDEZ CORRALES, FRANCISCO J",delegado_campo,https://www.rffm.es/acta-partido/1039754,2026-08-09T16:17:23.566807+00:00
1039751,referee,1029814,"GARCIA PEÑACOBA, CESAR",Arbitro principal,https://www.rffm.es/acta-partido/1039751,2026-08-09T16:17:23.766929+00:00
1039751,referee,742575,"KATATI BOTE, JOUMA",Arbitro asistente,https://www.rffm.es/acta-partido/1039751,2026-08-09T16:17:23.766929+00:00
1039751,referee,5021,"SANDOVAL ZAZO, ROBERTO",Arbitro asistente,https://www.rffm.es/acta-partido/1039751,2026-08-09T16:17:23.766929+00:00
1039751,field_delegate,,"POL JAEN, FRANCESC",delegado_campo,https://www.rffm.es/acta-partido/1039751,2026-08-09T16:17:23.766929+00:00
1039755,referee,3653,"LOPEZ ORTIZ, RAFAEL",Arbitro principal,https://www.rffm.es/acta-partido/1039755,2026-08-09T16:17:23.836310+00:00
1039755,referee,645693,"ALVAREZ VILLENA, FRANCISCO",Arbitro asistente,https://www.rffm.es/acta-partido/1039755,2026-08-09T16:17:23.836310+00:00
1039755,referee,797681,"PRADANA SANCHEZ, RUBEN",Arbitro asistente,https://www.rffm.es/acta-partido/1039755,2026-08-09T16:17:23.836310+00:00
1039755,field_delegate,,"LOPEZ IGUAL, DAVID",delegado_campo,https://www.rffm.es/acta-partido/1039755,2026-08-09T16:17:23.836310+00:00
1039750,referee,964694,"FERNANDEZ BAERT, JAIME",Arbitro principal,https://www.rffm.es/acta-partido/1039750,2026-08-09T16:17:23.924750+00:00
1039750,referee,5144,"BARROSO BARROSO, GUILLERMO",Arbitro asistente,https://www.rffm.es/acta-partido/1039750,2026-08-09T16:17:23.924750+00:00
1039750,referee,645735,"DOMINGUEZ FERNANDEZ, CARLOS",Arbitro asistente,https://www.rffm.es/acta-partido/1039750,2026-08-09T16:17:23.924750+00:00
1039750,field_delegate,,"DE SANTIAGO SANCHEZ, CARLOS ARTURO",delegado_campo,https://www.rffm.es/acta-partido/1039750,2026-08-09T16:17:23.924750+00:00
1039763,referee,5161,"LOPEZ JIMENEZ, FERNANDO",Arbitro principal,https://www.rffm.es/acta-partido/1039763,2026-08-09T16:17:23.934180+00:00
1039763,referee,909581,"PEREZ RODRIGUEZ, ADRIAN",Arbitro asistente,https://www.rffm.es/acta-partido/1039763,2026-08-09T16:17:23.934180+00:00
1039763,referee,823167,"BARRERA HERRERA, CESAR MIRSHA",Arbitro asistente,https://www.rffm.es/acta-partido/1039763,2026-08-09T16:17:23.934180+00:00
1039763,field_delegate,,"CORONEL NUÑEZ, DAVID",delegado_campo,https://www.rffm.es/acta-partido/1039763,2026-08-09T16:17:23.934180+00:00
1039759,referee,3912,"HIDALGO GACIMARTIN, BORJA",Arbitro principal,https://www.rffm.es/acta-partido/1039759,2026-08-09T16:17:23.992844+00:00
1039759,referee,877665,"ONRUBIA RAMOS, RODRIGO",Arbitro asistente,https://www.rffm.es/acta-partido/1039759,2026-08-09T16:17:23.992844+00:00
1039759,referee,2918,"ROLDAN FLICHI, JUAN ANTONIO",Arbitro asistente,https://www.rffm.es/acta-partido/1039759,2026-08-09T16:17:23.992844+00:00
1039759,field_delegate,,"HERRERO HERNANDEZ, MANUEL AURELIO",delegado_campo,https://www.rffm.es/acta-partido/1039759,2026-08-09T16:17:23.992844+00:00
1039762,referee,986847,"HIDALGO ALEJO, RAFAEL",Arbitro principal,https://www.rffm.es/acta-partido/1039762,2026-08-09T16:17:25.070127+00:00
1039762,referee,645693,"ALVAREZ VILLENA, FRANCISCO",Arbitro asistente,https://www.rffm.es/acta-partido/1039762,2026-08-09T16:17:25.070127+00:00
1039762,referee,4434,"CASASOLA DIAZ, ADRIAN",Arbitro asistente,https://www.rffm.es/acta-partido/1039762,2026-08-09T16:17:25.070127+00:00
1039762,field_delegate,,"LARRAGUETA FERNANDEZ, BEATRIZ",delegado_campo,https://www.rffm.es/acta-partido/1039762,2026-08-09T16:17:25.070127+00:00
1039760,referee,4419,"MENDOZA CEMBRANOS, PABLO",Arbitro principal,https://www.rffm.es/acta-partido/1039760,2026-08-09T16:17:25.145148+00:00
1039760,referee,897798,"LUQUE MARTIN, MARCOS",Arbitro asistente,https://www.rffm.es/acta-partido/1039760,2026-08-09T16:17:25.145148+00:00
1039760,referee,742536,"GONZALEZ GUTIERREZ, ALVARO ENRIQUE",Arbitro asistente,https://www.rffm.es/acta-partido/1039760,2026-08-09T16:17:25.145148+00:00
1039758,referee,823081,"POSTOLACHE PATRICHI, DANIELA ELENA",Arbitro principal,https://www.rffm.es/acta-partido/1039758,2026-08-09T16:17:25.156678+00:00
1039758,referee,3579,"MAROTO CRIADO, SERGIO",Arbitro asistente,https://www.rffm.es/acta-partido/1039758,2026-08-09T16:17:25.156678+00:00
1039758,referee,536794,"FERREIRO MENDEZ, ALVARO",Arbitro asistente,https://www.rffm.es/acta-partido/1039758,2026-08-09T16:17:25.156678+00:00
1039758,field_delegate,,"FERNÁNDEZ MELGOSA, JUAN MANUEL",delegado_campo,https://www.rffm.es/acta-partido/1039758,2026-08-09T16:17:25.156678+00:00
1039764,referee,4926,"LAZARO VADILLO, DAVID",Arbitro principal,https://www.rffm.es/acta-partido/1039764,2026-08-09T16:17:25.185403+00:00
1039764,referee,909329,"MANZANO GARCIA, JORGE",Arbitro asistente,https://www.rffm.es/acta-partido/1039764,2026-08-09T16:17:25.185403+00:00
1039764,referee,742593,"LUMBRERAS RODRIGUEZ, IRENE",Arbitro asistente,https://www.rffm.es/acta-partido/1039764,2026-08-09T16:17:25.185403+00:00
1039764,field_delegate,,"TORRES CORNIEL, JOSE",delegado_campo,https://www.rffm.es/acta-partido/1039764,2026-08-09T16:17:25.185403+00:00
1039766,referee,1027683,"CACHO BENITEZ, BRIAN",Arbitro principal,https://www.rffm.es/acta-partido/1039766,2026-08-09T16:17:25.225064+00:00
1039766,referee,523378,"GARCIA RODRIGUEZ, ENRIQUE",Arbitro asistente,https://www.rffm.es/acta-partido/1039766,2026-08-09T16:17:25.225064+00:00
1039766,referee,797995,"GONZALEZ SEIJAS, OSCAR",Arbitro asistente,https://www.rffm.es/acta-partido/1039766,2026-08-09T16:17:25.225064+00:00
1039772,referee,1029814,"GARCIA PEÑACOBA, CESAR",Arbitro principal,https://www.rffm.es/acta-partido/1039772,2026-08-09T16:17:25.270738+00:00
1039772,referee,3579,"MAROTO CRIADO, SERGIO",Arbitro asistente,https://www.rffm.es/acta-partido/1039772,2026-08-09T16:17:25.270738+00:00
1039772,referee,3176,"RUIZ MARTINEZ ALCOCER, ADRIAN",Arbitro asistente,https://www.rffm.es/acta-partido/1039772,2026-08-09T16:17:25.270738+00:00
1039772,field_delegate,,"LUJAN ADEVA, FRANCISCO",delegado_campo,https://www.rffm.es/acta-partido/1039772,2026-08-09T16:17:25.270738+00:00
1039761,referee,797646,"NARANJO CAMARERO, CARLOS",Arbitro principal,https://www.rffm.es/acta-partido/1039761,2026-08-09T16:17:25.333013+00:00
1039761,referee,967714,"EL HOUTI BOUDOUMA, SOUFIAN",Arbitro asistente,https://www.rffm.es/acta-partido/1039761,2026-08-09T16:17:25.333013+00:00
1039761,referee,645084,"GUTIERREZ REDONDO, ALBERTO",Arbitro asistente,https://www.rffm.es/acta-partido/1039761,2026-08-09T16:17:25.333013+00:00
1039761,field_delegate,,"SOTO JIMÉNEZ , DIEGO",delegado_campo,https://www.rffm.es/acta-partido/1039761,2026-08-09T16:17:25.333013+00:00
1039765,referee,536396,"GOMEZ GONZALEZ, AMANDO",Arbitro principal,https://www.rffm.es/acta-partido/1039765,2026-08-09T16:17:25.420836+00:00
1039765,referee,968431,"HADDAD EDDAHMANE, MOHAMED YASER",Arbitro asistente,https://www.rffm.es/acta-partido/1039765,2026-08-09T16:17:25.420836+00:00
1039765,referee,3889,"ALONSO JULIAN, LUIS MIGUEL",Arbitro asistente,https://www.rffm.es/acta-partido/1039765,2026-08-09T16:17:25.420836+00:00
1039765,field_delegate,,"GARCIA DELGADO, MANUEL",delegado_campo,https://www.rffm.es/acta-partido/1039765,2026-08-09T16:17:25.420836+00:00
1039774,referee,3524,"VIDAL TORMO, MARIO",Arbitro principal,https://www.rffm.es/acta-partido/1039774,2026-08-09T16:17:25.805466+00:00
1039774,referee,877927,"BALLEGA JIMENEZ, ALEJANDRO",Arbitro asistente,https://www.rffm.es/acta-partido/1039774,2026-08-09T16:17:25.805466+00:00
1039774,referee,645084,"GUTIERREZ REDONDO, ALBERTO",Arbitro asistente,https://www.rffm.es/acta-partido/1039774,2026-08-09T16:17:25.805466+00:00
1039774,field_delegate,,"LOPEZ IGUAL, DAVID",delegado_campo,https://www.rffm.es/acta-partido/1039774,2026-08-09T16:17:25.805466+00:00
1039770,referee,973968,"ESPINOSA SEDANO, JORGE",Arbitro principal,https://www.rffm.es/acta-partido/1039770,2026-08-09T16:17:25.982927+00:00
1039770,referee,4930,"MINGOARRANZ FEITO, ALBERTO",Arbitro asistente,https://www.rffm.es/acta-partido/1039770,2026-08-09T16:17:25.982927+00:00
1039770,referee,569861,"DONATO MORALES, ALEJANDRO",Arbitro asistente,https://www.rffm.es/acta-partido/1039770,2026-08-09T16:17:25.982927+00:00
1039770,field_delegate,,"POL JAEN, FRANCESC",delegado_campo,https://www.rffm.es/acta-partido/1039770,2026-08-09T16:17:25.982927+00:00
1039768,referee,523200,"MORARU, FLORIN WESPASIAN",Arbitro principal,https://www.rffm.es/acta-partido/1039768,2026-08-09T16:17:26.065525+00:00
1039768,referee,5080,"BOBEANU, PETRISOR",Arbitro asistente,https://www.rffm.es/acta-partido/1039768,2026-08-09T16:17:26.065525+00:00
1039768,referee,4434,"CASASOLA DIAZ, ADRIAN",Arbitro asistente,https://www.rffm.es/acta-partido/1039768,2026-08-09T16:17:26.065525+00:00
1039768,field_delegate,,"PEDREGAL SAEZ, ALBERTO",delegado_campo,https://www.rffm.es/acta-partido/1039768,2026-08-09T16:17:26.065525+00:00
1039771,referee,1185339,"ALONSO PAREDES, MANUEL ALEJANDRO",Arbitro principal,https://www.rffm.es/acta-partido/1039771,2026-08-09T16:17:26.278965+00:00
1039771,referee,987795,"BEN-ALLAL AMHANTOUALI, KAMAL",Arbitro asistente,https://www.rffm.es/acta-partido/1039771,2026-08-09T16:17:26.278965+00:00
1039771,referee,742536,"GONZALEZ GUTIERREZ, ALVARO ENRIQUE",Arbitro asistente,https://www.rffm.es/acta-partido/1039771,2026-08-09T16:17:26.278965+00:00
1039771,field_delegate,,"MASEGOSA TORRENTE, RUBÉN",delegado_campo,https://www.rffm.es/acta-partido/1039771,2026-08-09T16:17:26.278965+00:00
1039767,referee,5157,"GONZALEZ SANGUINO, JUAN",Arbitro principal,https://www.rffm.es/acta-partido/1039767,2026-08-09T16:17:26.314364+00:00
1039767,referee,718879,"JUARANZ DIAZ, DANIEL",Arbitro asistente,https://www.rffm.es/acta-partido/1039767,2026-08-09T16:17:26.314364+00:00
1039767,referee,742593,"LUMBRERAS RODRIGUEZ, IRENE",Arbitro asistente,https://www.rffm.es/acta-partido/1039767,2026-08-09T16:17:26.314364+00:00
1039767,field_delegate,,"ORTE VIDAL, VICTOR",delegado_campo,https://www.rffm.es/acta-partido/1039767,2026-08-09T16:17:26.314364+00:00
1039773,referee,3454,"ARANZANA CARPINTERO, RICARDO",Arbitro principal,https://www.rffm.es/acta-partido/1039773,2026-08-09T16:17:26.483731+00:00
1039773,referee,909608,"RUBIO MORILLO-VELARDE, DAVID",Arbitro asistente,https://www.rffm.es/acta-partido/1039773,2026-08-09T16:17:26.483731+00:00
1039773,referee,635022,"GOMEZ HERRERO, ALEJANDRO",Arbitro asistente,https://www.rffm.es/acta-partido/1039773,2026-08-09T16:17:26.483731+00:00
1039773,field_delegate,,"FERNANDEZ CORRALES, FRANCISCO J",delegado_campo,https://www.rffm.es/acta-partido/1039773,2026-08-09T16:17:26.483731+00:00
1039769,referee,718723,"HUERTA DUQUE, MANUEL",Arbitro principal,https://www.rffm.es/acta-partido/1039769,2026-08-09T16:17:26.493841+00:00
1039769,referee,3572,"RAMOS GARCIA, ANTONIO",Arbitro asistente,https://www.rffm.es/acta-partido/1039769,2026-08-09T16:17:26.493841+00:00
1039769,referee,3248,"CARRALERO CALVO, ROBERTO",Arbitro asistente,https://www.rffm.es/acta-partido/1039769,2026-08-09T16:17:26.493841+00:00
1039775,referee,3016,"MARTIN GARCIA, ALEJANDRO",Arbitro principal,https://www.rffm.es/acta-partido/1039775,2026-08-09T16:17:26.616430+00:00
1039775,referee,645839,"ZORNOZA LLANOS, VICTOR",Arbitro asistente,https://www.rffm.es/acta-partido/1039775,2026-08-09T16:17:26.616430+00:00
1039775,referee,967714,"EL HOUTI BOUDOUMA, SOUFIAN",Arbitro asistente,https://www.rffm.es/acta-partido/1039775,2026-08-09T16:17:26.616430+00:00
1039775,field_delegate,,"SANSERONI GOMEZ, MIGUEL",delegado_campo,https://www.rffm.es/acta-partido/1039775,2026-08-09T16:17:26.616430+00:00
1039780,referee,536408,"GONZALEZ PELAEZ, LUIS",Arbitro principal,https://www.rffm.es/acta-partido/1039780,2026-08-09T16:17:27.204049+00:00
1039780,referee,797851,"CALVO CUENCA, GUILLERMO",Arbitro asistente,https://www.rffm.es/acta-partido/1039780,2026-08-09T16:17:27.204049+00:00
1039780,referee,797995,"GONZALEZ SEIJAS, OSCAR",Arbitro asistente,https://www.rffm.es/acta-partido/1039780,2026-08-09T16:17:27.204049+00:00
1039780,field_delegate,,"COSTA BOULLON, ADRIAN",delegado_campo,https://www.rffm.es/acta-partido/1039780,2026-08-09T16:17:27.204049+00:00
1039778,referee,877900,"ACEVEDO GONZALEZ, JORGE",Arbitro principal,https://www.rffm.es/acta-partido/1039778,2026-08-09T16:17:27.366406+00:00
1039778,referee,5130,"VALERO CEPEDA, MIGUEL ANGEL",Arbitro asistente,https://www.rffm.es/acta-partido/1039778,2026-08-09T16:17:27.366406+00:00
1039778,referee,634752,"AVILA LLORENTE, DAVID",Arbitro asistente,https://www.rffm.es/acta-partido/1039778,2026-08-09T16:17:27.366406+00:00
1039778,field_delegate,,"SOTO JIMÉNEZ , DIEGO",delegado_campo,https://www.rffm.es/acta-partido/1039778,2026-08-09T16:17:27.366406+00:00
1039782,referee,964694,"FERNANDEZ BAERT, JAIME",Arbitro principal,https://www.rffm.es/acta-partido/1039782,2026-08-09T16:17:27.482060+00:00
1039782,referee,717698,"CABRERO ARROYO, PEDRO",Arbitro asistente,https://www.rffm.es/acta-partido/1039782,2026-08-09T16:17:27.482060+00:00
1039782,referee,4661,"CARRILLO DELGADO, IGNACIO",Arbitro asistente,https://www.rffm.es/acta-partido/1039782,2026-08-09T16:17:27.482060+00:00
1039782,field_delegate,,"GARCIA DELGADO, MANUEL",delegado_campo,https://www.rffm.es/acta-partido/1039782,2026-08-09T16:17:27.482060+00:00
1039781,referee,3243,"BAUTISTA ALVAREZ, RICARDO",Arbitro principal,https://www.rffm.es/acta-partido/1039781,2026-08-09T16:17:27.490834+00:00
1039781,referee,718574,"GOMEZ GOMEZ, PATRICIA",Arbitro asistente,https://www.rffm.es/acta-partido/1039781,2026-08-09T16:17:27.490834+00:00
1039781,referee,877665,"ONRUBIA RAMOS, RODRIGO",Arbitro asistente,https://www.rffm.es/acta-partido/1039781,2026-08-09T16:17:27.490834+00:00
1039781,field_delegate,,"TORRES CORNIEL, JOSE",delegado_campo,https://www.rffm.es/acta-partido/1039781,2026-08-09T16:17:27.490834+00:00
1039779,referee,4910,"SIMON GARCIA, SERGIO",Arbitro principal,https://www.rffm.es/acta-partido/1039779,2026-08-09T16:17:27.543679+00:00
1039779,referee,964709,"GARCIA CASADO, ALVARO",Arbitro asistente,https://www.rffm.es/acta-partido/1039779,2026-08-09T16:17:27.543679+00:00
1039779,referee,909089,"BISEROV SHAMOV, IVO",Arbitro asistente,https://www.rffm.es/acta-partido/1039779,2026-08-09T16:17:27.543679+00:00
1039779,field_delegate,,"LARRAGUETA FERNANDEZ, BEATRIZ",delegado_campo,https://www.rffm.es/acta-partido/1039779,2026-08-09T16:17:27.543679+00:00
1039777,referee,665514,"FERNANDEZ DOMINGUEZ, MARCOS",Arbitro principal,https://www.rffm.es/acta-partido/1039777,2026-08-09T16:17:27.722111+00:00
1039777,referee,3540,"CASTRO SIERRA, JUAN JOSE",Arbitro asistente,https://www.rffm.es/acta-partido/1039777,2026-08-09T16:17:27.722111+00:00
1039777,referee,953993,"MOTA MORENO, MIGUEL",Arbitro asistente,https://www.rffm.es/acta-partido/1039777,2026-08-09T16:17:27.722111+00:00
1039777,field_delegate,,"VAZQUEZ BURGUILLO , SERGIO",delegado_campo,https://www.rffm.es/acta-partido/1039777,2026-08-09T16:17:27.722111+00:00
1039783,referee,797539,"CAÑAS DURAN, JOSE FRANCISCO",Arbitro principal,https://www.rffm.es/acta-partido/1039783,2026-08-09T16:17:27.727611+00:00
1039783,referee,923127,"NUÑEZ TUR, ROBERTO",Arbitro asistente,https://www.rffm.es/acta-partido/1039783,2026-08-09T16:17:27.727611+00:00
1039783,referee,5021,"SANDOVAL ZAZO, ROBERTO",Arbitro asistente,https://www.rffm.es/acta-partido/1039783,2026-08-09T16:17:27.727611+00:00
1039783,field_delegate,,"FERNANDEZ BLANCO SAN MIGUEL, BORJA",delegado_campo,https://www.rffm.es/acta-partido/1039783,2026-08-09T16:17:27.727611+00:00
1039784,referee,771863,"BLANCO GONZALEZ, RUBEN",Arbitro principal,https://www.rffm.es/acta-partido/1039784,2026-08-09T16:17:27.908573+00:00
1039784,referee,742575,"KATATI BOTE, JOUMA",Arbitro asistente,https://www.rffm.es/acta-partido/1039784,2026-08-09T16:17:27.908573+00:00
1039784,referee,5080,"BOBEANU, PETRISOR",Arbitro asistente,https://www.rffm.es/acta-partido/1039784,2026-08-09T16:17:27.908573+00:00
1039784,field_delegate,,"MENDOZA PEDROCHE, JOSÉ IGNACIO",delegado_campo,https://www.rffm.es/acta-partido/1039784,2026-08-09T16:17:27.908573+00:00
1039776,referee,1174362,"MARIN CASTILLO, WILMER ENRIQUE",Arbitro principal,https://www.rffm.es/acta-partido/1039776,2026-08-09T16:17:28.500464+00:00
1039776,referee,782764,"MARTINEZ GONZALEZ, IKER",Arbitro asistente,https://www.rffm.es/acta-partido/1039776,2026-08-09T16:17:28.500464+00:00
1039776,referee,742525,"GOMEZ GALLARDO, ADRIAN",Arbitro asistente,https://www.rffm.es/acta-partido/1039776,2026-08-09T16:17:28.500464+00:00
1039776,field_delegate,,"SANSERONI GOMEZ, MIGUEL",delegado_campo,https://www.rffm.es/acta-partido/1039776,2026-08-09T16:17:28.500464+00:00
1039785,referee,591070,"OLIVA RAMOS, ALVARO",Arbitro principal,https://www.rffm.es/acta-partido/1039785,2026-08-09T16:17:28.537377+00:00
1039785,referee,1028601,"DEL MAZO MARTIN, ADRIAN",Arbitro asistente,https://www.rffm.es/acta-partido/1039785,2026-08-09T16:17:28.537377+00:00
1039785,referee,536806,"GARCIA CASADO, JESUS",Arbitro asistente,https://www.rffm.es/acta-partido/1039785,2026-08-09T16:17:28.537377+00:00
1039785,field_delegate,,"HERRERO HERNANDEZ, MANUEL AURELIO",delegado_campo,https://www.rffm.es/acta-partido/1039785,2026-08-09T16:17:28.537377+00:00
1039791,referee,1185408,"SANTAMARIA LOPEZ DE GOIKOETXEA, IÑIGO",Arbitro principal,https://www.rffm.es/acta-partido/1039791,2026-08-09T16:17:28.700555+00:00
1039791,referee,718719,"GUIJARRO PANIAGUA, DANIEL",Arbitro asistente,https://www.rffm.es/acta-partido/1039791,2026-08-09T16:17:28.700555+00:00
1039791,referee,878073,"GARCIA PEREZ, ADRIAN",Arbitro asistente,https://www.rffm.es/acta-partido/1039791,2026-08-09T16:17:28.700555+00:00
1039791,field_delegate,,"LUJAN ADEVA, FRANCISCO",delegado_campo,https://www.rffm.es/acta-partido/1039791,2026-08-09T16:17:28.700555+00:00
1039788,referee,1174362,"MARIN CASTILLO, WILMER ENRIQUE",Arbitro principal,https://www.rffm.es/acta-partido/1039788,2026-08-09T16:17:28.784444+00:00
1039788,referee,909281,"HUEROS BARRADO, JORGE",Arbitro asistente,https://www.rffm.es/acta-partido/1039788,2026-08-09T16:17:28.784444+00:00
1039788,referee,645794,"PADIAL TORAN, JAIME",Arbitro asistente,https://www.rffm.es/acta-partido/1039788,2026-08-09T16:17:28.784444+00:00
1039787,referee,909252,"GONZALEZ PELAEZ, JOSE ADRIAN",Arbitro principal,https://www.rffm.es/acta-partido/1039787,2026-08-09T16:17:28.850628+00:00
1039787,referee,591134,"JURCA , MIHAI ALEXANDRU",Arbitro asistente,https://www.rffm.es/acta-partido/1039787,2026-08-09T16:17:28.850628+00:00
1039787,referee,987795,"BEN-ALLAL AMHANTOUALI, KAMAL",Arbitro asistente,https://www.rffm.es/acta-partido/1039787,2026-08-09T16:17:28.850628+00:00
1039787,field_delegate,,"PEDREGAL SAEZ, ALBERTO",delegado_campo,https://www.rffm.es/acta-partido/1039787,2026-08-09T16:17:28.850628+00:00
1039792,referee,823306,"LANCHAS GONZÁLEZ, DANIEL",Arbitro principal,https://www.rffm.es/acta-partido/1039792,2026-08-09T16:17:29.039533+00:00
1039792,referee,909329,"MANZANO GARCIA, JORGE",Arbitro asistente,https://www.rffm.es/acta-partido/1039792,2026-08-09T16:17:29.039533+00:00
1039792,referee,964660,"ESPINOSA RIOS, ALICIA",Arbitro asistente,https://www.rffm.es/acta-partido/1039792,2026-08-09T16:17:29.039533+00:00
1039792,field_delegate,,"FERNANDEZ CORRALES, FRANCISCO J",delegado_campo,https://www.rffm.es/acta-partido/1039792,2026-08-09T16:17:29.039533+00:00
1039790,referee,1027683,"CACHO BENITEZ, BRIAN",Arbitro principal,https://www.rffm.es/acta-partido/1039790,2026-08-09T16:17:29.210913+00:00
1039790,referee,590958,"ACAL LAZARO, DAVID",Arbitro asistente,https://www.rffm.es/acta-partido/1039790,2026-08-09T16:17:29.210913+00:00
1039790,referee,4933,"PEREZ RUIZ, ANTONIO JOSE",Arbitro asistente,https://www.rffm.es/acta-partido/1039790,2026-08-09T16:17:29.210913+00:00
1039790,field_delegate,,"MARTÍN CASAS, ALBERTO",delegado_campo,https://www.rffm.es/acta-partido/1039790,2026-08-09T16:17:29.210913+00:00
1039789,referee,964565,"BELLOSO RIVERO, ABRAHAM",Arbitro principal,https://www.rffm.es/acta-partido/1039789,2026-08-09T16:17:29.426683+00:00
1039789,referee,897763,"GARCIA CARTAS, VICTOR",Arbitro asistente,https://www.rffm.es/acta-partido/1039789,2026-08-09T16:17:29.426683+00:00
1039789,referee,967704,"ALVARO NEBREDA, JOSE ANGEL",Arbitro asistente,https://www.rffm.es/acta-partido/1039789,2026-08-09T16:17:29.426683+00:00
1039789,field_delegate,,"POL JAEN, FRANCESC",delegado_campo,https://www.rffm.es/acta-partido/1039789,2026-08-09T16:17:29.426683+00:00
1039795,referee,4910,"SIMON GARCIA, SERGIO",Arbitro principal,https://www.rffm.es/acta-partido/1039795,2026-08-09T16:17:29.895082+00:00
1039795,referee,909608,"RUBIO MORILLO-VELARDE, DAVID",Arbitro asistente,https://www.rffm.es/acta-partido/1039795,2026-08-09T16:17:29.895082+00:00
1039795,referee,4216,"MELO ACARO, JULIO CESAR",Arbitro asistente,https://www.rffm.es/acta-partido/1039795,2026-08-09T16:17:29.895082+00:00
1039795,field_delegate,,"LUJAN ADEVA, FRANCISCO",delegado_campo,https://www.rffm.es/acta-partido/1039795,2026-08-09T16:17:29.895082+00:00
1039793,referee,5161,"LOPEZ JIMENEZ, FERNANDO",Arbitro principal,https://www.rffm.es/acta-partido/1039793,2026-08-09T16:17:29.919334+00:00
1039793,referee,741863,"CRUZ GONZALEZ, ROBERTO",Arbitro asistente,https://www.rffm.es/acta-partido/1039793,2026-08-09T16:17:29.919334+00:00
1039793,referee,577805,"CANTERO SAHUQUILLO, CARLOS",Arbitro asistente,https://www.rffm.es/acta-partido/1039793,2026-08-09T16:17:29.919334+00:00
1039793,field_delegate,,"LOPEZ IGUAL, DAVID",delegado_campo,https://www.rffm.es/acta-partido/1039793,2026-08-09T16:17:29.919334+00:00
1039786,referee,4419,"MENDOZA CEMBRANOS, PABLO",Arbitro principal,https://www.rffm.es/acta-partido/1039786,2026-08-09T16:17:30.020912+00:00
1039786,referee,792154,"CALVELLO , VINCENZO",Arbitro asistente,https://www.rffm.es/acta-partido/1039786,2026-08-09T16:17:30.020912+00:00
1039786,referee,973981,"FALQUINA JORGE, SAMUEL",Arbitro asistente,https://www.rffm.es/acta-partido/1039786,2026-08-09T16:17:30.020912+00:00
1039786,field_delegate,,"SILVA ROBAS, MARIO JOSÉ",delegado_campo,https://www.rffm.es/acta-partido/1039786,2026-08-09T16:17:30.020912+00:00
1039794,referee,986847,"HIDALGO ALEJO, RAFAEL",Arbitro principal,https://www.rffm.es/acta-partido/1039794,2026-08-09T16:17:30.169128+00:00
1039794,referee,643824,"AHARCHI, SOUFIANE",Arbitro asistente,https://www.rffm.es/acta-partido/1039794,2026-08-09T16:17:30.169128+00:00
1039794,referee,953993,"MOTA MORENO, MIGUEL",Arbitro asistente,https://www.rffm.es/acta-partido/1039794,2026-08-09T16:17:30.169128+00:00
1039794,field_delegate,,"RODRIGUEZ LEBRERO, CARLOS",delegado_campo,https://www.rffm.es/acta-partido/1039794,2026-08-09T16:17:30.169128+00:00
1039796,referee,5119,"LOPEZ CUEVAS, AGUSTIN",Arbitro principal,https://www.rffm.es/acta-partido/1039796,2026-08-09T16:17:30.222277+00:00
1039796,referee,742344,"FERRERO LOZANO, SERGIO",Arbitro asistente,https://www.rffm.es/acta-partido/1039796,2026-08-09T16:17:30.222277+00:00
1039796,referee,591194,"DEL CAMPO AMAGO, ALEJANDRO",Arbitro asistente,https://www.rffm.es/acta-partido/1039796,2026-08-09T16:17:30.222277+00:00
1039796,field_delegate,,"MASEGOSA TORRENTE, RUBÉN",delegado_campo,https://www.rffm.es/acta-partido/1039796,2026-08-09T16:17:30.222277+00:00
1039799,referee,909189,"GARCIA GONZALEZ, VICTOR",Arbitro principal,https://www.rffm.es/acta-partido/1039799,2026-08-09T16:17:30.293860+00:00
1039799,referee,577517,"ARRIBAS RODRIGUEZ, IVAN",Arbitro asistente,https://www.rffm.es/acta-partido/1039799,2026-08-09T16:17:30.293860+00:00
1039799,referee,4040,"MARTIN RASCON, JAVIER",Arbitro asistente,https://www.rffm.es/acta-partido/1039799,2026-08-09T16:17:30.293860+00:00
1039799,field_delegate,,"MARTIN MANCHON, DAVID",delegado_campo,https://www.rffm.es/acta-partido/1039799,2026-08-09T16:17:30.293860+00:00
1039801,referee,536396,"GOMEZ GONZALEZ, AMANDO",Arbitro principal,https://www.rffm.es/acta-partido/1039801,2026-08-09T16:17:30.311126+00:00
1039801,referee,878280,"RUBIO CHAMORRO, MARIO",Arbitro asistente,https://www.rffm.es/acta-partido/1039801,2026-08-09T16:17:30.311126+00:00
1039801,referee,797439,"ALFARO GONZALEZ, FRANCISCO ANTONIO",Arbitro asistente,https://www.rffm.es/acta-partido/1039801,2026-08-09T16:17:30.311126+00:00
1039801,field_delegate,,"HERRERO HERNANDEZ, MANUEL AURELIO",delegado_campo,https://www.rffm.es/acta-partido/1039801,2026-08-09T16:17:30.311126+00:00
1039802,referee,712593,"NAVAS FERNANDEZ, JOSE MANUEL",Arbitro principal,https://www.rffm.es/acta-partido/1039802,2026-08-09T16:17:30.341199+00:00
1039802,referee,797995,"GONZALEZ SEIJAS, OSCAR",Arbitro asistente,https://www.rffm.es/acta-partido/1039802,2026-08-09T16:17:30.341199+00:00
1039802,referee,721261,"SANZ CORBACHO, JAIRO",Arbitro asistente,https://www.rffm.es/acta-partido/1039802,2026-08-09T16:17:30.341199+00:00
1039802,field_delegate,,"IGLESIAS GONZALEZ, MARCO",delegado_campo,https://www.rffm.es/acta-partido/1039802,2026-08-09T16:17:30.341199+00:00
1039800,referee,822935,"LOPEZ PIÑA, GONZALO",Arbitro principal,https://www.rffm.es/acta-partido/1039800,2026-08-09T16:17:30.821885+00:00
1039800,referee,645485,"VALDIVIESO BANZO, ANGEL",Arbitro asistente,https://www.rffm.es/acta-partido/1039800,2026-08-09T16:17:30.821885+00:00
1039800,referee,4085,"HERNANDEZ ASTUDILLO, JAVIER",Arbitro asistente,https://www.rffm.es/acta-partido/1039800,2026-08-09T16:17:30.821885+00:00
1039800,field_delegate,,"ORTE VIDAL, VICTOR",delegado_campo,https://www.rffm.es/acta-partido/1039800,2026-08-09T16:17:30.821885+00:00
1039797,referee,4452,"MOLTO MARIN, MARIO",Arbitro principal,https://www.rffm.es/acta-partido/1039797,2026-08-09T16:17:31.104149+00:00
1039797,referee,974959,"PARRONDO PÉREZ, MARIO",Arbitro asistente,https://www.rffm.es/acta-partido/1039797,2026-08-09T16:17:31.104149+00:00
1039797,referee,987948,"MOUKHLOUFI EL MAKHLOUFI, IMAD",Arbitro asistente,https://www.rffm.es/acta-partido/1039797,2026-08-09T16:17:31.104149+00:00
1039797,field_delegate,,"MORETON ANDRES, MACARENA",delegado_campo,https://www.rffm.es/acta-partido/1039797,2026-08-09T16:17:31.104149+00:00
1039811,referee,534810,"JIMENEZ DE LOS GALANES MIRALLES, ALBERTO",Arbitro principal,https://www.rffm.es/acta-partido/1039811,2026-08-09T16:17:31.235330+00:00
1039811,referee,877592,"MORATO JIMENEZ, RAMÓN",Arbitro asistente,https://www.rffm.es/acta-partido/1039811,2026-08-09T16:17:31.235330+00:00
1039811,referee,591194,"DEL CAMPO AMAGO, ALEJANDRO",Arbitro asistente,https://www.rffm.es/acta-partido/1039811,2026-08-09T16:17:31.235330+00:00
1039811,field_delegate,,"TATO MONCHO, CARLOS",delegado_campo,https://www.rffm.es/acta-partido/1039811,2026-08-09T16:17:31.235330+00:00
1039808,referee,1185339,"ALONSO PAREDES, MANUEL ALEJANDRO",Arbitro principal,https://www.rffm.es/acta-partido/1039808,2026-08-09T16:17:31.265822+00:00
1039808,referee,536786,"DIAZ CARRASCO, DIEGO",Arbitro asistente,https://www.rffm.es/acta-partido/1039808,2026-08-09T16:17:31.265822+00:00
1039808,referee,909050,"ASENSIO PADILLA, SERGIO",Arbitro asistente,https://www.rffm.es/acta-partido/1039808,2026-08-09T16:17:31.265822+00:00
1039808,field_delegate,,"TORRES CORNIEL, JOSE",delegado_campo,https://www.rffm.es/acta-partido/1039808,2026-08-09T16:17:31.265822+00:00
1039798,referee,877900,"ACEVEDO GONZALEZ, JORGE",Arbitro principal,https://www.rffm.es/acta-partido/1039798,2026-08-09T16:17:31.311033+00:00
1039798,referee,878073,"GARCIA PEREZ, ADRIAN",Arbitro asistente,https://www.rffm.es/acta-partido/1039798,2026-08-09T16:17:31.311033+00:00
1039798,referee,590958,"ACAL LAZARO, DAVID",Arbitro asistente,https://www.rffm.es/acta-partido/1039798,2026-08-09T16:17:31.311033+00:00
1039798,field_delegate,,"GARCIA CERNUDA CASTRO, JOSÉ MARIA",delegado_campo,https://www.rffm.es/acta-partido/1039798,2026-08-09T16:17:31.311033+00:00
1039807,referee,854194,"KINGA-HAJNALKA, LOBENSCHUS",Arbitro principal,https://www.rffm.es/acta-partido/1039807,2026-08-09T16:17:31.348935+00:00
1039807,referee,909064,"BARRIOS VAZQUEZ, CRISTIAN",Arbitro asistente,https://www.rffm.es/acta-partido/1039807,2026-08-09T16:17:31.348935+00:00
1039807,referee,742181,"VILLALPANDO GOMEZ, JOSE ANTONIO",Arbitro asistente,https://www.rffm.es/acta-partido/1039807,2026-08-09T16:17:31.348935+00:00
1039807,field_delegate,,"GARCIA DELGADO, MANUEL",delegado_campo,https://www.rffm.es/acta-partido/1039807,2026-08-09T16:17:31.348935+00:00
1039806,referee,964694,"FERNANDEZ BAERT, JAIME",Arbitro principal,https://www.rffm.es/acta-partido/1039806,2026-08-09T16:17:31.371694+00:00
1039806,referee,635022,"GOMEZ HERRERO, ALEJANDRO",Arbitro asistente,https://www.rffm.es/acta-partido/1039806,2026-08-09T16:17:31.371694+00:00
1039806,referee,3176,"RUIZ MARTINEZ ALCOCER, ADRIAN",Arbitro asistente,https://www.rffm.es/acta-partido/1039806,2026-08-09T16:17:31.371694+00:00
1039806,field_delegate,,"FERNANDEZ BLANCO SAN MIGUEL, ANTONIO",delegado_campo,https://www.rffm.es/acta-partido/1039806,2026-08-09T16:17:31.371694+00:00
1039810,referee,1029814,"GARCIA PEÑACOBA, CESAR",Arbitro principal,https://www.rffm.es/acta-partido/1039810,2026-08-09T16:17:31.526568+00:00
1039810,referee,643824,"AHARCHI, SOUFIANE",Arbitro asistente,https://www.rffm.es/acta-partido/1039810,2026-08-09T16:17:31.526568+00:00
1039810,referee,797995,"GONZALEZ SEIJAS, OSCAR",Arbitro asistente,https://www.rffm.es/acta-partido/1039810,2026-08-09T16:17:31.526568+00:00
1039810,field_delegate,,"LARRAGUETA FERNANDEZ, BEATRIZ",delegado_campo,https://www.rffm.es/acta-partido/1039810,2026-08-09T16:17:31.526568+00:00
1039809,referee,771863,"BLANCO GONZALEZ, RUBEN",Arbitro principal,https://www.rffm.es/acta-partido/1039809,2026-08-09T16:17:32.380601+00:00
1039809,referee,1157654,"MARTI RODRIGUEZ, JESUS",Arbitro asistente,https://www.rffm.es/acta-partido/1039809,2026-08-09T16:17:32.380601+00:00
1039809,referee,5021,"SANDOVAL ZAZO, ROBERTO",Arbitro asistente,https://www.rffm.es/acta-partido/1039809,2026-08-09T16:17:32.380601+00:00
1039809,field_delegate,,"COSTA BOULLON, ADRIAN",delegado_campo,https://www.rffm.es/acta-partido/1039809,2026-08-09T16:17:32.380601+00:00
1039812,referee,4948,"ZANONI, MICHAEL",Arbitro principal,https://www.rffm.es/acta-partido/1039812,2026-08-09T16:17:32.434263+00:00
1039812,referee,3540,"CASTRO SIERRA, JUAN JOSE",Arbitro asistente,https://www.rffm.es/acta-partido/1039812,2026-08-09T16:17:32.434263+00:00
1039812,referee,987948,"MOUKHLOUFI EL MAKHLOUFI, IMAD",Arbitro asistente,https://www.rffm.es/acta-partido/1039812,2026-08-09T16:17:32.434263+00:00
1039812,field_delegate,,"LUJAN ADEVA, FRANCISCO",delegado_campo,https://www.rffm.es/acta-partido/1039812,2026-08-09T16:17:32.434263+00:00
1039805,referee,645830,"VIDALLER SEGURA, LEON",Arbitro principal,https://www.rffm.es/acta-partido/1039805,2026-08-09T16:17:32.522104+00:00
1039805,referee,797851,"CALVO CUENCA, GUILLERMO",Arbitro asistente,https://www.rffm.es/acta-partido/1039805,2026-08-09T16:17:32.522104+00:00
1039805,referee,722634,"SEGOVIA SAN BENITO, CARLOS",Arbitro asistente,https://www.rffm.es/acta-partido/1039805,2026-08-09T16:17:32.522104+00:00
1039805,field_delegate,,"MENDOZA PEDROCHE, JOSÉ IGNACIO",delegado_campo,https://www.rffm.es/acta-partido/1039805,2026-08-09T16:17:32.522104+00:00
1039804,referee,822731,"CABERO VALLE, IGNACIO JOSE",Arbitro principal,https://www.rffm.es/acta-partido/1039804,2026-08-09T16:17:32.690848+00:00
1039804,referee,963366,"GARCIA GONZALEZ, IVAN",Arbitro asistente,https://www.rffm.es/acta-partido/1039804,2026-08-09T16:17:32.690848+00:00
1039804,referee,577809,"BARRAGAN ARAGON, SERGIO",Arbitro asistente,https://www.rffm.es/acta-partido/1039804,2026-08-09T16:17:32.690848+00:00
1039804,field_delegate,,"LOPEZ IGUAL, DAVID",delegado_campo,https://www.rffm.es/acta-partido/1039804,2026-08-09T16:17:32.690848+00:00
1039803,referee,877545,"ILLANA GAGO, GONZALO",Arbitro principal,https://www.rffm.es/acta-partido/1039803,2026-08-09T16:17:32.695466+00:00
1039803,referee,878280,"RUBIO CHAMORRO, MARIO",Arbitro asistente,https://www.rffm.es/acta-partido/1039803,2026-08-09T16:17:32.695466+00:00
1039803,referee,5144,"BARROSO BARROSO, GUILLERMO",Arbitro asistente,https://www.rffm.es/acta-partido/1039803,2026-08-09T16:17:32.695466+00:00
1039803,field_delegate,,"SANSERONI GOMEZ, MIGUEL",delegado_campo,https://www.rffm.es/acta-partido/1039803,2026-08-09T16:17:32.695466+00:00
1039818,referee,4926,"LAZARO VADILLO, DAVID",Arbitro principal,https://www.rffm.es/acta-partido/1039818,2026-08-09T16:17:32.780781+00:00
1039818,referee,797903,"CIEZA ZURITA, SERGIO",Arbitro asistente,https://www.rffm.es/acta-partido/1039818,2026-08-09T16:17:32.780781+00:00
1039818,referee,953993,"MOTA MORENO, MIGUEL",Arbitro asistente,https://www.rffm.es/acta-partido/1039818,2026-08-09T16:17:32.780781+00:00
1039818,field_delegate,,"HERRERO HERNANDEZ, MANUEL AURELIO",delegado_campo,https://www.rffm.es/acta-partido/1039818,2026-08-09T16:17:32.780781+00:00
1039813,referee,1174362,"MARIN CASTILLO, WILMER ENRIQUE",Arbitro principal,https://www.rffm.es/acta-partido/1039813,2026-08-09T16:17:32.786202+00:00
1039813,referee,4661,"CARRILLO DELGADO, IGNACIO",Arbitro asistente,https://www.rffm.es/acta-partido/1039813,2026-08-09T16:17:32.786202+00:00
1039813,referee,5130,"VALERO CEPEDA, MIGUEL ANGEL",Arbitro asistente,https://www.rffm.es/acta-partido/1039813,2026-08-09T16:17:32.786202+00:00
1039813,field_delegate,,"MASEGOSA TORRENTE, RUBÉN",delegado_campo,https://www.rffm.es/acta-partido/1039813,2026-08-09T16:17:32.786202+00:00
1039815,referee,2941,"ALONSO SANZ, DANIEL",Arbitro principal,https://www.rffm.es/acta-partido/1039815,2026-08-09T16:17:32.877100+00:00
1039815,referee,823252,"FERRO GRACIA, MICHEL",Arbitro asistente,https://www.rffm.es/acta-partido/1039815,2026-08-09T16:17:32.877100+00:00
1039815,referee,2918,"ROLDAN FLICHI, JUAN ANTONIO",Arbitro asistente,https://www.rffm.es/acta-partido/1039815,2026-08-09T16:17:32.877100+00:00
1039815,field_delegate,,"DE SANTIAGO SANCHEZ, CARLOS ARTURO",delegado_campo,https://www.rffm.es/acta-partido/1039815,2026-08-09T16:17:32.877100+00:00
1039820,referee,1183042,"MEDINA GAVILAN, BORJA",Arbitro principal,https://www.rffm.es/acta-partido/1039820,2026-08-09T16:17:33.307581+00:00
1039820,referee,909044,"ARROYO LARA, LUIS",Arbitro asistente,https://www.rffm.es/acta-partido/1039820,2026-08-09T16:17:33.307581+00:00
1039820,referee,877717,"RUIZ ORTIZ, JULIO",Arbitro asistente,https://www.rffm.es/acta-partido/1039820,2026-08-09T16:17:33.307581+00:00
1039820,field_delegate,,"TATO MONCHO, CARLOS",delegado_campo,https://www.rffm.es/acta-partido/1039820,2026-08-09T16:17:33.307581+00:00
1039819,referee,797539,"CAÑAS DURAN, JOSE FRANCISCO",Arbitro principal,https://www.rffm.es/acta-partido/1039819,2026-08-09T16:17:33.502026+00:00
1039819,referee,883150,"PASCUAL MARTIN, JUAN PEDRO",Arbitro asistente,https://www.rffm.es/acta-partido/1039819,2026-08-09T16:17:33.502026+00:00
1039819,referee,967714,"EL HOUTI BOUDOUMA, SOUFIAN",Arbitro asistente,https://www.rffm.es/acta-partido/1039819,2026-08-09T16:17:33.502026+00:00
1039819,field_delegate,,"PULIDO COBOS, ALBERTO MARTIN",delegado_campo,https://www.rffm.es/acta-partido/1039819,2026-08-09T16:17:33.502026+00:00
1039814,referee,878313,"VICENTE JUAREZ, ANGEL",Arbitro principal,https://www.rffm.es/acta-partido/1039814,2026-08-09T16:17:33.893364+00:00
1039814,referee,578072,"BORDONS ROMERO, IGNACIO",Arbitro asistente,https://www.rffm.es/acta-partido/1039814,2026-08-09T16:17:33.893364+00:00
1039814,referee,897719,"BORDONS ROMERO, MARIO",Arbitro asistente,https://www.rffm.es/acta-partido/1039814,2026-08-09T16:17:33.893364+00:00
1039814,field_delegate,,"POL JAEN, FRANCESC",delegado_campo,https://www.rffm.es/acta-partido/1039814,2026-08-09T16:17:33.893364+00:00
1039816,referee,3771,"GARCIA PEREZ, ANTONIO",Arbitro principal,https://www.rffm.es/acta-partido/1039816,2026-08-09T16:17:34.019883+00:00
1039816,referee,4930,"MINGOARRANZ FEITO, ALBERTO",Arbitro asistente,https://www.rffm.es/acta-partido/1039816,2026-08-09T16:17:34.019883+00:00
1039816,referee,909089,"BISEROV SHAMOV, IVO",Arbitro asistente,https://www.rffm.es/acta-partido/1039816,2026-08-09T16:17:34.019883+00:00
1039816,field_delegate,,"PEDREGAL SAEZ, ALBERTO",delegado_campo,https://www.rffm.es/acta-partido/1039816,2026-08-09T16:17:34.019883+00:00
1039825,referee,3524,"VIDAL TORMO, MARIO",Arbitro principal,https://www.rffm.es/acta-partido/1039825,2026-08-09T16:17:34.145036+00:00
1039825,referee,3682,"GONZALEZ GUISADO, SERGIO",Arbitro asistente,https://www.rffm.es/acta-partido/1039825,2026-08-09T16:17:34.145036+00:00
1039825,referee,783495,"DONAS AGUILERA, ALVARO",Arbitro asistente,https://www.rffm.es/acta-partido/1039825,2026-08-09T16:17:34.145036+00:00
1039825,field_delegate,,"FERNANDEZ BLANCO SAN MIGUEL, ANTONIO",delegado_campo,https://www.rffm.es/acta-partido/1039825,2026-08-09T16:17:34.145036+00:00
1039817,referee,1027683,"CACHO BENITEZ, BRIAN",Arbitro principal,https://www.rffm.es/acta-partido/1039817,2026-08-09T16:17:34.166545+00:00
1039817,referee,742575,"KATATI BOTE, JOUMA",Arbitro asistente,https://www.rffm.es/acta-partido/1039817,2026-08-09T16:17:34.166545+00:00
1039817,referee,1168796,"ALVAREZ FERNANDEZ, MARCOS",Arbitro asistente,https://www.rffm.es/acta-partido/1039817,2026-08-09T16:17:34.166545+00:00
1039817,field_delegate,,"ORTE VIDAL, VICTOR",delegado_campo,https://www.rffm.es/acta-partido/1039817,2026-08-09T16:17:34.166545+00:00
1039826,referee,877545,"ILLANA GAGO, GONZALO",Arbitro principal,https://www.rffm.es/acta-partido/1039826,2026-08-09T16:17:34.192890+00:00
1039826,referee,2514,"CHICA MILLA, LAURA",Arbitro asistente,https://www.rffm.es/acta-partido/1039826,2026-08-09T16:17:34.192890+00:00
1039826,referee,797995,"GONZALEZ SEIJAS, OSCAR",Arbitro asistente,https://www.rffm.es/acta-partido/1039826,2026-08-09T16:17:34.192890+00:00
1039826,field_delegate,,"GARCIA DELGADO, MANUEL",delegado_campo,https://www.rffm.es/acta-partido/1039826,2026-08-09T16:17:34.192890+00:00
1039827,referee,717741,"CASTAÑEDA RODRIGUEZ, BORJA ANTONIO",Arbitro principal,https://www.rffm.es/acta-partido/1039827,2026-08-09T16:17:34.413683+00:00
1039827,referee,3572,"RAMOS GARCIA, ANTONIO",Arbitro asistente,https://www.rffm.es/acta-partido/1039827,2026-08-09T16:17:34.413683+00:00
1039827,referee,987795,"BEN-ALLAL AMHANTOUALI, KAMAL",Arbitro asistente,https://www.rffm.es/acta-partido/1039827,2026-08-09T16:17:34.413683+00:00
1039827,field_delegate,,"TORRES CORNIEL, JOSE",delegado_campo,https://www.rffm.es/acta-partido/1039827,2026-08-09T16:17:34.413683+00:00
1039829,referee,4910,"SIMON GARCIA, SERGIO",Arbitro principal,https://www.rffm.es/acta-partido/1039829,2026-08-09T16:17:35.028975+00:00
1039829,referee,797851,"CALVO CUENCA, GUILLERMO",Arbitro asistente,https://www.rffm.es/acta-partido/1039829,2026-08-09T16:17:35.028975+00:00
1039829,referee,953993,"MOTA MORENO, MIGUEL",Arbitro asistente,https://www.rffm.es/acta-partido/1039829,2026-08-09T16:17:35.028975+00:00
1039829,field_delegate,,"GUERRAS MADRID, JOSE LUIS",delegado_campo,https://www.rffm.es/acta-partido/1039829,2026-08-09T16:17:35.028975+00:00
1039822,referee,1185408,"SANTAMARIA LOPEZ DE GOIKOETXEA, IÑIGO",Arbitro principal,https://www.rffm.es/acta-partido/1039822,2026-08-09T16:17:35.031685+00:00
1039822,referee,964991,"PEREZ GINES, VICTOR",Arbitro asistente,https://www.rffm.es/acta-partido/1039822,2026-08-09T16:17:35.031685+00:00
1039822,referee,742525,"GOMEZ GALLARDO, ADRIAN",Arbitro asistente,https://www.rffm.es/acta-partido/1039822,2026-08-09T16:17:35.031685+00:00
1039822,field_delegate,,"FERNANDEZ CORRALES, FRANCISCO J",delegado_campo,https://www.rffm.es/acta-partido/1039822,2026-08-09T16:17:35.031685+00:00
1039828,referee,2190,"PLAZA GARCIA, SAUL",Arbitro principal,https://www.rffm.es/acta-partido/1039828,2026-08-09T16:17:35.114670+00:00
1039828,referee,591134,"JURCA , MIHAI ALEXANDRU",Arbitro asistente,https://www.rffm.es/acta-partido/1039828,2026-08-09T16:17:35.114670+00:00
1039828,referee,4922,"GARCIA SOPEÑA, ENRIQUE",Arbitro asistente,https://www.rffm.es/acta-partido/1039828,2026-08-09T16:17:35.114670+00:00
1039828,field_delegate,,"COSTA BOULLON, ADRIAN",delegado_campo,https://www.rffm.es/acta-partido/1039828,2026-08-09T16:17:35.114670+00:00
1039824,referee,3892,"HERNANDEZ ACERA, RICARDO",Arbitro principal,https://www.rffm.es/acta-partido/1039824,2026-08-09T16:17:35.295027+00:00
1039824,referee,645084,"GUTIERREZ REDONDO, ALBERTO",Arbitro asistente,https://www.rffm.es/acta-partido/1039824,2026-08-09T16:17:35.295027+00:00
1039824,referee,877631,"NUÑO ALGAR, ALEJANDRO",Arbitro asistente,https://www.rffm.es/acta-partido/1039824,2026-08-09T16:17:35.295027+00:00
1039824,field_delegate,,"MENDOZA PEDROCHE, JOSÉ IGNACIO",delegado_campo,https://www.rffm.es/acta-partido/1039824,2026-08-09T16:17:35.295027+00:00
1039835,referee,771863,"BLANCO GONZALEZ, RUBEN",Arbitro principal,https://www.rffm.es/acta-partido/1039835,2026-08-09T16:17:36.060211+00:00
1039835,referee,963366,"GARCIA GONZALEZ, IVAN",Arbitro asistente,https://www.rffm.es/acta-partido/1039835,2026-08-09T16:17:36.060211+00:00
1039835,referee,645822,"TORRALBA RODRIGUEZ, MANUEL",Arbitro asistente,https://www.rffm.es/acta-partido/1039835,2026-08-09T16:17:36.060211+00:00
1039835,field_delegate,,"HERRERO HERNANDEZ, MANUEL AURELIO",delegado_campo,https://www.rffm.es/acta-partido/1039835,2026-08-09T16:17:36.060211+00:00
1039831,referee,718682,"GOMEZ-DIAZ PEDREÑO, ENRIQUE",Arbitro principal,https://www.rffm.es/acta-partido/1039831,2026-08-09T16:17:36.144174+00:00
1039831,referee,3278,"TEJEDOR MAZARIO, ALVARO ANTONIO",Arbitro asistente,https://www.rffm.es/acta-partido/1039831,2026-08-09T16:17:36.144174+00:00
1039831,referee,877574,"MENDEZ MOLERO, RUBEN",Arbitro asistente,https://www.rffm.es/acta-partido/1039831,2026-08-09T16:17:36.144174+00:00
1039831,field_delegate,,"POL JAEN, FRANCESC",delegado_campo,https://www.rffm.es/acta-partido/1039831,2026-08-09T16:17:36.144174+00:00
1039832,referee,4267,"ZUJAR MARTINEZ, PEDRO DAVID",Arbitro principal,https://www.rffm.es/acta-partido/1039832,2026-08-09T16:17:36.210512+00:00
1039832,referee,645067,"MUÑOZ MORENO, JAIME",Arbitro asistente,https://www.rffm.es/acta-partido/1039832,2026-08-09T16:17:36.210512+00:00
1039832,referee,877756,"COMENDADOR NIETO, JORGE",Arbitro asistente,https://www.rffm.es/acta-partido/1039832,2026-08-09T16:17:36.210512+00:00
1039832,field_delegate,,"GARCIA CERNUDA CASTRO, JOSÉ MARIA",delegado_campo,https://www.rffm.es/acta-partido/1039832,2026-08-09T16:17:36.210512+00:00
1039837,referee,3800,"ALVAREZ SASTRE, SERGIO",Arbitro principal,https://www.rffm.es/acta-partido/1039837,2026-08-09T16:17:36.357785+00:00
1039837,referee,590958,"ACAL LAZARO, DAVID",Arbitro asistente,https://www.rffm.es/acta-partido/1039837,2026-08-09T16:17:36.357785+00:00
1039837,referee,718879,"JUARANZ DIAZ, DANIEL",Arbitro asistente,https://www.rffm.es/acta-partido/1039837,2026-08-09T16:17:36.357785+00:00
1039837,field_delegate,,"SOTO JIMÉNEZ , DIEGO",delegado_campo,https://www.rffm.es/acta-partido/1039837,2026-08-09T16:17:36.357785+00:00
1039821,referee,718727,"IZQUIERDO CANTERO, ALEJANDRO",Arbitro principal,https://www.rffm.es/acta-partido/1039821,2026-08-09T16:17:36.528118+00:00
1039821,referee,3682,"GONZALEZ GUISADO, SERGIO",Arbitro asistente,https://www.rffm.es/acta-partido/1039821,2026-08-09T16:17:36.528118+00:00
1039821,referee,1168796,"ALVAREZ FERNANDEZ, MARCOS",Arbitro asistente,https://www.rffm.es/acta-partido/1039821,2026-08-09T16:17:36.528118+00:00
1039821,field_delegate,,"SANSERONI GOMEZ, MIGUEL",delegado_campo,https://www.rffm.es/acta-partido/1039821,2026-08-09T16:17:36.528118+00:00
1039830,referee,877900,"ACEVEDO GONZALEZ, JORGE",Arbitro principal,https://www.rffm.es/acta-partido/1039830,2026-08-09T16:17:36.619132+00:00
1039830,referee,878280,"RUBIO CHAMORRO, MARIO",Arbitro asistente,https://www.rffm.es/acta-partido/1039830,2026-08-09T16:17:36.619132+00:00
1039830,referee,4085,"HERNANDEZ ASTUDILLO, JAVIER",Arbitro asistente,https://www.rffm.es/acta-partido/1039830,2026-08-09T16:17:36.619132+00:00
1039830,field_delegate,,"MASEGOSA TORRENTE, RUBÉN",delegado_campo,https://www.rffm.es/acta-partido/1039830,2026-08-09T16:17:36.619132+00:00
1039836,referee,4948,"ZANONI, MICHAEL",Arbitro principal,https://www.rffm.es/acta-partido/1039836,2026-08-09T16:17:36.704293+00:00
1039836,referee,523378,"GARCIA RODRIGUEZ, ENRIQUE",Arbitro asistente,https://www.rffm.es/acta-partido/1039836,2026-08-09T16:17:36.704293+00:00
1039836,referee,783495,"DONAS AGUILERA, ALVARO",Arbitro asistente,https://www.rffm.es/acta-partido/1039836,2026-08-09T16:17:36.704293+00:00
1039836,field_delegate,,"CASTRO GARCIA, JORGE JUAN",delegado_campo,https://www.rffm.es/acta-partido/1039836,2026-08-09T16:17:36.704293+00:00
1039823,referee,4546,"BARRADO LACORTE, PEDRO JESUS",Arbitro principal,https://www.rffm.es/acta-partido/1039823,2026-08-09T16:17:36.709370+00:00
1039823,referee,792154,"CALVELLO , VINCENZO",Arbitro asistente,https://www.rffm.es/acta-partido/1039823,2026-08-09T16:17:36.709370+00:00
1039823,referee,877665,"ONRUBIA RAMOS, RODRIGO",Arbitro asistente,https://www.rffm.es/acta-partido/1039823,2026-08-09T16:17:36.709370+00:00
1039823,field_delegate,,"LOPEZ IGUAL, DAVID",delegado_campo,https://www.rffm.es/acta-partido/1039823,2026-08-09T16:17:36.709370+00:00
1039838,referee,3771,"GARCIA PEREZ, ANTONIO",Arbitro principal,https://www.rffm.es/acta-partido/1039838,2026-08-09T16:17:37.129279+00:00
1039838,referee,5021,"SANDOVAL ZAZO, ROBERTO",Arbitro asistente,https://www.rffm.es/acta-partido/1039838,2026-08-09T16:17:37.129279+00:00
1039838,referee,963475,"PINTO PARRA, SANTIAGO",Arbitro asistente,https://www.rffm.es/acta-partido/1039838,2026-08-09T16:17:37.129279+00:00
1039838,field_delegate,,"BARCELO MARTINEZ, JOSE CARLOS",delegado_campo,https://www.rffm.es/acta-partido/1039838,2026-08-09T16:17:37.129279+00:00
1039844,referee,645830,"VIDALLER SEGURA, LEON",Arbitro principal,https://www.rffm.es/acta-partido/1039844,2026-08-09T16:17:37.138552+00:00
1039844,referee,590958,"ACAL LAZARO, DAVID",Arbitro asistente,https://www.rffm.es/acta-partido/1039844,2026-08-09T16:17:37.138552+00:00
1039844,referee,964630,"MAÑANES DIAZ, VICTOR",Arbitro asistente,https://www.rffm.es/acta-partido/1039844,2026-08-09T16:17:37.138552+00:00
1039844,field_delegate,,"FERNANDEZ BLANCO SAN MIGUEL, BORJA",delegado_campo,https://www.rffm.es/acta-partido/1039844,2026-08-09T16:17:37.138552+00:00
1039845,referee,645351,"MADALOSSO , RICCARDO",Arbitro principal,https://www.rffm.es/acta-partido/1039845,2026-08-09T16:17:37.216437+00:00
1039845,referee,963296,"FERNANDEZ GONZALEZ, ADRIAN",Arbitro asistente,https://www.rffm.es/acta-partido/1039845,2026-08-09T16:17:37.216437+00:00
1039845,referee,909050,"ASENSIO PADILLA, SERGIO",Arbitro asistente,https://www.rffm.es/acta-partido/1039845,2026-08-09T16:17:37.216437+00:00
1039845,field_delegate,,"GARCIA DELGADO, MANUEL",delegado_campo,https://www.rffm.es/acta-partido/1039845,2026-08-09T16:17:37.216437+00:00
1039847,referee,4419,"MENDOZA CEMBRANOS, PABLO",Arbitro principal,https://www.rffm.es/acta-partido/1039847,2026-08-09T16:17:37.263479+00:00
1039847,referee,797945,"EL OUAAZIZI, SAID",Arbitro asistente,https://www.rffm.es/acta-partido/1039847,2026-08-09T16:17:37.263479+00:00
1039847,referee,822721,"BUMBA, MICHAEL BAGISHA",Arbitro asistente,https://www.rffm.es/acta-partido/1039847,2026-08-09T16:17:37.263479+00:00
1039847,field_delegate,,"CORONEL NUÑEZ, DAVID",delegado_campo,https://www.rffm.es/acta-partido/1039847,2026-08-09T16:17:37.263479+00:00
1039834,referee,986847,"HIDALGO ALEJO, RAFAEL",Arbitro principal,https://www.rffm.es/acta-partido/1039834,2026-08-09T16:17:37.285708+00:00
1039834,referee,909050,"ASENSIO PADILLA, SERGIO",Arbitro asistente,https://www.rffm.es/acta-partido/1039834,2026-08-09T16:17:37.285708+00:00
1039834,referee,3909,"GIRON AGREDO, FELIPE",Arbitro asistente,https://www.rffm.es/acta-partido/1039834,2026-08-09T16:17:37.285708+00:00
1039834,field_delegate,,"FERNÁNDEZ MELGOSA, JUAN MANUEL",delegado_campo,https://www.rffm.es/acta-partido/1039834,2026-08-09T16:17:37.285708+00:00
1039846,referee,5123,"MORALEDA CRISTOBAL, ANTONIO",Arbitro principal,https://www.rffm.es/acta-partido/1039846,2026-08-09T16:17:37.470230+00:00
1039846,referee,645236,"SANCHEZ LAZARO, DANIEL",Arbitro asistente,https://www.rffm.es/acta-partido/1039846,2026-08-09T16:17:37.470230+00:00
1039846,referee,539002,"FERNANDEZ ALONSO, ALBERTO",Arbitro asistente,https://www.rffm.es/acta-partido/1039846,2026-08-09T16:17:37.470230+00:00
1039846,field_delegate,,"TORRES CORNIEL, JOSE",delegado_campo,https://www.rffm.es/acta-partido/1039846,2026-08-09T16:17:37.470230+00:00
1039833,referee,964694,"FERNANDEZ BAERT, JAIME",Arbitro principal,https://www.rffm.es/acta-partido/1039833,2026-08-09T16:17:37.518864+00:00
1039833,referee,635022,"GOMEZ HERRERO, ALEJANDRO",Arbitro asistente,https://www.rffm.es/acta-partido/1039833,2026-08-09T16:17:37.518864+00:00
1039833,referee,953993,"MOTA MORENO, MIGUEL",Arbitro asistente,https://www.rffm.es/acta-partido/1039833,2026-08-09T16:17:37.518864+00:00
1039833,field_delegate,,"CARRALON CARNEROS, RAÚL",delegado_campo,https://www.rffm.es/acta-partido/1039833,2026-08-09T16:17:37.518864+00:00
1039840,referee,909189,"GARCIA GONZALEZ, VICTOR",Arbitro principal,https://www.rffm.es/acta-partido/1039840,2026-08-09T16:17:37.753605+00:00
1039840,referee,2918,"ROLDAN FLICHI, JUAN ANTONIO",Arbitro asistente,https://www.rffm.es/acta-partido/1039840,2026-08-09T16:17:37.753605+00:00
1039840,referee,797922,"DOMINGUEZ FERNANDEZ, JOSE MARIA",Arbitro asistente,https://www.rffm.es/acta-partido/1039840,2026-08-09T16:17:37.753605+00:00
1039840,field_delegate,,"LUJAN ADEVA, FRANCISCO",delegado_campo,https://www.rffm.es/acta-partido/1039840,2026-08-09T16:17:37.753605+00:00
1039852,referee,4334,"GARCIA COBO, ALBERTO",Arbitro principal,https://www.rffm.es/acta-partido/1039852,2026-08-09T16:17:38.265809+00:00
1039852,referee,963559,"ALVAREZ OLMOS, SANTIAGO MELCHOR",Arbitro asistente,https://www.rffm.es/acta-partido/1039852,2026-08-09T16:17:38.265809+00:00
1039852,referee,909050,"ASENSIO PADILLA, SERGIO",Arbitro asistente,https://www.rffm.es/acta-partido/1039852,2026-08-09T16:17:38.265809+00:00
1039852,field_delegate,,"HERRERO HERNANDEZ, MANUEL AURELIO",delegado_campo,https://www.rffm.es/acta-partido/1039852,2026-08-09T16:17:38.265809+00:00
1039843,referee,4452,"MOLTO MARIN, MARIO",Arbitro principal,https://www.rffm.es/acta-partido/1039843,2026-08-09T16:17:38.329210+00:00
1039843,referee,877592,"MORATO JIMENEZ, RAMÓN",Arbitro asistente,https://www.rffm.es/acta-partido/1039843,2026-08-09T16:17:38.329210+00:00
1039843,referee,523094,"JAEN TRIPIANA, ANTONIO",Arbitro asistente,https://www.rffm.es/acta-partido/1039843,2026-08-09T16:17:38.329210+00:00
1039843,field_delegate,,"MENDOZA PEDROCHE, JOSÉ IGNACIO",delegado_campo,https://www.rffm.es/acta-partido/1039843,2026-08-09T16:17:38.329210+00:00
1039841,referee,1027683,"CACHO BENITEZ, BRIAN",Arbitro principal,https://www.rffm.es/acta-partido/1039841,2026-08-09T16:17:38.409470+00:00
1039841,referee,569861,"DONATO MORALES, ALEJANDRO",Arbitro asistente,https://www.rffm.es/acta-partido/1039841,2026-08-09T16:17:38.409470+00:00
1039841,referee,797656,"PEDRAZA ZORRERO, ADRIAN",Arbitro asistente,https://www.rffm.es/acta-partido/1039841,2026-08-09T16:17:38.409470+00:00
1039841,field_delegate,,"FERNANDEZ CORRALES, FRANCISCO J",delegado_campo,https://www.rffm.es/acta-partido/1039841,2026-08-09T16:17:38.409470+00:00
1039842,referee,1185408,"SANTAMARIA LOPEZ DE GOIKOETXEA, IÑIGO",Arbitro principal,https://www.rffm.es/acta-partido/1039842,2026-08-09T16:17:38.503562+00:00
1039842,referee,719338,"MAISINCHO OÑA, LUIS FELIPE",Arbitro asistente,https://www.rffm.es/acta-partido/1039842,2026-08-09T16:17:38.503562+00:00
1039842,referee,897763,"GARCIA CARTAS, VICTOR",Arbitro asistente,https://www.rffm.es/acta-partido/1039842,2026-08-09T16:17:38.503562+00:00
1039839,referee,4948,"ZANONI, MICHAEL",Arbitro principal,https://www.rffm.es/acta-partido/1039839,2026-08-09T16:17:38.508678+00:00
1039839,referee,963559,"ALVAREZ OLMOS, SANTIAGO MELCHOR",Arbitro asistente,https://www.rffm.es/acta-partido/1039839,2026-08-09T16:17:38.508678+00:00
1039839,referee,645742,"MIMOUN EL ACHIR, WALID",Arbitro asistente,https://www.rffm.es/acta-partido/1039839,2026-08-09T16:17:38.508678+00:00
1039839,field_delegate,,"SANSERONI GOMEZ, MIGUEL",delegado_campo,https://www.rffm.es/acta-partido/1039839,2026-08-09T16:17:38.508678+00:00
1039851,referee,1185339,"ALONSO PAREDES, MANUEL ALEJANDRO",Arbitro principal,https://www.rffm.es/acta-partido/1039851,2026-08-09T16:17:38.581577+00:00
1039851,referee,742603,"PEREZ CHACON, IVAN",Arbitro asistente,https://www.rffm.es/acta-partido/1039851,2026-08-09T16:17:38.581577+00:00
1039851,referee,963296,"FERNANDEZ GONZALEZ, ADRIAN",Arbitro asistente,https://www.rffm.es/acta-partido/1039851,2026-08-09T16:17:38.581577+00:00
1039851,field_delegate,,"ORTE VIDAL, VICTOR",delegado_campo,https://www.rffm.es/acta-partido/1039851,2026-08-09T16:17:38.581577+00:00
1039855,referee,964694,"FERNANDEZ BAERT, JAIME",Arbitro principal,https://www.rffm.es/acta-partido/1039855,2026-08-09T16:17:38.583893+00:00
1039855,referee,813590,"DE LA CRUZ LEON, FRANCISCO JAVIER",Arbitro asistente,https://www.rffm.es/acta-partido/1039855,2026-08-09T16:17:38.583893+00:00
1039855,referee,742181,"VILLALPANDO GOMEZ, JOSE ANTONIO",Arbitro asistente,https://www.rffm.es/acta-partido/1039855,2026-08-09T16:17:38.583893+00:00
1039855,field_delegate,,"LARRAGUETA FERNANDEZ, BEATRIZ",delegado_campo,https://www.rffm.es/acta-partido/1039855,2026-08-09T16:17:38.583893+00:00
1039849,referee,742557,"IGLESIAS SZENDEFY, MARK",Arbitro principal,https://www.rffm.es/acta-partido/1039849,2026-08-09T16:17:38.723192+00:00
1039849,referee,964978,"NIETO SANTOS, VICTOR",Arbitro asistente,https://www.rffm.es/acta-partido/1039849,2026-08-09T16:17:38.723192+00:00
1039849,referee,635022,"GOMEZ HERRERO, ALEJANDRO",Arbitro asistente,https://www.rffm.es/acta-partido/1039849,2026-08-09T16:17:38.723192+00:00
1039849,field_delegate,,"DE SANTIAGO SANCHEZ, CARLOS ARTURO",delegado_campo,https://www.rffm.es/acta-partido/1039849,2026-08-09T16:17:38.723192+00:00
1039848,referee,5161,"LOPEZ JIMENEZ, FERNANDO",Arbitro principal,https://www.rffm.es/acta-partido/1039848,2026-08-09T16:17:39.712906+00:00
1039848,referee,797995,"GONZALEZ SEIJAS, OSCAR",Arbitro asistente,https://www.rffm.es/acta-partido/1039848,2026-08-09T16:17:39.712906+00:00
1039848,referee,986956,"VENTURA VERDERICO, FERNANDO LUCIANO",Arbitro asistente,https://www.rffm.es/acta-partido/1039848,2026-08-09T16:17:39.712906+00:00
1039848,field_delegate,,"POL JAEN, FRANCESC",delegado_campo,https://www.rffm.es/acta-partido/1039848,2026-08-09T16:17:39.712906+00:00
1039856,referee,2941,"ALONSO SANZ, DANIEL",Arbitro principal,https://www.rffm.es/acta-partido/1039856,2026-08-09T16:17:39.734312+00:00
1039856,referee,964709,"GARCIA CASADO, ALVARO",Arbitro asistente,https://www.rffm.es/acta-partido/1039856,2026-08-09T16:17:39.734312+00:00
1039856,referee,536806,"GARCIA CASADO, JESUS",Arbitro asistente,https://www.rffm.es/acta-partido/1039856,2026-08-09T16:17:39.734312+00:00
1039856,field_delegate,,"COSTA BOULLON, ADRIAN",delegado_campo,https://www.rffm.es/acta-partido/1039856,2026-08-09T16:17:39.734312+00:00
1039859,referee,4419,"MENDOZA CEMBRANOS, PABLO",Arbitro principal,https://www.rffm.es/acta-partido/1039859,2026-08-09T16:17:39.792650+00:00
1039859,referee,3535,"ACERO LLAMAS, GUILLERMO",Arbitro asistente,https://www.rffm.es/acta-partido/1039859,2026-08-09T16:17:39.792650+00:00
1039859,referee,909064,"BARRIOS VAZQUEZ, CRISTIAN",Arbitro asistente,https://www.rffm.es/acta-partido/1039859,2026-08-09T16:17:39.792650+00:00
1039859,field_delegate,,"LUJAN ADEVA, FRANCISCO",delegado_campo,https://www.rffm.es/acta-partido/1039859,2026-08-09T16:17:39.792650+00:00
1039863,referee,771863,"BLANCO GONZALEZ, RUBEN",Arbitro principal,https://www.rffm.es/acta-partido/1039863,2026-08-09T16:17:39.821014+00:00
1039863,referee,591134,"JURCA , MIHAI ALEXANDRU",Arbitro asistente,https://www.rffm.es/acta-partido/1039863,2026-08-09T16:17:39.821014+00:00
1039863,referee,742181,"VILLALPANDO GOMEZ, JOSE ANTONIO",Arbitro asistente,https://www.rffm.es/acta-partido/1039863,2026-08-09T16:17:39.821014+00:00
1039863,field_delegate,,"FERNANDEZ BLANCO SAN MIGUEL, ANTONIO",delegado_campo,https://www.rffm.es/acta-partido/1039863,2026-08-09T16:17:39.821014+00:00
1039854,referee,4812,"VALDEPEÑAS CHAO, MARCOS",Arbitro principal,https://www.rffm.es/acta-partido/1039854,2026-08-09T16:17:39.927610+00:00
1039854,referee,4621,"MANZANARES GOMEZ, ALVARO",Arbitro asistente,https://www.rffm.es/acta-partido/1039854,2026-08-09T16:17:39.927610+00:00
1039854,referee,645698,"APARICIO GARCIA, ANDRES",Arbitro asistente,https://www.rffm.es/acta-partido/1039854,2026-08-09T16:17:39.927610+00:00
1039854,field_delegate,,"COFRE DIEGO, RENE PATRICIO",delegado_campo,https://www.rffm.es/acta-partido/1039854,2026-08-09T16:17:39.927610+00:00
1039850,referee,1174362,"MARIN CASTILLO, WILMER ENRIQUE",Arbitro principal,https://www.rffm.es/acta-partido/1039850,2026-08-09T16:17:39.955793+00:00
1039850,referee,909281,"HUEROS BARRADO, JORGE",Arbitro asistente,https://www.rffm.es/acta-partido/1039850,2026-08-09T16:17:39.955793+00:00
1039850,referee,963475,"PINTO PARRA, SANTIAGO",Arbitro asistente,https://www.rffm.es/acta-partido/1039850,2026-08-09T16:17:39.955793+00:00
1039850,field_delegate,,"CARRALON CARNEROS, RAUL",delegado_campo,https://www.rffm.es/acta-partido/1039850,2026-08-09T16:17:39.955793+00:00
1039853,referee,1029814,"GARCIA PEÑACOBA, CESAR",Arbitro principal,https://www.rffm.es/acta-partido/1039853,2026-08-09T16:17:39.965005+00:00
1039853,referee,3572,"RAMOS GARCIA, ANTONIO",Arbitro asistente,https://www.rffm.es/acta-partido/1039853,2026-08-09T16:17:39.965005+00:00
1039853,referee,877574,"MENDEZ MOLERO, RUBEN",Arbitro asistente,https://www.rffm.es/acta-partido/1039853,2026-08-09T16:17:39.965005+00:00
1039853,field_delegate,,"PUJADAS SANCHEZ, MANUEL",delegado_campo,https://www.rffm.es/acta-partido/1039853,2026-08-09T16:17:39.965005+00:00
1039857,referee,2616,"MEDINA GARCIA, ALEJANDRO",Arbitro principal,https://www.rffm.es/acta-partido/1039857,2026-08-09T16:17:40.127517+00:00
1039857,referee,717698,"CABRERO ARROYO, PEDRO",Arbitro asistente,https://www.rffm.es/acta-partido/1039857,2026-08-09T16:17:40.127517+00:00
1039857,referee,742323,"EL AMRANI, MOHAMED ANASS",Arbitro asistente,https://www.rffm.es/acta-partido/1039857,2026-08-09T16:17:40.127517+00:00
1039857,field_delegate,,"SANSERONI GOMEZ, MIGUEL",delegado_campo,https://www.rffm.es/acta-partido/1039857,2026-08-09T16:17:40.127517+00:00
1039864,referee,4223,"PEREIRA ARTEAGA, MICHEL RODRIGO",Arbitro principal,https://www.rffm.es/acta-partido/1039864,2026-08-09T16:17:40.878575+00:00
1039864,referee,909585,"PEREZ ROSARIO, CRISTIAN",Arbitro asistente,https://www.rffm.es/acta-partido/1039864,2026-08-09T16:17:40.878575+00:00
1039864,referee,722634,"SEGOVIA SAN BENITO, CARLOS",Arbitro asistente,https://www.rffm.es/acta-partido/1039864,2026-08-09T16:17:40.878575+00:00
1039864,field_delegate,,"GARCIA DELGADO, MANUEL",delegado_campo,https://www.rffm.es/acta-partido/1039864,2026-08-09T16:17:40.878575+00:00
1039861,referee,712593,"NAVAS FERNANDEZ, JOSE MANUEL",Arbitro principal,https://www.rffm.es/acta-partido/1039861,2026-08-09T16:17:40.882924+00:00
1039861,referee,964634,"MAÑANES DIAZ, OSCAR",Arbitro asistente,https://www.rffm.es/acta-partido/1039861,2026-08-09T16:17:40.882924+00:00
1039861,referee,4434,"CASASOLA DIAZ, ADRIAN",Arbitro asistente,https://www.rffm.es/acta-partido/1039861,2026-08-09T16:17:40.882924+00:00
1039861,field_delegate,,"LOPEZ IGUAL, DAVID",delegado_campo,https://www.rffm.es/acta-partido/1039861,2026-08-09T16:17:40.882924+00:00
1039860,referee,3771,"GARCIA PEREZ, ANTONIO",Arbitro principal,https://www.rffm.es/acta-partido/1039860,2026-08-09T16:17:40.994406+00:00
1039860,referee,4040,"MARTIN RASCON, JAVIER",Arbitro asistente,https://www.rffm.es/acta-partido/1039860,2026-08-09T16:17:40.994406+00:00
1039860,referee,717747,"CAYERO CARRETERO, RODRIGO",Arbitro asistente,https://www.rffm.es/acta-partido/1039860,2026-08-09T16:17:40.994406+00:00
1039860,field_delegate,,"RODRIGUEZ LEBRERO, CARLOS",delegado_campo,https://www.rffm.es/acta-partido/1039860,2026-08-09T16:17:40.994406+00:00
1039712,referee,877935,"BUSTOS PEREIRA, ENRIQUE",Arbitro principal,https://www.rffm.es/acta-partido/1039712,2026-08-09T16:17:41.060831+00:00
1039712,referee,719338,"MAISINCHO OÑA, LUIS FELIPE",Arbitro asistente,https://www.rffm.es/acta-partido/1039712,2026-08-09T16:17:41.060831+00:00
1039712,referee,569861,"DONATO MORALES, ALEJANDRO",Arbitro asistente,https://www.rffm.es/acta-partido/1039712,2026-08-09T16:17:41.060831+00:00
1039712,field_delegate,,"CORONEL NUÑEZ, DAVID",delegado_campo,https://www.rffm.es/acta-partido/1039712,2026-08-09T16:17:41.060831+00:00
1039858,referee,717741,"CASTAÑEDA RODRIGUEZ, BORJA ANTONIO",Arbitro principal,https://www.rffm.es/acta-partido/1039858,2026-08-09T16:17:41.080008+00:00
1039858,referee,3572,"RAMOS GARCIA, ANTONIO",Arbitro asistente,https://www.rffm.es/acta-partido/1039858,2026-08-09T16:17:41.080008+00:00
1039858,referee,3248,"CARRALERO CALVO, ROBERTO",Arbitro asistente,https://www.rffm.es/acta-partido/1039858,2026-08-09T16:17:41.080008+00:00
1039858,field_delegate,,"MASEGOSA TORRENTE, RUBÉN",delegado_campo,https://www.rffm.es/acta-partido/1039858,2026-08-09T16:17:41.080008+00:00
1039862,referee,718682,"GOMEZ-DIAZ PEDREÑO, ENRIQUE",Arbitro principal,https://www.rffm.es/acta-partido/1039862,2026-08-09T16:17:41.217142+00:00
1039862,referee,797681,"PRADANA SANCHEZ, RUBEN",Arbitro asistente,https://www.rffm.es/acta-partido/1039862,2026-08-09T16:17:41.217142+00:00
1039862,referee,987948,"MOUKHLOUFI EL MAKHLOUFI, IMAD",Arbitro asistente,https://www.rffm.es/acta-partido/1039862,2026-08-09T16:17:41.217142+00:00
1039862,field_delegate,,"MENDOZA PEDROCHE, JOSÉ IGNACIO",delegado_campo,https://www.rffm.es/acta-partido/1039862,2026-08-09T16:17:41.217142+00:00
1039870,referee,823306,"LANCHAS GONZÁLEZ, DANIEL",Arbitro principal,https://www.rffm.es/acta-partido/1039870,2026-08-09T16:17:41.252150+00:00
1039870,referee,797851,"CALVO CUENCA, GUILLERMO",Arbitro asistente,https://www.rffm.es/acta-partido/1039870,2026-08-09T16:17:41.252150+00:00
1039870,referee,822721,"BUMBA, MICHAEL BAGISHA",Arbitro asistente,https://www.rffm.es/acta-partido/1039870,2026-08-09T16:17:41.252150+00:00
1039870,field_delegate,,"PULIDO COBOS, ALBERTO MARTIN",delegado_campo,https://www.rffm.es/acta-partido/1039870,2026-08-09T16:17:41.252150+00:00
1039873,referee,645830,"VIDALLER SEGURA, LEON",Arbitro principal,https://www.rffm.es/acta-partido/1039873,2026-08-09T16:17:41.325345+00:00
1039873,referee,954727,"GONÇALVES LOPEZ, CHRISTIAN",Arbitro asistente,https://www.rffm.es/acta-partido/1039873,2026-08-09T16:17:41.325345+00:00
1039873,referee,3540,"CASTRO SIERRA, JUAN JOSE",Arbitro asistente,https://www.rffm.es/acta-partido/1039873,2026-08-09T16:17:41.325345+00:00
1039873,field_delegate,,"COSTA BOULLON, ADRIAN",delegado_campo,https://www.rffm.es/acta-partido/1039873,2026-08-09T16:17:41.325345+00:00
1039874,referee,742557,"IGLESIAS SZENDEFY, MARK",Arbitro principal,https://www.rffm.es/acta-partido/1039874,2026-08-09T16:17:42.039668+00:00
1039874,referee,4930,"MINGOARRANZ FEITO, ALBERTO",Arbitro asistente,https://www.rffm.es/acta-partido/1039874,2026-08-09T16:17:42.039668+00:00
1039874,referee,963296,"FERNANDEZ GONZALEZ, ADRIAN",Arbitro asistente,https://www.rffm.es/acta-partido/1039874,2026-08-09T16:17:42.039668+00:00
1039871,referee,1185408,"SANTAMARIA LOPEZ DE GOIKOETXEA, IÑIGO",Arbitro principal,https://www.rffm.es/acta-partido/1039871,2026-08-09T16:17:42.065150+00:00
1039871,referee,909281,"HUEROS BARRADO, JORGE",Arbitro asistente,https://www.rffm.es/acta-partido/1039871,2026-08-09T16:17:42.065150+00:00
1039871,referee,577809,"BARRAGAN ARAGON, SERGIO",Arbitro asistente,https://www.rffm.es/acta-partido/1039871,2026-08-09T16:17:42.065150+00:00
1039869,referee,877900,"ACEVEDO GONZALEZ, JORGE",Arbitro principal,https://www.rffm.es/acta-partido/1039869,2026-08-09T16:17:42.179534+00:00
1039869,referee,987795,"BEN-ALLAL AMHANTOUALI, KAMAL",Arbitro asistente,https://www.rffm.es/acta-partido/1039869,2026-08-09T16:17:42.179534+00:00
1039869,referee,719261,"LOPEZ MANCHEÑO, ALEJANDRO",Arbitro asistente,https://www.rffm.es/acta-partido/1039869,2026-08-09T16:17:42.179534+00:00
1039869,field_delegate,,"HERRERO HERNANDEZ, MANUEL AURELIO",delegado_campo,https://www.rffm.es/acta-partido/1039869,2026-08-09T16:17:42.179534+00:00
1039868,referee,718586,"GOMEZ GUILLEN, PEDRO",Arbitro principal,https://www.rffm.es/acta-partido/1039868,2026-08-09T16:17:42.285652+00:00
1039868,referee,1168796,"ALVAREZ FERNANDEZ, MARCOS",Arbitro asistente,https://www.rffm.es/acta-partido/1039868,2026-08-09T16:17:42.285652+00:00
1039868,referee,920862,"VICENTE RUBIO, ANDRES",Arbitro asistente,https://www.rffm.es/acta-partido/1039868,2026-08-09T16:17:42.285652+00:00
1039868,field_delegate,,"FERNÁNDEZ MELGOSA, JUAN MANUEL",delegado_campo,https://www.rffm.es/acta-partido/1039868,2026-08-09T16:17:42.285652+00:00
1039866,referee,591070,"OLIVA RAMOS, ALVARO",Arbitro principal,https://www.rffm.es/acta-partido/1039866,2026-08-09T16:17:42.310481+00:00
1039866,referee,742575,"KATATI BOTE, JOUMA",Arbitro asistente,https://www.rffm.es/acta-partido/1039866,2026-08-09T16:17:42.310481+00:00
1039866,referee,742525,"GOMEZ GALLARDO, ADRIAN",Arbitro asistente,https://www.rffm.es/acta-partido/1039866,2026-08-09T16:17:42.310481+00:00
1039867,referee,877545,"ILLANA GAGO, GONZALO",Arbitro principal,https://www.rffm.es/acta-partido/1039867,2026-08-09T16:17:42.315970+00:00
1039867,referee,4683,"ALTED LORENZO, ALEJANDRO",Arbitro asistente,https://www.rffm.es/acta-partido/1039867,2026-08-09T16:17:42.315970+00:00
1039867,referee,909089,"BISEROV SHAMOV, IVO",Arbitro asistente,https://www.rffm.es/acta-partido/1039867,2026-08-09T16:17:42.315970+00:00
1039867,field_delegate,,"ERMAN STROGANOV, JACOB",delegado_campo,https://www.rffm.es/acta-partido/1039867,2026-08-09T16:17:42.315970+00:00
1039872,referee,1027683,"CACHO BENITEZ, BRIAN",Arbitro principal,https://www.rffm.es/acta-partido/1039872,2026-08-09T16:17:42.320786+00:00
1039872,referee,536806,"GARCIA CASADO, JESUS",Arbitro asistente,https://www.rffm.es/acta-partido/1039872,2026-08-09T16:17:42.320786+00:00
1039872,referee,3889,"ALONSO JULIAN, LUIS MIGUEL",Arbitro asistente,https://www.rffm.es/acta-partido/1039872,2026-08-09T16:17:42.320786+00:00
1039872,field_delegate,,"BARCELO MARTINEZ, JOSE CARLOS",delegado_campo,https://www.rffm.es/acta-partido/1039872,2026-08-09T16:17:42.320786+00:00
1039878,referee,536790,"ESPINOSA ARANDA, DANIEL",Arbitro principal,https://www.rffm.es/acta-partido/1039878,2026-08-09T16:17:42.522819+00:00
1039878,referee,963207,"ARAMA, MAXIM",Arbitro asistente,https://www.rffm.es/acta-partido/1039878,2026-08-09T16:17:42.522819+00:00
1039878,referee,745699,"LATASA AMBRONA, JORGE",Arbitro asistente,https://www.rffm.es/acta-partido/1039878,2026-08-09T16:17:42.522819+00:00
1039878,field_delegate,,"LUJAN ADEVA, FRANCISCO",delegado_campo,https://www.rffm.es/acta-partido/1039878,2026-08-09T16:17:42.522819+00:00
1039880,referee,4941,"MUÑOZ GARCIA, MIGUEL ANGEL",Arbitro principal,https://www.rffm.es/acta-partido/1039880,2026-08-09T16:17:43.550058+00:00
1039880,referee,745699,"LATASA AMBRONA, JORGE",Arbitro asistente,https://www.rffm.es/acta-partido/1039880,2026-08-09T16:17:43.550058+00:00
1039880,referee,1058236,"SANCHEZ MAROTO, JUAN JOSE",Arbitro asistente,https://www.rffm.es/acta-partido/1039880,2026-08-09T16:17:43.550058+00:00
1039880,field_delegate,,"LOPEZ IGUAL, DAVID",delegado_campo,https://www.rffm.es/acta-partido/1039880,2026-08-09T16:17:43.550058+00:00
1039882,referee,3454,"ARANZANA CARPINTERO, RICARDO",Arbitro principal,https://www.rffm.es/acta-partido/1039882,2026-08-09T16:17:43.642276+00:00
1039882,referee,742344,"FERRERO LOZANO, SERGIO",Arbitro asistente,https://www.rffm.es/acta-partido/1039882,2026-08-09T16:17:43.642276+00:00
1039882,referee,742181,"VILLALPANDO GOMEZ, JOSE ANTONIO",Arbitro asistente,https://www.rffm.es/acta-partido/1039882,2026-08-09T16:17:43.642276+00:00
1039882,field_delegate,,"FERNANDEZ BLANCO SAN MIGUEL, ANTONIO",delegado_campo,https://www.rffm.es/acta-partido/1039882,2026-08-09T16:17:43.642276+00:00
1039879,referee,771863,"BLANCO GONZALEZ, RUBEN",Arbitro principal,https://www.rffm.es/acta-partido/1039879,2026-08-09T16:17:43.717105+00:00
1039879,referee,719338,"MAISINCHO OÑA, LUIS FELIPE",Arbitro asistente,https://www.rffm.es/acta-partido/1039879,2026-08-09T16:17:43.717105+00:00
1039879,referee,645396,"PACHECO GARCIA UCEDA, CARMELO",Arbitro asistente,https://www.rffm.es/acta-partido/1039879,2026-08-09T16:17:43.717105+00:00
1039879,field_delegate,,"FERNANDEZ CORRALES, FRANCISCO J",delegado_campo,https://www.rffm.es/acta-partido/1039879,2026-08-09T16:17:43.717105+00:00
1039877,referee,3912,"HIDALGO GACIMARTIN, BORJA",Arbitro principal,https://www.rffm.es/acta-partido/1039877,2026-08-09T16:17:43.763379+00:00
1039877,referee,909050,"ASENSIO PADILLA, SERGIO",Arbitro asistente,https://www.rffm.es/acta-partido/1039877,2026-08-09T16:17:43.763379+00:00
1039877,referee,963559,"ALVAREZ OLMOS, SANTIAGO MELCHOR",Arbitro asistente,https://www.rffm.es/acta-partido/1039877,2026-08-09T16:17:43.763379+00:00
1039877,field_delegate,,"MASEGOSA TORRENTE, RUBEN",delegado_campo,https://www.rffm.es/acta-partido/1039877,2026-08-09T16:17:43.763379+00:00
1039876,referee,645223,"SANCHEZ JIMENEZ, DAVID",Arbitro principal,https://www.rffm.es/acta-partido/1039876,2026-08-09T16:17:43.765731+00:00
1039876,referee,4621,"MANZANARES GOMEZ, ALVARO",Arbitro asistente,https://www.rffm.es/acta-partido/1039876,2026-08-09T16:17:43.765731+00:00
1039876,referee,1058932,"SERROUKH, MUSTAPHA",Arbitro asistente,https://www.rffm.es/acta-partido/1039876,2026-08-09T16:17:43.765731+00:00
1039876,field_delegate,,"POL JAEN, FRANCESC",delegado_campo,https://www.rffm.es/acta-partido/1039876,2026-08-09T16:17:43.765731+00:00
1039883,referee,986847,"HIDALGO ALEJO, RAFAEL",Arbitro principal,https://www.rffm.es/acta-partido/1039883,2026-08-09T16:17:43.789097+00:00
1039883,referee,1058868,"MUÑOZ NAVARRO, VALENTIN",Arbitro asistente,https://www.rffm.es/acta-partido/1039883,2026-08-09T16:17:43.789097+00:00
1039883,referee,987795,"BEN-ALLAL AMHANTOUALI, KAMAL",Arbitro asistente,https://www.rffm.es/acta-partido/1039883,2026-08-09T16:17:43.789097+00:00
1039883,field_delegate,,"GARCIA CORRAL, JAVIER",delegado_campo,https://www.rffm.es/acta-partido/1039883,2026-08-09T16:17:43.789097+00:00
1039875,referee,964694,"FERNANDEZ BAERT, JAIME",Arbitro principal,https://www.rffm.es/acta-partido/1039875,2026-08-09T16:17:43.825527+00:00
1039875,referee,742344,"FERRERO LOZANO, SERGIO",Arbitro asistente,https://www.rffm.es/acta-partido/1039875,2026-08-09T16:17:43.825527+00:00
1039875,referee,742282,"CARRASCAL TORRALBA, JUAN",Arbitro asistente,https://www.rffm.es/acta-partido/1039875,2026-08-09T16:17:43.825527+00:00
1039875,field_delegate,,"SANSERONI GOMEZ, MIGUEL",delegado_campo,https://www.rffm.es/acta-partido/1039875,2026-08-09T16:17:43.825527+00:00
1039881,referee,2941,"ALONSO SANZ, DANIEL",Arbitro principal,https://www.rffm.es/acta-partido/1039881,2026-08-09T16:17:43.958659+00:00
1039881,referee,964634,"MAÑANES DIAZ, OSCAR",Arbitro asistente,https://www.rffm.es/acta-partido/1039881,2026-08-09T16:17:43.958659+00:00
1039881,referee,718879,"JUARANZ DIAZ, DANIEL",Arbitro asistente,https://www.rffm.es/acta-partido/1039881,2026-08-09T16:17:43.958659+00:00
1039881,field_delegate,,"MENDOZA PEDROCHE, JOSÉ IGNACIO",delegado_campo,https://www.rffm.es/acta-partido/1039881,2026-08-09T16:17:43.958659+00:00
1039884,referee,645351,"MADALOSSO , RICCARDO",Arbitro principal,https://www.rffm.es/acta-partido/1039884,2026-08-09T16:17:44.497692+00:00
1039884,referee,536794,"FERREIRO MENDEZ, ALVARO",Arbitro asistente,https://www.rffm.es/acta-partido/1039884,2026-08-09T16:17:44.497692+00:00
1039884,referee,877592,"MORATO JIMENEZ, RAMÓN",Arbitro asistente,https://www.rffm.es/acta-partido/1039884,2026-08-09T16:17:44.497692+00:00
1039884,field_delegate,,"ERMAN STROGANOV, JACOB",delegado_campo,https://www.rffm.es/acta-partido/1039884,2026-08-09T16:17:44.497692+00:00
1039885,referee,854194,"KINGA-HAJNALKA, LOBENSCHUS",Arbitro principal,https://www.rffm.es/acta-partido/1039885,2026-08-09T16:17:44.739703+00:00
1039885,referee,523094,"JAEN TRIPIANA, ANTONIO",Arbitro asistente,https://www.rffm.es/acta-partido/1039885,2026-08-09T16:17:44.739703+00:00
1039885,referee,1084041,"LOPEZ IBAÑEZ, DAVID",Arbitro asistente,https://www.rffm.es/acta-partido/1039885,2026-08-09T16:17:44.739703+00:00
1039885,field_delegate,,"FERNÁNDEZ MELGOSA, JUAN MANUEL",delegado_campo,https://www.rffm.es/acta-partido/1039885,2026-08-09T16:17:44.739703+00:00
1039886,referee,3771,"GARCIA PEREZ, ANTONIO",Arbitro principal,https://www.rffm.es/acta-partido/1039886,2026-08-09T16:17:45.006475+00:00
1039886,referee,742323,"EL AMRANI, MOHAMED ANASS",Arbitro asistente,https://www.rffm.es/acta-partido/1039886,2026-08-09T16:17:45.006475+00:00
1039886,referee,645084,"GUTIERREZ REDONDO, ALBERTO",Arbitro asistente,https://www.rffm.es/acta-partido/1039886,2026-08-09T16:17:45.006475+00:00
1039886,field_delegate,,"HERRERO HERNANDEZ, MANUEL AURELIO",delegado_campo,https://www.rffm.es/acta-partido/1039886,2026-08-09T16:17:45.006475+00:00
1039887,referee,1174362,"MARIN CASTILLO, WILMER ENRIQUE",Arbitro principal,https://www.rffm.es/acta-partido/1039887,2026-08-09T16:17:45.046236+00:00
1039887,referee,4766,"ROBLEDO CORDERO, ROBERTO",Arbitro asistente,https://www.rffm.es/acta-partido/1039887,2026-08-09T16:17:45.046236+00:00
1039887,referee,718574,"GOMEZ GOMEZ, PATRICIA",Arbitro asistente,https://www.rffm.es/acta-partido/1039887,2026-08-09T16:17:45.046236+00:00
1039887,field_delegate,,"PULIDO COBOS, ALBERTO MARTIN",delegado_campo,https://www.rffm.es/acta-partido/1039887,2026-08-09T16:17:45.046236+00:00
1039890,referee,797539,"CAÑAS DURAN, JOSE FRANCISCO",Arbitro principal,https://www.rffm.es/acta-partido/1039890,2026-08-09T16:17:45.100211+00:00
1039890,referee,630761,"SANCHEZ SANCHEZ, DAVID",Arbitro asistente,https://www.rffm.es/acta-partido/1039890,2026-08-09T16:17:45.100211+00:00
1039890,referee,909146,"DEL CARMEN HERRERO, CARLOS",Arbitro asistente,https://www.rffm.es/acta-partido/1039890,2026-08-09T16:17:45.100211+00:00
1039890,field_delegate,,"CORONEL NUÑEZ, DAVID",delegado_campo,https://www.rffm.es/acta-partido/1039890,2026-08-09T16:17:45.100211+00:00
1039889,referee,645830,"VIDALLER SEGURA, LEON",Arbitro principal,https://www.rffm.es/acta-partido/1039889,2026-08-09T16:17:45.220783+00:00
1039889,referee,964630,"MAÑANES DIAZ, VICTOR",Arbitro asistente,https://www.rffm.es/acta-partido/1039889,2026-08-09T16:17:45.220783+00:00
1039889,referee,986956,"VENTURA VERDERICO, FERNANDO LUCIANO",Arbitro asistente,https://www.rffm.es/acta-partido/1039889,2026-08-09T16:17:45.220783+00:00
1039889,field_delegate,,"GUERRAS MADRID, JOSE LUIS",delegado_campo,https://www.rffm.es/acta-partido/1039889,2026-08-09T16:17:45.220783+00:00
1039888,referee,4903,"TORRES GUMIEL, ALEJANDRO",Arbitro principal,https://www.rffm.es/acta-partido/1039888,2026-08-09T16:17:45.436518+00:00
1039888,referee,742603,"PEREZ CHACON, IVAN",Arbitro asistente,https://www.rffm.es/acta-partido/1039888,2026-08-09T16:17:45.436518+00:00
1039888,referee,909281,"HUEROS BARRADO, JORGE",Arbitro asistente,https://www.rffm.es/acta-partido/1039888,2026-08-09T16:17:45.436518+00:00
1039888,field_delegate,,"SOTO JIMÉNEZ , DIEGO",delegado_campo,https://www.rffm.es/acta-partido/1039888,2026-08-09T16:17:45.436518+00:00
1039891,referee,3653,"LOPEZ ORTIZ, RAFAEL",Arbitro principal,https://www.rffm.es/acta-partido/1039891,2026-08-09T16:17:45.441176+00:00
1039891,referee,4913,"ARRANZ FURONES, LUIS",Arbitro asistente,https://www.rffm.es/acta-partido/1039891,2026-08-09T16:17:45.441176+00:00
1039891,referee,5105,"CARDERO ARRANZ, SANTIAGO",Arbitro asistente,https://www.rffm.es/acta-partido/1039891,2026-08-09T16:17:45.441176+00:00
1039891,field_delegate,,"TORRES CORNIEL, JOSE",delegado_campo,https://www.rffm.es/acta-partido/1039891,2026-08-09T16:17:45.441176+00:00
1039895,referee,986847,"HIDALGO ALEJO, RAFAEL",Arbitro principal,https://www.rffm.es/acta-partido/1039895,2026-08-09T16:17:46.412545+00:00
1039895,referee,964630,"MAÑANES DIAZ, VICTOR",Arbitro asistente,https://www.rffm.es/acta-partido/1039895,2026-08-09T16:17:46.412545+00:00
1039895,referee,967714,"EL HOUTI BOUDOUMA, SOUFIAN",Arbitro asistente,https://www.rffm.es/acta-partido/1039895,2026-08-09T16:17:46.412545+00:00
1039895,field_delegate,,"POL JAEN, FRANCESC",delegado_campo,https://www.rffm.es/acta-partido/1039895,2026-08-09T16:17:46.412545+00:00
1039892,referee,909189,"GARCIA GONZALEZ, VICTOR",Arbitro principal,https://www.rffm.es/acta-partido/1039892,2026-08-09T16:17:46.759888+00:00
1039892,referee,592583,"MARTINEZ MANSILLA, MIGUEL",Arbitro asistente,https://www.rffm.es/acta-partido/1039892,2026-08-09T16:17:46.759888+00:00
1039892,referee,986956,"VENTURA VERDERICO, FERNANDO LUCIANO",Arbitro asistente,https://www.rffm.es/acta-partido/1039892,2026-08-09T16:17:46.759888+00:00
1039892,field_delegate,,"GARCIA DELGADO, MANUEL",delegado_campo,https://www.rffm.es/acta-partido/1039892,2026-08-09T16:17:46.759888+00:00
1039898,referee,5123,"MORALEDA CRISTOBAL, ANTONIO",Arbitro principal,https://www.rffm.es/acta-partido/1039898,2026-08-09T16:17:46.816173+00:00
1039898,referee,4661,"CARRILLO DELGADO, IGNACIO",Arbitro asistente,https://www.rffm.es/acta-partido/1039898,2026-08-09T16:17:46.816173+00:00
1039898,referee,4434,"CASASOLA DIAZ, ADRIAN",Arbitro asistente,https://www.rffm.es/acta-partido/1039898,2026-08-09T16:17:46.816173+00:00
1039898,field_delegate,,"FERNANDEZ CORRALES, FRANCISCO J",delegado_campo,https://www.rffm.es/acta-partido/1039898,2026-08-09T16:17:46.816173+00:00
1039896,referee,1185339,"ALONSO PAREDES, MANUEL ALEJANDRO",Arbitro principal,https://www.rffm.es/acta-partido/1039896,2026-08-09T16:17:46.821043+00:00
1039896,referee,909281,"HUEROS BARRADO, JORGE",Arbitro asistente,https://www.rffm.es/acta-partido/1039896,2026-08-09T16:17:46.821043+00:00
1039896,referee,634752,"AVILA LLORENTE, DAVID",Arbitro asistente,https://www.rffm.es/acta-partido/1039896,2026-08-09T16:17:46.821043+00:00
1039896,field_delegate,,"MASEGOSA TORRENTE, RUBÉN",delegado_campo,https://www.rffm.es/acta-partido/1039896,2026-08-09T16:17:46.821043+00:00
1039897,referee,536408,"GONZALEZ PELAEZ, LUIS",Arbitro principal,https://www.rffm.es/acta-partido/1039897,2026-08-09T16:17:46.925514+00:00
1039897,referee,592583,"MARTINEZ MANSILLA, MIGUEL",Arbitro asistente,https://www.rffm.es/acta-partido/1039897,2026-08-09T16:17:46.925514+00:00
1039897,referee,1084044,"LOPEZ MORENO, EMILIO FRANCISCO",Arbitro asistente,https://www.rffm.es/acta-partido/1039897,2026-08-09T16:17:46.925514+00:00
1039897,field_delegate,,"LUJAN ADEVA, FRANCISCO",delegado_campo,https://www.rffm.es/acta-partido/1039897,2026-08-09T16:17:46.925514+00:00
1039900,referee,4910,"SIMON GARCIA, SERGIO",Arbitro principal,https://www.rffm.es/acta-partido/1039900,2026-08-09T16:17:46.930519+00:00
1039900,referee,1157654,"MARTI RODRIGUEZ, JESUS",Arbitro asistente,https://www.rffm.es/acta-partido/1039900,2026-08-09T16:17:46.930519+00:00
1039900,referee,5144,"BARROSO BARROSO, GUILLERMO",Arbitro asistente,https://www.rffm.es/acta-partido/1039900,2026-08-09T16:17:46.930519+00:00
1039900,field_delegate,,"MENDOZA PEDROCHE, JOSÉ IGNACIO",delegado_campo,https://www.rffm.es/acta-partido/1039900,2026-08-09T16:17:46.930519+00:00
1039901,referee,1183042,"MEDINA GAVILAN, BORJA",Arbitro principal,https://www.rffm.es/acta-partido/1039901,2026-08-09T16:17:46.974932+00:00
1039901,referee,713,"RINCON RUBIO, DAVID",Arbitro asistente,https://www.rffm.es/acta-partido/1039901,2026-08-09T16:17:46.974932+00:00
1039901,referee,577517,"ARRIBAS RODRIGUEZ, IVAN",Arbitro asistente,https://www.rffm.es/acta-partido/1039901,2026-08-09T16:17:46.974932+00:00
1039901,field_delegate,,"FERNANDEZ BLANCO SAN MIGUEL, ANTONIO",delegado_campo,https://www.rffm.es/acta-partido/1039901,2026-08-09T16:17:46.974932+00:00
1039894,referee,721280,"VIALCHO MIRANDA, MIGUEL ANGEL",Arbitro principal,https://www.rffm.es/acta-partido/1039894,2026-08-09T16:17:47.004051+00:00
1039894,referee,5076,"SANCHEZ FERNANDEZ DE AVILA, MIGUEL",Arbitro asistente,https://www.rffm.es/acta-partido/1039894,2026-08-09T16:17:47.004051+00:00
1039894,referee,645030,"MONTES TELLO, SERGIO",Arbitro asistente,https://www.rffm.es/acta-partido/1039894,2026-08-09T16:17:47.004051+00:00
1039899,referee,718723,"HUERTA DUQUE, MANUEL",Arbitro principal,https://www.rffm.es/acta-partido/1039899,2026-08-09T16:17:47.201651+00:00
1039899,referee,742627,"RAMOS PASTOR, IZAN BALTASAR",Arbitro asistente,https://www.rffm.es/acta-partido/1039899,2026-08-09T16:17:47.201651+00:00
1039899,referee,974959,"PARRONDO PÉREZ, MARIO",Arbitro asistente,https://www.rffm.es/acta-partido/1039899,2026-08-09T16:17:47.201651+00:00
1039899,field_delegate,,"LOPEZ IGUAL, DAVID",delegado_campo,https://www.rffm.es/acta-partido/1039899,2026-08-09T16:17:47.201651+00:00
1039893,referee,877940,"CABADO RODRIGUEZ, YAGO",Arbitro principal,https://www.rffm.es/acta-partido/1039893,2026-08-09T16:17:47.259555+00:00
1039893,referee,878073,"GARCIA PEREZ, ADRIAN",Arbitro asistente,https://www.rffm.es/acta-partido/1039893,2026-08-09T16:17:47.259555+00:00
1039893,referee,4766,"ROBLEDO CORDERO, ROBERTO",Arbitro asistente,https://www.rffm.es/acta-partido/1039893,2026-08-09T16:17:47.259555+00:00
1039893,field_delegate,,"SANSERONI GOMEZ, MIGUEL",delegado_campo,https://www.rffm.es/acta-partido/1039893,2026-08-09T16:17:47.259555+00:00
1039908,referee,1027683,"CACHO BENITEZ, BRIAN",Arbitro principal,https://www.rffm.es/acta-partido/1039908,2026-08-09T16:17:47.339094+00:00
1039908,referee,4683,"ALTED LORENZO, ALEJANDRO",Arbitro asistente,https://www.rffm.es/acta-partido/1039908,2026-08-09T16:17:47.339094+00:00
1039908,referee,742344,"FERRERO LOZANO, SERGIO",Arbitro asistente,https://www.rffm.es/acta-partido/1039908,2026-08-09T16:17:47.339094+00:00
1039908,field_delegate,,"SANZ MANZANERO, DANIEL",delegado_campo,https://www.rffm.es/acta-partido/1039908,2026-08-09T16:17:47.339094+00:00
1039907,referee,823306,"LANCHAS GONZÁLEZ, DANIEL",Arbitro principal,https://www.rffm.es/acta-partido/1039907,2026-08-09T16:17:47.345415+00:00
1039907,referee,645396,"PACHECO GARCIA UCEDA, CARMELO",Arbitro asistente,https://www.rffm.es/acta-partido/1039907,2026-08-09T16:17:47.345415+00:00
1039907,referee,590958,"ACAL LAZARO, DAVID",Arbitro asistente,https://www.rffm.es/acta-partido/1039907,2026-08-09T16:17:47.345415+00:00
1039907,field_delegate,,"COSTA BOULLON, ADRIAN",delegado_campo,https://www.rffm.es/acta-partido/1039907,2026-08-09T16:17:47.345415+00:00
1039904,referee,973968,"ESPINOSA SEDANO, JORGE",Arbitro principal,https://www.rffm.es/acta-partido/1039904,2026-08-09T16:17:47.486839+00:00
1039904,referee,742159,"TEJEDA HERRERO, LYDIA MARIA",Arbitro asistente,https://www.rffm.es/acta-partido/1039904,2026-08-09T16:17:47.486839+00:00
1039904,referee,630761,"SANCHEZ SANCHEZ, DAVID",Arbitro asistente,https://www.rffm.es/acta-partido/1039904,2026-08-09T16:17:47.486839+00:00
1039904,field_delegate,,"PUJADAS SANCHEZ, MANUEL",delegado_campo,https://www.rffm.es/acta-partido/1039904,2026-08-09T16:17:47.486839+00:00
1039903,referee,964565,"BELLOSO RIVERO, ABRAHAM",Arbitro principal,https://www.rffm.es/acta-partido/1039903,2026-08-09T16:17:47.645002+00:00
1039903,referee,883150,"PASCUAL MARTIN, JUAN PEDRO",Arbitro asistente,https://www.rffm.es/acta-partido/1039903,2026-08-09T16:17:47.645002+00:00
1039903,referee,590958,"ACAL LAZARO, DAVID",Arbitro asistente,https://www.rffm.es/acta-partido/1039903,2026-08-09T16:17:47.645002+00:00
1039903,field_delegate,,"HERRERO HERNANDEZ, MANUEL AURELIO",delegado_campo,https://www.rffm.es/acta-partido/1039903,2026-08-09T16:17:47.645002+00:00
1039906,referee,5162,"LOPEZ SORIA, JAVIER NICOLAS",Arbitro principal,https://www.rffm.es/acta-partido/1039906,2026-08-09T16:17:47.653417+00:00
1039906,referee,577517,"ARRIBAS RODRIGUEZ, IVAN",Arbitro asistente,https://www.rffm.es/acta-partido/1039906,2026-08-09T16:17:47.653417+00:00
1039906,referee,722287,"SANCHEZ MORENO, ALEXIS",Arbitro asistente,https://www.rffm.es/acta-partido/1039906,2026-08-09T16:17:47.653417+00:00
1039906,field_delegate,,"LARRAGUETA FERNANDEZ, BEATRIZ",delegado_campo,https://www.rffm.es/acta-partido/1039906,2026-08-09T16:17:47.653417+00:00
1039905,referee,2941,"ALONSO SANZ, DANIEL",Arbitro principal,https://www.rffm.es/acta-partido/1039905,2026-08-09T16:17:47.658192+00:00
1039905,referee,3822,"NSOGO MONVURU, JUAN OBIANG",Arbitro asistente,https://www.rffm.es/acta-partido/1039905,2026-08-09T16:17:47.658192+00:00
1039905,referee,645735,"DOMINGUEZ FERNANDEZ, CARLOS",Arbitro asistente,https://www.rffm.es/acta-partido/1039905,2026-08-09T16:17:47.658192+00:00
1039905,field_delegate,,"TATO MONCHO, CARLOS",delegado_campo,https://www.rffm.es/acta-partido/1039905,2026-08-09T16:17:47.658192+00:00
1039909,referee,909252,"GONZALEZ PELAEZ, JOSE ADRIAN",Arbitro principal,https://www.rffm.es/acta-partido/1039909,2026-08-09T16:17:48.500316+00:00
1039909,referee,4683,"ALTED LORENZO, ALEJANDRO",Arbitro asistente,https://www.rffm.es/acta-partido/1039909,2026-08-09T16:17:48.500316+00:00
1039909,referee,923127,"NUÑEZ TUR, ROBERTO",Arbitro asistente,https://www.rffm.es/acta-partido/1039909,2026-08-09T16:17:48.500316+00:00
1039909,field_delegate,,"GARCIA DELGADO, MANUEL",delegado_campo,https://www.rffm.es/acta-partido/1039909,2026-08-09T16:17:48.500316+00:00
1039910,referee,877900,"ACEVEDO GONZALEZ, JORGE",Arbitro principal,https://www.rffm.es/acta-partido/1039910,2026-08-09T16:17:48.602908+00:00
1039910,referee,645839,"ZORNOZA LLANOS, VICTOR",Arbitro asistente,https://www.rffm.es/acta-partido/1039910,2026-08-09T16:17:48.602908+00:00
1039910,referee,953993,"MOTA MORENO, MIGUEL",Arbitro asistente,https://www.rffm.es/acta-partido/1039910,2026-08-09T16:17:48.602908+00:00
1039910,field_delegate,,"FERNANDEZ BLANCO SAN MIGUEL, ANTONIO",delegado_campo,https://www.rffm.es/acta-partido/1039910,2026-08-09T16:17:48.602908+00:00
1039917,referee,1183042,"MEDINA GAVILAN, BORJA",Arbitro principal,https://www.rffm.es/acta-partido/1039917,2026-08-09T16:17:48.641097+00:00
1039917,referee,754,"LAHUERTA GRACIA, JAVIER JOSE",Arbitro asistente,https://www.rffm.es/acta-partido/1039917,2026-08-09T16:17:48.641097+00:00
1039917,referee,5080,"BOBEANU, PETRISOR",Arbitro asistente,https://www.rffm.es/acta-partido/1039917,2026-08-09T16:17:48.641097+00:00
1039917,field_delegate,,"FERNANDEZ CORRALES, FRANCISCO J",delegado_campo,https://www.rffm.es/acta-partido/1039917,2026-08-09T16:17:48.641097+00:00
1039916,referee,771863,"BLANCO GONZALEZ, RUBEN",Arbitro principal,https://www.rffm.es/acta-partido/1039916,2026-08-09T16:17:48.643890+00:00
1039916,referee,792154,"CALVELLO , VINCENZO",Arbitro asistente,https://www.rffm.es/acta-partido/1039916,2026-08-09T16:17:48.643890+00:00
1039916,referee,590972,"ALLER CAMINO, MIGUEL",Arbitro asistente,https://www.rffm.es/acta-partido/1039916,2026-08-09T16:17:48.643890+00:00
1039916,field_delegate,,"LUJAN ADEVA, FRANCISCO",delegado_campo,https://www.rffm.es/acta-partido/1039916,2026-08-09T16:17:48.643890+00:00
1039911,referee,645433,"RAMOS GONZALEZ, CARLOS",Arbitro principal,https://www.rffm.es/acta-partido/1039911,2026-08-09T16:17:49.074440+00:00
1039911,referee,742503,"GARCIA TORO, JORGE",Arbitro asistente,https://www.rffm.es/acta-partido/1039911,2026-08-09T16:17:49.074440+00:00
1039911,referee,823073,"PEDRAZA ZORRERO, SERGIO",Arbitro asistente,https://www.rffm.es/acta-partido/1039911,2026-08-09T16:17:49.074440+00:00
1039911,field_delegate,,"SANSERONI GOMEZ, MIGUEL",delegado_campo,https://www.rffm.es/acta-partido/1039911,2026-08-09T16:17:49.074440+00:00
1039912,referee,3524,"VIDAL TORMO, MARIO",Arbitro principal,https://www.rffm.es/acta-partido/1039912,2026-08-09T16:17:49.115219+00:00
1039912,referee,823296,"HERNANDEZ CAÑAVERAS, CARLOS",Arbitro asistente,https://www.rffm.es/acta-partido/1039912,2026-08-09T16:17:49.115219+00:00
1039912,referee,742181,"VILLALPANDO GOMEZ, JOSE ANTONIO",Arbitro asistente,https://www.rffm.es/acta-partido/1039912,2026-08-09T16:17:49.115219+00:00
1039912,field_delegate,,"ERMAN STROGANOV, JACOB",delegado_campo,https://www.rffm.es/acta-partido/1039912,2026-08-09T16:17:49.115219+00:00
1039913,referee,877545,"ILLANA GAGO, GONZALO",Arbitro principal,https://www.rffm.es/acta-partido/1039913,2026-08-09T16:17:49.138375+00:00
1039913,referee,797922,"DOMINGUEZ FERNANDEZ, JOSE MARIA",Arbitro asistente,https://www.rffm.es/acta-partido/1039913,2026-08-09T16:17:49.138375+00:00
1039913,referee,4933,"PEREZ RUIZ, ANTONIO JOSE",Arbitro asistente,https://www.rffm.es/acta-partido/1039913,2026-08-09T16:17:49.138375+00:00
1039902,referee,523200,"MORARU, FLORIN WESPASIAN",Arbitro principal,https://www.rffm.es/acta-partido/1039902,2026-08-09T16:17:49.220396+00:00
1039902,referee,592583,"MARTINEZ MANSILLA, MIGUEL",Arbitro asistente,https://www.rffm.es/acta-partido/1039902,2026-08-09T16:17:49.220396+00:00
1039902,referee,909581,"PEREZ RODRIGUEZ, ADRIAN",Arbitro asistente,https://www.rffm.es/acta-partido/1039902,2026-08-09T16:17:49.220396+00:00
1039902,field_delegate,,"SILVA ROBAS, MARIO JOSÉ",delegado_campo,https://www.rffm.es/acta-partido/1039902,2026-08-09T16:17:49.220396+00:00
1039920,referee,536408,"GONZALEZ PELAEZ, LUIS",Arbitro principal,https://www.rffm.es/acta-partido/1039920,2026-08-09T16:17:49.749531+00:00
1039920,referee,645485,"VALDIVIESO BANZO, ANGEL",Arbitro asistente,https://www.rffm.es/acta-partido/1039920,2026-08-09T16:17:49.749531+00:00
1039920,referee,4085,"HERNANDEZ ASTUDILLO, JAVIER",Arbitro asistente,https://www.rffm.es/acta-partido/1039920,2026-08-09T16:17:49.749531+00:00
1039920,field_delegate,,"HERRERO HERNANDEZ, MANUEL AURELIO",delegado_campo,https://www.rffm.es/acta-partido/1039920,2026-08-09T16:17:49.749531+00:00
1039919,referee,645351,"MADALOSSO , RICCARDO",Arbitro principal,https://www.rffm.es/acta-partido/1039919,2026-08-09T16:17:49.809403+00:00
1039919,referee,536794,"FERREIRO MENDEZ, ALVARO",Arbitro asistente,https://www.rffm.es/acta-partido/1039919,2026-08-09T16:17:49.809403+00:00
1039919,referee,973981,"FALQUINA JORGE, SAMUEL",Arbitro asistente,https://www.rffm.es/acta-partido/1039919,2026-08-09T16:17:49.809403+00:00
1039919,field_delegate,,"MENDOZA PEDROCHE, JOSÉ IGNACIO",delegado_campo,https://www.rffm.es/acta-partido/1039919,2026-08-09T16:17:49.809403+00:00
1039918,referee,591096,"SANCHEZ LOPEZ, SAMUEL",Arbitro principal,https://www.rffm.es/acta-partido/1039918,2026-08-09T16:17:49.828336+00:00
1039918,referee,964709,"GARCIA CASADO, ALVARO",Arbitro asistente,https://www.rffm.es/acta-partido/1039918,2026-08-09T16:17:49.828336+00:00
1039918,referee,953993,"MOTA MORENO, MIGUEL",Arbitro asistente,https://www.rffm.es/acta-partido/1039918,2026-08-09T16:17:49.828336+00:00
1039918,field_delegate,,"LOPEZ IGUAL, DAVID",delegado_campo,https://www.rffm.es/acta-partido/1039918,2026-08-09T16:17:49.828336+00:00
1039914,referee,822731,"CABERO VALLE, IGNACIO JOSE",Arbitro principal,https://www.rffm.es/acta-partido/1039914,2026-08-09T16:17:49.918413+00:00
1039914,referee,822721,"BUMBA, MICHAEL BAGISHA",Arbitro asistente,https://www.rffm.es/acta-partido/1039914,2026-08-09T16:17:49.918413+00:00
1039914,referee,577805,"CANTERO SAHUQUILLO, CARLOS",Arbitro asistente,https://www.rffm.es/acta-partido/1039914,2026-08-09T16:17:49.918413+00:00
1039914,field_delegate,,"POL JAEN, FRANCESC",delegado_campo,https://www.rffm.es/acta-partido/1039914,2026-08-09T16:17:49.918413+00:00
1039915,referee,645223,"SANCHEZ JIMENEZ, DAVID",Arbitro principal,https://www.rffm.es/acta-partido/1039915,2026-08-09T16:17:50.029286+00:00
1039915,referee,742503,"GARCIA TORO, JORGE",Arbitro asistente,https://www.rffm.es/acta-partido/1039915,2026-08-09T16:17:50.029286+00:00
1039915,referee,4772,"SANDU , DANIEL",Arbitro asistente,https://www.rffm.es/acta-partido/1039915,2026-08-09T16:17:50.029286+00:00
1039915,field_delegate,,"ARIAS RICO, ALVARO",delegado_campo,https://www.rffm.es/acta-partido/1039915,2026-08-09T16:17:50.029286+00:00
1039923,referee,3919,"LOPEZ DEL PRECINTO, DAVID",Arbitro principal,https://www.rffm.es/acta-partido/1039923,2026-08-09T16:17:50.273397+00:00
1039923,referee,742344,"FERRERO LOZANO, SERGIO",Arbitro asistente,https://www.rffm.es/acta-partido/1039923,2026-08-09T16:17:50.273397+00:00
1039923,referee,987795,"BEN-ALLAL AMHANTOUALI, KAMAL",Arbitro asistente,https://www.rffm.es/acta-partido/1039923,2026-08-09T16:17:50.273397+00:00
1039923,field_delegate,,"BARCELO MARTINEZ, JOSE CARLOS",delegado_campo,https://www.rffm.es/acta-partido/1039923,2026-08-09T16:17:50.273397+00:00
1039925,referee,4910,"SIMON GARCIA, SERGIO",Arbitro principal,https://www.rffm.es/acta-partido/1039925,2026-08-09T16:17:50.553788+00:00
1039925,referee,537027,"VICENTE GUERREIRO, SERGIO",Arbitro asistente,https://www.rffm.es/acta-partido/1039925,2026-08-09T16:17:50.553788+00:00
1039925,referee,877717,"RUIZ ORTIZ, JULIO",Arbitro asistente,https://www.rffm.es/acta-partido/1039925,2026-08-09T16:17:50.553788+00:00
1039925,field_delegate,,"TORRES CORNIEL, JOSE",delegado_campo,https://www.rffm.es/acta-partido/1039925,2026-08-09T16:17:50.553788+00:00
1039928,referee,1185408,"SANTAMARIA LOPEZ DE GOIKOETXEA, IÑIGO",Arbitro principal,https://www.rffm.es/acta-partido/1039928,2026-08-09T16:17:50.560333+00:00
1039928,referee,909064,"BARRIOS VAZQUEZ, CRISTIAN",Arbitro asistente,https://www.rffm.es/acta-partido/1039928,2026-08-09T16:17:50.560333+00:00
1039928,referee,897719,"BORDONS ROMERO, MARIO",Arbitro asistente,https://www.rffm.es/acta-partido/1039928,2026-08-09T16:17:50.560333+00:00
1039928,field_delegate,,"MENDOZA PEDROCHE, JOSÉ IGNACIO",delegado_campo,https://www.rffm.es/acta-partido/1039928,2026-08-09T16:17:50.560333+00:00
1039927,referee,3559,"MORAGA VIDAL, ALBERTO",Arbitro principal,https://www.rffm.es/acta-partido/1039927,2026-08-09T16:17:51.228006+00:00
1039927,referee,742344,"FERRERO LOZANO, SERGIO",Arbitro asistente,https://www.rffm.es/acta-partido/1039927,2026-08-09T16:17:51.228006+00:00
1039927,referee,4040,"MARTIN RASCON, JAVIER",Arbitro asistente,https://www.rffm.es/acta-partido/1039927,2026-08-09T16:17:51.228006+00:00
1039927,field_delegate,,"FERNANDEZ BLANCO SAN MIGUEL, BORJA",delegado_campo,https://www.rffm.es/acta-partido/1039927,2026-08-09T16:17:51.228006+00:00
1039922,referee,5119,"LOPEZ CUEVAS, AGUSTIN",Arbitro principal,https://www.rffm.es/acta-partido/1039922,2026-08-09T16:17:51.495783+00:00
1039922,referee,1168796,"ALVAREZ FERNANDEZ, MARCOS",Arbitro asistente,https://www.rffm.es/acta-partido/1039922,2026-08-09T16:17:51.495783+00:00
1039922,referee,2918,"ROLDAN FLICHI, JUAN ANTONIO",Arbitro asistente,https://www.rffm.es/acta-partido/1039922,2026-08-09T16:17:51.495783+00:00
1039922,field_delegate,,"SOTO JIMÉNEZ , DIEGO",delegado_campo,https://www.rffm.es/acta-partido/1039922,2026-08-09T16:17:51.495783+00:00
1039921,referee,5161,"LOPEZ JIMENEZ, FERNANDO",Arbitro principal,https://www.rffm.es/acta-partido/1039921,2026-08-09T16:17:51.559697+00:00
1039921,referee,645822,"TORRALBA RODRIGUEZ, MANUEL",Arbitro asistente,https://www.rffm.es/acta-partido/1039921,2026-08-09T16:17:51.559697+00:00
1039921,referee,920862,"VICENTE RUBIO, ANDRES",Arbitro asistente,https://www.rffm.es/acta-partido/1039921,2026-08-09T16:17:51.559697+00:00
1039921,field_delegate,,"PUJADAS SANCHEZ, MANUEL",delegado_campo,https://www.rffm.es/acta-partido/1039921,2026-08-09T16:17:51.559697+00:00
1039924,referee,3895,"BOR, TAMAS",Arbitro principal,https://www.rffm.es/acta-partido/1039924,2026-08-09T16:17:51.652295+00:00
1039924,referee,878242,"RIOS ALMAGRO, IVAN",Arbitro asistente,https://www.rffm.es/acta-partido/1039924,2026-08-09T16:17:51.652295+00:00
1039924,referee,3889,"ALONSO JULIAN, LUIS MIGUEL",Arbitro asistente,https://www.rffm.es/acta-partido/1039924,2026-08-09T16:17:51.652295+00:00
1039924,field_delegate,,"CORONEL NUÑEZ, DAVID",delegado_campo,https://www.rffm.es/acta-partido/1039924,2026-08-09T16:17:51.652295+00:00
1039929,referee,3653,"LOPEZ ORTIZ, RAFAEL",Arbitro principal,https://www.rffm.es/acta-partido/1039929,2026-08-09T16:17:51.820137+00:00
1039929,referee,754,"LAHUERTA GRACIA, JAVIER JOSE",Arbitro asistente,https://www.rffm.es/acta-partido/1039929,2026-08-09T16:17:51.820137+00:00
1039929,referee,742593,"LUMBRERAS RODRIGUEZ, IRENE",Arbitro asistente,https://www.rffm.es/acta-partido/1039929,2026-08-09T16:17:51.820137+00:00
1039929,field_delegate,,"HERRERO HERNANDEZ, MANUEL AURELIO",delegado_campo,https://www.rffm.es/acta-partido/1039929,2026-08-09T16:17:51.820137+00:00
1039926,referee,1185339,"ALONSO PAREDES, MANUEL ALEJANDRO",Arbitro principal,https://www.rffm.es/acta-partido/1039926,2026-08-09T16:17:51.948798+00:00
1039926,referee,877592,"MORATO JIMENEZ, RAMÓN",Arbitro asistente,https://www.rffm.es/acta-partido/1039926,2026-08-09T16:17:51.948798+00:00
1039926,referee,897763,"GARCIA CARTAS, VICTOR",Arbitro asistente,https://www.rffm.es/acta-partido/1039926,2026-08-09T16:17:51.948798+00:00
1039926,field_delegate,,"GARCIA DELGADO, MANUEL",delegado_campo,https://www.rffm.es/acta-partido/1039926,2026-08-09T16:17:51.948798+00:00
1039935,referee,3771,"GARCIA PEREZ, ANTONIO",Arbitro principal,https://www.rffm.es/acta-partido/1039935,2026-08-09T16:17:51.963039+00:00
1039935,referee,590958,"ACAL LAZARO, DAVID",Arbitro asistente,https://www.rffm.es/acta-partido/1039935,2026-08-09T16:17:51.963039+00:00
1039935,referee,1102695,"RETAMAR GARCIA, DIEGO",Arbitro asistente,https://www.rffm.es/acta-partido/1039935,2026-08-09T16:17:51.963039+00:00
1039935,field_delegate,,"LUJAN ADEVA, FRANCISCO",delegado_campo,https://www.rffm.es/acta-partido/1039935,2026-08-09T16:17:51.963039+00:00
1039930,referee,4948,"ZANONI, MICHAEL",Arbitro principal,https://www.rffm.es/acta-partido/1039930,2026-08-09T16:17:52.172599+00:00
1039930,referee,953993,"MOTA MORENO, MIGUEL",Arbitro asistente,https://www.rffm.es/acta-partido/1039930,2026-08-09T16:17:52.172599+00:00
1039930,referee,719261,"LOPEZ MANCHEÑO, ALEJANDRO",Arbitro asistente,https://www.rffm.es/acta-partido/1039930,2026-08-09T16:17:52.172599+00:00
1039930,field_delegate,,"FERNÁNDEZ MELGOSA, JUAN MANUEL",delegado_campo,https://www.rffm.es/acta-partido/1039930,2026-08-09T16:17:52.172599+00:00
1039936,referee,877467,"CARRASCOSA VÁZQUEZ, CRISTIAN JOSÉ",Arbitro principal,https://www.rffm.es/acta-partido/1039936,2026-08-09T16:17:52.501078+00:00
1039936,referee,1239439,"SOARES FUSCHINI, ALVAR DIEGO",Arbitro asistente,https://www.rffm.es/acta-partido/1039936,2026-08-09T16:17:52.501078+00:00
1039936,referee,897779,"HAJJAM HAJJAM, YOUSRI",Arbitro asistente,https://www.rffm.es/acta-partido/1039936,2026-08-09T16:17:52.501078+00:00
1039936,field_delegate,,"FERNANDEZ CORRALES, FRANCISCO J",delegado_campo,https://www.rffm.es/acta-partido/1039936,2026-08-09T16:17:52.501078+00:00
1039931,referee,1027683,"CACHO BENITEZ, BRIAN",Arbitro principal,https://www.rffm.es/acta-partido/1039931,2026-08-09T16:17:52.639932+00:00
1039931,referee,5144,"BARROSO BARROSO, GUILLERMO",Arbitro asistente,https://www.rffm.es/acta-partido/1039931,2026-08-09T16:17:52.639932+00:00
1039931,referee,909050,"ASENSIO PADILLA, SERGIO",Arbitro asistente,https://www.rffm.es/acta-partido/1039931,2026-08-09T16:17:52.639932+00:00
1039937,referee,771863,"BLANCO GONZALEZ, RUBEN",Arbitro principal,https://www.rffm.es/acta-partido/1039937,2026-08-09T16:17:52.981212+00:00
1039937,referee,797908,"COELHO GALVAN, SERGIO",Arbitro asistente,https://www.rffm.es/acta-partido/1039937,2026-08-09T16:17:52.981212+00:00
1039937,referee,965038,"RUIZ AGUILERA, DANIEL",Arbitro asistente,https://www.rffm.es/acta-partido/1039937,2026-08-09T16:17:52.981212+00:00
1039937,field_delegate,,"LOPEZ IGUAL, DAVID",delegado_campo,https://www.rffm.es/acta-partido/1039937,2026-08-09T16:17:52.981212+00:00
1039932,referee,718586,"GOMEZ GUILLEN, PEDRO",Arbitro principal,https://www.rffm.es/acta-partido/1039932,2026-08-09T16:17:53.008003+00:00
1039932,referee,718574,"GOMEZ GOMEZ, PATRICIA",Arbitro asistente,https://www.rffm.es/acta-partido/1039932,2026-08-09T16:17:53.008003+00:00
1039932,referee,877948,"CERRO SANTOS, ADRIAN",Arbitro asistente,https://www.rffm.es/acta-partido/1039932,2026-08-09T16:17:53.008003+00:00
1039932,field_delegate,,"GARCIA CERNUDA CASTRO, JOSÉ MARIA",delegado_campo,https://www.rffm.es/acta-partido/1039932,2026-08-09T16:17:53.008003+00:00
1039942,referee,878174,"MORENO MORALEDA, ISMAEL",Arbitro principal,https://www.rffm.es/acta-partido/1039942,2026-08-09T16:17:53.166551+00:00
1039942,referee,909166,"ESCRIBANO CORTIJO, LUIS",Arbitro asistente,https://www.rffm.es/acta-partido/1039942,2026-08-09T16:17:53.166551+00:00
1039942,referee,318,"GARCIA FRIGINAL, ANDRES MANUEL",Arbitro asistente,https://www.rffm.es/acta-partido/1039942,2026-08-09T16:17:53.166551+00:00
1039942,field_delegate,,"SANZ MANZANERO, DANIEL",delegado_campo,https://www.rffm.es/acta-partido/1039942,2026-08-09T16:17:53.166551+00:00
1039933,referee,3524,"VIDAL TORMO, MARIO",Arbitro principal,https://www.rffm.es/acta-partido/1039933,2026-08-09T16:17:53.211455+00:00
1039933,referee,1091,"VALVERDE SANCHEZ, ANGEL LUIS",Arbitro asistente,https://www.rffm.es/acta-partido/1039933,2026-08-09T16:17:53.211455+00:00
1039933,referee,4401,"GOMEZ BLAZQUEZ, MIGUEL",Arbitro asistente,https://www.rffm.es/acta-partido/1039933,2026-08-09T16:17:53.211455+00:00
1039933,field_delegate,,"POL JAEN, FRANCESC",delegado_campo,https://www.rffm.es/acta-partido/1039933,2026-08-09T16:17:53.211455+00:00
1039939,referee,797095,"ALMAZAN MARTINEZ, ANDRES",Arbitro principal,https://www.rffm.es/acta-partido/1039939,2026-08-09T16:17:53.262034+00:00
1039939,referee,645511,"MATEOS LOPEZ, ALEJANDRO",Arbitro asistente,https://www.rffm.es/acta-partido/1039939,2026-08-09T16:17:53.262034+00:00
1039939,referee,783495,"DONAS AGUILERA, ALVARO",Arbitro asistente,https://www.rffm.es/acta-partido/1039939,2026-08-09T16:17:53.262034+00:00
1039939,field_delegate,,"SOTO JIMÉNEZ , DIEGO",delegado_campo,https://www.rffm.es/acta-partido/1039939,2026-08-09T16:17:53.262034+00:00
1039934,referee,854194,"KINGA-HAJNALKA, LOBENSCHUS",Arbitro principal,https://www.rffm.es/acta-partido/1039934,2026-08-09T16:17:53.271780+00:00
1039934,referee,645839,"ZORNOZA LLANOS, VICTOR",Arbitro asistente,https://www.rffm.es/acta-partido/1039934,2026-08-09T16:17:53.271780+00:00
1039934,referee,823073,"PEDRAZA ZORRERO, SERGIO",Arbitro asistente,https://www.rffm.es/acta-partido/1039934,2026-08-09T16:17:53.271780+00:00
1039934,field_delegate,,"SANDOVAL GAGO, JAVIER",delegado_campo,https://www.rffm.es/acta-partido/1039934,2026-08-09T16:17:53.271780+00:00
1039941,referee,822731,"CABERO VALLE, IGNACIO JOSE",Arbitro principal,https://www.rffm.es/acta-partido/1039941,2026-08-09T16:17:54.195606+00:00
1039941,referee,5105,"CARDERO ARRANZ, SANTIAGO",Arbitro asistente,https://www.rffm.es/acta-partido/1039941,2026-08-09T16:17:54.195606+00:00
1039941,referee,645721,"DIAZ RODRIGUEZ, LUIS MIGUEL",Arbitro asistente,https://www.rffm.es/acta-partido/1039941,2026-08-09T16:17:54.195606+00:00
1039941,field_delegate,,"COSTA BOULLON, ADRIAN",delegado_campo,https://www.rffm.es/acta-partido/1039941,2026-08-09T16:17:54.195606+00:00
1039938,referee,3524,"VIDAL TORMO, MARIO",Arbitro principal,https://www.rffm.es/acta-partido/1039938,2026-08-09T16:17:54.560357+00:00
1039938,referee,621,"CARRASQUILLA LOPEZ, DANIEL",Arbitro asistente,https://www.rffm.es/acta-partido/1039938,2026-08-09T16:17:54.560357+00:00
1039938,referee,1067,"SANCHEZ-MATEOS DOMINGUEZ, RAUL",Arbitro asistente,https://www.rffm.es/acta-partido/1039938,2026-08-09T16:17:54.560357+00:00
1039938,field_delegate,,"COSTERO GIMBEL, IGNACIO",delegado_campo,https://www.rffm.es/acta-partido/1039938,2026-08-09T16:17:54.560357+00:00
1039946,referee,645351,"MADALOSSO , RICCARDO",Arbitro principal,https://www.rffm.es/acta-partido/1039946,2026-08-09T16:17:54.661651+00:00
1039946,referee,909329,"MANZANO GARCIA, JORGE",Arbitro asistente,https://www.rffm.es/acta-partido/1039946,2026-08-09T16:17:54.661651+00:00
1039946,referee,964660,"ESPINOSA RIOS, ALICIA",Arbitro asistente,https://www.rffm.es/acta-partido/1039946,2026-08-09T16:17:54.661651+00:00
1039946,field_delegate,,"SANSERONI GOMEZ, MIGUEL",delegado_campo,https://www.rffm.es/acta-partido/1039946,2026-08-09T16:17:54.661651+00:00
1039944,referee,2616,"MEDINA GARCIA, ALEJANDRO",Arbitro principal,https://www.rffm.es/acta-partido/1039944,2026-08-09T16:17:54.787777+00:00
1039944,referee,3540,"CASTRO SIERRA, JUAN JOSE",Arbitro asistente,https://www.rffm.es/acta-partido/1039944,2026-08-09T16:17:54.787777+00:00
1039944,referee,742181,"VILLALPANDO GOMEZ, JOSE ANTONIO",Arbitro asistente,https://www.rffm.es/acta-partido/1039944,2026-08-09T16:17:54.787777+00:00
1039944,field_delegate,,"FERNANDEZ BLANCO SAN MIGUEL, ANTONIO",delegado_campo,https://www.rffm.es/acta-partido/1039944,2026-08-09T16:17:54.787777+00:00
1039943,referee,877900,"ACEVEDO GONZALEZ, JORGE",Arbitro principal,https://www.rffm.es/acta-partido/1039943,2026-08-09T16:17:54.797387+00:00
1039943,referee,987795,"BEN-ALLAL AMHANTOUALI, KAMAL",Arbitro asistente,https://www.rffm.es/acta-partido/1039943,2026-08-09T16:17:54.797387+00:00
1039943,referee,1040810,"GUILLEN DEL CASTILLO, ALICIA",Arbitro asistente,https://www.rffm.es/acta-partido/1039943,2026-08-09T16:17:54.797387+00:00
1039943,field_delegate,,"GARCIA DELGADO, MANUEL",delegado_campo,https://www.rffm.es/acta-partido/1039943,2026-08-09T16:17:54.797387+00:00
1039945,referee,4812,"VALDEPEÑAS CHAO, MARCOS",Arbitro principal,https://www.rffm.es/acta-partido/1039945,2026-08-09T16:17:54.948849+00:00
1039945,referee,636256,"LOPEZ MONTALBAN, DANIEL",Arbitro asistente,https://www.rffm.es/acta-partido/1039945,2026-08-09T16:17:54.948849+00:00
1039945,referee,799553,"CONDE CLEMENTE, KEVIN",Arbitro asistente,https://www.rffm.es/acta-partido/1039945,2026-08-09T16:17:54.948849+00:00
1039945,field_delegate,,"ALCALA PEREZ, JOSE MANUEL",delegado_campo,https://www.rffm.es/acta-partido/1039945,2026-08-09T16:17:54.948849+00:00
1039940,referee,3454,"ARANZANA CARPINTERO, RICARDO",Arbitro principal,https://www.rffm.es/acta-partido/1039940,2026-08-09T16:17:55.001834+00:00
1039940,referee,523378,"GARCIA RODRIGUEZ, ENRIQUE",Arbitro asistente,https://www.rffm.es/acta-partido/1039940,2026-08-09T16:17:55.001834+00:00
1039940,referee,4040,"MARTIN RASCON, JAVIER",Arbitro asistente,https://www.rffm.es/acta-partido/1039940,2026-08-09T16:17:55.001834+00:00
1039940,field_delegate,,"LARRAGUETA FERNANDEZ, BEATRIZ",delegado_campo,https://www.rffm.es/acta-partido/1039940,2026-08-09T16:17:55.001834+00:00
1039951,referee,4546,"BARRADO LACORTE, PEDRO JESUS",Arbitro principal,https://www.rffm.es/acta-partido/1039951,2026-08-09T16:17:55.529406+00:00
1039951,referee,3176,"RUIZ MARTINEZ ALCOCER, ADRIAN",Arbitro asistente,https://www.rffm.es/acta-partido/1039951,2026-08-09T16:17:55.529406+00:00
1039951,referee,3728,"DE LA CRUZ GONZALEZ, JAIME",Arbitro asistente,https://www.rffm.es/acta-partido/1039951,2026-08-09T16:17:55.529406+00:00
1039951,field_delegate,,"POVEDA MARTIN, ÁNGEL MANUEL",delegado_campo,https://www.rffm.es/acta-partido/1039951,2026-08-09T16:17:55.529406+00:00
1039954,referee,797638,"MASSO GOMEZ, MARTA",Arbitro principal,https://www.rffm.es/acta-partido/1039954,2026-08-09T16:17:55.723147+00:00
1039954,referee,4813,"GARCIA MARTINEZ, JORGE",Arbitro asistente,https://www.rffm.es/acta-partido/1039954,2026-08-09T16:17:55.723147+00:00
1039954,referee,742128,"PUELLES PADILLA, JORGE",Arbitro asistente,https://www.rffm.es/acta-partido/1039954,2026-08-09T16:17:55.723147+00:00
1039954,field_delegate,,"ORTIZ PINTOS, JOSÉ LUIS",delegado_campo,https://www.rffm.es/acta-partido/1039954,2026-08-09T16:17:55.723147+00:00
1039949,referee,718727,"IZQUIERDO CANTERO, ALEJANDRO",Arbitro principal,https://www.rffm.es/acta-partido/1039949,2026-08-09T16:17:55.922239+00:00
1039949,referee,1169800,"FORTUNA GIRON, JULEN",Arbitro asistente,https://www.rffm.es/acta-partido/1039949,2026-08-09T16:17:55.922239+00:00
1039949,referee,5076,"SANCHEZ FERNANDEZ DE AVILA, MIGUEL",Arbitro asistente,https://www.rffm.es/acta-partido/1039949,2026-08-09T16:17:55.922239+00:00
1039949,field_delegate,,"HERRERAS MATAS, PELAYO",delegado_campo,https://www.rffm.es/acta-partido/1039949,2026-08-09T16:17:55.922239+00:00
1039953,referee,645830,"VIDALLER SEGURA, LEON",Arbitro principal,https://www.rffm.es/acta-partido/1039953,2026-08-09T16:17:55.934973+00:00
1039953,referee,909281,"HUEROS BARRADO, JORGE",Arbitro asistente,https://www.rffm.es/acta-partido/1039953,2026-08-09T16:17:55.934973+00:00
1039953,referee,877665,"ONRUBIA RAMOS, RODRIGO",Arbitro asistente,https://www.rffm.es/acta-partido/1039953,2026-08-09T16:17:55.934973+00:00
1039953,field_delegate,,"PLAZA SAEZ, GONZALO",delegado_campo,https://www.rffm.es/acta-partido/1039953,2026-08-09T16:17:55.934973+00:00
1039955,referee,665514,"FERNANDEZ DOMINGUEZ, MARCOS",Arbitro principal,https://www.rffm.es/acta-partido/1039955,2026-08-09T16:17:56.036696+00:00
1039955,referee,909601,"RODRIGUEZ-PONGA GUTIERREZ-BOLIVAR, RODRIGO",Arbitro asistente,https://www.rffm.es/acta-partido/1039955,2026-08-09T16:17:56.036696+00:00
1039955,referee,4554,"GALLARDO NAVARRO, DANIEL",Arbitro asistente,https://www.rffm.es/acta-partido/1039955,2026-08-09T16:17:56.036696+00:00
1039955,field_delegate,,"ORTEGA SANCHEZ, EUGENIO",delegado_campo,https://www.rffm.es/acta-partido/1039955,2026-08-09T16:17:56.036696+00:00
1039947,referee,4334,"GARCIA COBO, ALBERTO",Arbitro principal,https://www.rffm.es/acta-partido/1039947,2026-08-09T16:17:56.124436+00:00
1039947,referee,975023,"RODRIGUEZ MORAN, IVAN",Arbitro asistente,https://www.rffm.es/acta-partido/1039947,2026-08-09T16:17:56.124436+00:00
1039947,referee,4772,"SANDU , DANIEL",Arbitro asistente,https://www.rffm.es/acta-partido/1039947,2026-08-09T16:17:56.124436+00:00
1039947,field_delegate,,"SANCHEZ GARCIA, FRANCISCO ANTONIO",delegado_campo,https://www.rffm.es/acta-partido/1039947,2026-08-09T16:17:56.124436+00:00
1039950,referee,4223,"PEREIRA ARTEAGA, MICHEL RODRIGO",Arbitro principal,https://www.rffm.es/acta-partido/1039950,2026-08-09T16:17:56.509842+00:00
1039950,referee,804593,"DE MINGO COLLADOS, VICTOR",Arbitro asistente,https://www.rffm.es/acta-partido/1039950,2026-08-09T16:17:56.509842+00:00
1039950,referee,692924,"REDONDO SANCHEZ-CAMBRONERO, DAVID",Arbitro asistente,https://www.rffm.es/acta-partido/1039950,2026-08-09T16:17:56.509842+00:00
1039950,field_delegate,,"MARTIN GALVAN, JOSE LUIS",delegado_campo,https://www.rffm.es/acta-partido/1039950,2026-08-09T16:17:56.509842+00:00
1040105,referee,2190,"PLAZA GARCIA, SAUL",Arbitro principal,https://www.rffm.es/acta-partido/1040105,2026-08-09T16:17:56.514222+00:00
1040105,referee,878187,"PALACIO RUIZ, FERNANDO",Arbitro asistente,https://www.rffm.es/acta-partido/1040105,2026-08-09T16:17:56.514222+00:00
1040105,referee,591328,"TURON CARRILLO, JUAN ANGEL",Arbitro asistente,https://www.rffm.es/acta-partido/1040105,2026-08-09T16:17:56.514222+00:00
1040105,field_delegate,,"MARTINEZ ALBA, MIGUEL ANGEL",delegado_campo,https://www.rffm.es/acta-partido/1040105,2026-08-09T16:17:56.514222+00:00
1039948,referee,797095,"ALMAZAN MARTINEZ, ANDRES",Arbitro principal,https://www.rffm.es/acta-partido/1039948,2026-08-09T16:17:56.587629+00:00
1039948,referee,785202,"PEREZ SANCHEZ, ALEJANDRO",Arbitro asistente,https://www.rffm.es/acta-partido/1039948,2026-08-09T16:17:56.587629+00:00
1039948,referee,945217,"VACAS RUEDA, MIGUEL ANGEL",Arbitro asistente,https://www.rffm.es/acta-partido/1039948,2026-08-09T16:17:56.587629+00:00
1039948,field_delegate,,"CUENCA RODRÍGUEZ, JAVIER",delegado_campo,https://www.rffm.es/acta-partido/1039948,2026-08-09T16:17:56.587629+00:00
1039961,referee,877940,"CABADO RODRIGUEZ, YAGO",Arbitro principal,https://www.rffm.es/acta-partido/1039961,2026-08-09T16:17:56.819086+00:00
1039961,referee,5169,"RAMOS FERNANDEZ, OLIVER",Arbitro asistente,https://www.rffm.es/acta-partido/1039961,2026-08-09T16:17:56.819086+00:00
1039961,referee,909050,"ASENSIO PADILLA, SERGIO",Arbitro asistente,https://www.rffm.es/acta-partido/1039961,2026-08-09T16:17:56.819086+00:00
1039961,field_delegate,,"MARTINEZ ALBA, MIGUEL ANGEL",delegado_campo,https://www.rffm.es/acta-partido/1039961,2026-08-09T16:17:56.819086+00:00
1039960,referee,909252,"GONZALEZ PELAEZ, JOSE ADRIAN",Arbitro principal,https://www.rffm.es/acta-partido/1039960,2026-08-09T16:17:57.043300+00:00
1039960,referee,804593,"DE MINGO COLLADOS, VICTOR",Arbitro asistente,https://www.rffm.es/acta-partido/1039960,2026-08-09T16:17:57.043300+00:00
1039960,referee,272,"CARPIO MARTIN, MANUEL",Arbitro asistente,https://www.rffm.es/acta-partido/1039960,2026-08-09T16:17:57.043300+00:00
1039960,field_delegate,,"CALLE GONZALEZ, JAVIER",delegado_campo,https://www.rffm.es/acta-partido/1039960,2026-08-09T16:17:57.043300+00:00
1039957,referee,539198,"MADERA HERNANDEZ, DAVID",Arbitro principal,https://www.rffm.es/acta-partido/1039957,2026-08-09T16:17:57.388603+00:00
1039957,referee,4933,"PEREZ RUIZ, ANTONIO JOSE",Arbitro asistente,https://www.rffm.es/acta-partido/1039957,2026-08-09T16:17:57.388603+00:00
1039957,referee,741863,"CRUZ GONZALEZ, ROBERTO",Arbitro asistente,https://www.rffm.es/acta-partido/1039957,2026-08-09T16:17:57.388603+00:00
1039957,field_delegate,,"ALTED MIRALLES, JOSE",delegado_campo,https://www.rffm.es/acta-partido/1039957,2026-08-09T16:17:57.388603+00:00
1039964,referee,5069,"GONZALEZ CALVO, EDUARDO",Arbitro principal,https://www.rffm.es/acta-partido/1039964,2026-08-09T16:17:57.572128+00:00
1039964,referee,963296,"FERNANDEZ GONZALEZ, ADRIAN",Arbitro asistente,https://www.rffm.es/acta-partido/1039964,2026-08-09T16:17:57.572128+00:00
1039964,referee,591194,"DEL CAMPO AMAGO, ALEJANDRO",Arbitro asistente,https://www.rffm.es/acta-partido/1039964,2026-08-09T16:17:57.572128+00:00
1039964,field_delegate,,"PALACIO DOMINGUEZ, JAVIER",delegado_campo,https://www.rffm.es/acta-partido/1039964,2026-08-09T16:17:57.572128+00:00
1039958,referee,534643,"CASTILLA APARICIO, DIEGO",Arbitro principal,https://www.rffm.es/acta-partido/1039958,2026-08-09T16:17:57.839993+00:00
1039958,referee,5076,"SANCHEZ FERNANDEZ DE AVILA, MIGUEL",Arbitro asistente,https://www.rffm.es/acta-partido/1039958,2026-08-09T16:17:57.839993+00:00
1039958,referee,912643,"ALVAREZ JIMENEZ, LUIS MANUEL",Arbitro asistente,https://www.rffm.es/acta-partido/1039958,2026-08-09T16:17:57.839993+00:00
1039958,field_delegate,,"MARTIN SALGADO, CRISTIAN",delegado_campo,https://www.rffm.es/acta-partido/1039958,2026-08-09T16:17:57.839993+00:00
1039963,referee,797585,"FRAMIÑAN GARCIA, SERGIO",Arbitro principal,https://www.rffm.es/acta-partido/1039963,2026-08-09T16:17:57.845652+00:00
1039963,referee,973981,"FALQUINA JORGE, SAMUEL",Arbitro asistente,https://www.rffm.es/acta-partido/1039963,2026-08-09T16:17:57.845652+00:00
1039963,referee,577805,"CANTERO SAHUQUILLO, CARLOS",Arbitro asistente,https://www.rffm.es/acta-partido/1039963,2026-08-09T16:17:57.845652+00:00
1039963,field_delegate,,"ESCOBAR MARTIN, IVAN",delegado_campo,https://www.rffm.es/acta-partido/1039963,2026-08-09T16:17:57.845652+00:00
1039956,referee,4452,"MOLTO MARIN, MARIO",Arbitro principal,https://www.rffm.es/acta-partido/1039956,2026-08-09T16:17:57.906009+00:00
1039956,referee,719338,"MAISINCHO OÑA, LUIS FELIPE",Arbitro asistente,https://www.rffm.es/acta-partido/1039956,2026-08-09T16:17:57.906009+00:00
1039956,referee,4573,"MORALES MARTINEZ, DANIEL",Arbitro asistente,https://www.rffm.es/acta-partido/1039956,2026-08-09T16:17:57.906009+00:00
1039956,field_delegate,,"SANCHEZ HINIESTO, SERGIO",delegado_campo,https://www.rffm.es/acta-partido/1039956,2026-08-09T16:17:57.906009+00:00
1039970,referee,5123,"MORALEDA CRISTOBAL, ANTONIO",Arbitro principal,https://www.rffm.es/acta-partido/1039970,2026-08-09T16:17:58.007293+00:00
1039970,referee,4683,"ALTED LORENZO, ALEJANDRO",Arbitro asistente,https://www.rffm.es/acta-partido/1039970,2026-08-09T16:17:58.007293+00:00
1039970,referee,797439,"ALFARO GONZALEZ, FRANCISCO ANTONIO",Arbitro asistente,https://www.rffm.es/acta-partido/1039970,2026-08-09T16:17:58.007293+00:00
1039970,field_delegate,,"POVEDA MARTIN, ÁNGEL MANUEL",delegado_campo,https://www.rffm.es/acta-partido/1039970,2026-08-09T16:17:58.007293+00:00
1039959,referee,2616,"MEDINA GARCIA, ALEJANDRO",Arbitro principal,https://www.rffm.es/acta-partido/1039959,2026-08-09T16:17:58.295851+00:00
1039959,referee,4901,"RANZ CASTAÑEDA, SAMUEL",Arbitro asistente,https://www.rffm.es/acta-partido/1039959,2026-08-09T16:17:58.295851+00:00
1039959,referee,785202,"PEREZ SANCHEZ, ALEJANDRO",Arbitro asistente,https://www.rffm.es/acta-partido/1039959,2026-08-09T16:17:58.295851+00:00
1039959,field_delegate,,"FIDALGO CARBAJO, DANIEL",delegado_campo,https://www.rffm.es/acta-partido/1039959,2026-08-09T16:17:58.295851+00:00
1039972,referee,4903,"TORRES GUMIEL, ALEJANDRO",Arbitro principal,https://www.rffm.es/acta-partido/1039972,2026-08-09T16:17:58.347556+00:00
1039972,referee,3728,"DE LA CRUZ GONZALEZ, JAIME",Arbitro asistente,https://www.rffm.es/acta-partido/1039972,2026-08-09T16:17:58.347556+00:00
1039972,referee,792154,"CALVELLO , VINCENZO",Arbitro asistente,https://www.rffm.es/acta-partido/1039972,2026-08-09T16:17:58.347556+00:00
1039971,referee,3653,"LOPEZ ORTIZ, RAFAEL",Arbitro principal,https://www.rffm.es/acta-partido/1039971,2026-08-09T16:17:58.374507+00:00
1039971,referee,4916,"DIAZ CARRASCO, CESAR",Arbitro asistente,https://www.rffm.es/acta-partido/1039971,2026-08-09T16:17:58.374507+00:00
1039971,referee,536786,"DIAZ CARRASCO, DIEGO",Arbitro asistente,https://www.rffm.es/acta-partido/1039971,2026-08-09T16:17:58.374507+00:00
1039971,field_delegate,,"DO ROSARIO DOS SANTOS, PETERSON",delegado_campo,https://www.rffm.es/acta-partido/1039971,2026-08-09T16:17:58.374507+00:00
1039962,referee,877778,"MORENO AVILES, DANIEL",Arbitro principal,https://www.rffm.es/acta-partido/1039962,2026-08-09T16:17:58.575326+00:00
1039962,referee,539126,"GIURCA, ALIN NICOLAE",Arbitro asistente,https://www.rffm.es/acta-partido/1039962,2026-08-09T16:17:58.575326+00:00
1039962,referee,5067,"DEL FRESNO MOLINA, ARNELIO",Arbitro asistente,https://www.rffm.es/acta-partido/1039962,2026-08-09T16:17:58.575326+00:00
1039962,field_delegate,,"GARCÍA ARRIAZU, ENRIQUE",delegado_campo,https://www.rffm.es/acta-partido/1039962,2026-08-09T16:17:58.575326+00:00
1039965,referee,878174,"MORENO MORALEDA, ISMAEL",Arbitro principal,https://www.rffm.es/acta-partido/1039965,2026-08-09T16:17:58.625392+00:00
1039965,referee,645794,"PADIAL TORAN, JAIME",Arbitro asistente,https://www.rffm.es/acta-partido/1039965,2026-08-09T16:17:58.625392+00:00
1039965,referee,645822,"TORRALBA RODRIGUEZ, MANUEL",Arbitro asistente,https://www.rffm.es/acta-partido/1039965,2026-08-09T16:17:58.625392+00:00
1039965,field_delegate,,"SANTOS RUBIO, FRANCISCO JAVIER",delegado_campo,https://www.rffm.es/acta-partido/1039965,2026-08-09T16:17:58.625392+00:00
1039966,referee,4862,"ARANA URRUNAGA, EDDY J.",Arbitro principal,https://www.rffm.es/acta-partido/1039966,2026-08-09T16:17:58.631469+00:00
1039966,referee,645745,"FERNANDEZ-AVILES PEDRAZA, DANIEL",Arbitro asistente,https://www.rffm.es/acta-partido/1039966,2026-08-09T16:17:58.631469+00:00
1039966,referee,745699,"LATASA AMBRONA, JORGE",Arbitro asistente,https://www.rffm.es/acta-partido/1039966,2026-08-09T16:17:58.631469+00:00
1039966,field_delegate,,"MARIN PEREZ, EDUARDO",delegado_campo,https://www.rffm.es/acta-partido/1039966,2026-08-09T16:17:58.631469+00:00
1039967,referee,645223,"SANCHEZ JIMENEZ, DAVID",Arbitro principal,https://www.rffm.es/acta-partido/1039967,2026-08-09T16:17:58.935931+00:00
1039967,referee,539126,"GIURCA, ALIN NICOLAE",Arbitro asistente,https://www.rffm.es/acta-partido/1039967,2026-08-09T16:17:58.935931+00:00
1039967,referee,5067,"DEL FRESNO MOLINA, ARNELIO",Arbitro asistente,https://www.rffm.es/acta-partido/1039967,2026-08-09T16:17:58.935931+00:00
1039967,field_delegate,,"CUENCA RODRÍGUEZ, JAVIER",delegado_campo,https://www.rffm.es/acta-partido/1039967,2026-08-09T16:17:58.935931+00:00
1039968,referee,894373,"CALVO VALENTIN, ELISABETH",Arbitro principal,https://www.rffm.es/acta-partido/1039968,2026-08-09T16:17:58.998993+00:00
1039968,referee,539246,"RODRIGUEZ RECIO, ALVARO",Arbitro asistente,https://www.rffm.es/acta-partido/1039968,2026-08-09T16:17:58.998993+00:00
1039968,referee,591008,"CHIMENO ROMERO, RAQUEL",Arbitro asistente,https://www.rffm.es/acta-partido/1039968,2026-08-09T16:17:58.998993+00:00
1039968,field_delegate,,"HERRERAS MATAS, PELAYO",delegado_campo,https://www.rffm.es/acta-partido/1039968,2026-08-09T16:17:58.998993+00:00
1039974,referee,797646,"NARANJO CAMARERO, CARLOS",Arbitro principal,https://www.rffm.es/acta-partido/1039974,2026-08-09T16:17:59.496326+00:00
1039974,referee,897719,"BORDONS ROMERO, MARIO",Arbitro asistente,https://www.rffm.es/acta-partido/1039974,2026-08-09T16:17:59.496326+00:00
1039974,referee,967714,"EL HOUTI BOUDOUMA, SOUFIAN",Arbitro asistente,https://www.rffm.es/acta-partido/1039974,2026-08-09T16:17:59.496326+00:00
1039974,field_delegate,,"ALTED MIRALLES, JOSE",delegado_campo,https://www.rffm.es/acta-partido/1039974,2026-08-09T16:17:59.496326+00:00
1039973,referee,3919,"LOPEZ DEL PRECINTO, DAVID",Arbitro principal,https://www.rffm.es/acta-partido/1039973,2026-08-09T16:17:59.527259+00:00
1039973,referee,717698,"CABRERO ARROYO, PEDRO",Arbitro asistente,https://www.rffm.es/acta-partido/1039973,2026-08-09T16:17:59.527259+00:00
1039973,referee,964660,"ESPINOSA RIOS, ALICIA",Arbitro asistente,https://www.rffm.es/acta-partido/1039973,2026-08-09T16:17:59.527259+00:00
1039973,field_delegate,,"ORTEGA SANCHEZ, EUGENIO",delegado_campo,https://www.rffm.es/acta-partido/1039973,2026-08-09T16:17:59.527259+00:00
1039981,referee,536790,"ESPINOSA ARANDA, DANIEL",Arbitro principal,https://www.rffm.es/acta-partido/1039981,2026-08-09T16:17:59.660853+00:00
1039981,referee,909064,"BARRIOS VAZQUEZ, CRISTIAN",Arbitro asistente,https://www.rffm.es/acta-partido/1039981,2026-08-09T16:17:59.660853+00:00
1039981,referee,742503,"GARCIA TORO, JORGE",Arbitro asistente,https://www.rffm.es/acta-partido/1039981,2026-08-09T16:17:59.660853+00:00
1039981,field_delegate,,"PALACIO DOMINGUEZ, JAVIER",delegado_campo,https://www.rffm.es/acta-partido/1039981,2026-08-09T16:17:59.660853+00:00
1039978,referee,3559,"MORAGA VIDAL, ALBERTO",Arbitro principal,https://www.rffm.es/acta-partido/1039978,2026-08-09T16:17:59.845764+00:00
1039978,referee,963559,"ALVAREZ OLMOS, SANTIAGO MELCHOR",Arbitro asistente,https://www.rffm.es/acta-partido/1039978,2026-08-09T16:17:59.845764+00:00
1039978,referee,591194,"DEL CAMPO AMAGO, ALEJANDRO",Arbitro asistente,https://www.rffm.es/acta-partido/1039978,2026-08-09T16:17:59.845764+00:00
1039978,field_delegate,,"MARTINEZ ALBA, MIGUEL ANGEL",delegado_campo,https://www.rffm.es/acta-partido/1039978,2026-08-09T16:17:59.845764+00:00
1039969,referee,797095,"ALMAZAN MARTINEZ, ANDRES",Arbitro principal,https://www.rffm.es/acta-partido/1039969,2026-08-09T16:18:00.306718+00:00
1039969,referee,877756,"COMENDADOR NIETO, JORGE",Arbitro asistente,https://www.rffm.es/acta-partido/1039969,2026-08-09T16:18:00.306718+00:00
1039969,referee,644573,"DIAZ-CANO LLANOS, JORGE",Arbitro asistente,https://www.rffm.es/acta-partido/1039969,2026-08-09T16:18:00.306718+00:00
1039969,field_delegate,,"MARTIN GALVAN, JOSE LUIS",delegado_campo,https://www.rffm.es/acta-partido/1039969,2026-08-09T16:18:00.306718+00:00
1039977,referee,641667,"GARCIA RACIONERO, JORGE",Arbitro principal,https://www.rffm.es/acta-partido/1039977,2026-08-09T16:18:00.382376+00:00
1039977,referee,877752,"CHARRO RAMIREZ, DANIEL",Arbitro asistente,https://www.rffm.es/acta-partido/1039977,2026-08-09T16:18:00.382376+00:00
1039977,referee,5067,"DEL FRESNO MOLINA, ARNELIO",Arbitro asistente,https://www.rffm.es/acta-partido/1039977,2026-08-09T16:18:00.382376+00:00
1039977,field_delegate,,"CALLE GONZALEZ, JAVIER",delegado_campo,https://www.rffm.es/acta-partido/1039977,2026-08-09T16:18:00.382376+00:00
1039980,referee,591070,"OLIVA RAMOS, ALVARO",Arbitro principal,https://www.rffm.es/acta-partido/1039980,2026-08-09T16:18:00.452059+00:00
1039980,referee,1135,"TABORCIA MARTINEZ, RAUL",Arbitro asistente,https://www.rffm.es/acta-partido/1039980,2026-08-09T16:18:00.452059+00:00
1039980,referee,5080,"BOBEANU, PETRISOR",Arbitro asistente,https://www.rffm.es/acta-partido/1039980,2026-08-09T16:18:00.452059+00:00
1039980,field_delegate,,"ESCOBAR MARTIN, IVAN",delegado_campo,https://www.rffm.es/acta-partido/1039980,2026-08-09T16:18:00.452059+00:00
1039982,referee,878174,"MORENO MORALEDA, ISMAEL",Arbitro principal,https://www.rffm.es/acta-partido/1039982,2026-08-09T16:18:00.746080+00:00
1039982,referee,732700,"SEBASTIAN NAVARRO, IGNACIO",Arbitro asistente,https://www.rffm.es/acta-partido/1039982,2026-08-09T16:18:00.746080+00:00
1039982,referee,4901,"RANZ CASTAÑEDA, SAMUEL",Arbitro asistente,https://www.rffm.es/acta-partido/1039982,2026-08-09T16:18:00.746080+00:00
1039982,field_delegate,,"GIL ALVAREZ, OSCAR",delegado_campo,https://www.rffm.es/acta-partido/1039982,2026-08-09T16:18:00.746080+00:00
1039975,referee,665514,"FERNANDEZ DOMINGUEZ, MARCOS",Arbitro principal,https://www.rffm.es/acta-partido/1039975,2026-08-09T16:18:00.897005+00:00
1039975,referee,539002,"FERNANDEZ ALONSO, ALBERTO",Arbitro asistente,https://www.rffm.es/acta-partido/1039975,2026-08-09T16:18:00.897005+00:00
1039975,referee,877795,"FARELO MONCAYO, ALVARO",Arbitro asistente,https://www.rffm.es/acta-partido/1039975,2026-08-09T16:18:00.897005+00:00
1039975,field_delegate,,"MARTIN SALGADO, CRISTIAN",delegado_campo,https://www.rffm.es/acta-partido/1039975,2026-08-09T16:18:00.897005+00:00
1039976,referee,3895,"BOR, TAMAS",Arbitro principal,https://www.rffm.es/acta-partido/1039976,2026-08-09T16:18:00.929727+00:00
1039976,referee,1169857,"MURCIEGO CABEZAS, MIGUEL",Arbitro asistente,https://www.rffm.es/acta-partido/1039976,2026-08-09T16:18:00.929727+00:00
1039976,referee,732653,"LOZANO SAIZ, JORGE",Arbitro asistente,https://www.rffm.es/acta-partido/1039976,2026-08-09T16:18:00.929727+00:00
1039976,field_delegate,,"FIDALGO CARBAJO, DANIEL",delegado_campo,https://www.rffm.es/acta-partido/1039976,2026-08-09T16:18:00.929727+00:00
1039979,referee,1027683,"CACHO BENITEZ, BRIAN",Arbitro principal,https://www.rffm.es/acta-partido/1039979,2026-08-09T16:18:01.052794+00:00
1039979,referee,539246,"RODRIGUEZ RECIO, ALVARO",Arbitro asistente,https://www.rffm.es/acta-partido/1039979,2026-08-09T16:18:01.052794+00:00
1039979,referee,877756,"COMENDADOR NIETO, JORGE",Arbitro asistente,https://www.rffm.es/acta-partido/1039979,2026-08-09T16:18:01.052794+00:00
1039979,field_delegate,,"GARCIA ARRIAZO, ENRIQUE",delegado_campo,https://www.rffm.es/acta-partido/1039979,2026-08-09T16:18:01.052794+00:00
1039983,referee,897711,"ALMODOVAR PEREZ, ALEJANDRO DOMINGO",Arbitro principal,https://www.rffm.es/acta-partido/1039983,2026-08-09T16:18:01.267096+00:00
1039983,referee,645718,"DELGADO MARISCAL, MARIO",Arbitro asistente,https://www.rffm.es/acta-partido/1039983,2026-08-09T16:18:01.267096+00:00
1039983,referee,537027,"VICENTE GUERREIRO, SERGIO",Arbitro asistente,https://www.rffm.es/acta-partido/1039983,2026-08-09T16:18:01.267096+00:00
1039983,field_delegate,,"ALTED MIRALLES, JOSE",delegado_campo,https://www.rffm.es/acta-partido/1039983,2026-08-09T16:18:01.267096+00:00
1039990,referee,536396,"GOMEZ GONZALEZ, AMANDO",Arbitro principal,https://www.rffm.es/acta-partido/1039990,2026-08-09T16:18:01.573832+00:00
1039990,referee,878280,"RUBIO CHAMORRO, MARIO",Arbitro asistente,https://www.rffm.es/acta-partido/1039990,2026-08-09T16:18:01.573832+00:00
1039990,referee,3588,"ACEDO ZAYAS, JOSU",Arbitro asistente,https://www.rffm.es/acta-partido/1039990,2026-08-09T16:18:01.573832+00:00
1039990,field_delegate,,"MARTINEZ BELTRAN, JOSE ENRIQUE",delegado_campo,https://www.rffm.es/acta-partido/1039990,2026-08-09T16:18:01.573832+00:00
1039985,referee,973968,"ESPINOSA SEDANO, JORGE",Arbitro principal,https://www.rffm.es/acta-partido/1039985,2026-08-09T16:18:01.752021+00:00
1039985,referee,4085,"HERNANDEZ ASTUDILLO, JAVIER",Arbitro asistente,https://www.rffm.es/acta-partido/1039985,2026-08-09T16:18:01.752021+00:00
1039985,referee,823167,"BARRERA HERRERA, CESAR MIRSHA",Arbitro asistente,https://www.rffm.es/acta-partido/1039985,2026-08-09T16:18:01.752021+00:00
1039985,field_delegate,,"SANCHEZ GARCIA, FRANCISCO ANTONIO",delegado_campo,https://www.rffm.es/acta-partido/1039985,2026-08-09T16:18:01.752021+00:00
1039989,referee,5119,"LOPEZ CUEVAS, AGUSTIN",Arbitro principal,https://www.rffm.es/acta-partido/1039989,2026-08-09T16:18:01.839985+00:00
1039989,referee,948376,"STEFANOVICI , DENIS-NICOLAE",Arbitro asistente,https://www.rffm.es/acta-partido/1039989,2026-08-09T16:18:01.839985+00:00
1039989,referee,742344,"FERRERO LOZANO, SERGIO",Arbitro asistente,https://www.rffm.es/acta-partido/1039989,2026-08-09T16:18:01.839985+00:00
1039989,field_delegate,,"POVEDA MARTIN, ÁNGEL MANUEL",delegado_campo,https://www.rffm.es/acta-partido/1039989,2026-08-09T16:18:01.839985+00:00
1039984,referee,721280,"VIALCHO MIRANDA, MIGUEL ANGEL",Arbitro principal,https://www.rffm.es/acta-partido/1039984,2026-08-09T16:18:01.947099+00:00
1039984,referee,953979,"BOUHAJA GOMEZ, ZACARIAS",Arbitro asistente,https://www.rffm.es/acta-partido/1039984,2026-08-09T16:18:01.947099+00:00
1039984,referee,645396,"PACHECO GARCIA UCEDA, CARMELO",Arbitro asistente,https://www.rffm.es/acta-partido/1039984,2026-08-09T16:18:01.947099+00:00
1039984,field_delegate,,"SANTOS RUBIO, FRANCISCO JAVIER",delegado_campo,https://www.rffm.es/acta-partido/1039984,2026-08-09T16:18:01.947099+00:00
1039986,referee,877778,"MORENO AVILES, DANIEL",Arbitro principal,https://www.rffm.es/acta-partido/1039986,2026-08-09T16:18:02.130409+00:00
1039986,referee,912643,"ALVAREZ JIMENEZ, LUIS MANUEL",Arbitro asistente,https://www.rffm.es/acta-partido/1039986,2026-08-09T16:18:02.130409+00:00
1039986,referee,272,"CARPIO MARTIN, MANUEL",Arbitro asistente,https://www.rffm.es/acta-partido/1039986,2026-08-09T16:18:02.130409+00:00
1039986,field_delegate,,"CUENCA RODRÍGUEZ, JAVIER",delegado_campo,https://www.rffm.es/acta-partido/1039986,2026-08-09T16:18:02.130409+00:00
1039991,referee,2616,"MEDINA GARCIA, ALEJANDRO",Arbitro principal,https://www.rffm.es/acta-partido/1039991,2026-08-09T16:18:02.393033+00:00
1039991,referee,909028,"ALDA CHECA, IGNACIO",Arbitro asistente,https://www.rffm.es/acta-partido/1039991,2026-08-09T16:18:02.393033+00:00
1039991,referee,4085,"HERNANDEZ ASTUDILLO, JAVIER",Arbitro asistente,https://www.rffm.es/acta-partido/1039991,2026-08-09T16:18:02.393033+00:00
1039991,field_delegate,,"ORTEGA SANCHEZ, EUGENIO",delegado_campo,https://www.rffm.es/acta-partido/1039991,2026-08-09T16:18:02.393033+00:00
1039988,referee,4267,"ZUJAR MARTINEZ, PEDRO DAVID",Arbitro principal,https://www.rffm.es/acta-partido/1039988,2026-08-09T16:18:02.523026+00:00
1039988,referee,732700,"SEBASTIAN NAVARRO, IGNACIO",Arbitro asistente,https://www.rffm.es/acta-partido/1039988,2026-08-09T16:18:02.523026+00:00
1039988,referee,877752,"CHARRO RAMIREZ, DANIEL",Arbitro asistente,https://www.rffm.es/acta-partido/1039988,2026-08-09T16:18:02.523026+00:00
1039988,field_delegate,,"MARTIN GALVAN, JOSE LUIS",delegado_campo,https://www.rffm.es/acta-partido/1039988,2026-08-09T16:18:02.523026+00:00
1039987,referee,1169363,"SAYAR CELESTINO, JESUS MIGUEL",Arbitro principal,https://www.rffm.es/acta-partido/1039987,2026-08-09T16:18:03.207806+00:00
1039987,referee,645236,"SANCHEZ LAZARO, DANIEL",Arbitro asistente,https://www.rffm.es/acta-partido/1039987,2026-08-09T16:18:03.207806+00:00
1039987,referee,4906,"GARCIA LOPEZ, JESUS",Arbitro asistente,https://www.rffm.es/acta-partido/1039987,2026-08-09T16:18:03.207806+00:00
1039987,field_delegate,,"ATIENZA LARENA, PABLO",delegado_campo,https://www.rffm.es/acta-partido/1039987,2026-08-09T16:18:03.207806+00:00
1040000,referee,5162,"LOPEZ SORIA, JAVIER NICOLAS",Arbitro principal,https://www.rffm.es/acta-partido/1040000,2026-08-09T16:18:03.220652+00:00
1040000,referee,699723,"BLAZQUEZ SANCHEZ, RODRIGO",Arbitro asistente,https://www.rffm.es/acta-partido/1040000,2026-08-09T16:18:03.220652+00:00
1040000,referee,909050,"ASENSIO PADILLA, SERGIO",Arbitro asistente,https://www.rffm.es/acta-partido/1040000,2026-08-09T16:18:03.220652+00:00
1040000,field_delegate,,"PISIANI SEOANE, FELIPE AGUSTIN",delegado_campo,https://www.rffm.es/acta-partido/1040000,2026-08-09T16:18:03.220652+00:00
1039998,referee,797539,"CAÑAS DURAN, JOSE FRANCISCO",Arbitro principal,https://www.rffm.es/acta-partido/1039998,2026-08-09T16:18:03.224918+00:00
1039998,referee,920862,"VICENTE RUBIO, ANDRES",Arbitro asistente,https://www.rffm.es/acta-partido/1039998,2026-08-09T16:18:03.224918+00:00
1039998,referee,877665,"ONRUBIA RAMOS, RODRIGO",Arbitro asistente,https://www.rffm.es/acta-partido/1039998,2026-08-09T16:18:03.224918+00:00
1039998,field_delegate,,"PALACIO DOMINGUEZ, JAVIER",delegado_campo,https://www.rffm.es/acta-partido/1039998,2026-08-09T16:18:03.224918+00:00
1039997,referee,782848,"ALBILLOS IBAÑEZ, JOSE MARIA",Arbitro principal,https://www.rffm.es/acta-partido/1039997,2026-08-09T16:18:03.899899+00:00
1039997,referee,4916,"DIAZ CARRASCO, CESAR",Arbitro asistente,https://www.rffm.es/acta-partido/1039997,2026-08-09T16:18:03.899899+00:00
1039997,referee,645698,"APARICIO GARCIA, ANDRES",Arbitro asistente,https://www.rffm.es/acta-partido/1039997,2026-08-09T16:18:03.899899+00:00
1039997,field_delegate,,"ESCOBAR MARTIN, IVAN",delegado_campo,https://www.rffm.es/acta-partido/1039997,2026-08-09T16:18:03.899899+00:00
1039992,referee,854194,"KINGA-HAJNALKA, LOBENSCHUS",Arbitro principal,https://www.rffm.es/acta-partido/1039992,2026-08-09T16:18:03.930491+00:00
1039992,referee,4813,"GARCIA MARTINEZ, JORGE",Arbitro asistente,https://www.rffm.es/acta-partido/1039992,2026-08-09T16:18:03.930491+00:00
1039992,referee,4673,"BROTONS ROMERO DE AVILA, JORGE",Arbitro asistente,https://www.rffm.es/acta-partido/1039992,2026-08-09T16:18:03.930491+00:00
1039992,field_delegate,,"MARTIN SALGADO, CRISTIAN",delegado_campo,https://www.rffm.es/acta-partido/1039992,2026-08-09T16:18:03.930491+00:00
1039994,referee,822935,"LOPEZ PIÑA, GONZALO",Arbitro principal,https://www.rffm.es/acta-partido/1039994,2026-08-09T16:18:03.933608+00:00
1039994,referee,4679,"RODRIGO AGUADO, DANIEL",Arbitro asistente,https://www.rffm.es/acta-partido/1039994,2026-08-09T16:18:03.933608+00:00
1039994,referee,804535,"ALBO CRESPO, VICTOR",Arbitro asistente,https://www.rffm.es/acta-partido/1039994,2026-08-09T16:18:03.933608+00:00
1039994,field_delegate,,"CALLE GONZALEZ, JAVIER",delegado_campo,https://www.rffm.es/acta-partido/1039994,2026-08-09T16:18:03.933608+00:00
1039996,referee,909252,"GONZALEZ PELAEZ, JOSE ADRIAN",Arbitro principal,https://www.rffm.es/acta-partido/1039996,2026-08-09T16:18:04.006930+00:00
1039996,referee,877795,"FARELO MONCAYO, ALVARO",Arbitro asistente,https://www.rffm.es/acta-partido/1039996,2026-08-09T16:18:04.006930+00:00
1039996,referee,539002,"FERNANDEZ ALONSO, ALBERTO",Arbitro asistente,https://www.rffm.es/acta-partido/1039996,2026-08-09T16:18:04.006930+00:00
1039996,field_delegate,,"GARCÍA ARRIAZU, ENRIQUE",delegado_campo,https://www.rffm.es/acta-partido/1039996,2026-08-09T16:18:04.006930+00:00
1040008,referee,1185339,"ALONSO PAREDES, MANUEL ALEJANDRO",Arbitro principal,https://www.rffm.es/acta-partido/1040008,2026-08-09T16:18:04.015838+00:00
1040008,referee,897798,"LUQUE MARTIN, MARCOS",Arbitro asistente,https://www.rffm.es/acta-partido/1040008,2026-08-09T16:18:04.015838+00:00
1040008,referee,4427,"ANTE TOAPANTA, NESTOR DANIEL",Arbitro asistente,https://www.rffm.es/acta-partido/1040008,2026-08-09T16:18:04.015838+00:00
1040008,field_delegate,,"POVEDA MARTIN, ÁNGEL MANUEL",delegado_campo,https://www.rffm.es/acta-partido/1040008,2026-08-09T16:18:04.015838+00:00
1039999,referee,645223,"SANCHEZ JIMENEZ, DAVID",Arbitro principal,https://www.rffm.es/acta-partido/1039999,2026-08-09T16:18:04.126879+00:00
1039999,referee,3824,"PUENTE BONILLA, PABLO",Arbitro asistente,https://www.rffm.es/acta-partido/1039999,2026-08-09T16:18:04.126879+00:00
1039999,referee,4521,"SANTO TOMAS RODRIGUEZ, ALEJANDRO",Arbitro asistente,https://www.rffm.es/acta-partido/1039999,2026-08-09T16:18:04.126879+00:00
1039999,field_delegate,,"GIL ALVAREZ, OSCAR",delegado_campo,https://www.rffm.es/acta-partido/1039999,2026-08-09T16:18:04.126879+00:00
1039993,referee,645351,"MADALOSSO , RICCARDO",Arbitro principal,https://www.rffm.es/acta-partido/1039993,2026-08-09T16:18:04.151024+00:00
1039993,referee,804593,"DE MINGO COLLADOS, VICTOR",Arbitro asistente,https://www.rffm.es/acta-partido/1039993,2026-08-09T16:18:04.151024+00:00
1039993,referee,644808,"BAYOUD, ABDELAZIZ",Arbitro asistente,https://www.rffm.es/acta-partido/1039993,2026-08-09T16:18:04.151024+00:00
1039993,field_delegate,,"QUIÑONES LOPEZ, FRANCISCO JAVIER",delegado_campo,https://www.rffm.es/acta-partido/1039993,2026-08-09T16:18:04.151024+00:00
1039995,referee,536790,"ESPINOSA ARANDA, DANIEL",Arbitro principal,https://www.rffm.es/acta-partido/1039995,2026-08-09T16:18:04.156910+00:00
1039995,referee,909064,"BARRIOS VAZQUEZ, CRISTIAN",Arbitro asistente,https://www.rffm.es/acta-partido/1039995,2026-08-09T16:18:04.156910+00:00
1039995,referee,569861,"DONATO MORALES, ALEJANDRO",Arbitro asistente,https://www.rffm.es/acta-partido/1039995,2026-08-09T16:18:04.156910+00:00
1039995,field_delegate,,"MARTINEZ ALBA, MIGUEL ANGEL",delegado_campo,https://www.rffm.es/acta-partido/1039995,2026-08-09T16:18:04.156910+00:00
1040003,referee,5127,"MUÑOZ SANCHEZ, JUAN",Arbitro principal,https://www.rffm.es/acta-partido/1040003,2026-08-09T16:18:04.511626+00:00
1040003,referee,964634,"MAÑANES DIAZ, OSCAR",Arbitro asistente,https://www.rffm.es/acta-partido/1040003,2026-08-09T16:18:04.511626+00:00
1040003,referee,797656,"PEDRAZA ZORRERO, ADRIAN",Arbitro asistente,https://www.rffm.es/acta-partido/1040003,2026-08-09T16:18:04.511626+00:00
1040003,field_delegate,,"SANTOS RUBIO, FRANCISCO JAVIER",delegado_campo,https://www.rffm.es/acta-partido/1040003,2026-08-09T16:18:04.511626+00:00
1040007,referee,877545,"ILLANA GAGO, GONZALO",Arbitro principal,https://www.rffm.es/acta-partido/1040007,2026-08-09T16:18:04.872989+00:00
1040007,referee,539126,"GIURCA, ALIN NICOLAE",Arbitro asistente,https://www.rffm.es/acta-partido/1040007,2026-08-09T16:18:04.872989+00:00
1040007,referee,415,"RANZ ABAD, JOSE MANUEL",Arbitro asistente,https://www.rffm.es/acta-partido/1040007,2026-08-09T16:18:04.872989+00:00
1040007,field_delegate,,"MARTIN GALVAN, JOSE LUIS",delegado_campo,https://www.rffm.es/acta-partido/1040007,2026-08-09T16:18:04.872989+00:00
1040009,referee,3912,"HIDALGO GACIMARTIN, BORJA",Arbitro principal,https://www.rffm.es/acta-partido/1040009,2026-08-09T16:18:04.884181+00:00
1040009,referee,963366,"GARCIA GONZALEZ, IVAN",Arbitro asistente,https://www.rffm.es/acta-partido/1040009,2026-08-09T16:18:04.884181+00:00
1040009,referee,5144,"BARROSO BARROSO, GUILLERMO",Arbitro asistente,https://www.rffm.es/acta-partido/1040009,2026-08-09T16:18:04.884181+00:00
1040009,field_delegate,,"ORTEGA SANCHEZ, EUGENIO",delegado_campo,https://www.rffm.es/acta-partido/1040009,2026-08-09T16:18:04.884181+00:00
1040006,referee,3895,"BOR, TAMAS",Arbitro principal,https://www.rffm.es/acta-partido/1040006,2026-08-09T16:18:04.903237+00:00
1040006,referee,732700,"SEBASTIAN NAVARRO, IGNACIO",Arbitro asistente,https://www.rffm.es/acta-partido/1040006,2026-08-09T16:18:04.903237+00:00
1040006,referee,732653,"LOZANO SAIZ, JORGE",Arbitro asistente,https://www.rffm.es/acta-partido/1040006,2026-08-09T16:18:04.903237+00:00
1040006,field_delegate,,"ATIENZA LARENA, PABLO",delegado_campo,https://www.rffm.es/acta-partido/1040006,2026-08-09T16:18:04.903237+00:00
1040001,referee,878174,"MORENO MORALEDA, ISMAEL",Arbitro principal,https://www.rffm.es/acta-partido/1040001,2026-08-09T16:18:04.926920+00:00
1040001,referee,2992,"BUENO PRIETO, FERNANDO",Arbitro asistente,https://www.rffm.es/acta-partido/1040001,2026-08-09T16:18:04.926920+00:00
1040001,referee,804554,"BLANCO GOMEZ, JORGE",Arbitro asistente,https://www.rffm.es/acta-partido/1040001,2026-08-09T16:18:04.926920+00:00
1040001,field_delegate,,"MARTIN SALGADO, CRISTIAN",delegado_campo,https://www.rffm.es/acta-partido/1040001,2026-08-09T16:18:04.926920+00:00
1040004,referee,591070,"OLIVA RAMOS, ALVARO",Arbitro principal,https://www.rffm.es/acta-partido/1040004,2026-08-09T16:18:05.199137+00:00
1040004,referee,3822,"NSOGO MONVURU, JUAN OBIANG",Arbitro asistente,https://www.rffm.es/acta-partido/1040004,2026-08-09T16:18:05.199137+00:00
1040004,referee,967720,"EL KALLATI, ABDENAIM",Arbitro asistente,https://www.rffm.es/acta-partido/1040004,2026-08-09T16:18:05.199137+00:00
1040004,field_delegate,,"SANCHEZ GARCIA, FRANCISCO ANTONIO",delegado_campo,https://www.rffm.es/acta-partido/1040004,2026-08-09T16:18:05.199137+00:00
1040002,referee,5162,"LOPEZ SORIA, JAVIER NICOLAS",Arbitro principal,https://www.rffm.es/acta-partido/1040002,2026-08-09T16:18:05.240174+00:00
1040002,referee,883150,"PASCUAL MARTIN, JUAN PEDRO",Arbitro asistente,https://www.rffm.es/acta-partido/1040002,2026-08-09T16:18:05.240174+00:00
1040002,referee,822721,"BUMBA, MICHAEL BAGISHA",Arbitro asistente,https://www.rffm.es/acta-partido/1040002,2026-08-09T16:18:05.240174+00:00
1040002,field_delegate,,"ALTED MIRALLES, JOSE",delegado_campo,https://www.rffm.es/acta-partido/1040002,2026-08-09T16:18:05.240174+00:00
1040005,referee,964694,"FERNANDEZ BAERT, JAIME",Arbitro principal,https://www.rffm.es/acta-partido/1040005,2026-08-09T16:18:05.599504+00:00
1040005,referee,645236,"SANCHEZ LAZARO, DANIEL",Arbitro asistente,https://www.rffm.es/acta-partido/1040005,2026-08-09T16:18:05.599504+00:00
1040005,referee,628160,"EL IDRISSI, BILAL",Arbitro asistente,https://www.rffm.es/acta-partido/1040005,2026-08-09T16:18:05.599504+00:00
1040005,field_delegate,,"MUÑOZ ROMUALDO, MIGUEL",delegado_campo,https://www.rffm.es/acta-partido/1040005,2026-08-09T16:18:05.599504+00:00
1040011,referee,3454,"ARANZANA CARPINTERO, RICARDO",Arbitro principal,https://www.rffm.es/acta-partido/1040011,2026-08-09T16:18:05.882704+00:00
1040011,referee,539214,"NEMES, GEORGE CRISTIAN",Arbitro asistente,https://www.rffm.es/acta-partido/1040011,2026-08-09T16:18:05.882704+00:00
1040011,referee,877756,"COMENDADOR NIETO, JORGE",Arbitro asistente,https://www.rffm.es/acta-partido/1040011,2026-08-09T16:18:05.882704+00:00
1040011,field_delegate,,"CALLE GONZALEZ, JAVIER",delegado_campo,https://www.rffm.es/acta-partido/1040011,2026-08-09T16:18:05.882704+00:00
1040016,referee,877940,"CABADO RODRIGUEZ, YAGO",Arbitro principal,https://www.rffm.es/acta-partido/1040016,2026-08-09T16:18:06.020843+00:00
1040016,referee,645067,"MUÑOZ MORENO, JAIME",Arbitro asistente,https://www.rffm.es/acta-partido/1040016,2026-08-09T16:18:06.020843+00:00
1040016,referee,272,"CARPIO MARTIN, MANUEL",Arbitro asistente,https://www.rffm.es/acta-partido/1040016,2026-08-09T16:18:06.020843+00:00
1040016,field_delegate,,"ORTIZ PINTOS, JOSÉ LUIS",delegado_campo,https://www.rffm.es/acta-partido/1040016,2026-08-09T16:18:06.020843+00:00
1040012,referee,718727,"IZQUIERDO CANTERO, ALEJANDRO",Arbitro principal,https://www.rffm.es/acta-partido/1040012,2026-08-09T16:18:06.036373+00:00
1040012,referee,4766,"ROBLEDO CORDERO, ROBERTO",Arbitro asistente,https://www.rffm.es/acta-partido/1040012,2026-08-09T16:18:06.036373+00:00
1040012,referee,630761,"SANCHEZ SANCHEZ, DAVID",Arbitro asistente,https://www.rffm.es/acta-partido/1040012,2026-08-09T16:18:06.036373+00:00
1040012,field_delegate,,"MARTINEZ ALBA, MIGUEL ANGEL",delegado_campo,https://www.rffm.es/acta-partido/1040012,2026-08-09T16:18:06.036373+00:00
1040018,referee,712593,"NAVAS FERNANDEZ, JOSE MANUEL",Arbitro principal,https://www.rffm.es/acta-partido/1040018,2026-08-09T16:18:06.058912+00:00
1040018,referee,878073,"GARCIA PEREZ, ADRIAN",Arbitro asistente,https://www.rffm.es/acta-partido/1040018,2026-08-09T16:18:06.058912+00:00
1040018,referee,3728,"DE LA CRUZ GONZALEZ, JAIME",Arbitro asistente,https://www.rffm.es/acta-partido/1040018,2026-08-09T16:18:06.058912+00:00
1040018,field_delegate,,"MARTINEZ BELTRAN, JOSE ENRIQUE",delegado_campo,https://www.rffm.es/acta-partido/1040018,2026-08-09T16:18:06.058912+00:00
1040017,referee,1169363,"SAYAR CELESTINO, JESUS MIGUEL",Arbitro principal,https://www.rffm.es/acta-partido/1040017,2026-08-09T16:18:06.097873+00:00
1040017,referee,909608,"RUBIO MORILLO-VELARDE, DAVID",Arbitro asistente,https://www.rffm.es/acta-partido/1040017,2026-08-09T16:18:06.097873+00:00
1040017,referee,823109,"VAZQUEZ DE LA ROSA, IGNACIO",Arbitro asistente,https://www.rffm.es/acta-partido/1040017,2026-08-09T16:18:06.097873+00:00
1040017,field_delegate,,"PISIANI SEOANE, FELIPE AGUSTIN",delegado_campo,https://www.rffm.es/acta-partido/1040017,2026-08-09T16:18:06.097873+00:00
1040010,referee,536748,"ZAMBRANO CASAS, ALVARO",Arbitro principal,https://www.rffm.es/acta-partido/1040010,2026-08-09T16:18:06.422684+00:00
1040010,referee,2146,"ALONSO CAMPOS, LUIS",Arbitro asistente,https://www.rffm.es/acta-partido/1040010,2026-08-09T16:18:06.422684+00:00
1040010,referee,877752,"CHARRO RAMIREZ, DANIEL",Arbitro asistente,https://www.rffm.es/acta-partido/1040010,2026-08-09T16:18:06.422684+00:00
1040010,field_delegate,,"QUIÑONES LOPEZ, FRANCISCO JAVIER",delegado_campo,https://www.rffm.es/acta-partido/1040010,2026-08-09T16:18:06.422684+00:00
1040014,referee,4903,"TORRES GUMIEL, ALEJANDRO",Arbitro principal,https://www.rffm.es/acta-partido/1040014,2026-08-09T16:18:06.501178+00:00
1040014,referee,742525,"GOMEZ GALLARDO, ADRIAN",Arbitro asistente,https://www.rffm.es/acta-partido/1040014,2026-08-09T16:18:06.501178+00:00
1040014,referee,645822,"TORRALBA RODRIGUEZ, MANUEL",Arbitro asistente,https://www.rffm.es/acta-partido/1040014,2026-08-09T16:18:06.501178+00:00
1040014,field_delegate,,"ESCOBAR MARTIN, IVAN",delegado_campo,https://www.rffm.es/acta-partido/1040014,2026-08-09T16:18:06.501178+00:00
1040013,referee,5119,"LOPEZ CUEVAS, AGUSTIN",Arbitro principal,https://www.rffm.es/acta-partido/1040013,2026-08-09T16:18:06.515116+00:00
1040013,referee,719740,"MORONA DEL CAMPO, LUIS ENRIQUE",Arbitro asistente,https://www.rffm.es/acta-partido/1040013,2026-08-09T16:18:06.515116+00:00
1040013,referee,692924,"REDONDO SANCHEZ-CAMBRONERO, DAVID",Arbitro asistente,https://www.rffm.es/acta-partido/1040013,2026-08-09T16:18:06.515116+00:00
1040013,field_delegate,,"GARCÍA ARRIAZU, ENRIQUE",delegado_campo,https://www.rffm.es/acta-partido/1040013,2026-08-09T16:18:06.515116+00:00
1040023,referee,3912,"HIDALGO GACIMARTIN, BORJA",Arbitro principal,https://www.rffm.es/acta-partido/1040023,2026-08-09T16:18:07.094251+00:00
1040023,referee,909064,"BARRIOS VAZQUEZ, CRISTIAN",Arbitro asistente,https://www.rffm.es/acta-partido/1040023,2026-08-09T16:18:07.094251+00:00
1040023,referee,5169,"RAMOS FERNANDEZ, OLIVER",Arbitro asistente,https://www.rffm.es/acta-partido/1040023,2026-08-09T16:18:07.094251+00:00
1040023,field_delegate,,"SANCHEZ GARCIA, FRANCISCO ANTONIO",delegado_campo,https://www.rffm.es/acta-partido/1040023,2026-08-09T16:18:07.094251+00:00
1040015,referee,4223,"PEREIRA ARTEAGA, MICHEL RODRIGO",Arbitro principal,https://www.rffm.es/acta-partido/1040015,2026-08-09T16:18:07.297493+00:00
1040015,referee,986956,"VENTURA VERDERICO, FERNANDO LUCIANO",Arbitro asistente,https://www.rffm.es/acta-partido/1040015,2026-08-09T16:18:07.297493+00:00
1040015,referee,590958,"ACAL LAZARO, DAVID",Arbitro asistente,https://www.rffm.es/acta-partido/1040015,2026-08-09T16:18:07.297493+00:00
1040015,field_delegate,,"PALACIO DOMINGUEZ, JAVIER",delegado_campo,https://www.rffm.es/acta-partido/1040015,2026-08-09T16:18:07.297493+00:00
1040021,referee,3892,"HERNANDEZ ACERA, RICARDO",Arbitro principal,https://www.rffm.es/acta-partido/1040021,2026-08-09T16:18:07.337257+00:00
1040021,referee,645742,"MIMOUN EL ACHIR, WALID",Arbitro asistente,https://www.rffm.es/acta-partido/1040021,2026-08-09T16:18:07.337257+00:00
1040021,referee,909050,"ASENSIO PADILLA, SERGIO",Arbitro asistente,https://www.rffm.es/acta-partido/1040021,2026-08-09T16:18:07.337257+00:00
1040021,field_delegate,,"ALTED MIRALLES, JOSE",delegado_campo,https://www.rffm.es/acta-partido/1040021,2026-08-09T16:18:07.337257+00:00
1040024,referee,4267,"ZUJAR MARTINEZ, PEDRO DAVID",Arbitro principal,https://www.rffm.es/acta-partido/1040024,2026-08-09T16:18:07.393089+00:00
1040024,referee,2992,"BUENO PRIETO, FERNANDO",Arbitro asistente,https://www.rffm.es/acta-partido/1040024,2026-08-09T16:18:07.393089+00:00
1040024,referee,272,"CARPIO MARTIN, MANUEL",Arbitro asistente,https://www.rffm.es/acta-partido/1040024,2026-08-09T16:18:07.393089+00:00
1040024,field_delegate,,"MUÑOZ ROMUALDO, MIGUEL",delegado_campo,https://www.rffm.es/acta-partido/1040024,2026-08-09T16:18:07.393089+00:00
1040025,referee,3800,"ALVAREZ SASTRE, SERGIO",Arbitro principal,https://www.rffm.es/acta-partido/1040025,2026-08-09T16:18:07.604709+00:00
1040025,referee,539126,"GIURCA, ALIN NICOLAE",Arbitro asistente,https://www.rffm.es/acta-partido/1040025,2026-08-09T16:18:07.604709+00:00
1040025,referee,804535,"ALBO CRESPO, VICTOR",Arbitro asistente,https://www.rffm.es/acta-partido/1040025,2026-08-09T16:18:07.604709+00:00
1040025,field_delegate,,"ATIENZA LARENA, PABLO",delegado_campo,https://www.rffm.es/acta-partido/1040025,2026-08-09T16:18:07.604709+00:00
1040019,referee,877935,"BUSTOS PEREIRA, ENRIQUE",Arbitro principal,https://www.rffm.es/acta-partido/1040019,2026-08-09T16:18:07.639741+00:00
1040019,referee,4674,"GARCIA PADILLA, ALVARO",Arbitro asistente,https://www.rffm.es/acta-partido/1040019,2026-08-09T16:18:07.639741+00:00
1040019,referee,539122,"GARRIDO NAVARRO, ALEJANDRO",Arbitro asistente,https://www.rffm.es/acta-partido/1040019,2026-08-09T16:18:07.639741+00:00
1040019,field_delegate,,"QUIÑONES LOPEZ, FRANCISCO JAVIER",delegado_campo,https://www.rffm.es/acta-partido/1040019,2026-08-09T16:18:07.639741+00:00
1040022,referee,718586,"GOMEZ GUILLEN, PEDRO",Arbitro principal,https://www.rffm.es/acta-partido/1040022,2026-08-09T16:18:07.644850+00:00
1040022,referee,646999,"SANCHEZ MATAS, JUAN CARLOS",Arbitro asistente,https://www.rffm.es/acta-partido/1040022,2026-08-09T16:18:07.644850+00:00
1040022,referee,742323,"EL AMRANI, MOHAMED ANASS",Arbitro asistente,https://www.rffm.es/acta-partido/1040022,2026-08-09T16:18:07.644850+00:00
1040022,field_delegate,,"SANTOS RUBIO, FRANCISCO JAVIER",delegado_campo,https://www.rffm.es/acta-partido/1040022,2026-08-09T16:18:07.644850+00:00
1040027,referee,964694,"FERNANDEZ BAERT, JAIME",Arbitro principal,https://www.rffm.es/acta-partido/1040027,2026-08-09T16:18:07.649736+00:00
1040027,referee,591194,"DEL CAMPO AMAGO, ALEJANDRO",Arbitro asistente,https://www.rffm.es/acta-partido/1040027,2026-08-09T16:18:07.649736+00:00
1040027,referee,4933,"PEREZ RUIZ, ANTONIO JOSE",Arbitro asistente,https://www.rffm.es/acta-partido/1040027,2026-08-09T16:18:07.649736+00:00
1040027,field_delegate,,"ORTEGA SANCHEZ, EUGENIO",delegado_campo,https://www.rffm.es/acta-partido/1040027,2026-08-09T16:18:07.649736+00:00
1040020,referee,721280,"VIALCHO MIRANDA, MIGUEL ANGEL",Arbitro principal,https://www.rffm.es/acta-partido/1040020,2026-08-09T16:18:08.184862+00:00
1040020,referee,4901,"RANZ CASTAÑEDA, SAMUEL",Arbitro asistente,https://www.rffm.es/acta-partido/1040020,2026-08-09T16:18:08.184862+00:00
1040020,referee,969369,"MUÑOZ MORENO, MARCOS",Arbitro asistente,https://www.rffm.es/acta-partido/1040020,2026-08-09T16:18:08.184862+00:00
1040020,field_delegate,,"MARIN SALGADO, CRISTIAN",delegado_campo,https://www.rffm.es/acta-partido/1040020,2026-08-09T16:18:08.184862+00:00
1040026,referee,4948,"ZANONI, MICHAEL",Arbitro principal,https://www.rffm.es/acta-partido/1040026,2026-08-09T16:18:08.210612+00:00
1040026,referee,732700,"SEBASTIAN NAVARRO, IGNACIO",Arbitro asistente,https://www.rffm.es/acta-partido/1040026,2026-08-09T16:18:08.210612+00:00
1040026,referee,539246,"RODRIGUEZ RECIO, ALVARO",Arbitro asistente,https://www.rffm.es/acta-partido/1040026,2026-08-09T16:18:08.210612+00:00
1040026,field_delegate,,"MARTIN GALVAN, JOSE LUIS",delegado_campo,https://www.rffm.es/acta-partido/1040026,2026-08-09T16:18:08.210612+00:00
